make[1]: Entering directory '/home/ptkkhiem/Rel_5.0.0/ijg'
Start: Copying ijg's header files to "/home/ptkkhiem/Rel_5.0.0/exports/include"....
/usr/bin/cp -Rpf /home/ptkkhiem/Rel_5.0.0/ijg/src/lib/jpegb/*.h /home/ptkkhiem/Rel_5.0.0/exports/include
End: Copying ijg's header files to "/home/ptkkhiem/Rel_5.0.0/exports/include".
make[1]: Leaving directory '/home/ptkkhiem/Rel_5.0.0/ijg'
make[1]: Entering directory '/home/ptkkhiem/Rel_5.0.0/png'
Start: Copying png's header files to "/home/ptkkhiem/Rel_5.0.0/exports/include"....
/usr/bin/cp -Rpf /home/ptkkhiem/Rel_5.0.0/png/src/lib/png/*.h /home/ptkkhiem/Rel_5.0.0/exports/include
End: Copying png's header files to "/home/ptkkhiem/Rel_5.0.0/exports/include".
Start: Copying zlib's header files to "/home/ptkkhiem/Rel_5.0.0/exports/include"....
/usr/bin/cp -Rpf /home/ptkkhiem/Rel_5.0.0/png/src/lib/zlib/*.h /home/ptkkhiem/Rel_5.0.0/exports/include
End: Copying zlib's header files to "/home/ptkkhiem/Rel_5.0.0/exports/include".
make[1]: Leaving directory '/home/ptkkhiem/Rel_5.0.0/png'
make[1]: Entering directory '/home/ptkkhiem/Rel_5.0.0/openjp2'
Start: Copying openjp2's header files to "/home/ptkkhiem/Rel_5.0.0/exports/include"....
/usr/bin/mkdir: cannot create directory ‘/home/ptkkhiem/Rel_5.0.0/exports/include/openjp2’: File exists
/usr/bin/cp -Rpf /home/ptkkhiem/Rel_5.0.0/openjp2/src/lib/openjp2/src/lib/openjp2/*.h /home/ptkkhiem/Rel_5.0.0/exports/include/openjp2
/usr/bin/cp -Rpf /home/ptkkhiem/Rel_5.0.0/openjp2/src/lib/openjp2/build/src/lib/openjp2/*.h /home/ptkkhiem/Rel_5.0.0/exports/include/openjp2
make[1]: Leaving directory '/home/ptkkhiem/Rel_5.0.0/openjp2'
make[1]: Entering directory '/home/ptkkhiem/Rel_5.0.0/commonnbis'
Start: Copying commonnbis's header files to "/home/ptkkhiem/Rel_5.0.0/exports/include"....
/usr/bin/cp -Rpf /home/ptkkhiem/Rel_5.0.0/commonnbis/include/* /home/ptkkhiem/Rel_5.0.0/exports/include
End: Copying commonnbis's header files to "/home/ptkkhiem/Rel_5.0.0/exports/include".
make[1]: Leaving directory '/home/ptkkhiem/Rel_5.0.0/commonnbis'
make[1]: Entering directory '/home/ptkkhiem/Rel_5.0.0/an2k'
Start: Copying an2k's header files to "/home/ptkkhiem/Rel_5.0.0/exports/include"....
/usr/bin/cp -Rpf /home/ptkkhiem/Rel_5.0.0/an2k/include/* /home/ptkkhiem/Rel_5.0.0/exports/include
End: Copying an2k's header files to "/home/ptkkhiem/Rel_5.0.0/exports/include".
make[1]: Leaving directory '/home/ptkkhiem/Rel_5.0.0/an2k'
make[1]: Entering directory '/home/ptkkhiem/Rel_5.0.0/bozorth3'
Start: Copying bozorth3's header files to "/home/ptkkhiem/Rel_5.0.0/exports/include"....
/usr/bin/cp -Rpf /home/ptkkhiem/Rel_5.0.0/bozorth3/include/* /home/ptkkhiem/Rel_5.0.0/exports/include
End: Copying bozorth3's header files to "/home/ptkkhiem/Rel_5.0.0/exports/include".
make[1]: Leaving directory '/home/ptkkhiem/Rel_5.0.0/bozorth3'
make[1]: Entering directory '/home/ptkkhiem/Rel_5.0.0/imgtools'
Start: Copying imgtools's header files to "/home/ptkkhiem/Rel_5.0.0/exports/include"....
/usr/bin/cp -Rpf /home/ptkkhiem/Rel_5.0.0/imgtools/include/* /home/ptkkhiem/Rel_5.0.0/exports/include
End: Copying imgtools's header files to "/home/ptkkhiem/Rel_5.0.0/exports/include".
make[1]: Leaving directory '/home/ptkkhiem/Rel_5.0.0/imgtools'
make[1]: Entering directory '/home/ptkkhiem/Rel_5.0.0/mindtct'
Start: Copying mindtct's header files to "/home/ptkkhiem/Rel_5.0.0/exports/include"....
/usr/bin/cp -Rpf /home/ptkkhiem/Rel_5.0.0/mindtct/include/* /home/ptkkhiem/Rel_5.0.0/exports/include
End: Copying mindtct's header files to "/home/ptkkhiem/Rel_5.0.0/exports/include".
make[1]: Leaving directory '/home/ptkkhiem/Rel_5.0.0/mindtct'
make[1]: Entering directory '/home/ptkkhiem/Rel_5.0.0/nfseg'
Start: Copying nfseg's header files to "/home/ptkkhiem/Rel_5.0.0/exports/include"....
/usr/bin/cp -Rpf /home/ptkkhiem/Rel_5.0.0/nfseg/include/* /home/ptkkhiem/Rel_5.0.0/exports/include
End: Copying nfseg's header files to "/home/ptkkhiem/Rel_5.0.0/exports/include".
make[1]: Leaving directory '/home/ptkkhiem/Rel_5.0.0/nfseg'
make[1]: Entering directory '/home/ptkkhiem/Rel_5.0.0/nfiq'
Start: Copying nfiq's header files to "/home/ptkkhiem/Rel_5.0.0/exports/include"....
/usr/bin/cp -Rpf /home/ptkkhiem/Rel_5.0.0/nfiq/include/* /home/ptkkhiem/Rel_5.0.0/exports/include
End: Copying nfiq's header files to "/home/ptkkhiem/Rel_5.0.0/exports/include".
make[1]: Leaving directory '/home/ptkkhiem/Rel_5.0.0/nfiq'
make[1]: Entering directory '/home/ptkkhiem/Rel_5.0.0/pcasys'
Start: Copying pcasys's header files to "/home/ptkkhiem/Rel_5.0.0/exports/include"....
/usr/bin/cp -Rpf /home/ptkkhiem/Rel_5.0.0/pcasys/include/* /home/ptkkhiem/Rel_5.0.0/exports/include
End: Copying pcasys's header files to "/home/ptkkhiem/Rel_5.0.0/exports/include".
make[1]: Leaving directory '/home/ptkkhiem/Rel_5.0.0/pcasys'
make[1]: Entering directory '/home/ptkkhiem/Rel_5.0.0/ijg'
Start: Copying ijg's header files to "/home/ptkkhiem/Rel_5.0.0/exports/include"....
/usr/bin/cp -Rpf /home/ptkkhiem/Rel_5.0.0/ijg/src/lib/jpegb/*.h /home/ptkkhiem/Rel_5.0.0/exports/include
End: Copying ijg's header files to "/home/ptkkhiem/Rel_5.0.0/exports/include".
Start: Compiling ijg's libraries and binaries....
make[2]: Entering directory '/home/ptkkhiem/Rel_5.0.0/ijg/src'
make[3]: Entering directory '/home/ptkkhiem/Rel_5.0.0/ijg/src/lib'
Start: Compiling jpegb library....
make[4]: Entering directory '/home/ptkkhiem/Rel_5.0.0/ijg/src/lib/jpegb'
/usr/bin/gcc -O2 -w -ansi -D_POSIX_SOURCE -D__NBISLE__  -D__NBIS_OPENJP2__ -D__NBIS_PNG__ -m64 -fPIC -fcommon -I/home/ptkkhiem/Rel_5.0.0/exports/include -I. -c -o jcapimin.o jcapimin.c
/usr/bin/gcc -O2 -w -ansi -D_POSIX_SOURCE -D__NBISLE__  -D__NBIS_OPENJP2__ -D__NBIS_PNG__ -m64 -fPIC -fcommon -I/home/ptkkhiem/Rel_5.0.0/exports/include -I. -c -o jcapistd.o jcapistd.c
/usr/bin/gcc -O2 -w -ansi -D_POSIX_SOURCE -D__NBISLE__  -D__NBIS_OPENJP2__ -D__NBIS_PNG__ -m64 -fPIC -fcommon -I/home/ptkkhiem/Rel_5.0.0/exports/include -I. -c -o jctrans.o jctrans.c
/usr/bin/gcc -O2 -w -ansi -D_POSIX_SOURCE -D__NBISLE__  -D__NBIS_OPENJP2__ -D__NBIS_PNG__ -m64 -fPIC -fcommon -I/home/ptkkhiem/Rel_5.0.0/exports/include -I. -c -o jcparam.o jcparam.c
/usr/bin/gcc -O2 -w -ansi -D_POSIX_SOURCE -D__NBISLE__  -D__NBIS_OPENJP2__ -D__NBIS_PNG__ -m64 -fPIC -fcommon -I/home/ptkkhiem/Rel_5.0.0/exports/include -I. -c -o jdatadst.o jdatadst.c
/usr/bin/gcc -O2 -w -ansi -D_POSIX_SOURCE -D__NBISLE__  -D__NBIS_OPENJP2__ -D__NBIS_PNG__ -m64 -fPIC -fcommon -I/home/ptkkhiem/Rel_5.0.0/exports/include -I. -c -o jcinit.o jcinit.c
/usr/bin/gcc -O2 -w -ansi -D_POSIX_SOURCE -D__NBISLE__  -D__NBIS_OPENJP2__ -D__NBIS_PNG__ -m64 -fPIC -fcommon -I/home/ptkkhiem/Rel_5.0.0/exports/include -I. -c -o jcmaster.o jcmaster.c
/usr/bin/gcc -O2 -w -ansi -D_POSIX_SOURCE -D__NBISLE__  -D__NBIS_OPENJP2__ -D__NBIS_PNG__ -m64 -fPIC -fcommon -I/home/ptkkhiem/Rel_5.0.0/exports/include -I. -c -o jcmarker.o jcmarker.c
/usr/bin/gcc -O2 -w -ansi -D_POSIX_SOURCE -D__NBISLE__  -D__NBIS_OPENJP2__ -D__NBIS_PNG__ -m64 -fPIC -fcommon -I/home/ptkkhiem/Rel_5.0.0/exports/include -I. -c -o jcmainct.o jcmainct.c
/usr/bin/gcc -O2 -w -ansi -D_POSIX_SOURCE -D__NBISLE__  -D__NBIS_OPENJP2__ -D__NBIS_PNG__ -m64 -fPIC -fcommon -I/home/ptkkhiem/Rel_5.0.0/exports/include -I. -c -o jcprepct.o jcprepct.c
/usr/bin/gcc -O2 -w -ansi -D_POSIX_SOURCE -D__NBISLE__  -D__NBIS_OPENJP2__ -D__NBIS_PNG__ -m64 -fPIC -fcommon -I/home/ptkkhiem/Rel_5.0.0/exports/include -I. -c -o jccoefct.o jccoefct.c
/usr/bin/gcc -O2 -w -ansi -D_POSIX_SOURCE -D__NBISLE__  -D__NBIS_OPENJP2__ -D__NBIS_PNG__ -m64 -fPIC -fcommon -I/home/ptkkhiem/Rel_5.0.0/exports/include -I. -c -o jccolor.o jccolor.c
/usr/bin/gcc -O2 -w -ansi -D_POSIX_SOURCE -D__NBISLE__  -D__NBIS_OPENJP2__ -D__NBIS_PNG__ -m64 -fPIC -fcommon -I/home/ptkkhiem/Rel_5.0.0/exports/include -I. -c -o jcsample.o jcsample.c
/usr/bin/gcc -O2 -w -ansi -D_POSIX_SOURCE -D__NBISLE__  -D__NBIS_OPENJP2__ -D__NBIS_PNG__ -m64 -fPIC -fcommon -I/home/ptkkhiem/Rel_5.0.0/exports/include -I. -c -o jchuff.o jchuff.c
/usr/bin/gcc -O2 -w -ansi -D_POSIX_SOURCE -D__NBISLE__  -D__NBIS_OPENJP2__ -D__NBIS_PNG__ -m64 -fPIC -fcommon -I/home/ptkkhiem/Rel_5.0.0/exports/include -I. -c -o jcphuff.o jcphuff.c
/usr/bin/gcc -O2 -w -ansi -D_POSIX_SOURCE -D__NBISLE__  -D__NBIS_OPENJP2__ -D__NBIS_PNG__ -m64 -fPIC -fcommon -I/home/ptkkhiem/Rel_5.0.0/exports/include -I. -c -o jcdctmgr.o jcdctmgr.c
/usr/bin/gcc -O2 -w -ansi -D_POSIX_SOURCE -D__NBISLE__  -D__NBIS_OPENJP2__ -D__NBIS_PNG__ -m64 -fPIC -fcommon -I/home/ptkkhiem/Rel_5.0.0/exports/include -I. -c -o jfdctfst.o jfdctfst.c
/usr/bin/gcc -O2 -w -ansi -D_POSIX_SOURCE -D__NBISLE__  -D__NBIS_OPENJP2__ -D__NBIS_PNG__ -m64 -fPIC -fcommon -I/home/ptkkhiem/Rel_5.0.0/exports/include -I. -c -o jfdctflt.o jfdctflt.c
/usr/bin/gcc -O2 -w -ansi -D_POSIX_SOURCE -D__NBISLE__  -D__NBIS_OPENJP2__ -D__NBIS_PNG__ -m64 -fPIC -fcommon -I/home/ptkkhiem/Rel_5.0.0/exports/include -I. -c -o jfdctint.o jfdctint.c
/usr/bin/gcc -O2 -w -ansi -D_POSIX_SOURCE -D__NBISLE__  -D__NBIS_OPENJP2__ -D__NBIS_PNG__ -m64 -fPIC -fcommon -I/home/ptkkhiem/Rel_5.0.0/exports/include -I. -c -o encoder.o encoder.c
/usr/bin/gcc -O2 -w -ansi -D_POSIX_SOURCE -D__NBISLE__  -D__NBIS_OPENJP2__ -D__NBIS_PNG__ -m64 -fPIC -fcommon -I/home/ptkkhiem/Rel_5.0.0/exports/include -I. -c -o jdapimin.o jdapimin.c
/usr/bin/gcc -O2 -w -ansi -D_POSIX_SOURCE -D__NBISLE__  -D__NBIS_OPENJP2__ -D__NBIS_PNG__ -m64 -fPIC -fcommon -I/home/ptkkhiem/Rel_5.0.0/exports/include -I. -c -o jdapistd.o jdapistd.c
/usr/bin/gcc -O2 -w -ansi -D_POSIX_SOURCE -D__NBISLE__  -D__NBIS_OPENJP2__ -D__NBIS_PNG__ -m64 -fPIC -fcommon -I/home/ptkkhiem/Rel_5.0.0/exports/include -I. -c -o jdtrans.o jdtrans.c
/usr/bin/gcc -O2 -w -ansi -D_POSIX_SOURCE -D__NBISLE__  -D__NBIS_OPENJP2__ -D__NBIS_PNG__ -m64 -fPIC -fcommon -I/home/ptkkhiem/Rel_5.0.0/exports/include -I. -c -o jdatasrc.o jdatasrc.c
/usr/bin/gcc -O2 -w -ansi -D_POSIX_SOURCE -D__NBISLE__  -D__NBIS_OPENJP2__ -D__NBIS_PNG__ -m64 -fPIC -fcommon -I/home/ptkkhiem/Rel_5.0.0/exports/include -I. -c -o jdmaster.o jdmaster.c
/usr/bin/gcc -O2 -w -ansi -D_POSIX_SOURCE -D__NBISLE__  -D__NBIS_OPENJP2__ -D__NBIS_PNG__ -m64 -fPIC -fcommon -I/home/ptkkhiem/Rel_5.0.0/exports/include -I. -c -o jdinput.o jdinput.c
/usr/bin/gcc -O2 -w -ansi -D_POSIX_SOURCE -D__NBISLE__  -D__NBIS_OPENJP2__ -D__NBIS_PNG__ -m64 -fPIC -fcommon -I/home/ptkkhiem/Rel_5.0.0/exports/include -I. -c -o jdmarker.o jdmarker.c
/usr/bin/gcc -O2 -w -ansi -D_POSIX_SOURCE -D__NBISLE__  -D__NBIS_OPENJP2__ -D__NBIS_PNG__ -m64 -fPIC -fcommon -I/home/ptkkhiem/Rel_5.0.0/exports/include -I. -c -o jdhuff.o jdhuff.c
/usr/bin/gcc -O2 -w -ansi -D_POSIX_SOURCE -D__NBISLE__  -D__NBIS_OPENJP2__ -D__NBIS_PNG__ -m64 -fPIC -fcommon -I/home/ptkkhiem/Rel_5.0.0/exports/include -I. -c -o jdphuff.o jdphuff.c
/usr/bin/gcc -O2 -w -ansi -D_POSIX_SOURCE -D__NBISLE__  -D__NBIS_OPENJP2__ -D__NBIS_PNG__ -m64 -fPIC -fcommon -I/home/ptkkhiem/Rel_5.0.0/exports/include -I. -c -o jdmainct.o jdmainct.c
/usr/bin/gcc -O2 -w -ansi -D_POSIX_SOURCE -D__NBISLE__  -D__NBIS_OPENJP2__ -D__NBIS_PNG__ -m64 -fPIC -fcommon -I/home/ptkkhiem/Rel_5.0.0/exports/include -I. -c -o jdcoefct.o jdcoefct.c
/usr/bin/gcc -O2 -w -ansi -D_POSIX_SOURCE -D__NBISLE__  -D__NBIS_OPENJP2__ -D__NBIS_PNG__ -m64 -fPIC -fcommon -I/home/ptkkhiem/Rel_5.0.0/exports/include -I. -c -o jdpostct.o jdpostct.c
/usr/bin/gcc -O2 -w -ansi -D_POSIX_SOURCE -D__NBISLE__  -D__NBIS_OPENJP2__ -D__NBIS_PNG__ -m64 -fPIC -fcommon -I/home/ptkkhiem/Rel_5.0.0/exports/include -I. -c -o jddctmgr.o jddctmgr.c
/usr/bin/gcc -O2 -w -ansi -D_POSIX_SOURCE -D__NBISLE__  -D__NBIS_OPENJP2__ -D__NBIS_PNG__ -m64 -fPIC -fcommon -I/home/ptkkhiem/Rel_5.0.0/exports/include -I. -c -o jidctfst.o jidctfst.c
/usr/bin/gcc -O2 -w -ansi -D_POSIX_SOURCE -D__NBISLE__  -D__NBIS_OPENJP2__ -D__NBIS_PNG__ -m64 -fPIC -fcommon -I/home/ptkkhiem/Rel_5.0.0/exports/include -I. -c -o jidctflt.o jidctflt.c
/usr/bin/gcc -O2 -w -ansi -D_POSIX_SOURCE -D__NBISLE__  -D__NBIS_OPENJP2__ -D__NBIS_PNG__ -m64 -fPIC -fcommon -I/home/ptkkhiem/Rel_5.0.0/exports/include -I. -c -o jidctint.o jidctint.c
/usr/bin/gcc -O2 -w -ansi -D_POSIX_SOURCE -D__NBISLE__  -D__NBIS_OPENJP2__ -D__NBIS_PNG__ -m64 -fPIC -fcommon -I/home/ptkkhiem/Rel_5.0.0/exports/include -I. -c -o jidctred.o jidctred.c
/usr/bin/gcc -O2 -w -ansi -D_POSIX_SOURCE -D__NBISLE__  -D__NBIS_OPENJP2__ -D__NBIS_PNG__ -m64 -fPIC -fcommon -I/home/ptkkhiem/Rel_5.0.0/exports/include -I. -c -o jdsample.o jdsample.c
/usr/bin/gcc -O2 -w -ansi -D_POSIX_SOURCE -D__NBISLE__  -D__NBIS_OPENJP2__ -D__NBIS_PNG__ -m64 -fPIC -fcommon -I/home/ptkkhiem/Rel_5.0.0/exports/include -I. -c -o jdcolor.o jdcolor.c
/usr/bin/gcc -O2 -w -ansi -D_POSIX_SOURCE -D__NBISLE__  -D__NBIS_OPENJP2__ -D__NBIS_PNG__ -m64 -fPIC -fcommon -I/home/ptkkhiem/Rel_5.0.0/exports/include -I. -c -o jquant1.o jquant1.c
/usr/bin/gcc -O2 -w -ansi -D_POSIX_SOURCE -D__NBISLE__  -D__NBIS_OPENJP2__ -D__NBIS_PNG__ -m64 -fPIC -fcommon -I/home/ptkkhiem/Rel_5.0.0/exports/include -I. -c -o jquant2.o jquant2.c
/usr/bin/gcc -O2 -w -ansi -D_POSIX_SOURCE -D__NBISLE__  -D__NBIS_OPENJP2__ -D__NBIS_PNG__ -m64 -fPIC -fcommon -I/home/ptkkhiem/Rel_5.0.0/exports/include -I. -c -o jdmerge.o jdmerge.c
/usr/bin/gcc -O2 -w -ansi -D_POSIX_SOURCE -D__NBISLE__  -D__NBIS_OPENJP2__ -D__NBIS_PNG__ -m64 -fPIC -fcommon -I/home/ptkkhiem/Rel_5.0.0/exports/include -I. -c -o decoder.o decoder.c
/usr/bin/gcc -O2 -w -ansi -D_POSIX_SOURCE -D__NBISLE__  -D__NBIS_OPENJP2__ -D__NBIS_PNG__ -m64 -fPIC -fcommon -I/home/ptkkhiem/Rel_5.0.0/exports/include -I. -c -o ppi.o ppi.c
/usr/bin/gcc -O2 -w -ansi -D_POSIX_SOURCE -D__NBISLE__  -D__NBIS_OPENJP2__ -D__NBIS_PNG__ -m64 -fPIC -fcommon -I/home/ptkkhiem/Rel_5.0.0/exports/include -I. -c -o jcomapi.o jcomapi.c
/usr/bin/gcc -O2 -w -ansi -D_POSIX_SOURCE -D__NBISLE__  -D__NBIS_OPENJP2__ -D__NBIS_PNG__ -m64 -fPIC -fcommon -I/home/ptkkhiem/Rel_5.0.0/exports/include -I. -c -o jutils.o jutils.c
/usr/bin/gcc -O2 -w -ansi -D_POSIX_SOURCE -D__NBISLE__  -D__NBIS_OPENJP2__ -D__NBIS_PNG__ -m64 -fPIC -fcommon -I/home/ptkkhiem/Rel_5.0.0/exports/include -I. -c -o jerror.o jerror.c
/usr/bin/gcc -O2 -w -ansi -D_POSIX_SOURCE -D__NBISLE__  -D__NBIS_OPENJP2__ -D__NBIS_PNG__ -m64 -fPIC -fcommon -I/home/ptkkhiem/Rel_5.0.0/exports/include -I. -c -o jmemmgr.o jmemmgr.c
/usr/bin/gcc -O2 -w -ansi -D_POSIX_SOURCE -D__NBISLE__  -D__NBIS_OPENJP2__ -D__NBIS_PNG__ -m64 -fPIC -fcommon -I/home/ptkkhiem/Rel_5.0.0/exports/include -I. -c -o jmemnobs.o jmemnobs.c
/usr/bin/gcc -O2 -w -ansi -D_POSIX_SOURCE -D__NBISLE__  -D__NBIS_OPENJP2__ -D__NBIS_PNG__ -m64 -fPIC -fcommon -I/home/ptkkhiem/Rel_5.0.0/exports/include -I. -c -o membuf.o membuf.c
/usr/bin/gcc -O2 -w -ansi -D_POSIX_SOURCE -D__NBISLE__  -D__NBIS_OPENJP2__ -D__NBIS_PNG__ -m64 -fPIC -fcommon -I/home/ptkkhiem/Rel_5.0.0/exports/include -I. -c -o marker.o marker.c
rm -f libjpegb.a
ar rc libjpegb.a jcapimin.o jcapistd.o jctrans.o jcparam.o jdatadst.o jcinit.o jcmaster.o jcmarker.o jcmainct.o jcprepct.o jccoefct.o jccolor.o jcsample.o jchuff.o jcphuff.o jcdctmgr.o jfdctfst.o jfdctflt.o jfdctint.o encoder.o jdapimin.o jdapistd.o jdtrans.o jdatasrc.o jdmaster.o jdinput.o jdmarker.o jdhuff.o jdphuff.o jdmainct.o jdcoefct.o jdpostct.o jddctmgr.o jidctfst.o jidctflt.o jidctint.o jidctred.o jdsample.o jdcolor.o jquant1.o jquant2.o jdmerge.o decoder.o ppi.o jcomapi.o jutils.o jerror.o jmemmgr.o jmemnobs.o membuf.o marker.o
ranlib libjpegb.a
cp -f libjpegb.a /home/ptkkhiem/Rel_5.0.0/exports/lib
/usr/bin/gcc -O2 -w -ansi -D_POSIX_SOURCE -D__NBISLE__  -D__NBIS_OPENJP2__ -D__NBIS_PNG__ -m64 -fPIC -fcommon -I/home/ptkkhiem/Rel_5.0.0/exports/include -I. -c -o cjpeg.o cjpeg.c
/usr/bin/gcc -O2 -w -ansi -D_POSIX_SOURCE -D__NBISLE__  -D__NBIS_OPENJP2__ -D__NBIS_PNG__ -m64 -fPIC -fcommon -I/home/ptkkhiem/Rel_5.0.0/exports/include -I. -c -o rdppm.o rdppm.c
/usr/bin/gcc -O2 -w -ansi -D_POSIX_SOURCE -D__NBISLE__  -D__NBIS_OPENJP2__ -D__NBIS_PNG__ -m64 -fPIC -fcommon -I/home/ptkkhiem/Rel_5.0.0/exports/include -I. -c -o rdgif.o rdgif.c
/usr/bin/gcc -O2 -w -ansi -D_POSIX_SOURCE -D__NBISLE__  -D__NBIS_OPENJP2__ -D__NBIS_PNG__ -m64 -fPIC -fcommon -I/home/ptkkhiem/Rel_5.0.0/exports/include -I. -c -o rdtarga.o rdtarga.c
/usr/bin/gcc -O2 -w -ansi -D_POSIX_SOURCE -D__NBISLE__  -D__NBIS_OPENJP2__ -D__NBIS_PNG__ -m64 -fPIC -fcommon -I/home/ptkkhiem/Rel_5.0.0/exports/include -I. -c -o rdrle.o rdrle.c
/usr/bin/gcc -O2 -w -ansi -D_POSIX_SOURCE -D__NBISLE__  -D__NBIS_OPENJP2__ -D__NBIS_PNG__ -m64 -fPIC -fcommon -I/home/ptkkhiem/Rel_5.0.0/exports/include -I. -c -o rdbmp.o rdbmp.c
/usr/bin/gcc -O2 -w -ansi -D_POSIX_SOURCE -D__NBISLE__  -D__NBIS_OPENJP2__ -D__NBIS_PNG__ -m64 -fPIC -fcommon -I/home/ptkkhiem/Rel_5.0.0/exports/include -I. -c -o rdswitch.o rdswitch.c
/usr/bin/gcc -O2 -w -ansi -D_POSIX_SOURCE -D__NBISLE__  -D__NBIS_OPENJP2__ -D__NBIS_PNG__ -m64 -fPIC -fcommon -I/home/ptkkhiem/Rel_5.0.0/exports/include -I. -c -o cdjpeg.o cdjpeg.c
/usr/bin/gcc -m64 -fPIC -o cjpeg cjpeg.o rdppm.o rdgif.o rdtarga.o rdrle.o rdbmp.o rdswitch.o cdjpeg.o \
	libjpegb.a 
/usr/bin/gcc -O2 -w -ansi -D_POSIX_SOURCE -D__NBISLE__  -D__NBIS_OPENJP2__ -D__NBIS_PNG__ -m64 -fPIC -fcommon -I/home/ptkkhiem/Rel_5.0.0/exports/include -I. -c -o djpeg.o djpeg.c
/usr/bin/gcc -O2 -w -ansi -D_POSIX_SOURCE -D__NBISLE__  -D__NBIS_OPENJP2__ -D__NBIS_PNG__ -m64 -fPIC -fcommon -I/home/ptkkhiem/Rel_5.0.0/exports/include -I. -c -o wrppm.o wrppm.c
/usr/bin/gcc -O2 -w -ansi -D_POSIX_SOURCE -D__NBISLE__  -D__NBIS_OPENJP2__ -D__NBIS_PNG__ -m64 -fPIC -fcommon -I/home/ptkkhiem/Rel_5.0.0/exports/include -I. -c -o wrgif.o wrgif.c
/usr/bin/gcc -O2 -w -ansi -D_POSIX_SOURCE -D__NBISLE__  -D__NBIS_OPENJP2__ -D__NBIS_PNG__ -m64 -fPIC -fcommon -I/home/ptkkhiem/Rel_5.0.0/exports/include -I. -c -o wrtarga.o wrtarga.c
/usr/bin/gcc -O2 -w -ansi -D_POSIX_SOURCE -D__NBISLE__  -D__NBIS_OPENJP2__ -D__NBIS_PNG__ -m64 -fPIC -fcommon -I/home/ptkkhiem/Rel_5.0.0/exports/include -I. -c -o wrrle.o wrrle.c
/usr/bin/gcc -O2 -w -ansi -D_POSIX_SOURCE -D__NBISLE__  -D__NBIS_OPENJP2__ -D__NBIS_PNG__ -m64 -fPIC -fcommon -I/home/ptkkhiem/Rel_5.0.0/exports/include -I. -c -o wrbmp.o wrbmp.c
/usr/bin/gcc -O2 -w -ansi -D_POSIX_SOURCE -D__NBISLE__  -D__NBIS_OPENJP2__ -D__NBIS_PNG__ -m64 -fPIC -fcommon -I/home/ptkkhiem/Rel_5.0.0/exports/include -I. -c -o rdcolmap.o rdcolmap.c
/usr/bin/gcc -m64 -fPIC -o djpeg djpeg.o wrppm.o wrgif.o wrtarga.o wrrle.o wrbmp.o rdcolmap.o cdjpeg.o \
	libjpegb.a 
/usr/bin/gcc -O2 -w -ansi -D_POSIX_SOURCE -D__NBISLE__  -D__NBIS_OPENJP2__ -D__NBIS_PNG__ -m64 -fPIC -fcommon -I/home/ptkkhiem/Rel_5.0.0/exports/include -I. -c -o jpegtran.o jpegtran.c
/usr/bin/gcc -O2 -w -ansi -D_POSIX_SOURCE -D__NBISLE__  -D__NBIS_OPENJP2__ -D__NBIS_PNG__ -m64 -fPIC -fcommon -I/home/ptkkhiem/Rel_5.0.0/exports/include -I. -c -o transupp.o transupp.c
/usr/bin/gcc -m64 -fPIC -o jpegtran jpegtran.o rdswitch.o cdjpeg.o transupp.o \
	libjpegb.a 
/usr/bin/gcc -O2 -w -ansi -D_POSIX_SOURCE -D__NBISLE__  -D__NBIS_OPENJP2__ -D__NBIS_PNG__ -m64 -fPIC -fcommon -I/home/ptkkhiem/Rel_5.0.0/exports/include -I. -c -o rdjpgcom.o rdjpgcom.c
/usr/bin/gcc -m64 -fPIC -o rdjpgcom \
	rdjpgcom.o 
/usr/bin/gcc -O2 -w -ansi -D_POSIX_SOURCE -D__NBISLE__  -D__NBIS_OPENJP2__ -D__NBIS_PNG__ -m64 -fPIC -fcommon -I/home/ptkkhiem/Rel_5.0.0/exports/include -I. -c -o wrjpgcom.o wrjpgcom.c
/usr/bin/gcc -m64 -fPIC -o wrjpgcom \
	wrjpgcom.o 
make[4]: Leaving directory '/home/ptkkhiem/Rel_5.0.0/ijg/src/lib/jpegb'
End: Compiling jpegb library.
make[3]: Leaving directory '/home/ptkkhiem/Rel_5.0.0/ijg/src/lib'
make[2]: Leaving directory '/home/ptkkhiem/Rel_5.0.0/ijg/src'
End: Compiling ijg libraries and binaries.
make[1]: Leaving directory '/home/ptkkhiem/Rel_5.0.0/ijg'
make[1]: Entering directory '/home/ptkkhiem/Rel_5.0.0/png'
Start: Copying png's header files to "/home/ptkkhiem/Rel_5.0.0/exports/include"....
/usr/bin/cp -Rpf /home/ptkkhiem/Rel_5.0.0/png/src/lib/png/*.h /home/ptkkhiem/Rel_5.0.0/exports/include
End: Copying png's header files to "/home/ptkkhiem/Rel_5.0.0/exports/include".
Start: Copying zlib's header files to "/home/ptkkhiem/Rel_5.0.0/exports/include"....
/usr/bin/cp -Rpf /home/ptkkhiem/Rel_5.0.0/png/src/lib/zlib/*.h /home/ptkkhiem/Rel_5.0.0/exports/include
End: Copying zlib's header files to "/home/ptkkhiem/Rel_5.0.0/exports/include".
Start: Compiling png's libraries and binaries....
make[2]: Entering directory '/home/ptkkhiem/Rel_5.0.0/png/src'
make[3]: Entering directory '/home/ptkkhiem/Rel_5.0.0/png/src/lib'
Start: Compiling zlib library....
make[4]: Entering directory '/home/ptkkhiem/Rel_5.0.0/png/src/lib/zlib'
gcc -O2 -w -ansi -D_POSIX_SOURCE -D__NBISLE__  -D__NBIS_OPENJP2__ -D__NBIS_PNG__ -m64 -fPIC   -c -o example.o example.c
gcc -O2 -w -ansi -D_POSIX_SOURCE -D__NBISLE__  -D__NBIS_OPENJP2__ -D__NBIS_PNG__ -m64 -fPIC   -c -o adler32.o adler32.c
gcc -O2 -w -ansi -D_POSIX_SOURCE -D__NBISLE__  -D__NBIS_OPENJP2__ -D__NBIS_PNG__ -m64 -fPIC   -c -o compress.o compress.c
gcc -O2 -w -ansi -D_POSIX_SOURCE -D__NBISLE__  -D__NBIS_OPENJP2__ -D__NBIS_PNG__ -m64 -fPIC   -c -o crc32.o crc32.c
gcc -O2 -w -ansi -D_POSIX_SOURCE -D__NBISLE__  -D__NBIS_OPENJP2__ -D__NBIS_PNG__ -m64 -fPIC   -c -o gzio.o gzio.c
gcc -O2 -w -ansi -D_POSIX_SOURCE -D__NBISLE__  -D__NBIS_OPENJP2__ -D__NBIS_PNG__ -m64 -fPIC   -c -o uncompr.o uncompr.c
gcc -O2 -w -ansi -D_POSIX_SOURCE -D__NBISLE__  -D__NBIS_OPENJP2__ -D__NBIS_PNG__ -m64 -fPIC   -c -o deflate.o deflate.c
gcc -O2 -w -ansi -D_POSIX_SOURCE -D__NBISLE__  -D__NBIS_OPENJP2__ -D__NBIS_PNG__ -m64 -fPIC   -c -o trees.o trees.c
gcc -O2 -w -ansi -D_POSIX_SOURCE -D__NBISLE__  -D__NBIS_OPENJP2__ -D__NBIS_PNG__ -m64 -fPIC   -c -o zutil.o zutil.c
gcc -O2 -w -ansi -D_POSIX_SOURCE -D__NBISLE__  -D__NBIS_OPENJP2__ -D__NBIS_PNG__ -m64 -fPIC   -c -o inflate.o inflate.c
gcc -O2 -w -ansi -D_POSIX_SOURCE -D__NBISLE__  -D__NBIS_OPENJP2__ -D__NBIS_PNG__ -m64 -fPIC   -c -o infback.o infback.c
gcc -O2 -w -ansi -D_POSIX_SOURCE -D__NBISLE__  -D__NBIS_OPENJP2__ -D__NBIS_PNG__ -m64 -fPIC   -c -o inftrees.o inftrees.c
gcc -O2 -w -ansi -D_POSIX_SOURCE -D__NBISLE__  -D__NBIS_OPENJP2__ -D__NBIS_PNG__ -m64 -fPIC   -c -o inffast.o inffast.c
ar rc libz.a adler32.o compress.o crc32.o gzio.o uncompr.o deflate.o trees.o zutil.o inflate.o infback.o inftrees.o inffast.o 
gcc -O2 -w -ansi -D_POSIX_SOURCE -D__NBISLE__  -D__NBIS_OPENJP2__ -D__NBIS_PNG__ -m64 -fPIC -o example example.o -L. libz.a
gcc -O2 -w -ansi -D_POSIX_SOURCE -D__NBISLE__  -D__NBIS_OPENJP2__ -D__NBIS_PNG__ -m64 -fPIC   -c -o minigzip.o minigzip.c
gcc -O2 -w -ansi -D_POSIX_SOURCE -D__NBISLE__  -D__NBIS_OPENJP2__ -D__NBIS_PNG__ -m64 -fPIC -o minigzip minigzip.o -L. libz.a
cp ./libz.a /home/ptkkhiem/Rel_5.0.0/exports/lib
make[4]: Leaving directory '/home/ptkkhiem/Rel_5.0.0/png/src/lib/zlib'
End: Compiling zlib library.
Start: Compiling png library....
make[4]: Entering directory '/home/ptkkhiem/Rel_5.0.0/png/src/lib/png'
gcc -c -O2 -w -ansi -D_POSIX_SOURCE -D__NBISLE__  -D__NBIS_OPENJP2__ -D__NBIS_PNG__ -m64 -fPIC -I../zlib png.c
gcc -c -O2 -w -ansi -D_POSIX_SOURCE -D__NBISLE__  -D__NBIS_OPENJP2__ -D__NBIS_PNG__ -m64 -fPIC -I../zlib pngerror.c
gcc -c -O2 -w -ansi -D_POSIX_SOURCE -D__NBISLE__  -D__NBIS_OPENJP2__ -D__NBIS_PNG__ -m64 -fPIC -I../zlib pngget.c
gcc -c -O2 -w -ansi -D_POSIX_SOURCE -D__NBISLE__  -D__NBIS_OPENJP2__ -D__NBIS_PNG__ -m64 -fPIC -I../zlib pngmem.c
gcc -c -O2 -w -ansi -D_POSIX_SOURCE -D__NBISLE__  -D__NBIS_OPENJP2__ -D__NBIS_PNG__ -m64 -fPIC -I../zlib pngpread.c
gcc -c -O2 -w -ansi -D_POSIX_SOURCE -D__NBISLE__  -D__NBIS_OPENJP2__ -D__NBIS_PNG__ -m64 -fPIC -I../zlib pngread.c
gcc -c -O2 -w -ansi -D_POSIX_SOURCE -D__NBISLE__  -D__NBIS_OPENJP2__ -D__NBIS_PNG__ -m64 -fPIC -I../zlib pngrio.c
gcc -c -O2 -w -ansi -D_POSIX_SOURCE -D__NBISLE__  -D__NBIS_OPENJP2__ -D__NBIS_PNG__ -m64 -fPIC -I../zlib pngrtran.c
gcc -c -O2 -w -ansi -D_POSIX_SOURCE -D__NBISLE__  -D__NBIS_OPENJP2__ -D__NBIS_PNG__ -m64 -fPIC -I../zlib pngrutil.c
gcc -c -O2 -w -ansi -D_POSIX_SOURCE -D__NBISLE__  -D__NBIS_OPENJP2__ -D__NBIS_PNG__ -m64 -fPIC -I../zlib pngset.c
gcc -c -O2 -w -ansi -D_POSIX_SOURCE -D__NBISLE__  -D__NBIS_OPENJP2__ -D__NBIS_PNG__ -m64 -fPIC -I../zlib pngtrans.c
gcc -c -O2 -w -ansi -D_POSIX_SOURCE -D__NBISLE__  -D__NBIS_OPENJP2__ -D__NBIS_PNG__ -m64 -fPIC -I../zlib pngwio.c
gcc -c -O2 -w -ansi -D_POSIX_SOURCE -D__NBISLE__  -D__NBIS_OPENJP2__ -D__NBIS_PNG__ -m64 -fPIC -I../zlib pngwrite.c
gcc -c -O2 -w -ansi -D_POSIX_SOURCE -D__NBISLE__  -D__NBIS_OPENJP2__ -D__NBIS_PNG__ -m64 -fPIC -I../zlib pngwtran.c
gcc -c -O2 -w -ansi -D_POSIX_SOURCE -D__NBISLE__  -D__NBIS_OPENJP2__ -D__NBIS_PNG__ -m64 -fPIC -I../zlib pngwutil.c
ar rcs libpng.a png.o pngerror.o pngget.o pngmem.o pngpread.o pngread.o pngrio.o pngrtran.o pngrutil.o pngset.o pngtrans.o pngwio.o pngwrite.o pngwtran.o pngwutil.o
ranlib libpng.a
gcc -c -O2 -w -ansi -D_POSIX_SOURCE -D__NBISLE__  -D__NBIS_OPENJP2__ -D__NBIS_PNG__ -m64 -fPIC -I../zlib pngtest.c
gcc -m64 -fPIC -L../zlib -o pngtest pngtest.o libpng.a -lz -lm
/usr/bin/cp ./libpng.a /home/ptkkhiem/Rel_5.0.0/exports/lib
make[4]: Leaving directory '/home/ptkkhiem/Rel_5.0.0/png/src/lib/png'
End: Compiling png library.
make[3]: Leaving directory '/home/ptkkhiem/Rel_5.0.0/png/src/lib'
make[2]: Leaving directory '/home/ptkkhiem/Rel_5.0.0/png/src'
End: Compiling png libraries and binaries.
make[1]: Leaving directory '/home/ptkkhiem/Rel_5.0.0/png'
make[1]: Entering directory '/home/ptkkhiem/Rel_5.0.0/openjp2'
Start: Copying openjp2's header files to "/home/ptkkhiem/Rel_5.0.0/exports/include"....
/usr/bin/mkdir: cannot create directory ‘/home/ptkkhiem/Rel_5.0.0/exports/include/openjp2’: File exists
/usr/bin/cp -Rpf /home/ptkkhiem/Rel_5.0.0/openjp2/src/lib/openjp2/src/lib/openjp2/*.h /home/ptkkhiem/Rel_5.0.0/exports/include/openjp2
/usr/bin/cp -Rpf /home/ptkkhiem/Rel_5.0.0/openjp2/src/lib/openjp2/build/src/lib/openjp2/*.h /home/ptkkhiem/Rel_5.0.0/exports/include/openjp2
Start: Compiling openjp2's libraries and binaries....
make[2]: Entering directory '/home/ptkkhiem/Rel_5.0.0/openjp2/src'
Start: Compiling openjp2 library....
make[3]: Entering directory '/home/ptkkhiem/Rel_5.0.0/openjp2/src/lib/openjp2/build'
make[4]: Entering directory '/home/ptkkhiem/Rel_5.0.0/openjp2/src/lib/openjp2/build'
make[5]: Entering directory '/home/ptkkhiem/Rel_5.0.0/openjp2/src/lib/openjp2/build'
make[5]: Leaving directory '/home/ptkkhiem/Rel_5.0.0/openjp2/src/lib/openjp2/build'
make[5]: Entering directory '/home/ptkkhiem/Rel_5.0.0/openjp2/src/lib/openjp2/build'
[  1%] Building C object src/lib/openjp2/CMakeFiles/openjp2.dir/bio.c.o
[  2%] Building C object src/lib/openjp2/CMakeFiles/openjp2.dir/cio.c.o
[  2%] Building C object src/lib/openjp2/CMakeFiles/openjp2.dir/dwt.c.o
[  3%] Building C object src/lib/openjp2/CMakeFiles/openjp2.dir/event.c.o
[  4%] Building C object src/lib/openjp2/CMakeFiles/openjp2.dir/image.c.o
[  4%] Building C object src/lib/openjp2/CMakeFiles/openjp2.dir/invert.c.o
[  5%] Building C object src/lib/openjp2/CMakeFiles/openjp2.dir/j2k.c.o
[  6%] Building C object src/lib/openjp2/CMakeFiles/openjp2.dir/jp2.c.o
[  6%] Building C object src/lib/openjp2/CMakeFiles/openjp2.dir/mct.c.o
[  7%] Building C object src/lib/openjp2/CMakeFiles/openjp2.dir/mqc.c.o
[  8%] Building C object src/lib/openjp2/CMakeFiles/openjp2.dir/openjpeg.c.o
[  9%] Building C object src/lib/openjp2/CMakeFiles/openjp2.dir/opj_clock.c.o
[  9%] Building C object src/lib/openjp2/CMakeFiles/openjp2.dir/pi.c.o
[ 10%] Building C object src/lib/openjp2/CMakeFiles/openjp2.dir/raw.c.o
[ 11%] Building C object src/lib/openjp2/CMakeFiles/openjp2.dir/t1.c.o
[ 11%] Building C object src/lib/openjp2/CMakeFiles/openjp2.dir/t2.c.o
[ 12%] Building C object src/lib/openjp2/CMakeFiles/openjp2.dir/tcd.c.o
[ 13%] Building C object src/lib/openjp2/CMakeFiles/openjp2.dir/tgt.c.o
[ 13%] Building C object src/lib/openjp2/CMakeFiles/openjp2.dir/function_list.c.o
[ 14%] Linking C static library ../../../bin/libopenjp2.a
make[5]: Leaving directory '/home/ptkkhiem/Rel_5.0.0/openjp2/src/lib/openjp2/build'
[ 14%] Built target openjp2
make[5]: Entering directory '/home/ptkkhiem/Rel_5.0.0/openjp2/src/lib/openjp2/build'
make[5]: Leaving directory '/home/ptkkhiem/Rel_5.0.0/openjp2/src/lib/openjp2/build'
make[5]: Entering directory '/home/ptkkhiem/Rel_5.0.0/openjp2/src/lib/openjp2/build'
[ 14%] Building C object src/lib/openjp2/CMakeFiles/t1_generate_luts.dir/t1_generate_luts.c.o
[ 15%] Linking C executable ../../../bin/t1_generate_luts
make[5]: Leaving directory '/home/ptkkhiem/Rel_5.0.0/openjp2/src/lib/openjp2/build'
[ 15%] Built target t1_generate_luts
make[5]: Entering directory '/home/ptkkhiem/Rel_5.0.0/openjp2/src/lib/openjp2/build'
make[5]: Leaving directory '/home/ptkkhiem/Rel_5.0.0/openjp2/src/lib/openjp2/build'
make[5]: Entering directory '/home/ptkkhiem/Rel_5.0.0/openjp2/src/lib/openjp2/build'
[ 16%] Building C object thirdparty/libz/CMakeFiles/z.dir/adler32.c.o
[ 17%] Building C object thirdparty/libz/CMakeFiles/z.dir/compress.c.o
[ 17%] Building C object thirdparty/libz/CMakeFiles/z.dir/crc32.c.o
[ 18%] Building C object thirdparty/libz/CMakeFiles/z.dir/deflate.c.o
[ 19%] Building C object thirdparty/libz/CMakeFiles/z.dir/gzclose.c.o
[ 19%] Building C object thirdparty/libz/CMakeFiles/z.dir/gzlib.c.o
[ 20%] Building C object thirdparty/libz/CMakeFiles/z.dir/gzread.c.o
[ 21%] Building C object thirdparty/libz/CMakeFiles/z.dir/gzwrite.c.o
[ 22%] Building C object thirdparty/libz/CMakeFiles/z.dir/inflate.c.o
[ 22%] Building C object thirdparty/libz/CMakeFiles/z.dir/infback.c.o
[ 23%] Building C object thirdparty/libz/CMakeFiles/z.dir/inftrees.c.o
[ 24%] Building C object thirdparty/libz/CMakeFiles/z.dir/inffast.c.o
[ 24%] Building C object thirdparty/libz/CMakeFiles/z.dir/trees.c.o
[ 25%] Building C object thirdparty/libz/CMakeFiles/z.dir/uncompr.c.o
[ 26%] Building C object thirdparty/libz/CMakeFiles/z.dir/zutil.c.o
[ 27%] Linking C static library ../lib/libz.a
make[5]: Leaving directory '/home/ptkkhiem/Rel_5.0.0/openjp2/src/lib/openjp2/build'
[ 27%] Built target z
make[5]: Entering directory '/home/ptkkhiem/Rel_5.0.0/openjp2/src/lib/openjp2/build'
make[5]: Leaving directory '/home/ptkkhiem/Rel_5.0.0/openjp2/src/lib/openjp2/build'
make[5]: Entering directory '/home/ptkkhiem/Rel_5.0.0/openjp2/src/lib/openjp2/build'
[ 28%] Building C object thirdparty/libpng/CMakeFiles/png.dir/example.c.o
[ 28%] Building C object thirdparty/libpng/CMakeFiles/png.dir/png.c.o
[ 29%] Building C object thirdparty/libpng/CMakeFiles/png.dir/pngerror.c.o
[ 30%] Building C object thirdparty/libpng/CMakeFiles/png.dir/pngget.c.o
[ 31%] Building C object thirdparty/libpng/CMakeFiles/png.dir/pngmem.c.o
[ 31%] Building C object thirdparty/libpng/CMakeFiles/png.dir/pngpread.c.o
[ 32%] Building C object thirdparty/libpng/CMakeFiles/png.dir/pngread.c.o
[ 33%] Building C object thirdparty/libpng/CMakeFiles/png.dir/pngrio.c.o
[ 33%] Building C object thirdparty/libpng/CMakeFiles/png.dir/pngrtran.c.o
[ 34%] Building C object thirdparty/libpng/CMakeFiles/png.dir/pngrutil.c.o
[ 35%] Building C object thirdparty/libpng/CMakeFiles/png.dir/pngset.c.o
[ 35%] Building C object thirdparty/libpng/CMakeFiles/png.dir/pngtest.c.o
[ 36%] Building C object thirdparty/libpng/CMakeFiles/png.dir/pngtrans.c.o
[ 37%] Building C object thirdparty/libpng/CMakeFiles/png.dir/pngwio.c.o
[ 38%] Building C object thirdparty/libpng/CMakeFiles/png.dir/pngwrite.c.o
[ 38%] Building C object thirdparty/libpng/CMakeFiles/png.dir/pngwtran.c.o
[ 39%] Building C object thirdparty/libpng/CMakeFiles/png.dir/pngwutil.c.o
[ 40%] Linking C static library ../lib/libpng.a
make[5]: Leaving directory '/home/ptkkhiem/Rel_5.0.0/openjp2/src/lib/openjp2/build'
[ 40%] Built target png
make[5]: Entering directory '/home/ptkkhiem/Rel_5.0.0/openjp2/src/lib/openjp2/build'
make[5]: Leaving directory '/home/ptkkhiem/Rel_5.0.0/openjp2/src/lib/openjp2/build'
make[5]: Entering directory '/home/ptkkhiem/Rel_5.0.0/openjp2/src/lib/openjp2/build'
[ 41%] Building C object thirdparty/libtiff/CMakeFiles/tiff.dir/tif_aux.c.o
[ 41%] Building C object thirdparty/libtiff/CMakeFiles/tiff.dir/tif_close.c.o
[ 42%] Building C object thirdparty/libtiff/CMakeFiles/tiff.dir/tif_codec.c.o
[ 43%] Building C object thirdparty/libtiff/CMakeFiles/tiff.dir/tif_color.c.o
[ 44%] Building C object thirdparty/libtiff/CMakeFiles/tiff.dir/tif_compress.c.o
[ 44%] Building C object thirdparty/libtiff/CMakeFiles/tiff.dir/tif_dir.c.o
[ 45%] Building C object thirdparty/libtiff/CMakeFiles/tiff.dir/tif_dirinfo.c.o
[ 46%] Building C object thirdparty/libtiff/CMakeFiles/tiff.dir/tif_dirread.c.o
[ 46%] Building C object thirdparty/libtiff/CMakeFiles/tiff.dir/tif_dirwrite.c.o
[ 47%] Building C object thirdparty/libtiff/CMakeFiles/tiff.dir/tif_dumpmode.c.o
[ 48%] Building C object thirdparty/libtiff/CMakeFiles/tiff.dir/tif_error.c.o
[ 49%] Building C object thirdparty/libtiff/CMakeFiles/tiff.dir/tif_extension.c.o
[ 49%] Building C object thirdparty/libtiff/CMakeFiles/tiff.dir/tif_fax3.c.o
[ 50%] Building C object thirdparty/libtiff/CMakeFiles/tiff.dir/tif_fax3sm.c.o
[ 51%] Building C object thirdparty/libtiff/CMakeFiles/tiff.dir/tif_flush.c.o
[ 51%] Building C object thirdparty/libtiff/CMakeFiles/tiff.dir/tif_getimage.c.o
[ 52%] Building C object thirdparty/libtiff/CMakeFiles/tiff.dir/tif_jbig.c.o
[ 53%] Building C object thirdparty/libtiff/CMakeFiles/tiff.dir/tif_jpeg.c.o
[ 53%] Building C object thirdparty/libtiff/CMakeFiles/tiff.dir/tif_luv.c.o
[ 54%] Building C object thirdparty/libtiff/CMakeFiles/tiff.dir/tif_lzw.c.o
[ 55%] Building C object thirdparty/libtiff/CMakeFiles/tiff.dir/tif_next.c.o
[ 56%] Building C object thirdparty/libtiff/CMakeFiles/tiff.dir/tif_ojpeg.c.o
[ 56%] Building C object thirdparty/libtiff/CMakeFiles/tiff.dir/tif_open.c.o
[ 57%] Building C object thirdparty/libtiff/CMakeFiles/tiff.dir/tif_packbits.c.o
[ 58%] Building C object thirdparty/libtiff/CMakeFiles/tiff.dir/tif_pixarlog.c.o
[ 58%] Building C object thirdparty/libtiff/CMakeFiles/tiff.dir/tif_predict.c.o
[ 59%] Building C object thirdparty/libtiff/CMakeFiles/tiff.dir/tif_print.c.o
[ 60%] Building C object thirdparty/libtiff/CMakeFiles/tiff.dir/tif_read.c.o
[ 60%] Building C object thirdparty/libtiff/CMakeFiles/tiff.dir/tif_strip.c.o
[ 61%] Building C object thirdparty/libtiff/CMakeFiles/tiff.dir/tif_swab.c.o
[ 62%] Building C object thirdparty/libtiff/CMakeFiles/tiff.dir/tif_thunder.c.o
[ 63%] Building C object thirdparty/libtiff/CMakeFiles/tiff.dir/tif_tile.c.o
[ 63%] Building C object thirdparty/libtiff/CMakeFiles/tiff.dir/tif_version.c.o
[ 64%] Building C object thirdparty/libtiff/CMakeFiles/tiff.dir/tif_warning.c.o
[ 65%] Building C object thirdparty/libtiff/CMakeFiles/tiff.dir/tif_write.c.o
[ 65%] Building C object thirdparty/libtiff/CMakeFiles/tiff.dir/tif_zip.c.o
[ 66%] Building C object thirdparty/libtiff/CMakeFiles/tiff.dir/tif_jpeg_12.c.o
[ 67%] Building C object thirdparty/libtiff/CMakeFiles/tiff.dir/tif_lzma.c.o
[ 68%] Building C object thirdparty/libtiff/CMakeFiles/tiff.dir/tif_unix.c.o
[ 68%] Linking C static library ../lib/libtiff.a
make[5]: Leaving directory '/home/ptkkhiem/Rel_5.0.0/openjp2/src/lib/openjp2/build'
[ 68%] Built target tiff
make[5]: Entering directory '/home/ptkkhiem/Rel_5.0.0/openjp2/src/lib/openjp2/build'
make[5]: Leaving directory '/home/ptkkhiem/Rel_5.0.0/openjp2/src/lib/openjp2/build'
make[5]: Entering directory '/home/ptkkhiem/Rel_5.0.0/openjp2/src/lib/openjp2/build'
[ 68%] Building C object thirdparty/liblcms2/CMakeFiles/lcms2.dir/src/cmscam02.c.o
[ 69%] Building C object thirdparty/liblcms2/CMakeFiles/lcms2.dir/src/cmscgats.c.o
[ 70%] Building C object thirdparty/liblcms2/CMakeFiles/lcms2.dir/src/cmscnvrt.c.o
[ 70%] Building C object thirdparty/liblcms2/CMakeFiles/lcms2.dir/src/cmserr.c.o
[ 71%] Building C object thirdparty/liblcms2/CMakeFiles/lcms2.dir/src/cmsgamma.c.o
[ 72%] Building C object thirdparty/liblcms2/CMakeFiles/lcms2.dir/src/cmsgmt.c.o
[ 72%] Building C object thirdparty/liblcms2/CMakeFiles/lcms2.dir/src/cmsintrp.c.o
[ 73%] Building C object thirdparty/liblcms2/CMakeFiles/lcms2.dir/src/cmsio0.c.o
[ 74%] Building C object thirdparty/liblcms2/CMakeFiles/lcms2.dir/src/cmsio1.c.o
[ 75%] Building C object thirdparty/liblcms2/CMakeFiles/lcms2.dir/src/cmslut.c.o
[ 75%] Building C object thirdparty/liblcms2/CMakeFiles/lcms2.dir/src/cmsmd5.c.o
[ 76%] Building C object thirdparty/liblcms2/CMakeFiles/lcms2.dir/src/cmsmtrx.c.o
[ 77%] Building C object thirdparty/liblcms2/CMakeFiles/lcms2.dir/src/cmsnamed.c.o
[ 77%] Building C object thirdparty/liblcms2/CMakeFiles/lcms2.dir/src/cmsopt.c.o
[ 78%] Building C object thirdparty/liblcms2/CMakeFiles/lcms2.dir/src/cmspack.c.o
[ 79%] Building C object thirdparty/liblcms2/CMakeFiles/lcms2.dir/src/cmspcs.c.o
[ 79%] Building C object thirdparty/liblcms2/CMakeFiles/lcms2.dir/src/cmsplugin.c.o
[ 80%] Building C object thirdparty/liblcms2/CMakeFiles/lcms2.dir/src/cmsps2.c.o
[ 81%] Building C object thirdparty/liblcms2/CMakeFiles/lcms2.dir/src/cmssamp.c.o
[ 82%] Building C object thirdparty/liblcms2/CMakeFiles/lcms2.dir/src/cmssm.c.o
[ 82%] Building C object thirdparty/liblcms2/CMakeFiles/lcms2.dir/src/cmstypes.c.o
[ 83%] Building C object thirdparty/liblcms2/CMakeFiles/lcms2.dir/src/cmsvirt.c.o
[ 84%] Building C object thirdparty/liblcms2/CMakeFiles/lcms2.dir/src/cmswtpnt.c.o
[ 84%] Building C object thirdparty/liblcms2/CMakeFiles/lcms2.dir/src/cmsxform.c.o
[ 85%] Linking C static library ../lib/liblcms2.a
make[5]: Leaving directory '/home/ptkkhiem/Rel_5.0.0/openjp2/src/lib/openjp2/build'
[ 85%] Built target lcms2
make[5]: Entering directory '/home/ptkkhiem/Rel_5.0.0/openjp2/src/lib/openjp2/build'
make[5]: Leaving directory '/home/ptkkhiem/Rel_5.0.0/openjp2/src/lib/openjp2/build'
make[5]: Entering directory '/home/ptkkhiem/Rel_5.0.0/openjp2/src/lib/openjp2/build'
[ 86%] Building C object src/bin/jp2/CMakeFiles/opj_decompress.dir/opj_decompress.c.o
[ 87%] Building C object src/bin/jp2/CMakeFiles/opj_decompress.dir/convert.c.o
[ 87%] Building C object src/bin/jp2/CMakeFiles/opj_decompress.dir/index.c.o
[ 88%] Building C object src/bin/jp2/CMakeFiles/opj_decompress.dir/__/common/color.c.o
[ 89%] Building C object src/bin/jp2/CMakeFiles/opj_decompress.dir/__/common/opj_getopt.c.o
[ 89%] Building C object src/bin/jp2/CMakeFiles/opj_decompress.dir/__/__/__/thirdparty/sha256/sha256sum.c.o
[ 90%] Linking C executable ../../../bin/opj_decompress
make[5]: Leaving directory '/home/ptkkhiem/Rel_5.0.0/openjp2/src/lib/openjp2/build'
[ 90%] Built target opj_decompress
make[5]: Entering directory '/home/ptkkhiem/Rel_5.0.0/openjp2/src/lib/openjp2/build'
make[5]: Leaving directory '/home/ptkkhiem/Rel_5.0.0/openjp2/src/lib/openjp2/build'
make[5]: Entering directory '/home/ptkkhiem/Rel_5.0.0/openjp2/src/lib/openjp2/build'
[ 91%] Building C object src/bin/jp2/CMakeFiles/opj_compress.dir/opj_compress.c.o
[ 92%] Building C object src/bin/jp2/CMakeFiles/opj_compress.dir/convert.c.o
[ 92%] Building C object src/bin/jp2/CMakeFiles/opj_compress.dir/index.c.o
[ 93%] Building C object src/bin/jp2/CMakeFiles/opj_compress.dir/__/common/color.c.o
[ 94%] Building C object src/bin/jp2/CMakeFiles/opj_compress.dir/__/common/opj_getopt.c.o
[ 94%] Building C object src/bin/jp2/CMakeFiles/opj_compress.dir/__/__/__/thirdparty/sha256/sha256sum.c.o
[ 95%] Linking C executable ../../../bin/opj_compress
make[5]: Leaving directory '/home/ptkkhiem/Rel_5.0.0/openjp2/src/lib/openjp2/build'
[ 95%] Built target opj_compress
make[5]: Entering directory '/home/ptkkhiem/Rel_5.0.0/openjp2/src/lib/openjp2/build'
make[5]: Leaving directory '/home/ptkkhiem/Rel_5.0.0/openjp2/src/lib/openjp2/build'
make[5]: Entering directory '/home/ptkkhiem/Rel_5.0.0/openjp2/src/lib/openjp2/build'
[ 96%] Building C object src/bin/jp2/CMakeFiles/opj_dump.dir/opj_dump.c.o
[ 96%] Building C object src/bin/jp2/CMakeFiles/opj_dump.dir/convert.c.o
[ 97%] Building C object src/bin/jp2/CMakeFiles/opj_dump.dir/index.c.o
[ 98%] Building C object src/bin/jp2/CMakeFiles/opj_dump.dir/__/common/color.c.o
[ 99%] Building C object src/bin/jp2/CMakeFiles/opj_dump.dir/__/common/opj_getopt.c.o
[ 99%] Building C object src/bin/jp2/CMakeFiles/opj_dump.dir/__/__/__/thirdparty/sha256/sha256sum.c.o
[100%] Linking C executable ../../../bin/opj_dump
make[5]: Leaving directory '/home/ptkkhiem/Rel_5.0.0/openjp2/src/lib/openjp2/build'
[100%] Built target opj_dump
make[4]: Leaving directory '/home/ptkkhiem/Rel_5.0.0/openjp2/src/lib/openjp2/build'
make[3]: Leaving directory '/home/ptkkhiem/Rel_5.0.0/openjp2/src/lib/openjp2/build'
End: Compiling openjp2 library.
make[2]: Leaving directory '/home/ptkkhiem/Rel_5.0.0/openjp2/src'
End: Compiling openjp2 libraries and binaries.
make[1]: Leaving directory '/home/ptkkhiem/Rel_5.0.0/openjp2'
make[1]: Entering directory '/home/ptkkhiem/Rel_5.0.0/commonnbis'
Start: Copying commonnbis's header files to "/home/ptkkhiem/Rel_5.0.0/exports/include"....
/usr/bin/cp -Rpf /home/ptkkhiem/Rel_5.0.0/commonnbis/include/* /home/ptkkhiem/Rel_5.0.0/exports/include
End: Copying commonnbis's header files to "/home/ptkkhiem/Rel_5.0.0/exports/include".
Start: Compiling commonnbis's libraries....
make[2]: Entering directory '/home/ptkkhiem/Rel_5.0.0/commonnbis/src'
make[3]: Entering directory '/home/ptkkhiem/Rel_5.0.0/commonnbis/src/lib'
Start: Compiling cblas library....
make[4]: Entering directory '/home/ptkkhiem/Rel_5.0.0/commonnbis/src/lib/cblas'
/usr/bin/gcc -O2 -w -ansi -D_POSIX_SOURCE -D__NBISLE__  -D__NBIS_OPENJP2__ -D__NBIS_PNG__ -m64 -fPIC -fcommon -I/home/ptkkhiem/Rel_5.0.0/commonnbis/include -I/home/ptkkhiem/Rel_5.0.0/exports/include -c -o /home/ptkkhiem/Rel_5.0.0/commonnbis/obj/src/lib/cblas/isamax.o isamax.c
/usr/bin/gcc -O2 -w -ansi -D_POSIX_SOURCE -D__NBISLE__  -D__NBIS_OPENJP2__ -D__NBIS_PNG__ -m64 -fPIC -fcommon -I/home/ptkkhiem/Rel_5.0.0/commonnbis/include -I/home/ptkkhiem/Rel_5.0.0/exports/include -c -o /home/ptkkhiem/Rel_5.0.0/commonnbis/obj/src/lib/cblas/lsame.o lsame.c
/usr/bin/gcc -O2 -w -ansi -D_POSIX_SOURCE -D__NBISLE__  -D__NBIS_OPENJP2__ -D__NBIS_PNG__ -m64 -fPIC -fcommon -I/home/ptkkhiem/Rel_5.0.0/commonnbis/include -I/home/ptkkhiem/Rel_5.0.0/exports/include -c -o /home/ptkkhiem/Rel_5.0.0/commonnbis/obj/src/lib/cblas/sasum.o sasum.c
/usr/bin/gcc -O2 -w -ansi -D_POSIX_SOURCE -D__NBISLE__  -D__NBIS_OPENJP2__ -D__NBIS_PNG__ -m64 -fPIC -fcommon -I/home/ptkkhiem/Rel_5.0.0/commonnbis/include -I/home/ptkkhiem/Rel_5.0.0/exports/include -c -o /home/ptkkhiem/Rel_5.0.0/commonnbis/obj/src/lib/cblas/saxpy.o saxpy.c
/usr/bin/gcc -O2 -w -ansi -D_POSIX_SOURCE -D__NBISLE__  -D__NBIS_OPENJP2__ -D__NBIS_PNG__ -m64 -fPIC -fcommon -I/home/ptkkhiem/Rel_5.0.0/commonnbis/include -I/home/ptkkhiem/Rel_5.0.0/exports/include -c -o /home/ptkkhiem/Rel_5.0.0/commonnbis/obj/src/lib/cblas/scopy.o scopy.c
/usr/bin/gcc -O2 -w -ansi -D_POSIX_SOURCE -D__NBISLE__  -D__NBIS_OPENJP2__ -D__NBIS_PNG__ -m64 -fPIC -fcommon -I/home/ptkkhiem/Rel_5.0.0/commonnbis/include -I/home/ptkkhiem/Rel_5.0.0/exports/include -c -o /home/ptkkhiem/Rel_5.0.0/commonnbis/obj/src/lib/cblas/sdot.o sdot.c
/usr/bin/gcc -O2 -w -ansi -D_POSIX_SOURCE -D__NBISLE__  -D__NBIS_OPENJP2__ -D__NBIS_PNG__ -m64 -fPIC -fcommon -I/home/ptkkhiem/Rel_5.0.0/commonnbis/include -I/home/ptkkhiem/Rel_5.0.0/exports/include -c -o /home/ptkkhiem/Rel_5.0.0/commonnbis/obj/src/lib/cblas/sgemm.o sgemm.c
/usr/bin/gcc -O2 -w -ansi -D_POSIX_SOURCE -D__NBISLE__  -D__NBIS_OPENJP2__ -D__NBIS_PNG__ -m64 -fPIC -fcommon -I/home/ptkkhiem/Rel_5.0.0/commonnbis/include -I/home/ptkkhiem/Rel_5.0.0/exports/include -c -o /home/ptkkhiem/Rel_5.0.0/commonnbis/obj/src/lib/cblas/sgemv.o sgemv.c
/usr/bin/gcc -O2 -w -ansi -D_POSIX_SOURCE -D__NBISLE__  -D__NBIS_OPENJP2__ -D__NBIS_PNG__ -m64 -fPIC -fcommon -I/home/ptkkhiem/Rel_5.0.0/commonnbis/include -I/home/ptkkhiem/Rel_5.0.0/exports/include -c -o /home/ptkkhiem/Rel_5.0.0/commonnbis/obj/src/lib/cblas/sger.o sger.c
/usr/bin/gcc -O2 -w -ansi -D_POSIX_SOURCE -D__NBISLE__  -D__NBIS_OPENJP2__ -D__NBIS_PNG__ -m64 -fPIC -fcommon -I/home/ptkkhiem/Rel_5.0.0/commonnbis/include -I/home/ptkkhiem/Rel_5.0.0/exports/include -c -o /home/ptkkhiem/Rel_5.0.0/commonnbis/obj/src/lib/cblas/snrm2.o snrm2.c
/usr/bin/gcc -O2 -w -ansi -D_POSIX_SOURCE -D__NBISLE__  -D__NBIS_OPENJP2__ -D__NBIS_PNG__ -m64 -fPIC -fcommon -I/home/ptkkhiem/Rel_5.0.0/commonnbis/include -I/home/ptkkhiem/Rel_5.0.0/exports/include -c -o /home/ptkkhiem/Rel_5.0.0/commonnbis/obj/src/lib/cblas/sscal.o sscal.c
/usr/bin/gcc -O2 -w -ansi -D_POSIX_SOURCE -D__NBISLE__  -D__NBIS_OPENJP2__ -D__NBIS_PNG__ -m64 -fPIC -fcommon -I/home/ptkkhiem/Rel_5.0.0/commonnbis/include -I/home/ptkkhiem/Rel_5.0.0/exports/include -c -o /home/ptkkhiem/Rel_5.0.0/commonnbis/obj/src/lib/cblas/sswap.o sswap.c
/usr/bin/gcc -O2 -w -ansi -D_POSIX_SOURCE -D__NBISLE__  -D__NBIS_OPENJP2__ -D__NBIS_PNG__ -m64 -fPIC -fcommon -I/home/ptkkhiem/Rel_5.0.0/commonnbis/include -I/home/ptkkhiem/Rel_5.0.0/exports/include -c -o /home/ptkkhiem/Rel_5.0.0/commonnbis/obj/src/lib/cblas/ssymv.o ssymv.c
/usr/bin/gcc -O2 -w -ansi -D_POSIX_SOURCE -D__NBISLE__  -D__NBIS_OPENJP2__ -D__NBIS_PNG__ -m64 -fPIC -fcommon -I/home/ptkkhiem/Rel_5.0.0/commonnbis/include -I/home/ptkkhiem/Rel_5.0.0/exports/include -c -o /home/ptkkhiem/Rel_5.0.0/commonnbis/obj/src/lib/cblas/ssyr2.o ssyr2.c
/usr/bin/gcc -O2 -w -ansi -D_POSIX_SOURCE -D__NBISLE__  -D__NBIS_OPENJP2__ -D__NBIS_PNG__ -m64 -fPIC -fcommon -I/home/ptkkhiem/Rel_5.0.0/commonnbis/include -I/home/ptkkhiem/Rel_5.0.0/exports/include -c -o /home/ptkkhiem/Rel_5.0.0/commonnbis/obj/src/lib/cblas/ssyr2k.o ssyr2k.c
/usr/bin/gcc -O2 -w -ansi -D_POSIX_SOURCE -D__NBISLE__  -D__NBIS_OPENJP2__ -D__NBIS_PNG__ -m64 -fPIC -fcommon -I/home/ptkkhiem/Rel_5.0.0/commonnbis/include -I/home/ptkkhiem/Rel_5.0.0/exports/include -c -o /home/ptkkhiem/Rel_5.0.0/commonnbis/obj/src/lib/cblas/strmm.o strmm.c
/usr/bin/gcc -O2 -w -ansi -D_POSIX_SOURCE -D__NBISLE__  -D__NBIS_OPENJP2__ -D__NBIS_PNG__ -m64 -fPIC -fcommon -I/home/ptkkhiem/Rel_5.0.0/commonnbis/include -I/home/ptkkhiem/Rel_5.0.0/exports/include -c -o /home/ptkkhiem/Rel_5.0.0/commonnbis/obj/src/lib/cblas/strmv.o strmv.c
/usr/bin/gcc -O2 -w -ansi -D_POSIX_SOURCE -D__NBISLE__  -D__NBIS_OPENJP2__ -D__NBIS_PNG__ -m64 -fPIC -fcommon -I/home/ptkkhiem/Rel_5.0.0/commonnbis/include -I/home/ptkkhiem/Rel_5.0.0/exports/include -c -o /home/ptkkhiem/Rel_5.0.0/commonnbis/obj/src/lib/cblas/xerbla.o xerbla.c
ar ru /home/ptkkhiem/Rel_5.0.0/commonnbis/lib/libcblas.a /home/ptkkhiem/Rel_5.0.0/commonnbis/obj/src/lib/cblas/isamax.o /home/ptkkhiem/Rel_5.0.0/commonnbis/obj/src/lib/cblas/lsame.o /home/ptkkhiem/Rel_5.0.0/commonnbis/obj/src/lib/cblas/sasum.o /home/ptkkhiem/Rel_5.0.0/commonnbis/obj/src/lib/cblas/saxpy.o /home/ptkkhiem/Rel_5.0.0/commonnbis/obj/src/lib/cblas/scopy.o /home/ptkkhiem/Rel_5.0.0/commonnbis/obj/src/lib/cblas/sdot.o /home/ptkkhiem/Rel_5.0.0/commonnbis/obj/src/lib/cblas/sgemm.o /home/ptkkhiem/Rel_5.0.0/commonnbis/obj/src/lib/cblas/sgemv.o /home/ptkkhiem/Rel_5.0.0/commonnbis/obj/src/lib/cblas/sger.o /home/ptkkhiem/Rel_5.0.0/commonnbis/obj/src/lib/cblas/snrm2.o /home/ptkkhiem/Rel_5.0.0/commonnbis/obj/src/lib/cblas/sscal.o /home/ptkkhiem/Rel_5.0.0/commonnbis/obj/src/lib/cblas/sswap.o /home/ptkkhiem/Rel_5.0.0/commonnbis/obj/src/lib/cblas/ssymv.o /home/ptkkhiem/Rel_5.0.0/commonnbis/obj/src/lib/cblas/ssyr2.o /home/ptkkhiem/Rel_5.0.0/commonnbis/obj/src/lib/cblas/ssyr2k.o /home/ptkkhiem/Rel_5.0.0/commonnbis/obj/src/lib/cblas/strmm.o /home/ptkkhiem/Rel_5.0.0/commonnbis/obj/src/lib/cblas/strmv.o /home/ptkkhiem/Rel_5.0.0/commonnbis/obj/src/lib/cblas/xerbla.o
ar: `u' modifier ignored since `D' is the default (see `U')
ar: creating /home/ptkkhiem/Rel_5.0.0/commonnbis/lib/libcblas.a
/usr/bin/cp /home/ptkkhiem/Rel_5.0.0/commonnbis/lib/libcblas.a /home/ptkkhiem/Rel_5.0.0/exports/lib
make[4]: Leaving directory '/home/ptkkhiem/Rel_5.0.0/commonnbis/src/lib/cblas'
End: Compiling cblas library.
Start: Compiling clapck library....
make[4]: Entering directory '/home/ptkkhiem/Rel_5.0.0/commonnbis/src/lib/clapck'
/usr/bin/gcc -O2 -w -ansi -D_POSIX_SOURCE -D__NBISLE__  -D__NBIS_OPENJP2__ -D__NBIS_PNG__ -m64 -fPIC -fcommon -I/home/ptkkhiem/Rel_5.0.0/commonnbis/include -I/home/ptkkhiem/Rel_5.0.0/exports/include -c -o /home/ptkkhiem/Rel_5.0.0/commonnbis/obj/src/lib/clapck/ilaenv.o ilaenv.c
/usr/bin/gcc -O2 -w -ansi -D_POSIX_SOURCE -D__NBISLE__  -D__NBIS_OPENJP2__ -D__NBIS_PNG__ -m64 -fPIC -fcommon -I/home/ptkkhiem/Rel_5.0.0/commonnbis/include -I/home/ptkkhiem/Rel_5.0.0/exports/include -c -o /home/ptkkhiem/Rel_5.0.0/commonnbis/obj/src/lib/clapck/lsame.o lsame.c
/usr/bin/gcc -O2 -w -ansi -D_POSIX_SOURCE -D__NBISLE__  -D__NBIS_OPENJP2__ -D__NBIS_PNG__ -m64 -fPIC -fcommon -I/home/ptkkhiem/Rel_5.0.0/commonnbis/include -I/home/ptkkhiem/Rel_5.0.0/exports/include -c -o /home/ptkkhiem/Rel_5.0.0/commonnbis/obj/src/lib/clapck/slacpy.o slacpy.c
/usr/bin/gcc -O2 -w -ansi -D_POSIX_SOURCE -D__NBISLE__  -D__NBIS_OPENJP2__ -D__NBIS_PNG__ -m64 -fPIC -fcommon -I/home/ptkkhiem/Rel_5.0.0/commonnbis/include -I/home/ptkkhiem/Rel_5.0.0/exports/include -c -o /home/ptkkhiem/Rel_5.0.0/commonnbis/obj/src/lib/clapck/slae2.o slae2.c
/usr/bin/gcc -O2 -w -ansi -D_POSIX_SOURCE -D__NBISLE__  -D__NBIS_OPENJP2__ -D__NBIS_PNG__ -m64 -fPIC -fcommon -I/home/ptkkhiem/Rel_5.0.0/commonnbis/include -I/home/ptkkhiem/Rel_5.0.0/exports/include -c -o /home/ptkkhiem/Rel_5.0.0/commonnbis/obj/src/lib/clapck/slaebz.o slaebz.c
/usr/bin/gcc -O2 -w -ansi -D_POSIX_SOURCE -D__NBISLE__  -D__NBIS_OPENJP2__ -D__NBIS_PNG__ -m64 -fPIC -fcommon -I/home/ptkkhiem/Rel_5.0.0/commonnbis/include -I/home/ptkkhiem/Rel_5.0.0/exports/include -c -o /home/ptkkhiem/Rel_5.0.0/commonnbis/obj/src/lib/clapck/slaev2.o slaev2.c
/usr/bin/gcc -O2 -w -ansi -D_POSIX_SOURCE -D__NBISLE__  -D__NBIS_OPENJP2__ -D__NBIS_PNG__ -m64 -fPIC -fcommon -I/home/ptkkhiem/Rel_5.0.0/commonnbis/include -I/home/ptkkhiem/Rel_5.0.0/exports/include -c -o /home/ptkkhiem/Rel_5.0.0/commonnbis/obj/src/lib/clapck/slagtf.o slagtf.c
/usr/bin/gcc -O2 -w -ansi -D_POSIX_SOURCE -D__NBISLE__  -D__NBIS_OPENJP2__ -D__NBIS_PNG__ -m64 -fPIC -fcommon -I/home/ptkkhiem/Rel_5.0.0/commonnbis/include -I/home/ptkkhiem/Rel_5.0.0/exports/include -c -o /home/ptkkhiem/Rel_5.0.0/commonnbis/obj/src/lib/clapck/slagts.o slagts.c
/usr/bin/gcc -O2 -w -ansi -D_POSIX_SOURCE -D__NBISLE__  -D__NBIS_OPENJP2__ -D__NBIS_PNG__ -m64 -fPIC -fcommon -I/home/ptkkhiem/Rel_5.0.0/commonnbis/include -I/home/ptkkhiem/Rel_5.0.0/exports/include -c -o /home/ptkkhiem/Rel_5.0.0/commonnbis/obj/src/lib/clapck/slamc1.o slamc1.c
/usr/bin/gcc -O2 -w -ansi -D_POSIX_SOURCE -D__NBISLE__  -D__NBIS_OPENJP2__ -D__NBIS_PNG__ -m64 -fPIC -fcommon -I/home/ptkkhiem/Rel_5.0.0/commonnbis/include -I/home/ptkkhiem/Rel_5.0.0/exports/include -c -o /home/ptkkhiem/Rel_5.0.0/commonnbis/obj/src/lib/clapck/slamc2.o slamc2.c
/usr/bin/gcc -O2 -w -ansi -D_POSIX_SOURCE -D__NBISLE__  -D__NBIS_OPENJP2__ -D__NBIS_PNG__ -m64 -fPIC -fcommon -I/home/ptkkhiem/Rel_5.0.0/commonnbis/include -I/home/ptkkhiem/Rel_5.0.0/exports/include -c -o /home/ptkkhiem/Rel_5.0.0/commonnbis/obj/src/lib/clapck/slamc3.o slamc3.c
/usr/bin/gcc -O2 -w -ansi -D_POSIX_SOURCE -D__NBISLE__  -D__NBIS_OPENJP2__ -D__NBIS_PNG__ -m64 -fPIC -fcommon -I/home/ptkkhiem/Rel_5.0.0/commonnbis/include -I/home/ptkkhiem/Rel_5.0.0/exports/include -c -o /home/ptkkhiem/Rel_5.0.0/commonnbis/obj/src/lib/clapck/slamc4.o slamc4.c
/usr/bin/gcc -O2 -w -ansi -D_POSIX_SOURCE -D__NBISLE__  -D__NBIS_OPENJP2__ -D__NBIS_PNG__ -m64 -fPIC -fcommon -I/home/ptkkhiem/Rel_5.0.0/commonnbis/include -I/home/ptkkhiem/Rel_5.0.0/exports/include -c -o /home/ptkkhiem/Rel_5.0.0/commonnbis/obj/src/lib/clapck/slamc5.o slamc5.c
/usr/bin/gcc -O2 -w -ansi -D_POSIX_SOURCE -D__NBISLE__  -D__NBIS_OPENJP2__ -D__NBIS_PNG__ -m64 -fPIC -fcommon -I/home/ptkkhiem/Rel_5.0.0/commonnbis/include -I/home/ptkkhiem/Rel_5.0.0/exports/include -c -o /home/ptkkhiem/Rel_5.0.0/commonnbis/obj/src/lib/clapck/slamch.o slamch.c
/usr/bin/gcc -O2 -w -ansi -D_POSIX_SOURCE -D__NBISLE__  -D__NBIS_OPENJP2__ -D__NBIS_PNG__ -m64 -fPIC -fcommon -I/home/ptkkhiem/Rel_5.0.0/commonnbis/include -I/home/ptkkhiem/Rel_5.0.0/exports/include -c -o /home/ptkkhiem/Rel_5.0.0/commonnbis/obj/src/lib/clapck/slanst.o slanst.c
/usr/bin/gcc -O2 -w -ansi -D_POSIX_SOURCE -D__NBISLE__  -D__NBIS_OPENJP2__ -D__NBIS_PNG__ -m64 -fPIC -fcommon -I/home/ptkkhiem/Rel_5.0.0/commonnbis/include -I/home/ptkkhiem/Rel_5.0.0/exports/include -c -o /home/ptkkhiem/Rel_5.0.0/commonnbis/obj/src/lib/clapck/slansy.o slansy.c
/usr/bin/gcc -O2 -w -ansi -D_POSIX_SOURCE -D__NBISLE__  -D__NBIS_OPENJP2__ -D__NBIS_PNG__ -m64 -fPIC -fcommon -I/home/ptkkhiem/Rel_5.0.0/commonnbis/include -I/home/ptkkhiem/Rel_5.0.0/exports/include -c -o /home/ptkkhiem/Rel_5.0.0/commonnbis/obj/src/lib/clapck/slapy2.o slapy2.c
/usr/bin/gcc -O2 -w -ansi -D_POSIX_SOURCE -D__NBISLE__  -D__NBIS_OPENJP2__ -D__NBIS_PNG__ -m64 -fPIC -fcommon -I/home/ptkkhiem/Rel_5.0.0/commonnbis/include -I/home/ptkkhiem/Rel_5.0.0/exports/include -c -o /home/ptkkhiem/Rel_5.0.0/commonnbis/obj/src/lib/clapck/slarf.o slarf.c
/usr/bin/gcc -O2 -w -ansi -D_POSIX_SOURCE -D__NBISLE__  -D__NBIS_OPENJP2__ -D__NBIS_PNG__ -m64 -fPIC -fcommon -I/home/ptkkhiem/Rel_5.0.0/commonnbis/include -I/home/ptkkhiem/Rel_5.0.0/exports/include -c -o /home/ptkkhiem/Rel_5.0.0/commonnbis/obj/src/lib/clapck/slarfb.o slarfb.c
/usr/bin/gcc -O2 -w -ansi -D_POSIX_SOURCE -D__NBISLE__  -D__NBIS_OPENJP2__ -D__NBIS_PNG__ -m64 -fPIC -fcommon -I/home/ptkkhiem/Rel_5.0.0/commonnbis/include -I/home/ptkkhiem/Rel_5.0.0/exports/include -c -o /home/ptkkhiem/Rel_5.0.0/commonnbis/obj/src/lib/clapck/slarfg.o slarfg.c
/usr/bin/gcc -O2 -w -ansi -D_POSIX_SOURCE -D__NBISLE__  -D__NBIS_OPENJP2__ -D__NBIS_PNG__ -m64 -fPIC -fcommon -I/home/ptkkhiem/Rel_5.0.0/commonnbis/include -I/home/ptkkhiem/Rel_5.0.0/exports/include -c -o /home/ptkkhiem/Rel_5.0.0/commonnbis/obj/src/lib/clapck/slarft.o slarft.c
/usr/bin/gcc -O2 -w -ansi -D_POSIX_SOURCE -D__NBISLE__  -D__NBIS_OPENJP2__ -D__NBIS_PNG__ -m64 -fPIC -fcommon -I/home/ptkkhiem/Rel_5.0.0/commonnbis/include -I/home/ptkkhiem/Rel_5.0.0/exports/include -c -o /home/ptkkhiem/Rel_5.0.0/commonnbis/obj/src/lib/clapck/slarnv.o slarnv.c
/usr/bin/gcc -O2 -w -ansi -D_POSIX_SOURCE -D__NBISLE__  -D__NBIS_OPENJP2__ -D__NBIS_PNG__ -m64 -fPIC -fcommon -I/home/ptkkhiem/Rel_5.0.0/commonnbis/include -I/home/ptkkhiem/Rel_5.0.0/exports/include -c -o /home/ptkkhiem/Rel_5.0.0/commonnbis/obj/src/lib/clapck/slartg.o slartg.c
/usr/bin/gcc -O2 -w -ansi -D_POSIX_SOURCE -D__NBISLE__  -D__NBIS_OPENJP2__ -D__NBIS_PNG__ -m64 -fPIC -fcommon -I/home/ptkkhiem/Rel_5.0.0/commonnbis/include -I/home/ptkkhiem/Rel_5.0.0/exports/include -c -o /home/ptkkhiem/Rel_5.0.0/commonnbis/obj/src/lib/clapck/slaruv.o slaruv.c
/usr/bin/gcc -O2 -w -ansi -D_POSIX_SOURCE -D__NBISLE__  -D__NBIS_OPENJP2__ -D__NBIS_PNG__ -m64 -fPIC -fcommon -I/home/ptkkhiem/Rel_5.0.0/commonnbis/include -I/home/ptkkhiem/Rel_5.0.0/exports/include -c -o /home/ptkkhiem/Rel_5.0.0/commonnbis/obj/src/lib/clapck/slascl.o slascl.c
/usr/bin/gcc -O2 -w -ansi -D_POSIX_SOURCE -D__NBISLE__  -D__NBIS_OPENJP2__ -D__NBIS_PNG__ -m64 -fPIC -fcommon -I/home/ptkkhiem/Rel_5.0.0/commonnbis/include -I/home/ptkkhiem/Rel_5.0.0/exports/include -c -o /home/ptkkhiem/Rel_5.0.0/commonnbis/obj/src/lib/clapck/slaset.o slaset.c
/usr/bin/gcc -O2 -w -ansi -D_POSIX_SOURCE -D__NBISLE__  -D__NBIS_OPENJP2__ -D__NBIS_PNG__ -m64 -fPIC -fcommon -I/home/ptkkhiem/Rel_5.0.0/commonnbis/include -I/home/ptkkhiem/Rel_5.0.0/exports/include -c -o /home/ptkkhiem/Rel_5.0.0/commonnbis/obj/src/lib/clapck/slasr.o slasr.c
/usr/bin/gcc -O2 -w -ansi -D_POSIX_SOURCE -D__NBISLE__  -D__NBIS_OPENJP2__ -D__NBIS_PNG__ -m64 -fPIC -fcommon -I/home/ptkkhiem/Rel_5.0.0/commonnbis/include -I/home/ptkkhiem/Rel_5.0.0/exports/include -c -o /home/ptkkhiem/Rel_5.0.0/commonnbis/obj/src/lib/clapck/slasrt.o slasrt.c
/usr/bin/gcc -O2 -w -ansi -D_POSIX_SOURCE -D__NBISLE__  -D__NBIS_OPENJP2__ -D__NBIS_PNG__ -m64 -fPIC -fcommon -I/home/ptkkhiem/Rel_5.0.0/commonnbis/include -I/home/ptkkhiem/Rel_5.0.0/exports/include -c -o /home/ptkkhiem/Rel_5.0.0/commonnbis/obj/src/lib/clapck/slassq.o slassq.c
/usr/bin/gcc -O2 -w -ansi -D_POSIX_SOURCE -D__NBISLE__  -D__NBIS_OPENJP2__ -D__NBIS_PNG__ -m64 -fPIC -fcommon -I/home/ptkkhiem/Rel_5.0.0/commonnbis/include -I/home/ptkkhiem/Rel_5.0.0/exports/include -c -o /home/ptkkhiem/Rel_5.0.0/commonnbis/obj/src/lib/clapck/slatrd.o slatrd.c
/usr/bin/gcc -O2 -w -ansi -D_POSIX_SOURCE -D__NBISLE__  -D__NBIS_OPENJP2__ -D__NBIS_PNG__ -m64 -fPIC -fcommon -I/home/ptkkhiem/Rel_5.0.0/commonnbis/include -I/home/ptkkhiem/Rel_5.0.0/exports/include -c -o /home/ptkkhiem/Rel_5.0.0/commonnbis/obj/src/lib/clapck/sorg2l.o sorg2l.c
/usr/bin/gcc -O2 -w -ansi -D_POSIX_SOURCE -D__NBISLE__  -D__NBIS_OPENJP2__ -D__NBIS_PNG__ -m64 -fPIC -fcommon -I/home/ptkkhiem/Rel_5.0.0/commonnbis/include -I/home/ptkkhiem/Rel_5.0.0/exports/include -c -o /home/ptkkhiem/Rel_5.0.0/commonnbis/obj/src/lib/clapck/sorg2r.o sorg2r.c
/usr/bin/gcc -O2 -w -ansi -D_POSIX_SOURCE -D__NBISLE__  -D__NBIS_OPENJP2__ -D__NBIS_PNG__ -m64 -fPIC -fcommon -I/home/ptkkhiem/Rel_5.0.0/commonnbis/include -I/home/ptkkhiem/Rel_5.0.0/exports/include -c -o /home/ptkkhiem/Rel_5.0.0/commonnbis/obj/src/lib/clapck/sorgql.o sorgql.c
/usr/bin/gcc -O2 -w -ansi -D_POSIX_SOURCE -D__NBISLE__  -D__NBIS_OPENJP2__ -D__NBIS_PNG__ -m64 -fPIC -fcommon -I/home/ptkkhiem/Rel_5.0.0/commonnbis/include -I/home/ptkkhiem/Rel_5.0.0/exports/include -c -o /home/ptkkhiem/Rel_5.0.0/commonnbis/obj/src/lib/clapck/sorgqr.o sorgqr.c
/usr/bin/gcc -O2 -w -ansi -D_POSIX_SOURCE -D__NBISLE__  -D__NBIS_OPENJP2__ -D__NBIS_PNG__ -m64 -fPIC -fcommon -I/home/ptkkhiem/Rel_5.0.0/commonnbis/include -I/home/ptkkhiem/Rel_5.0.0/exports/include -c -o /home/ptkkhiem/Rel_5.0.0/commonnbis/obj/src/lib/clapck/sorgtr.o sorgtr.c
/usr/bin/gcc -O2 -w -ansi -D_POSIX_SOURCE -D__NBISLE__  -D__NBIS_OPENJP2__ -D__NBIS_PNG__ -m64 -fPIC -fcommon -I/home/ptkkhiem/Rel_5.0.0/commonnbis/include -I/home/ptkkhiem/Rel_5.0.0/exports/include -c -o /home/ptkkhiem/Rel_5.0.0/commonnbis/obj/src/lib/clapck/sorm2l.o sorm2l.c
/usr/bin/gcc -O2 -w -ansi -D_POSIX_SOURCE -D__NBISLE__  -D__NBIS_OPENJP2__ -D__NBIS_PNG__ -m64 -fPIC -fcommon -I/home/ptkkhiem/Rel_5.0.0/commonnbis/include -I/home/ptkkhiem/Rel_5.0.0/exports/include -c -o /home/ptkkhiem/Rel_5.0.0/commonnbis/obj/src/lib/clapck/sorm2r.o sorm2r.c
/usr/bin/gcc -O2 -w -ansi -D_POSIX_SOURCE -D__NBISLE__  -D__NBIS_OPENJP2__ -D__NBIS_PNG__ -m64 -fPIC -fcommon -I/home/ptkkhiem/Rel_5.0.0/commonnbis/include -I/home/ptkkhiem/Rel_5.0.0/exports/include -c -o /home/ptkkhiem/Rel_5.0.0/commonnbis/obj/src/lib/clapck/sormql.o sormql.c
/usr/bin/gcc -O2 -w -ansi -D_POSIX_SOURCE -D__NBISLE__  -D__NBIS_OPENJP2__ -D__NBIS_PNG__ -m64 -fPIC -fcommon -I/home/ptkkhiem/Rel_5.0.0/commonnbis/include -I/home/ptkkhiem/Rel_5.0.0/exports/include -c -o /home/ptkkhiem/Rel_5.0.0/commonnbis/obj/src/lib/clapck/sormqr.o sormqr.c
/usr/bin/gcc -O2 -w -ansi -D_POSIX_SOURCE -D__NBISLE__  -D__NBIS_OPENJP2__ -D__NBIS_PNG__ -m64 -fPIC -fcommon -I/home/ptkkhiem/Rel_5.0.0/commonnbis/include -I/home/ptkkhiem/Rel_5.0.0/exports/include -c -o /home/ptkkhiem/Rel_5.0.0/commonnbis/obj/src/lib/clapck/sormtr.o sormtr.c
/usr/bin/gcc -O2 -w -ansi -D_POSIX_SOURCE -D__NBISLE__  -D__NBIS_OPENJP2__ -D__NBIS_PNG__ -m64 -fPIC -fcommon -I/home/ptkkhiem/Rel_5.0.0/commonnbis/include -I/home/ptkkhiem/Rel_5.0.0/exports/include -c -o /home/ptkkhiem/Rel_5.0.0/commonnbis/obj/src/lib/clapck/sstebz.o sstebz.c
/usr/bin/gcc -O2 -w -ansi -D_POSIX_SOURCE -D__NBISLE__  -D__NBIS_OPENJP2__ -D__NBIS_PNG__ -m64 -fPIC -fcommon -I/home/ptkkhiem/Rel_5.0.0/commonnbis/include -I/home/ptkkhiem/Rel_5.0.0/exports/include -c -o /home/ptkkhiem/Rel_5.0.0/commonnbis/obj/src/lib/clapck/sstein.o sstein.c
/usr/bin/gcc -O2 -w -ansi -D_POSIX_SOURCE -D__NBISLE__  -D__NBIS_OPENJP2__ -D__NBIS_PNG__ -m64 -fPIC -fcommon -I/home/ptkkhiem/Rel_5.0.0/commonnbis/include -I/home/ptkkhiem/Rel_5.0.0/exports/include -c -o /home/ptkkhiem/Rel_5.0.0/commonnbis/obj/src/lib/clapck/ssteqr.o ssteqr.c
/usr/bin/gcc -O2 -w -ansi -D_POSIX_SOURCE -D__NBISLE__  -D__NBIS_OPENJP2__ -D__NBIS_PNG__ -m64 -fPIC -fcommon -I/home/ptkkhiem/Rel_5.0.0/commonnbis/include -I/home/ptkkhiem/Rel_5.0.0/exports/include -c -o /home/ptkkhiem/Rel_5.0.0/commonnbis/obj/src/lib/clapck/ssterf.o ssterf.c
/usr/bin/gcc -O2 -w -ansi -D_POSIX_SOURCE -D__NBISLE__  -D__NBIS_OPENJP2__ -D__NBIS_PNG__ -m64 -fPIC -fcommon -I/home/ptkkhiem/Rel_5.0.0/commonnbis/include -I/home/ptkkhiem/Rel_5.0.0/exports/include -c -o /home/ptkkhiem/Rel_5.0.0/commonnbis/obj/src/lib/clapck/ssyevx.o ssyevx.c
/usr/bin/gcc -O2 -w -ansi -D_POSIX_SOURCE -D__NBISLE__  -D__NBIS_OPENJP2__ -D__NBIS_PNG__ -m64 -fPIC -fcommon -I/home/ptkkhiem/Rel_5.0.0/commonnbis/include -I/home/ptkkhiem/Rel_5.0.0/exports/include -c -o /home/ptkkhiem/Rel_5.0.0/commonnbis/obj/src/lib/clapck/ssytd2.o ssytd2.c
/usr/bin/gcc -O2 -w -ansi -D_POSIX_SOURCE -D__NBISLE__  -D__NBIS_OPENJP2__ -D__NBIS_PNG__ -m64 -fPIC -fcommon -I/home/ptkkhiem/Rel_5.0.0/commonnbis/include -I/home/ptkkhiem/Rel_5.0.0/exports/include -c -o /home/ptkkhiem/Rel_5.0.0/commonnbis/obj/src/lib/clapck/ssytrd.o ssytrd.c
ar ru /home/ptkkhiem/Rel_5.0.0/commonnbis/lib/libclapck.a /home/ptkkhiem/Rel_5.0.0/commonnbis/obj/src/lib/clapck/ilaenv.o /home/ptkkhiem/Rel_5.0.0/commonnbis/obj/src/lib/clapck/lsame.o /home/ptkkhiem/Rel_5.0.0/commonnbis/obj/src/lib/clapck/slacpy.o /home/ptkkhiem/Rel_5.0.0/commonnbis/obj/src/lib/clapck/slae2.o /home/ptkkhiem/Rel_5.0.0/commonnbis/obj/src/lib/clapck/slaebz.o /home/ptkkhiem/Rel_5.0.0/commonnbis/obj/src/lib/clapck/slaev2.o /home/ptkkhiem/Rel_5.0.0/commonnbis/obj/src/lib/clapck/slagtf.o /home/ptkkhiem/Rel_5.0.0/commonnbis/obj/src/lib/clapck/slagts.o /home/ptkkhiem/Rel_5.0.0/commonnbis/obj/src/lib/clapck/slamc1.o /home/ptkkhiem/Rel_5.0.0/commonnbis/obj/src/lib/clapck/slamc2.o /home/ptkkhiem/Rel_5.0.0/commonnbis/obj/src/lib/clapck/slamc3.o /home/ptkkhiem/Rel_5.0.0/commonnbis/obj/src/lib/clapck/slamc4.o /home/ptkkhiem/Rel_5.0.0/commonnbis/obj/src/lib/clapck/slamc5.o /home/ptkkhiem/Rel_5.0.0/commonnbis/obj/src/lib/clapck/slamch.o /home/ptkkhiem/Rel_5.0.0/commonnbis/obj/src/lib/clapck/slanst.o /home/ptkkhiem/Rel_5.0.0/commonnbis/obj/src/lib/clapck/slansy.o /home/ptkkhiem/Rel_5.0.0/commonnbis/obj/src/lib/clapck/slapy2.o /home/ptkkhiem/Rel_5.0.0/commonnbis/obj/src/lib/clapck/slarf.o /home/ptkkhiem/Rel_5.0.0/commonnbis/obj/src/lib/clapck/slarfb.o /home/ptkkhiem/Rel_5.0.0/commonnbis/obj/src/lib/clapck/slarfg.o /home/ptkkhiem/Rel_5.0.0/commonnbis/obj/src/lib/clapck/slarft.o /home/ptkkhiem/Rel_5.0.0/commonnbis/obj/src/lib/clapck/slarnv.o /home/ptkkhiem/Rel_5.0.0/commonnbis/obj/src/lib/clapck/slartg.o /home/ptkkhiem/Rel_5.0.0/commonnbis/obj/src/lib/clapck/slaruv.o /home/ptkkhiem/Rel_5.0.0/commonnbis/obj/src/lib/clapck/slascl.o /home/ptkkhiem/Rel_5.0.0/commonnbis/obj/src/lib/clapck/slaset.o /home/ptkkhiem/Rel_5.0.0/commonnbis/obj/src/lib/clapck/slasr.o /home/ptkkhiem/Rel_5.0.0/commonnbis/obj/src/lib/clapck/slasrt.o /home/ptkkhiem/Rel_5.0.0/commonnbis/obj/src/lib/clapck/slassq.o /home/ptkkhiem/Rel_5.0.0/commonnbis/obj/src/lib/clapck/slatrd.o /home/ptkkhiem/Rel_5.0.0/commonnbis/obj/src/lib/clapck/sorg2l.o /home/ptkkhiem/Rel_5.0.0/commonnbis/obj/src/lib/clapck/sorg2r.o /home/ptkkhiem/Rel_5.0.0/commonnbis/obj/src/lib/clapck/sorgql.o /home/ptkkhiem/Rel_5.0.0/commonnbis/obj/src/lib/clapck/sorgqr.o /home/ptkkhiem/Rel_5.0.0/commonnbis/obj/src/lib/clapck/sorgtr.o /home/ptkkhiem/Rel_5.0.0/commonnbis/obj/src/lib/clapck/sorm2l.o /home/ptkkhiem/Rel_5.0.0/commonnbis/obj/src/lib/clapck/sorm2r.o /home/ptkkhiem/Rel_5.0.0/commonnbis/obj/src/lib/clapck/sormql.o /home/ptkkhiem/Rel_5.0.0/commonnbis/obj/src/lib/clapck/sormqr.o /home/ptkkhiem/Rel_5.0.0/commonnbis/obj/src/lib/clapck/sormtr.o /home/ptkkhiem/Rel_5.0.0/commonnbis/obj/src/lib/clapck/sstebz.o /home/ptkkhiem/Rel_5.0.0/commonnbis/obj/src/lib/clapck/sstein.o /home/ptkkhiem/Rel_5.0.0/commonnbis/obj/src/lib/clapck/ssteqr.o /home/ptkkhiem/Rel_5.0.0/commonnbis/obj/src/lib/clapck/ssterf.o /home/ptkkhiem/Rel_5.0.0/commonnbis/obj/src/lib/clapck/ssyevx.o /home/ptkkhiem/Rel_5.0.0/commonnbis/obj/src/lib/clapck/ssytd2.o /home/ptkkhiem/Rel_5.0.0/commonnbis/obj/src/lib/clapck/ssytrd.o
ar: `u' modifier ignored since `D' is the default (see `U')
ar: creating /home/ptkkhiem/Rel_5.0.0/commonnbis/lib/libclapck.a
/usr/bin/cp /home/ptkkhiem/Rel_5.0.0/commonnbis/lib/libclapck.a /home/ptkkhiem/Rel_5.0.0/exports/lib
make[4]: Leaving directory '/home/ptkkhiem/Rel_5.0.0/commonnbis/src/lib/clapck'
End: Compiling clapck library.
Start: Compiling f2c library....
make[4]: Entering directory '/home/ptkkhiem/Rel_5.0.0/commonnbis/src/lib/f2c'
/usr/bin/gcc -O2 -w -ansi -D_POSIX_SOURCE -D__NBISLE__  -D__NBIS_OPENJP2__ -D__NBIS_PNG__ -m64 -fPIC -fcommon -I/home/ptkkhiem/Rel_5.0.0/commonnbis/include -I/home/ptkkhiem/Rel_5.0.0/exports/include -c -o /home/ptkkhiem/Rel_5.0.0/commonnbis/obj/src/lib/f2c/pow_ri.o pow_ri.c
/usr/bin/gcc -O2 -w -ansi -D_POSIX_SOURCE -D__NBISLE__  -D__NBIS_OPENJP2__ -D__NBIS_PNG__ -m64 -fPIC -fcommon -I/home/ptkkhiem/Rel_5.0.0/commonnbis/include -I/home/ptkkhiem/Rel_5.0.0/exports/include -c -o /home/ptkkhiem/Rel_5.0.0/commonnbis/obj/src/lib/f2c/r_sign.o r_sign.c
/usr/bin/gcc -O2 -w -ansi -D_POSIX_SOURCE -D__NBISLE__  -D__NBIS_OPENJP2__ -D__NBIS_PNG__ -m64 -fPIC -fcommon -I/home/ptkkhiem/Rel_5.0.0/commonnbis/include -I/home/ptkkhiem/Rel_5.0.0/exports/include -c -o /home/ptkkhiem/Rel_5.0.0/commonnbis/obj/src/lib/f2c/s_cat.o s_cat.c
/usr/bin/gcc -O2 -w -ansi -D_POSIX_SOURCE -D__NBISLE__  -D__NBIS_OPENJP2__ -D__NBIS_PNG__ -m64 -fPIC -fcommon -I/home/ptkkhiem/Rel_5.0.0/commonnbis/include -I/home/ptkkhiem/Rel_5.0.0/exports/include -c -o /home/ptkkhiem/Rel_5.0.0/commonnbis/obj/src/lib/f2c/s_cmp.o s_cmp.c
/usr/bin/gcc -O2 -w -ansi -D_POSIX_SOURCE -D__NBISLE__  -D__NBIS_OPENJP2__ -D__NBIS_PNG__ -m64 -fPIC -fcommon -I/home/ptkkhiem/Rel_5.0.0/commonnbis/include -I/home/ptkkhiem/Rel_5.0.0/exports/include -c -o /home/ptkkhiem/Rel_5.0.0/commonnbis/obj/src/lib/f2c/s_copy.o s_copy.c
ar ru /home/ptkkhiem/Rel_5.0.0/commonnbis/lib/libf2c.a /home/ptkkhiem/Rel_5.0.0/commonnbis/obj/src/lib/f2c/pow_ri.o /home/ptkkhiem/Rel_5.0.0/commonnbis/obj/src/lib/f2c/r_sign.o /home/ptkkhiem/Rel_5.0.0/commonnbis/obj/src/lib/f2c/s_cat.o /home/ptkkhiem/Rel_5.0.0/commonnbis/obj/src/lib/f2c/s_cmp.o /home/ptkkhiem/Rel_5.0.0/commonnbis/obj/src/lib/f2c/s_copy.o
ar: `u' modifier ignored since `D' is the default (see `U')
ar: creating /home/ptkkhiem/Rel_5.0.0/commonnbis/lib/libf2c.a
/usr/bin/cp /home/ptkkhiem/Rel_5.0.0/commonnbis/lib/libf2c.a /home/ptkkhiem/Rel_5.0.0/exports/lib
make[4]: Leaving directory '/home/ptkkhiem/Rel_5.0.0/commonnbis/src/lib/f2c'
End: Compiling f2c library.
Start: Compiling fet library....
make[4]: Entering directory '/home/ptkkhiem/Rel_5.0.0/commonnbis/src/lib/fet'
/usr/bin/gcc -O2 -w -ansi -D_POSIX_SOURCE -D__NBISLE__  -D__NBIS_OPENJP2__ -D__NBIS_PNG__ -m64 -fPIC -fcommon -I/home/ptkkhiem/Rel_5.0.0/commonnbis/include -I/home/ptkkhiem/Rel_5.0.0/exports/include -c -o /home/ptkkhiem/Rel_5.0.0/commonnbis/obj/src/lib/fet/allocfet.o allocfet.c
/usr/bin/gcc -O2 -w -ansi -D_POSIX_SOURCE -D__NBISLE__  -D__NBIS_OPENJP2__ -D__NBIS_PNG__ -m64 -fPIC -fcommon -I/home/ptkkhiem/Rel_5.0.0/commonnbis/include -I/home/ptkkhiem/Rel_5.0.0/exports/include -c -o /home/ptkkhiem/Rel_5.0.0/commonnbis/obj/src/lib/fet/delfet.o delfet.c
/usr/bin/gcc -O2 -w -ansi -D_POSIX_SOURCE -D__NBISLE__  -D__NBIS_OPENJP2__ -D__NBIS_PNG__ -m64 -fPIC -fcommon -I/home/ptkkhiem/Rel_5.0.0/commonnbis/include -I/home/ptkkhiem/Rel_5.0.0/exports/include -c -o /home/ptkkhiem/Rel_5.0.0/commonnbis/obj/src/lib/fet/extrfet.o extrfet.c
/usr/bin/gcc -O2 -w -ansi -D_POSIX_SOURCE -D__NBISLE__  -D__NBIS_OPENJP2__ -D__NBIS_PNG__ -m64 -fPIC -fcommon -I/home/ptkkhiem/Rel_5.0.0/commonnbis/include -I/home/ptkkhiem/Rel_5.0.0/exports/include -c -o /home/ptkkhiem/Rel_5.0.0/commonnbis/obj/src/lib/fet/freefet.o freefet.c
/usr/bin/gcc -O2 -w -ansi -D_POSIX_SOURCE -D__NBISLE__  -D__NBIS_OPENJP2__ -D__NBIS_PNG__ -m64 -fPIC -fcommon -I/home/ptkkhiem/Rel_5.0.0/commonnbis/include -I/home/ptkkhiem/Rel_5.0.0/exports/include -c -o /home/ptkkhiem/Rel_5.0.0/commonnbis/obj/src/lib/fet/lkupfet.o lkupfet.c
/usr/bin/gcc -O2 -w -ansi -D_POSIX_SOURCE -D__NBISLE__  -D__NBIS_OPENJP2__ -D__NBIS_PNG__ -m64 -fPIC -fcommon -I/home/ptkkhiem/Rel_5.0.0/commonnbis/include -I/home/ptkkhiem/Rel_5.0.0/exports/include -c -o /home/ptkkhiem/Rel_5.0.0/commonnbis/obj/src/lib/fet/nistcom.o nistcom.c
/usr/bin/gcc -O2 -w -ansi -D_POSIX_SOURCE -D__NBISLE__  -D__NBIS_OPENJP2__ -D__NBIS_PNG__ -m64 -fPIC -fcommon -I/home/ptkkhiem/Rel_5.0.0/commonnbis/include -I/home/ptkkhiem/Rel_5.0.0/exports/include -c -o /home/ptkkhiem/Rel_5.0.0/commonnbis/obj/src/lib/fet/printfet.o printfet.c
/usr/bin/gcc -O2 -w -ansi -D_POSIX_SOURCE -D__NBISLE__  -D__NBIS_OPENJP2__ -D__NBIS_PNG__ -m64 -fPIC -fcommon -I/home/ptkkhiem/Rel_5.0.0/commonnbis/include -I/home/ptkkhiem/Rel_5.0.0/exports/include -c -o /home/ptkkhiem/Rel_5.0.0/commonnbis/obj/src/lib/fet/readfet.o readfet.c
/usr/bin/gcc -O2 -w -ansi -D_POSIX_SOURCE -D__NBISLE__  -D__NBIS_OPENJP2__ -D__NBIS_PNG__ -m64 -fPIC -fcommon -I/home/ptkkhiem/Rel_5.0.0/commonnbis/include -I/home/ptkkhiem/Rel_5.0.0/exports/include -c -o /home/ptkkhiem/Rel_5.0.0/commonnbis/obj/src/lib/fet/strfet.o strfet.c
/usr/bin/gcc -O2 -w -ansi -D_POSIX_SOURCE -D__NBISLE__  -D__NBIS_OPENJP2__ -D__NBIS_PNG__ -m64 -fPIC -fcommon -I/home/ptkkhiem/Rel_5.0.0/commonnbis/include -I/home/ptkkhiem/Rel_5.0.0/exports/include -c -o /home/ptkkhiem/Rel_5.0.0/commonnbis/obj/src/lib/fet/updatfet.o updatfet.c
/usr/bin/gcc -O2 -w -ansi -D_POSIX_SOURCE -D__NBISLE__  -D__NBIS_OPENJP2__ -D__NBIS_PNG__ -m64 -fPIC -fcommon -I/home/ptkkhiem/Rel_5.0.0/commonnbis/include -I/home/ptkkhiem/Rel_5.0.0/exports/include -c -o /home/ptkkhiem/Rel_5.0.0/commonnbis/obj/src/lib/fet/writefet.o writefet.c
ar ru /home/ptkkhiem/Rel_5.0.0/commonnbis/lib/libfet.a /home/ptkkhiem/Rel_5.0.0/commonnbis/obj/src/lib/fet/allocfet.o /home/ptkkhiem/Rel_5.0.0/commonnbis/obj/src/lib/fet/delfet.o /home/ptkkhiem/Rel_5.0.0/commonnbis/obj/src/lib/fet/extrfet.o /home/ptkkhiem/Rel_5.0.0/commonnbis/obj/src/lib/fet/freefet.o /home/ptkkhiem/Rel_5.0.0/commonnbis/obj/src/lib/fet/lkupfet.o /home/ptkkhiem/Rel_5.0.0/commonnbis/obj/src/lib/fet/nistcom.o /home/ptkkhiem/Rel_5.0.0/commonnbis/obj/src/lib/fet/printfet.o /home/ptkkhiem/Rel_5.0.0/commonnbis/obj/src/lib/fet/readfet.o /home/ptkkhiem/Rel_5.0.0/commonnbis/obj/src/lib/fet/strfet.o /home/ptkkhiem/Rel_5.0.0/commonnbis/obj/src/lib/fet/updatfet.o /home/ptkkhiem/Rel_5.0.0/commonnbis/obj/src/lib/fet/writefet.o
ar: `u' modifier ignored since `D' is the default (see `U')
ar: creating /home/ptkkhiem/Rel_5.0.0/commonnbis/lib/libfet.a
/usr/bin/cp /home/ptkkhiem/Rel_5.0.0/commonnbis/lib/libfet.a /home/ptkkhiem/Rel_5.0.0/exports/lib
make[4]: Leaving directory '/home/ptkkhiem/Rel_5.0.0/commonnbis/src/lib/fet'
End: Compiling fet library.
Start: Compiling fft library....
make[4]: Entering directory '/home/ptkkhiem/Rel_5.0.0/commonnbis/src/lib/fft'
/usr/bin/gcc -O2 -w -ansi -D_POSIX_SOURCE -D__NBISLE__  -D__NBIS_OPENJP2__ -D__NBIS_PNG__ -m64 -fPIC -fcommon -I/home/ptkkhiem/Rel_5.0.0/commonnbis/include -I/home/ptkkhiem/Rel_5.0.0/exports/include -c -o /home/ptkkhiem/Rel_5.0.0/commonnbis/obj/src/lib/fft/cfftb.o cfftb.c
/usr/bin/gcc -O2 -w -ansi -D_POSIX_SOURCE -D__NBISLE__  -D__NBIS_OPENJP2__ -D__NBIS_PNG__ -m64 -fPIC -fcommon -I/home/ptkkhiem/Rel_5.0.0/commonnbis/include -I/home/ptkkhiem/Rel_5.0.0/exports/include -c -o /home/ptkkhiem/Rel_5.0.0/commonnbis/obj/src/lib/fft/cfftb1.o cfftb1.c
/usr/bin/gcc -O2 -w -ansi -D_POSIX_SOURCE -D__NBISLE__  -D__NBIS_OPENJP2__ -D__NBIS_PNG__ -m64 -fPIC -fcommon -I/home/ptkkhiem/Rel_5.0.0/commonnbis/include -I/home/ptkkhiem/Rel_5.0.0/exports/include -c -o /home/ptkkhiem/Rel_5.0.0/commonnbis/obj/src/lib/fft/cfftf.o cfftf.c
/usr/bin/gcc -O2 -w -ansi -D_POSIX_SOURCE -D__NBISLE__  -D__NBIS_OPENJP2__ -D__NBIS_PNG__ -m64 -fPIC -fcommon -I/home/ptkkhiem/Rel_5.0.0/commonnbis/include -I/home/ptkkhiem/Rel_5.0.0/exports/include -c -o /home/ptkkhiem/Rel_5.0.0/commonnbis/obj/src/lib/fft/cfftf1.o cfftf1.c
/usr/bin/gcc -O2 -w -ansi -D_POSIX_SOURCE -D__NBISLE__  -D__NBIS_OPENJP2__ -D__NBIS_PNG__ -m64 -fPIC -fcommon -I/home/ptkkhiem/Rel_5.0.0/commonnbis/include -I/home/ptkkhiem/Rel_5.0.0/exports/include -c -o /home/ptkkhiem/Rel_5.0.0/commonnbis/obj/src/lib/fft/cffti.o cffti.c
/usr/bin/gcc -O2 -w -ansi -D_POSIX_SOURCE -D__NBISLE__  -D__NBIS_OPENJP2__ -D__NBIS_PNG__ -m64 -fPIC -fcommon -I/home/ptkkhiem/Rel_5.0.0/commonnbis/include -I/home/ptkkhiem/Rel_5.0.0/exports/include -c -o /home/ptkkhiem/Rel_5.0.0/commonnbis/obj/src/lib/fft/cffti1.o cffti1.c
/usr/bin/gcc -O2 -w -ansi -D_POSIX_SOURCE -D__NBISLE__  -D__NBIS_OPENJP2__ -D__NBIS_PNG__ -m64 -fPIC -fcommon -I/home/ptkkhiem/Rel_5.0.0/commonnbis/include -I/home/ptkkhiem/Rel_5.0.0/exports/include -c -o /home/ptkkhiem/Rel_5.0.0/commonnbis/obj/src/lib/fft/fft2dr.o fft2dr.c
/usr/bin/gcc -O2 -w -ansi -D_POSIX_SOURCE -D__NBISLE__  -D__NBIS_OPENJP2__ -D__NBIS_PNG__ -m64 -fPIC -fcommon -I/home/ptkkhiem/Rel_5.0.0/commonnbis/include -I/home/ptkkhiem/Rel_5.0.0/exports/include -c -o /home/ptkkhiem/Rel_5.0.0/commonnbis/obj/src/lib/fft/passb.o passb.c
/usr/bin/gcc -O2 -w -ansi -D_POSIX_SOURCE -D__NBISLE__  -D__NBIS_OPENJP2__ -D__NBIS_PNG__ -m64 -fPIC -fcommon -I/home/ptkkhiem/Rel_5.0.0/commonnbis/include -I/home/ptkkhiem/Rel_5.0.0/exports/include -c -o /home/ptkkhiem/Rel_5.0.0/commonnbis/obj/src/lib/fft/passb2.o passb2.c
/usr/bin/gcc -O2 -w -ansi -D_POSIX_SOURCE -D__NBISLE__  -D__NBIS_OPENJP2__ -D__NBIS_PNG__ -m64 -fPIC -fcommon -I/home/ptkkhiem/Rel_5.0.0/commonnbis/include -I/home/ptkkhiem/Rel_5.0.0/exports/include -c -o /home/ptkkhiem/Rel_5.0.0/commonnbis/obj/src/lib/fft/passb3.o passb3.c
/usr/bin/gcc -O2 -w -ansi -D_POSIX_SOURCE -D__NBISLE__  -D__NBIS_OPENJP2__ -D__NBIS_PNG__ -m64 -fPIC -fcommon -I/home/ptkkhiem/Rel_5.0.0/commonnbis/include -I/home/ptkkhiem/Rel_5.0.0/exports/include -c -o /home/ptkkhiem/Rel_5.0.0/commonnbis/obj/src/lib/fft/passb4.o passb4.c
/usr/bin/gcc -O2 -w -ansi -D_POSIX_SOURCE -D__NBISLE__  -D__NBIS_OPENJP2__ -D__NBIS_PNG__ -m64 -fPIC -fcommon -I/home/ptkkhiem/Rel_5.0.0/commonnbis/include -I/home/ptkkhiem/Rel_5.0.0/exports/include -c -o /home/ptkkhiem/Rel_5.0.0/commonnbis/obj/src/lib/fft/passb5.o passb5.c
/usr/bin/gcc -O2 -w -ansi -D_POSIX_SOURCE -D__NBISLE__  -D__NBIS_OPENJP2__ -D__NBIS_PNG__ -m64 -fPIC -fcommon -I/home/ptkkhiem/Rel_5.0.0/commonnbis/include -I/home/ptkkhiem/Rel_5.0.0/exports/include -c -o /home/ptkkhiem/Rel_5.0.0/commonnbis/obj/src/lib/fft/passf.o passf.c
/usr/bin/gcc -O2 -w -ansi -D_POSIX_SOURCE -D__NBISLE__  -D__NBIS_OPENJP2__ -D__NBIS_PNG__ -m64 -fPIC -fcommon -I/home/ptkkhiem/Rel_5.0.0/commonnbis/include -I/home/ptkkhiem/Rel_5.0.0/exports/include -c -o /home/ptkkhiem/Rel_5.0.0/commonnbis/obj/src/lib/fft/passf2.o passf2.c
/usr/bin/gcc -O2 -w -ansi -D_POSIX_SOURCE -D__NBISLE__  -D__NBIS_OPENJP2__ -D__NBIS_PNG__ -m64 -fPIC -fcommon -I/home/ptkkhiem/Rel_5.0.0/commonnbis/include -I/home/ptkkhiem/Rel_5.0.0/exports/include -c -o /home/ptkkhiem/Rel_5.0.0/commonnbis/obj/src/lib/fft/passf3.o passf3.c
/usr/bin/gcc -O2 -w -ansi -D_POSIX_SOURCE -D__NBISLE__  -D__NBIS_OPENJP2__ -D__NBIS_PNG__ -m64 -fPIC -fcommon -I/home/ptkkhiem/Rel_5.0.0/commonnbis/include -I/home/ptkkhiem/Rel_5.0.0/exports/include -c -o /home/ptkkhiem/Rel_5.0.0/commonnbis/obj/src/lib/fft/passf4.o passf4.c
/usr/bin/gcc -O2 -w -ansi -D_POSIX_SOURCE -D__NBISLE__  -D__NBIS_OPENJP2__ -D__NBIS_PNG__ -m64 -fPIC -fcommon -I/home/ptkkhiem/Rel_5.0.0/commonnbis/include -I/home/ptkkhiem/Rel_5.0.0/exports/include -c -o /home/ptkkhiem/Rel_5.0.0/commonnbis/obj/src/lib/fft/passf5.o passf5.c
ar ru /home/ptkkhiem/Rel_5.0.0/commonnbis/lib/libfft.a /home/ptkkhiem/Rel_5.0.0/commonnbis/obj/src/lib/fft/cfftb.o /home/ptkkhiem/Rel_5.0.0/commonnbis/obj/src/lib/fft/cfftb1.o /home/ptkkhiem/Rel_5.0.0/commonnbis/obj/src/lib/fft/cfftf.o /home/ptkkhiem/Rel_5.0.0/commonnbis/obj/src/lib/fft/cfftf1.o /home/ptkkhiem/Rel_5.0.0/commonnbis/obj/src/lib/fft/cffti.o /home/ptkkhiem/Rel_5.0.0/commonnbis/obj/src/lib/fft/cffti1.o /home/ptkkhiem/Rel_5.0.0/commonnbis/obj/src/lib/fft/fft2dr.o /home/ptkkhiem/Rel_5.0.0/commonnbis/obj/src/lib/fft/passb.o /home/ptkkhiem/Rel_5.0.0/commonnbis/obj/src/lib/fft/passb2.o /home/ptkkhiem/Rel_5.0.0/commonnbis/obj/src/lib/fft/passb3.o /home/ptkkhiem/Rel_5.0.0/commonnbis/obj/src/lib/fft/passb4.o /home/ptkkhiem/Rel_5.0.0/commonnbis/obj/src/lib/fft/passb5.o /home/ptkkhiem/Rel_5.0.0/commonnbis/obj/src/lib/fft/passf.o /home/ptkkhiem/Rel_5.0.0/commonnbis/obj/src/lib/fft/passf2.o /home/ptkkhiem/Rel_5.0.0/commonnbis/obj/src/lib/fft/passf3.o /home/ptkkhiem/Rel_5.0.0/commonnbis/obj/src/lib/fft/passf4.o /home/ptkkhiem/Rel_5.0.0/commonnbis/obj/src/lib/fft/passf5.o
ar: `u' modifier ignored since `D' is the default (see `U')
ar: creating /home/ptkkhiem/Rel_5.0.0/commonnbis/lib/libfft.a
/usr/bin/cp /home/ptkkhiem/Rel_5.0.0/commonnbis/lib/libfft.a /home/ptkkhiem/Rel_5.0.0/exports/lib
make[4]: Leaving directory '/home/ptkkhiem/Rel_5.0.0/commonnbis/src/lib/fft'
End: Compiling fft library.
Start: Compiling ioutil library....
make[4]: Entering directory '/home/ptkkhiem/Rel_5.0.0/commonnbis/src/lib/ioutil'
/usr/bin/gcc -O2 -w -ansi -D_POSIX_SOURCE -D__NBISLE__  -D__NBIS_OPENJP2__ -D__NBIS_PNG__ -m64 -fPIC -fcommon -I/home/ptkkhiem/Rel_5.0.0/commonnbis/include -I/home/ptkkhiem/Rel_5.0.0/exports/include -c -o /home/ptkkhiem/Rel_5.0.0/commonnbis/obj/src/lib/ioutil/dataio.o dataio.c
/usr/bin/gcc -O2 -w -ansi -D_POSIX_SOURCE -D__NBISLE__  -D__NBIS_OPENJP2__ -D__NBIS_PNG__ -m64 -fPIC -fcommon -I/home/ptkkhiem/Rel_5.0.0/commonnbis/include -I/home/ptkkhiem/Rel_5.0.0/exports/include -c -o /home/ptkkhiem/Rel_5.0.0/commonnbis/obj/src/lib/ioutil/fileexst.o fileexst.c
/usr/bin/gcc -O2 -w -ansi -D_POSIX_SOURCE -D__NBISLE__  -D__NBIS_OPENJP2__ -D__NBIS_PNG__ -m64 -fPIC -fcommon -I/home/ptkkhiem/Rel_5.0.0/commonnbis/include -I/home/ptkkhiem/Rel_5.0.0/exports/include -c -o /home/ptkkhiem/Rel_5.0.0/commonnbis/obj/src/lib/ioutil/filehead.o filehead.c
/usr/bin/gcc -O2 -w -ansi -D_POSIX_SOURCE -D__NBISLE__  -D__NBIS_OPENJP2__ -D__NBIS_PNG__ -m64 -fPIC -fcommon -I/home/ptkkhiem/Rel_5.0.0/commonnbis/include -I/home/ptkkhiem/Rel_5.0.0/exports/include -c -o /home/ptkkhiem/Rel_5.0.0/commonnbis/obj/src/lib/ioutil/fileroot.o fileroot.c
/usr/bin/gcc -O2 -w -ansi -D_POSIX_SOURCE -D__NBISLE__  -D__NBIS_OPENJP2__ -D__NBIS_PNG__ -m64 -fPIC -fcommon -I/home/ptkkhiem/Rel_5.0.0/commonnbis/include -I/home/ptkkhiem/Rel_5.0.0/exports/include -c -o /home/ptkkhiem/Rel_5.0.0/commonnbis/obj/src/lib/ioutil/filesize.o filesize.c
/usr/bin/gcc -O2 -w -ansi -D_POSIX_SOURCE -D__NBISLE__  -D__NBIS_OPENJP2__ -D__NBIS_PNG__ -m64 -fPIC -fcommon -I/home/ptkkhiem/Rel_5.0.0/commonnbis/include -I/home/ptkkhiem/Rel_5.0.0/exports/include -c -o /home/ptkkhiem/Rel_5.0.0/commonnbis/obj/src/lib/ioutil/filetail.o filetail.c
/usr/bin/gcc -O2 -w -ansi -D_POSIX_SOURCE -D__NBISLE__  -D__NBIS_OPENJP2__ -D__NBIS_PNG__ -m64 -fPIC -fcommon -I/home/ptkkhiem/Rel_5.0.0/commonnbis/include -I/home/ptkkhiem/Rel_5.0.0/exports/include -c -o /home/ptkkhiem/Rel_5.0.0/commonnbis/obj/src/lib/ioutil/findfile.o findfile.c
/usr/bin/gcc -O2 -w -ansi -D_POSIX_SOURCE -D__NBISLE__  -D__NBIS_OPENJP2__ -D__NBIS_PNG__ -m64 -fPIC -fcommon -I/home/ptkkhiem/Rel_5.0.0/commonnbis/include -I/home/ptkkhiem/Rel_5.0.0/exports/include -c -o /home/ptkkhiem/Rel_5.0.0/commonnbis/obj/src/lib/ioutil/newext.o newext.c
/usr/bin/gcc -O2 -w -ansi -D_POSIX_SOURCE -D__NBISLE__  -D__NBIS_OPENJP2__ -D__NBIS_PNG__ -m64 -fPIC -fcommon -I/home/ptkkhiem/Rel_5.0.0/commonnbis/include -I/home/ptkkhiem/Rel_5.0.0/exports/include -c -o /home/ptkkhiem/Rel_5.0.0/commonnbis/obj/src/lib/ioutil/readutil.o readutil.c
ar ru /home/ptkkhiem/Rel_5.0.0/commonnbis/lib/libioutil.a /home/ptkkhiem/Rel_5.0.0/commonnbis/obj/src/lib/ioutil/dataio.o /home/ptkkhiem/Rel_5.0.0/commonnbis/obj/src/lib/ioutil/fileexst.o /home/ptkkhiem/Rel_5.0.0/commonnbis/obj/src/lib/ioutil/filehead.o /home/ptkkhiem/Rel_5.0.0/commonnbis/obj/src/lib/ioutil/fileroot.o /home/ptkkhiem/Rel_5.0.0/commonnbis/obj/src/lib/ioutil/filesize.o /home/ptkkhiem/Rel_5.0.0/commonnbis/obj/src/lib/ioutil/filetail.o /home/ptkkhiem/Rel_5.0.0/commonnbis/obj/src/lib/ioutil/findfile.o /home/ptkkhiem/Rel_5.0.0/commonnbis/obj/src/lib/ioutil/newext.o /home/ptkkhiem/Rel_5.0.0/commonnbis/obj/src/lib/ioutil/readutil.o
ar: `u' modifier ignored since `D' is the default (see `U')
ar: creating /home/ptkkhiem/Rel_5.0.0/commonnbis/lib/libioutil.a
/usr/bin/cp /home/ptkkhiem/Rel_5.0.0/commonnbis/lib/libioutil.a /home/ptkkhiem/Rel_5.0.0/exports/lib
make[4]: Leaving directory '/home/ptkkhiem/Rel_5.0.0/commonnbis/src/lib/ioutil'
End: Compiling ioutil library.
Start: Compiling util library....
make[4]: Entering directory '/home/ptkkhiem/Rel_5.0.0/commonnbis/src/lib/util'
/usr/bin/gcc -O2 -w -ansi -D_POSIX_SOURCE -D__NBISLE__  -D__NBIS_OPENJP2__ -D__NBIS_PNG__ -m64 -fPIC -fcommon -I/home/ptkkhiem/Rel_5.0.0/commonnbis/include -I/home/ptkkhiem/Rel_5.0.0/exports/include -c -o /home/ptkkhiem/Rel_5.0.0/commonnbis/obj/src/lib/util/bres.o bres.c
/usr/bin/gcc -O2 -w -ansi -D_POSIX_SOURCE -D__NBISLE__  -D__NBIS_OPENJP2__ -D__NBIS_PNG__ -m64 -fPIC -fcommon -I/home/ptkkhiem/Rel_5.0.0/commonnbis/include -I/home/ptkkhiem/Rel_5.0.0/exports/include -c -o /home/ptkkhiem/Rel_5.0.0/commonnbis/obj/src/lib/util/bubble.o bubble.c
/usr/bin/gcc -O2 -w -ansi -D_POSIX_SOURCE -D__NBISLE__  -D__NBIS_OPENJP2__ -D__NBIS_PNG__ -m64 -fPIC -fcommon -I/home/ptkkhiem/Rel_5.0.0/commonnbis/include -I/home/ptkkhiem/Rel_5.0.0/exports/include -c -o /home/ptkkhiem/Rel_5.0.0/commonnbis/obj/src/lib/util/computil.o computil.c
/usr/bin/gcc -O2 -w -ansi -D_POSIX_SOURCE -D__NBISLE__  -D__NBIS_OPENJP2__ -D__NBIS_PNG__ -m64 -fPIC -fcommon -I/home/ptkkhiem/Rel_5.0.0/commonnbis/include -I/home/ptkkhiem/Rel_5.0.0/exports/include -c -o /home/ptkkhiem/Rel_5.0.0/commonnbis/obj/src/lib/util/fatalerr.o fatalerr.c
/usr/bin/gcc -O2 -w -ansi -D_POSIX_SOURCE -D__NBISLE__  -D__NBIS_OPENJP2__ -D__NBIS_PNG__ -m64 -fPIC -fcommon -I/home/ptkkhiem/Rel_5.0.0/commonnbis/include -I/home/ptkkhiem/Rel_5.0.0/exports/include -c -o /home/ptkkhiem/Rel_5.0.0/commonnbis/obj/src/lib/util/invbyte.o invbyte.c
/usr/bin/gcc -O2 -w -ansi -D_POSIX_SOURCE -D__NBISLE__  -D__NBIS_OPENJP2__ -D__NBIS_PNG__ -m64 -fPIC -fcommon -I/home/ptkkhiem/Rel_5.0.0/commonnbis/include -I/home/ptkkhiem/Rel_5.0.0/exports/include -c -o /home/ptkkhiem/Rel_5.0.0/commonnbis/obj/src/lib/util/invbytes.o invbytes.c
/usr/bin/gcc -O2 -w -ansi -D_POSIX_SOURCE -D__NBISLE__  -D__NBIS_OPENJP2__ -D__NBIS_PNG__ -m64 -fPIC -fcommon -I/home/ptkkhiem/Rel_5.0.0/commonnbis/include -I/home/ptkkhiem/Rel_5.0.0/exports/include -c -o /home/ptkkhiem/Rel_5.0.0/commonnbis/obj/src/lib/util/memalloc.o memalloc.c
/usr/bin/gcc -O2 -w -ansi -D_POSIX_SOURCE -D__NBISLE__  -D__NBIS_OPENJP2__ -D__NBIS_PNG__ -m64 -fPIC -fcommon -I/home/ptkkhiem/Rel_5.0.0/commonnbis/include -I/home/ptkkhiem/Rel_5.0.0/exports/include -c -o /home/ptkkhiem/Rel_5.0.0/commonnbis/obj/src/lib/util/ssxstats.o ssxstats.c
/usr/bin/gcc -O2 -w -ansi -D_POSIX_SOURCE -D__NBISLE__  -D__NBIS_OPENJP2__ -D__NBIS_PNG__ -m64 -fPIC -fcommon -I/home/ptkkhiem/Rel_5.0.0/commonnbis/include -I/home/ptkkhiem/Rel_5.0.0/exports/include -c -o /home/ptkkhiem/Rel_5.0.0/commonnbis/obj/src/lib/util/syserr.o syserr.c
/usr/bin/gcc -O2 -w -ansi -D_POSIX_SOURCE -D__NBISLE__  -D__NBIS_OPENJP2__ -D__NBIS_PNG__ -m64 -fPIC -fcommon -I/home/ptkkhiem/Rel_5.0.0/commonnbis/include -I/home/ptkkhiem/Rel_5.0.0/exports/include -c -o /home/ptkkhiem/Rel_5.0.0/commonnbis/obj/src/lib/util/time.o time.c
/usr/bin/gcc -O2 -w -ansi -D_POSIX_SOURCE -D__NBISLE__  -D__NBIS_OPENJP2__ -D__NBIS_PNG__ -m64 -fPIC -fcommon -I/home/ptkkhiem/Rel_5.0.0/commonnbis/include -I/home/ptkkhiem/Rel_5.0.0/exports/include -c -o /home/ptkkhiem/Rel_5.0.0/commonnbis/obj/src/lib/util/ticks.o ticks.c
ar ru /home/ptkkhiem/Rel_5.0.0/commonnbis/lib/libutil.a /home/ptkkhiem/Rel_5.0.0/commonnbis/obj/src/lib/util/bres.o /home/ptkkhiem/Rel_5.0.0/commonnbis/obj/src/lib/util/bubble.o /home/ptkkhiem/Rel_5.0.0/commonnbis/obj/src/lib/util/computil.o /home/ptkkhiem/Rel_5.0.0/commonnbis/obj/src/lib/util/fatalerr.o /home/ptkkhiem/Rel_5.0.0/commonnbis/obj/src/lib/util/invbyte.o /home/ptkkhiem/Rel_5.0.0/commonnbis/obj/src/lib/util/invbytes.o /home/ptkkhiem/Rel_5.0.0/commonnbis/obj/src/lib/util/memalloc.o /home/ptkkhiem/Rel_5.0.0/commonnbis/obj/src/lib/util/ssxstats.o /home/ptkkhiem/Rel_5.0.0/commonnbis/obj/src/lib/util/syserr.o /home/ptkkhiem/Rel_5.0.0/commonnbis/obj/src/lib/util/time.o /home/ptkkhiem/Rel_5.0.0/commonnbis/obj/src/lib/util/ticks.o
ar: `u' modifier ignored since `D' is the default (see `U')
ar: creating /home/ptkkhiem/Rel_5.0.0/commonnbis/lib/libutil.a
/usr/bin/cp /home/ptkkhiem/Rel_5.0.0/commonnbis/lib/libutil.a /home/ptkkhiem/Rel_5.0.0/exports/lib
make[4]: Leaving directory '/home/ptkkhiem/Rel_5.0.0/commonnbis/src/lib/util'
End: Compiling util library.
make[3]: Leaving directory '/home/ptkkhiem/Rel_5.0.0/commonnbis/src/lib'
make[2]: Leaving directory '/home/ptkkhiem/Rel_5.0.0/commonnbis/src'
End: Compiling commonnbis libraries.
make[1]: Leaving directory '/home/ptkkhiem/Rel_5.0.0/commonnbis'
make[1]: Entering directory '/home/ptkkhiem/Rel_5.0.0/an2k'
Start: Copying an2k's header files to "/home/ptkkhiem/Rel_5.0.0/exports/include"....
/usr/bin/cp -Rpf /home/ptkkhiem/Rel_5.0.0/an2k/include/* /home/ptkkhiem/Rel_5.0.0/exports/include
End: Copying an2k's header files to "/home/ptkkhiem/Rel_5.0.0/exports/include".
Start: Compiling an2k's libraries....
make[2]: Entering directory '/home/ptkkhiem/Rel_5.0.0/an2k/src'
make[3]: Entering directory '/home/ptkkhiem/Rel_5.0.0/an2k/src/lib'
Start: Compiling an2k library....
make[4]: Entering directory '/home/ptkkhiem/Rel_5.0.0/an2k/src/lib/an2k'
/usr/bin/gcc -O2 -w -ansi -D_POSIX_SOURCE -D__NBISLE__  -D__NBIS_OPENJP2__ -D__NBIS_PNG__ -m64 -fPIC -fcommon -I/home/ptkkhiem/Rel_5.0.0/an2k/include -I/home/ptkkhiem/Rel_5.0.0/exports/include -c -o /home/ptkkhiem/Rel_5.0.0/an2k/obj/src/lib/an2k/alloc.o alloc.c
/usr/bin/gcc -O2 -w -ansi -D_POSIX_SOURCE -D__NBISLE__  -D__NBIS_OPENJP2__ -D__NBIS_PNG__ -m64 -fPIC -fcommon -I/home/ptkkhiem/Rel_5.0.0/an2k/include -I/home/ptkkhiem/Rel_5.0.0/exports/include -c -o /home/ptkkhiem/Rel_5.0.0/an2k/obj/src/lib/an2k/append.o append.c
/usr/bin/gcc -O2 -w -ansi -D_POSIX_SOURCE -D__NBISLE__  -D__NBIS_OPENJP2__ -D__NBIS_PNG__ -m64 -fPIC -fcommon -I/home/ptkkhiem/Rel_5.0.0/an2k/include -I/home/ptkkhiem/Rel_5.0.0/exports/include -c -o /home/ptkkhiem/Rel_5.0.0/an2k/obj/src/lib/an2k/copy.o copy.c
/usr/bin/gcc -O2 -w -ansi -D_POSIX_SOURCE -D__NBISLE__  -D__NBIS_OPENJP2__ -D__NBIS_PNG__ -m64 -fPIC -fcommon -I/home/ptkkhiem/Rel_5.0.0/an2k/include -I/home/ptkkhiem/Rel_5.0.0/exports/include -c -o /home/ptkkhiem/Rel_5.0.0/an2k/obj/src/lib/an2k/date.o date.c
/usr/bin/gcc -O2 -w -ansi -D_POSIX_SOURCE -D__NBISLE__  -D__NBIS_OPENJP2__ -D__NBIS_PNG__ -m64 -fPIC -fcommon -I/home/ptkkhiem/Rel_5.0.0/an2k/include -I/home/ptkkhiem/Rel_5.0.0/exports/include -c -o /home/ptkkhiem/Rel_5.0.0/an2k/obj/src/lib/an2k/decode.o decode.c
/usr/bin/gcc -O2 -w -ansi -D_POSIX_SOURCE -D__NBISLE__  -D__NBIS_OPENJP2__ -D__NBIS_PNG__ -m64 -fPIC -fcommon -I/home/ptkkhiem/Rel_5.0.0/an2k/include -I/home/ptkkhiem/Rel_5.0.0/exports/include -c -o /home/ptkkhiem/Rel_5.0.0/an2k/obj/src/lib/an2k/delete.o delete.c
/usr/bin/gcc -O2 -w -ansi -D_POSIX_SOURCE -D__NBISLE__  -D__NBIS_OPENJP2__ -D__NBIS_PNG__ -m64 -fPIC -fcommon -I/home/ptkkhiem/Rel_5.0.0/an2k/include -I/home/ptkkhiem/Rel_5.0.0/exports/include -c -o /home/ptkkhiem/Rel_5.0.0/an2k/obj/src/lib/an2k/flip.o flip.c
/usr/bin/gcc -O2 -w -ansi -D_POSIX_SOURCE -D__NBISLE__  -D__NBIS_OPENJP2__ -D__NBIS_PNG__ -m64 -fPIC -fcommon -I/home/ptkkhiem/Rel_5.0.0/an2k/include -I/home/ptkkhiem/Rel_5.0.0/exports/include -c -o /home/ptkkhiem/Rel_5.0.0/an2k/obj/src/lib/an2k/fmtstd.o fmtstd.c
/usr/bin/gcc -O2 -w -ansi -D_POSIX_SOURCE -D__NBISLE__  -D__NBIS_OPENJP2__ -D__NBIS_PNG__ -m64 -fPIC -fcommon -I/home/ptkkhiem/Rel_5.0.0/an2k/include -I/home/ptkkhiem/Rel_5.0.0/exports/include -c -o /home/ptkkhiem/Rel_5.0.0/an2k/obj/src/lib/an2k/fmttext.o fmttext.c
/usr/bin/gcc -O2 -w -ansi -D_POSIX_SOURCE -D__NBISLE__  -D__NBIS_OPENJP2__ -D__NBIS_PNG__ -m64 -fPIC -fcommon -I/home/ptkkhiem/Rel_5.0.0/an2k/include -I/home/ptkkhiem/Rel_5.0.0/exports/include -c -o /home/ptkkhiem/Rel_5.0.0/an2k/obj/src/lib/an2k/getimg.o getimg.c
/usr/bin/gcc -O2 -w -ansi -D_POSIX_SOURCE -D__NBISLE__  -D__NBIS_OPENJP2__ -D__NBIS_PNG__ -m64 -fPIC -fcommon -I/home/ptkkhiem/Rel_5.0.0/an2k/include -I/home/ptkkhiem/Rel_5.0.0/exports/include -c -o /home/ptkkhiem/Rel_5.0.0/an2k/obj/src/lib/an2k/globals.o globals.c
/usr/bin/gcc -O2 -w -ansi -D_POSIX_SOURCE -D__NBISLE__  -D__NBIS_OPENJP2__ -D__NBIS_PNG__ -m64 -fPIC -fcommon -I/home/ptkkhiem/Rel_5.0.0/an2k/include -I/home/ptkkhiem/Rel_5.0.0/exports/include -c -o /home/ptkkhiem/Rel_5.0.0/an2k/obj/src/lib/an2k/insert.o insert.c
/usr/bin/gcc -O2 -w -ansi -D_POSIX_SOURCE -D__NBISLE__  -D__NBIS_OPENJP2__ -D__NBIS_PNG__ -m64 -fPIC -fcommon -I/home/ptkkhiem/Rel_5.0.0/an2k/include -I/home/ptkkhiem/Rel_5.0.0/exports/include -c -o /home/ptkkhiem/Rel_5.0.0/an2k/obj/src/lib/an2k/is_an2k.o is_an2k.c
/usr/bin/gcc -O2 -w -ansi -D_POSIX_SOURCE -D__NBISLE__  -D__NBIS_OPENJP2__ -D__NBIS_PNG__ -m64 -fPIC -fcommon -I/home/ptkkhiem/Rel_5.0.0/an2k/include -I/home/ptkkhiem/Rel_5.0.0/exports/include -c -o /home/ptkkhiem/Rel_5.0.0/an2k/obj/src/lib/an2k/lookup.o lookup.c
/usr/bin/gcc -O2 -w -ansi -D_POSIX_SOURCE -D__NBISLE__  -D__NBIS_OPENJP2__ -D__NBIS_PNG__ -m64 -fPIC -fcommon -I/home/ptkkhiem/Rel_5.0.0/an2k/include -I/home/ptkkhiem/Rel_5.0.0/exports/include -c -o /home/ptkkhiem/Rel_5.0.0/an2k/obj/src/lib/an2k/print.o print.c
/usr/bin/gcc -O2 -w -ansi -D_POSIX_SOURCE -D__NBISLE__  -D__NBIS_OPENJP2__ -D__NBIS_PNG__ -m64 -fPIC -fcommon -I/home/ptkkhiem/Rel_5.0.0/an2k/include -I/home/ptkkhiem/Rel_5.0.0/exports/include -c -o /home/ptkkhiem/Rel_5.0.0/an2k/obj/src/lib/an2k/read.o read.c
/usr/bin/gcc -O2 -w -ansi -D_POSIX_SOURCE -D__NBISLE__  -D__NBIS_OPENJP2__ -D__NBIS_PNG__ -m64 -fPIC -fcommon -I/home/ptkkhiem/Rel_5.0.0/an2k/include -I/home/ptkkhiem/Rel_5.0.0/exports/include -c -o /home/ptkkhiem/Rel_5.0.0/an2k/obj/src/lib/an2k/select.o select.c
/usr/bin/gcc -O2 -w -ansi -D_POSIX_SOURCE -D__NBISLE__  -D__NBIS_OPENJP2__ -D__NBIS_PNG__ -m64 -fPIC -fcommon -I/home/ptkkhiem/Rel_5.0.0/an2k/include -I/home/ptkkhiem/Rel_5.0.0/exports/include -c -o /home/ptkkhiem/Rel_5.0.0/an2k/obj/src/lib/an2k/size.o size.c
/usr/bin/gcc -O2 -w -ansi -D_POSIX_SOURCE -D__NBISLE__  -D__NBIS_OPENJP2__ -D__NBIS_PNG__ -m64 -fPIC -fcommon -I/home/ptkkhiem/Rel_5.0.0/an2k/include -I/home/ptkkhiem/Rel_5.0.0/exports/include -c -o /home/ptkkhiem/Rel_5.0.0/an2k/obj/src/lib/an2k/subst.o subst.c
/usr/bin/gcc -O2 -w -ansi -D_POSIX_SOURCE -D__NBISLE__  -D__NBIS_OPENJP2__ -D__NBIS_PNG__ -m64 -fPIC -fcommon -I/home/ptkkhiem/Rel_5.0.0/an2k/include -I/home/ptkkhiem/Rel_5.0.0/exports/include -c -o /home/ptkkhiem/Rel_5.0.0/an2k/obj/src/lib/an2k/to_iafis.o to_iafis.c
/usr/bin/gcc -O2 -w -ansi -D_POSIX_SOURCE -D__NBISLE__  -D__NBIS_OPENJP2__ -D__NBIS_PNG__ -m64 -fPIC -fcommon -I/home/ptkkhiem/Rel_5.0.0/an2k/include -I/home/ptkkhiem/Rel_5.0.0/exports/include -c -o /home/ptkkhiem/Rel_5.0.0/an2k/obj/src/lib/an2k/to_nist.o to_nist.c
/usr/bin/gcc -O2 -w -ansi -D_POSIX_SOURCE -D__NBISLE__  -D__NBIS_OPENJP2__ -D__NBIS_PNG__ -m64 -fPIC -fcommon -I/home/ptkkhiem/Rel_5.0.0/an2k/include -I/home/ptkkhiem/Rel_5.0.0/exports/include -c -o /home/ptkkhiem/Rel_5.0.0/an2k/obj/src/lib/an2k/type.o type.c
/usr/bin/gcc -O2 -w -ansi -D_POSIX_SOURCE -D__NBISLE__  -D__NBIS_OPENJP2__ -D__NBIS_PNG__ -m64 -fPIC -fcommon -I/home/ptkkhiem/Rel_5.0.0/an2k/include -I/home/ptkkhiem/Rel_5.0.0/exports/include -c -o /home/ptkkhiem/Rel_5.0.0/an2k/obj/src/lib/an2k/type1314.o type1314.c
/usr/bin/gcc -O2 -w -ansi -D_POSIX_SOURCE -D__NBISLE__  -D__NBIS_OPENJP2__ -D__NBIS_PNG__ -m64 -fPIC -fcommon -I/home/ptkkhiem/Rel_5.0.0/an2k/include -I/home/ptkkhiem/Rel_5.0.0/exports/include -c -o /home/ptkkhiem/Rel_5.0.0/an2k/obj/src/lib/an2k/update.o update.c
/usr/bin/gcc -O2 -w -ansi -D_POSIX_SOURCE -D__NBISLE__  -D__NBIS_OPENJP2__ -D__NBIS_PNG__ -m64 -fPIC -fcommon -I/home/ptkkhiem/Rel_5.0.0/an2k/include -I/home/ptkkhiem/Rel_5.0.0/exports/include -c -o /home/ptkkhiem/Rel_5.0.0/an2k/obj/src/lib/an2k/util.o util.c
/usr/bin/gcc -O2 -w -ansi -D_POSIX_SOURCE -D__NBISLE__  -D__NBIS_OPENJP2__ -D__NBIS_PNG__ -m64 -fPIC -fcommon -I/home/ptkkhiem/Rel_5.0.0/an2k/include -I/home/ptkkhiem/Rel_5.0.0/exports/include -c -o /home/ptkkhiem/Rel_5.0.0/an2k/obj/src/lib/an2k/value2.o value2.c
/usr/bin/gcc -O2 -w -ansi -D_POSIX_SOURCE -D__NBISLE__  -D__NBIS_OPENJP2__ -D__NBIS_PNG__ -m64 -fPIC -fcommon -I/home/ptkkhiem/Rel_5.0.0/an2k/include -I/home/ptkkhiem/Rel_5.0.0/exports/include -c -o /home/ptkkhiem/Rel_5.0.0/an2k/obj/src/lib/an2k/seg.o seg.c
/usr/bin/gcc -O2 -w -ansi -D_POSIX_SOURCE -D__NBISLE__  -D__NBIS_OPENJP2__ -D__NBIS_PNG__ -m64 -fPIC -fcommon -I/home/ptkkhiem/Rel_5.0.0/an2k/include -I/home/ptkkhiem/Rel_5.0.0/exports/include -c -o /home/ptkkhiem/Rel_5.0.0/an2k/obj/src/lib/an2k/dec_jpeg2k.o dec_jpeg2k.c
/usr/bin/gcc -O2 -w -ansi -D_POSIX_SOURCE -D__NBISLE__  -D__NBIS_OPENJP2__ -D__NBIS_PNG__ -m64 -fPIC -fcommon -I/home/ptkkhiem/Rel_5.0.0/an2k/include -I/home/ptkkhiem/Rel_5.0.0/exports/include -c -o /home/ptkkhiem/Rel_5.0.0/an2k/obj/src/lib/an2k/dec_png.o dec_png.c
ar ru /home/ptkkhiem/Rel_5.0.0/an2k/lib/liban2k.a /home/ptkkhiem/Rel_5.0.0/an2k/obj/src/lib/an2k/alloc.o /home/ptkkhiem/Rel_5.0.0/an2k/obj/src/lib/an2k/append.o /home/ptkkhiem/Rel_5.0.0/an2k/obj/src/lib/an2k/copy.o /home/ptkkhiem/Rel_5.0.0/an2k/obj/src/lib/an2k/date.o /home/ptkkhiem/Rel_5.0.0/an2k/obj/src/lib/an2k/decode.o /home/ptkkhiem/Rel_5.0.0/an2k/obj/src/lib/an2k/delete.o /home/ptkkhiem/Rel_5.0.0/an2k/obj/src/lib/an2k/flip.o /home/ptkkhiem/Rel_5.0.0/an2k/obj/src/lib/an2k/fmtstd.o /home/ptkkhiem/Rel_5.0.0/an2k/obj/src/lib/an2k/fmttext.o /home/ptkkhiem/Rel_5.0.0/an2k/obj/src/lib/an2k/getimg.o /home/ptkkhiem/Rel_5.0.0/an2k/obj/src/lib/an2k/globals.o /home/ptkkhiem/Rel_5.0.0/an2k/obj/src/lib/an2k/insert.o /home/ptkkhiem/Rel_5.0.0/an2k/obj/src/lib/an2k/is_an2k.o /home/ptkkhiem/Rel_5.0.0/an2k/obj/src/lib/an2k/lookup.o /home/ptkkhiem/Rel_5.0.0/an2k/obj/src/lib/an2k/print.o /home/ptkkhiem/Rel_5.0.0/an2k/obj/src/lib/an2k/read.o /home/ptkkhiem/Rel_5.0.0/an2k/obj/src/lib/an2k/select.o /home/ptkkhiem/Rel_5.0.0/an2k/obj/src/lib/an2k/size.o /home/ptkkhiem/Rel_5.0.0/an2k/obj/src/lib/an2k/subst.o /home/ptkkhiem/Rel_5.0.0/an2k/obj/src/lib/an2k/to_iafis.o /home/ptkkhiem/Rel_5.0.0/an2k/obj/src/lib/an2k/to_nist.o /home/ptkkhiem/Rel_5.0.0/an2k/obj/src/lib/an2k/type.o /home/ptkkhiem/Rel_5.0.0/an2k/obj/src/lib/an2k/type1314.o /home/ptkkhiem/Rel_5.0.0/an2k/obj/src/lib/an2k/update.o /home/ptkkhiem/Rel_5.0.0/an2k/obj/src/lib/an2k/util.o /home/ptkkhiem/Rel_5.0.0/an2k/obj/src/lib/an2k/value2.o /home/ptkkhiem/Rel_5.0.0/an2k/obj/src/lib/an2k/seg.o /home/ptkkhiem/Rel_5.0.0/an2k/obj/src/lib/an2k/dec_jpeg2k.o /home/ptkkhiem/Rel_5.0.0/an2k/obj/src/lib/an2k/dec_png.o
ar: `u' modifier ignored since `D' is the default (see `U')
ar: creating /home/ptkkhiem/Rel_5.0.0/an2k/lib/liban2k.a
/usr/bin/cp /home/ptkkhiem/Rel_5.0.0/an2k/lib/liban2k.a /home/ptkkhiem/Rel_5.0.0/exports/lib
make[4]: Leaving directory '/home/ptkkhiem/Rel_5.0.0/an2k/src/lib/an2k'
End: Compiling an2k library.
make[3]: Leaving directory '/home/ptkkhiem/Rel_5.0.0/an2k/src/lib'
make[2]: Leaving directory '/home/ptkkhiem/Rel_5.0.0/an2k/src'
End: Compiling an2k libraries.
make[1]: Leaving directory '/home/ptkkhiem/Rel_5.0.0/an2k'
make[1]: Entering directory '/home/ptkkhiem/Rel_5.0.0/bozorth3'
Start: Copying bozorth3's header files to "/home/ptkkhiem/Rel_5.0.0/exports/include"....
/usr/bin/cp -Rpf /home/ptkkhiem/Rel_5.0.0/bozorth3/include/* /home/ptkkhiem/Rel_5.0.0/exports/include
End: Copying bozorth3's header files to "/home/ptkkhiem/Rel_5.0.0/exports/include".
Start: Compiling bozorth3's libraries....
make[2]: Entering directory '/home/ptkkhiem/Rel_5.0.0/bozorth3/src'
make[3]: Entering directory '/home/ptkkhiem/Rel_5.0.0/bozorth3/src/lib'
Start: Compiling bozorth3 library....
make[4]: Entering directory '/home/ptkkhiem/Rel_5.0.0/bozorth3/src/lib/bozorth3'
/usr/bin/gcc -O2 -w -ansi -D_POSIX_SOURCE -D__NBISLE__  -D__NBIS_OPENJP2__ -D__NBIS_PNG__ -m64 -fPIC -fcommon -I/home/ptkkhiem/Rel_5.0.0/bozorth3/include -I/home/ptkkhiem/Rel_5.0.0/exports/include -c -o /home/ptkkhiem/Rel_5.0.0/bozorth3/obj/src/lib/bozorth3/bozorth3.o bozorth3.c
/usr/bin/gcc -O2 -w -ansi -D_POSIX_SOURCE -D__NBISLE__  -D__NBIS_OPENJP2__ -D__NBIS_PNG__ -m64 -fPIC -fcommon -I/home/ptkkhiem/Rel_5.0.0/bozorth3/include -I/home/ptkkhiem/Rel_5.0.0/exports/include -c -o /home/ptkkhiem/Rel_5.0.0/bozorth3/obj/src/lib/bozorth3/bz_alloc.o bz_alloc.c
/usr/bin/gcc -O2 -w -ansi -D_POSIX_SOURCE -D__NBISLE__  -D__NBIS_OPENJP2__ -D__NBIS_PNG__ -m64 -fPIC -fcommon -I/home/ptkkhiem/Rel_5.0.0/bozorth3/include -I/home/ptkkhiem/Rel_5.0.0/exports/include -c -o /home/ptkkhiem/Rel_5.0.0/bozorth3/obj/src/lib/bozorth3/bz_drvrs.o bz_drvrs.c
/usr/bin/gcc -O2 -w -ansi -D_POSIX_SOURCE -D__NBISLE__  -D__NBIS_OPENJP2__ -D__NBIS_PNG__ -m64 -fPIC -fcommon -I/home/ptkkhiem/Rel_5.0.0/bozorth3/include -I/home/ptkkhiem/Rel_5.0.0/exports/include -c -o /home/ptkkhiem/Rel_5.0.0/bozorth3/obj/src/lib/bozorth3/bz_gbls.o bz_gbls.c
/usr/bin/gcc -O2 -w -ansi -D_POSIX_SOURCE -D__NBISLE__  -D__NBIS_OPENJP2__ -D__NBIS_PNG__ -m64 -fPIC -fcommon -I/home/ptkkhiem/Rel_5.0.0/bozorth3/include -I/home/ptkkhiem/Rel_5.0.0/exports/include -c -o /home/ptkkhiem/Rel_5.0.0/bozorth3/obj/src/lib/bozorth3/bz_io.o bz_io.c
/usr/bin/gcc -O2 -w -ansi -D_POSIX_SOURCE -D__NBISLE__  -D__NBIS_OPENJP2__ -D__NBIS_PNG__ -m64 -fPIC -fcommon -I/home/ptkkhiem/Rel_5.0.0/bozorth3/include -I/home/ptkkhiem/Rel_5.0.0/exports/include -c -o /home/ptkkhiem/Rel_5.0.0/bozorth3/obj/src/lib/bozorth3/bz_sort.o bz_sort.c
ar ru /home/ptkkhiem/Rel_5.0.0/bozorth3/lib/libbozorth3.a /home/ptkkhiem/Rel_5.0.0/bozorth3/obj/src/lib/bozorth3/bozorth3.o /home/ptkkhiem/Rel_5.0.0/bozorth3/obj/src/lib/bozorth3/bz_alloc.o /home/ptkkhiem/Rel_5.0.0/bozorth3/obj/src/lib/bozorth3/bz_drvrs.o /home/ptkkhiem/Rel_5.0.0/bozorth3/obj/src/lib/bozorth3/bz_gbls.o /home/ptkkhiem/Rel_5.0.0/bozorth3/obj/src/lib/bozorth3/bz_io.o /home/ptkkhiem/Rel_5.0.0/bozorth3/obj/src/lib/bozorth3/bz_sort.o
ar: `u' modifier ignored since `D' is the default (see `U')
ar: creating /home/ptkkhiem/Rel_5.0.0/bozorth3/lib/libbozorth3.a
/usr/bin/cp /home/ptkkhiem/Rel_5.0.0/bozorth3/lib/libbozorth3.a /home/ptkkhiem/Rel_5.0.0/exports/lib
make[4]: Leaving directory '/home/ptkkhiem/Rel_5.0.0/bozorth3/src/lib/bozorth3'
End: Compiling bozorth3 library.
make[3]: Leaving directory '/home/ptkkhiem/Rel_5.0.0/bozorth3/src/lib'
make[2]: Leaving directory '/home/ptkkhiem/Rel_5.0.0/bozorth3/src'
End: Compiling bozorth3 libraries.
make[1]: Leaving directory '/home/ptkkhiem/Rel_5.0.0/bozorth3'
make[1]: Entering directory '/home/ptkkhiem/Rel_5.0.0/imgtools'
Start: Copying imgtools's header files to "/home/ptkkhiem/Rel_5.0.0/exports/include"....
/usr/bin/cp -Rpf /home/ptkkhiem/Rel_5.0.0/imgtools/include/* /home/ptkkhiem/Rel_5.0.0/exports/include
End: Copying imgtools's header files to "/home/ptkkhiem/Rel_5.0.0/exports/include".
Start: Compiling imgtools's libraries....
make[2]: Entering directory '/home/ptkkhiem/Rel_5.0.0/imgtools/src'
make[3]: Entering directory '/home/ptkkhiem/Rel_5.0.0/imgtools/src/lib'
Start: Compiling ihead library....
make[4]: Entering directory '/home/ptkkhiem/Rel_5.0.0/imgtools/src/lib/ihead'
/usr/bin/gcc -O2 -w -ansi -D_POSIX_SOURCE -D__NBISLE__  -D__NBIS_OPENJP2__ -D__NBIS_PNG__ -m64 -fPIC -fcommon -I/home/ptkkhiem/Rel_5.0.0/imgtools/include -I/home/ptkkhiem/Rel_5.0.0/exports/include -c -o /home/ptkkhiem/Rel_5.0.0/imgtools/obj/src/lib/ihead/getnset.o getnset.c
/usr/bin/gcc -O2 -w -ansi -D_POSIX_SOURCE -D__NBISLE__  -D__NBIS_OPENJP2__ -D__NBIS_PNG__ -m64 -fPIC -fcommon -I/home/ptkkhiem/Rel_5.0.0/imgtools/include -I/home/ptkkhiem/Rel_5.0.0/exports/include -c -o /home/ptkkhiem/Rel_5.0.0/imgtools/obj/src/lib/ihead/getcomp.o getcomp.c
/usr/bin/gcc -O2 -w -ansi -D_POSIX_SOURCE -D__NBISLE__  -D__NBIS_OPENJP2__ -D__NBIS_PNG__ -m64 -fPIC -fcommon -I/home/ptkkhiem/Rel_5.0.0/imgtools/include -I/home/ptkkhiem/Rel_5.0.0/exports/include -c -o /home/ptkkhiem/Rel_5.0.0/imgtools/obj/src/lib/ihead/nullihdr.o nullihdr.c
/usr/bin/gcc -O2 -w -ansi -D_POSIX_SOURCE -D__NBISLE__  -D__NBIS_OPENJP2__ -D__NBIS_PNG__ -m64 -fPIC -fcommon -I/home/ptkkhiem/Rel_5.0.0/imgtools/include -I/home/ptkkhiem/Rel_5.0.0/exports/include -c -o /home/ptkkhiem/Rel_5.0.0/imgtools/obj/src/lib/ihead/parsihdr.o parsihdr.c
/usr/bin/gcc -O2 -w -ansi -D_POSIX_SOURCE -D__NBISLE__  -D__NBIS_OPENJP2__ -D__NBIS_PNG__ -m64 -fPIC -fcommon -I/home/ptkkhiem/Rel_5.0.0/imgtools/include -I/home/ptkkhiem/Rel_5.0.0/exports/include -c -o /home/ptkkhiem/Rel_5.0.0/imgtools/obj/src/lib/ihead/prntihdr.o prntihdr.c
/usr/bin/gcc -O2 -w -ansi -D_POSIX_SOURCE -D__NBISLE__  -D__NBIS_OPENJP2__ -D__NBIS_PNG__ -m64 -fPIC -fcommon -I/home/ptkkhiem/Rel_5.0.0/imgtools/include -I/home/ptkkhiem/Rel_5.0.0/exports/include -c -o /home/ptkkhiem/Rel_5.0.0/imgtools/obj/src/lib/ihead/readihdr.o readihdr.c
/usr/bin/gcc -O2 -w -ansi -D_POSIX_SOURCE -D__NBISLE__  -D__NBIS_OPENJP2__ -D__NBIS_PNG__ -m64 -fPIC -fcommon -I/home/ptkkhiem/Rel_5.0.0/imgtools/include -I/home/ptkkhiem/Rel_5.0.0/exports/include -c -o /home/ptkkhiem/Rel_5.0.0/imgtools/obj/src/lib/ihead/valdcomp.o valdcomp.c
/usr/bin/gcc -O2 -w -ansi -D_POSIX_SOURCE -D__NBISLE__  -D__NBIS_OPENJP2__ -D__NBIS_PNG__ -m64 -fPIC -fcommon -I/home/ptkkhiem/Rel_5.0.0/imgtools/include -I/home/ptkkhiem/Rel_5.0.0/exports/include -c -o /home/ptkkhiem/Rel_5.0.0/imgtools/obj/src/lib/ihead/writihdr.o writihdr.c
ar ru /home/ptkkhiem/Rel_5.0.0/imgtools/lib/libihead.a /home/ptkkhiem/Rel_5.0.0/imgtools/obj/src/lib/ihead/getnset.o /home/ptkkhiem/Rel_5.0.0/imgtools/obj/src/lib/ihead/getcomp.o /home/ptkkhiem/Rel_5.0.0/imgtools/obj/src/lib/ihead/nullihdr.o /home/ptkkhiem/Rel_5.0.0/imgtools/obj/src/lib/ihead/parsihdr.o /home/ptkkhiem/Rel_5.0.0/imgtools/obj/src/lib/ihead/prntihdr.o /home/ptkkhiem/Rel_5.0.0/imgtools/obj/src/lib/ihead/readihdr.o /home/ptkkhiem/Rel_5.0.0/imgtools/obj/src/lib/ihead/valdcomp.o /home/ptkkhiem/Rel_5.0.0/imgtools/obj/src/lib/ihead/writihdr.o
ar: `u' modifier ignored since `D' is the default (see `U')
ar: creating /home/ptkkhiem/Rel_5.0.0/imgtools/lib/libihead.a
/usr/bin/cp /home/ptkkhiem/Rel_5.0.0/imgtools/lib/libihead.a /home/ptkkhiem/Rel_5.0.0/exports/lib
make[4]: Leaving directory '/home/ptkkhiem/Rel_5.0.0/imgtools/src/lib/ihead'
End: Compiling ihead library.
Start: Compiling image library....
make[4]: Entering directory '/home/ptkkhiem/Rel_5.0.0/imgtools/src/lib/image'
/usr/bin/gcc -O2 -w -ansi -D_POSIX_SOURCE -D__NBISLE__  -D__NBIS_OPENJP2__ -D__NBIS_PNG__ -m64 -fPIC -fcommon -I/home/ptkkhiem/Rel_5.0.0/imgtools/include -I/home/ptkkhiem/Rel_5.0.0/exports/include  -c -o /home/ptkkhiem/Rel_5.0.0/imgtools/obj/src/lib/image/bincopy.o bincopy.c
/usr/bin/gcc -O2 -w -ansi -D_POSIX_SOURCE -D__NBISLE__  -D__NBIS_OPENJP2__ -D__NBIS_PNG__ -m64 -fPIC -fcommon -I/home/ptkkhiem/Rel_5.0.0/imgtools/include -I/home/ptkkhiem/Rel_5.0.0/exports/include  -c -o /home/ptkkhiem/Rel_5.0.0/imgtools/obj/src/lib/image/binfill.o binfill.c
/usr/bin/gcc -O2 -w -ansi -D_POSIX_SOURCE -D__NBISLE__  -D__NBIS_OPENJP2__ -D__NBIS_PNG__ -m64 -fPIC -fcommon -I/home/ptkkhiem/Rel_5.0.0/imgtools/include -I/home/ptkkhiem/Rel_5.0.0/exports/include  -c -o /home/ptkkhiem/Rel_5.0.0/imgtools/obj/src/lib/image/binpad.o binpad.c
/usr/bin/gcc -O2 -w -ansi -D_POSIX_SOURCE -D__NBISLE__  -D__NBIS_OPENJP2__ -D__NBIS_PNG__ -m64 -fPIC -fcommon -I/home/ptkkhiem/Rel_5.0.0/imgtools/include -I/home/ptkkhiem/Rel_5.0.0/exports/include  -c -o /home/ptkkhiem/Rel_5.0.0/imgtools/obj/src/lib/image/bitmasks.o bitmasks.c
/usr/bin/gcc -O2 -w -ansi -D_POSIX_SOURCE -D__NBISLE__  -D__NBIS_OPENJP2__ -D__NBIS_PNG__ -m64 -fPIC -fcommon -I/home/ptkkhiem/Rel_5.0.0/imgtools/include -I/home/ptkkhiem/Rel_5.0.0/exports/include  -c -o /home/ptkkhiem/Rel_5.0.0/imgtools/obj/src/lib/image/dilate.o dilate.c
/usr/bin/gcc -O2 -w -ansi -D_POSIX_SOURCE -D__NBISLE__  -D__NBIS_OPENJP2__ -D__NBIS_PNG__ -m64 -fPIC -fcommon -I/home/ptkkhiem/Rel_5.0.0/imgtools/include -I/home/ptkkhiem/Rel_5.0.0/exports/include  -c -o /home/ptkkhiem/Rel_5.0.0/imgtools/obj/src/lib/image/findblob.o findblob.c
/usr/bin/gcc -O2 -w -ansi -D_POSIX_SOURCE -D__NBISLE__  -D__NBIS_OPENJP2__ -D__NBIS_PNG__ -m64 -fPIC -fcommon -I/home/ptkkhiem/Rel_5.0.0/imgtools/include -I/home/ptkkhiem/Rel_5.0.0/exports/include  -c -o /home/ptkkhiem/Rel_5.0.0/imgtools/obj/src/lib/image/grp4comp.o grp4comp.c
/usr/bin/gcc -O2 -w -ansi -D_POSIX_SOURCE -D__NBISLE__  -D__NBIS_OPENJP2__ -D__NBIS_PNG__ -m64 -fPIC -fcommon -I/home/ptkkhiem/Rel_5.0.0/imgtools/include -I/home/ptkkhiem/Rel_5.0.0/exports/include  -c -o /home/ptkkhiem/Rel_5.0.0/imgtools/obj/src/lib/image/grp4deco.o grp4deco.c
/usr/bin/gcc -O2 -w -ansi -D_POSIX_SOURCE -D__NBISLE__  -D__NBIS_OPENJP2__ -D__NBIS_PNG__ -m64 -fPIC -fcommon -I/home/ptkkhiem/Rel_5.0.0/imgtools/include -I/home/ptkkhiem/Rel_5.0.0/exports/include  -c -o /home/ptkkhiem/Rel_5.0.0/imgtools/obj/src/lib/image/imageops.o imageops.c
/usr/bin/gcc -O2 -w -ansi -D_POSIX_SOURCE -D__NBISLE__  -D__NBIS_OPENJP2__ -D__NBIS_PNG__ -m64 -fPIC -fcommon -I/home/ptkkhiem/Rel_5.0.0/imgtools/include -I/home/ptkkhiem/Rel_5.0.0/exports/include  -c -o /home/ptkkhiem/Rel_5.0.0/imgtools/obj/src/lib/image/img_io.o img_io.c
/usr/bin/gcc -O2 -w -ansi -D_POSIX_SOURCE -D__NBISLE__  -D__NBIS_OPENJP2__ -D__NBIS_PNG__ -m64 -fPIC -fcommon -I/home/ptkkhiem/Rel_5.0.0/imgtools/include -I/home/ptkkhiem/Rel_5.0.0/exports/include  -c -o /home/ptkkhiem/Rel_5.0.0/imgtools/obj/src/lib/image/imgavg.o imgavg.c
/usr/bin/gcc -O2 -w -ansi -D_POSIX_SOURCE -D__NBISLE__  -D__NBIS_OPENJP2__ -D__NBIS_PNG__ -m64 -fPIC -fcommon -I/home/ptkkhiem/Rel_5.0.0/imgtools/include -I/home/ptkkhiem/Rel_5.0.0/exports/include  -c -o /home/ptkkhiem/Rel_5.0.0/imgtools/obj/src/lib/image/imgboost.o imgboost.c
/usr/bin/gcc -O2 -w -ansi -D_POSIX_SOURCE -D__NBISLE__  -D__NBIS_OPENJP2__ -D__NBIS_PNG__ -m64 -fPIC -fcommon -I/home/ptkkhiem/Rel_5.0.0/imgtools/include -I/home/ptkkhiem/Rel_5.0.0/exports/include  -c -o /home/ptkkhiem/Rel_5.0.0/imgtools/obj/src/lib/image/imgdecod.o imgdecod.c
/usr/bin/gcc -O2 -w -ansi -D_POSIX_SOURCE -D__NBISLE__  -D__NBIS_OPENJP2__ -D__NBIS_PNG__ -m64 -fPIC -fcommon -I/home/ptkkhiem/Rel_5.0.0/imgtools/include -I/home/ptkkhiem/Rel_5.0.0/exports/include  -c -o /home/ptkkhiem/Rel_5.0.0/imgtools/obj/src/lib/image/imgutil.o imgutil.c
/usr/bin/gcc -O2 -w -ansi -D_POSIX_SOURCE -D__NBISLE__  -D__NBIS_OPENJP2__ -D__NBIS_PNG__ -m64 -fPIC -fcommon -I/home/ptkkhiem/Rel_5.0.0/imgtools/include -I/home/ptkkhiem/Rel_5.0.0/exports/include  -c -o /home/ptkkhiem/Rel_5.0.0/imgtools/obj/src/lib/image/imgsnip.o imgsnip.c
/usr/bin/gcc -O2 -w -ansi -D_POSIX_SOURCE -D__NBISLE__  -D__NBIS_OPENJP2__ -D__NBIS_PNG__ -m64 -fPIC -fcommon -I/home/ptkkhiem/Rel_5.0.0/imgtools/include -I/home/ptkkhiem/Rel_5.0.0/exports/include  -c -o /home/ptkkhiem/Rel_5.0.0/imgtools/obj/src/lib/image/imgtype.o imgtype.c
/usr/bin/gcc -O2 -w -ansi -D_POSIX_SOURCE -D__NBISLE__  -D__NBIS_OPENJP2__ -D__NBIS_PNG__ -m64 -fPIC -fcommon -I/home/ptkkhiem/Rel_5.0.0/imgtools/include -I/home/ptkkhiem/Rel_5.0.0/exports/include  -c -o /home/ptkkhiem/Rel_5.0.0/imgtools/obj/src/lib/image/intrlv.o intrlv.c
/usr/bin/gcc -O2 -w -ansi -D_POSIX_SOURCE -D__NBISLE__  -D__NBIS_OPENJP2__ -D__NBIS_PNG__ -m64 -fPIC -fcommon -I/home/ptkkhiem/Rel_5.0.0/imgtools/include -I/home/ptkkhiem/Rel_5.0.0/exports/include  -c -o /home/ptkkhiem/Rel_5.0.0/imgtools/obj/src/lib/image/masks.o masks.c
/usr/bin/gcc -O2 -w -ansi -D_POSIX_SOURCE -D__NBISLE__  -D__NBIS_OPENJP2__ -D__NBIS_PNG__ -m64 -fPIC -fcommon -I/home/ptkkhiem/Rel_5.0.0/imgtools/include -I/home/ptkkhiem/Rel_5.0.0/exports/include  -c -o /home/ptkkhiem/Rel_5.0.0/imgtools/obj/src/lib/image/parsargs.o parsargs.c
/usr/bin/gcc -O2 -w -ansi -D_POSIX_SOURCE -D__NBISLE__  -D__NBIS_OPENJP2__ -D__NBIS_PNG__ -m64 -fPIC -fcommon -I/home/ptkkhiem/Rel_5.0.0/imgtools/include -I/home/ptkkhiem/Rel_5.0.0/exports/include  -c -o /home/ptkkhiem/Rel_5.0.0/imgtools/obj/src/lib/image/readihdr.o readihdr.c
/usr/bin/gcc -O2 -w -ansi -D_POSIX_SOURCE -D__NBISLE__  -D__NBIS_OPENJP2__ -D__NBIS_PNG__ -m64 -fPIC -fcommon -I/home/ptkkhiem/Rel_5.0.0/imgtools/include -I/home/ptkkhiem/Rel_5.0.0/exports/include  -c -o /home/ptkkhiem/Rel_5.0.0/imgtools/obj/src/lib/image/rgb_ycc.o rgb_ycc.c
/usr/bin/gcc -O2 -w -ansi -D_POSIX_SOURCE -D__NBISLE__  -D__NBIS_OPENJP2__ -D__NBIS_PNG__ -m64 -fPIC -fcommon -I/home/ptkkhiem/Rel_5.0.0/imgtools/include -I/home/ptkkhiem/Rel_5.0.0/exports/include  -c -o /home/ptkkhiem/Rel_5.0.0/imgtools/obj/src/lib/image/rl.o rl.c
/usr/bin/gcc -O2 -w -ansi -D_POSIX_SOURCE -D__NBISLE__  -D__NBIS_OPENJP2__ -D__NBIS_PNG__ -m64 -fPIC -fcommon -I/home/ptkkhiem/Rel_5.0.0/imgtools/include -I/home/ptkkhiem/Rel_5.0.0/exports/include  -c -o /home/ptkkhiem/Rel_5.0.0/imgtools/obj/src/lib/image/sunrast.o sunrast.c
/usr/bin/gcc -O2 -w -ansi -D_POSIX_SOURCE -D__NBISLE__  -D__NBIS_OPENJP2__ -D__NBIS_PNG__ -m64 -fPIC -fcommon -I/home/ptkkhiem/Rel_5.0.0/imgtools/include -I/home/ptkkhiem/Rel_5.0.0/exports/include  -c -o /home/ptkkhiem/Rel_5.0.0/imgtools/obj/src/lib/image/thresh.o thresh.c
/usr/bin/gcc -O2 -w -ansi -D_POSIX_SOURCE -D__NBISLE__  -D__NBIS_OPENJP2__ -D__NBIS_PNG__ -m64 -fPIC -fcommon -I/home/ptkkhiem/Rel_5.0.0/imgtools/include -I/home/ptkkhiem/Rel_5.0.0/exports/include  -c -o /home/ptkkhiem/Rel_5.0.0/imgtools/obj/src/lib/image/writihdr.o writihdr.c
ar ru /home/ptkkhiem/Rel_5.0.0/imgtools/lib/libimage.a /home/ptkkhiem/Rel_5.0.0/imgtools/obj/src/lib/image/bincopy.o /home/ptkkhiem/Rel_5.0.0/imgtools/obj/src/lib/image/binfill.o /home/ptkkhiem/Rel_5.0.0/imgtools/obj/src/lib/image/binpad.o /home/ptkkhiem/Rel_5.0.0/imgtools/obj/src/lib/image/bitmasks.o /home/ptkkhiem/Rel_5.0.0/imgtools/obj/src/lib/image/dilate.o /home/ptkkhiem/Rel_5.0.0/imgtools/obj/src/lib/image/findblob.o /home/ptkkhiem/Rel_5.0.0/imgtools/obj/src/lib/image/grp4comp.o /home/ptkkhiem/Rel_5.0.0/imgtools/obj/src/lib/image/grp4deco.o /home/ptkkhiem/Rel_5.0.0/imgtools/obj/src/lib/image/imageops.o /home/ptkkhiem/Rel_5.0.0/imgtools/obj/src/lib/image/img_io.o /home/ptkkhiem/Rel_5.0.0/imgtools/obj/src/lib/image/imgavg.o /home/ptkkhiem/Rel_5.0.0/imgtools/obj/src/lib/image/imgboost.o /home/ptkkhiem/Rel_5.0.0/imgtools/obj/src/lib/image/imgdecod.o /home/ptkkhiem/Rel_5.0.0/imgtools/obj/src/lib/image/imgutil.o /home/ptkkhiem/Rel_5.0.0/imgtools/obj/src/lib/image/imgsnip.o /home/ptkkhiem/Rel_5.0.0/imgtools/obj/src/lib/image/imgtype.o /home/ptkkhiem/Rel_5.0.0/imgtools/obj/src/lib/image/intrlv.o /home/ptkkhiem/Rel_5.0.0/imgtools/obj/src/lib/image/masks.o /home/ptkkhiem/Rel_5.0.0/imgtools/obj/src/lib/image/parsargs.o /home/ptkkhiem/Rel_5.0.0/imgtools/obj/src/lib/image/readihdr.o /home/ptkkhiem/Rel_5.0.0/imgtools/obj/src/lib/image/rgb_ycc.o /home/ptkkhiem/Rel_5.0.0/imgtools/obj/src/lib/image/rl.o /home/ptkkhiem/Rel_5.0.0/imgtools/obj/src/lib/image/sunrast.o /home/ptkkhiem/Rel_5.0.0/imgtools/obj/src/lib/image/thresh.o /home/ptkkhiem/Rel_5.0.0/imgtools/obj/src/lib/image/writihdr.o
ar: `u' modifier ignored since `D' is the default (see `U')
ar: creating /home/ptkkhiem/Rel_5.0.0/imgtools/lib/libimage.a
/usr/bin/cp /home/ptkkhiem/Rel_5.0.0/imgtools/lib/libimage.a /home/ptkkhiem/Rel_5.0.0/exports/lib
make[4]: Leaving directory '/home/ptkkhiem/Rel_5.0.0/imgtools/src/lib/image'
End: Compiling image library.
Start: Compiling jpegl library....
make[4]: Entering directory '/home/ptkkhiem/Rel_5.0.0/imgtools/src/lib/jpegl'
/usr/bin/gcc -O2 -w -ansi -D_POSIX_SOURCE -D__NBISLE__  -D__NBIS_OPENJP2__ -D__NBIS_PNG__ -m64 -fPIC -fcommon -I/home/ptkkhiem/Rel_5.0.0/imgtools/include -I/home/ptkkhiem/Rel_5.0.0/exports/include -c -o /home/ptkkhiem/Rel_5.0.0/imgtools/obj/src/lib/jpegl/decoder.o decoder.c
/usr/bin/gcc -O2 -w -ansi -D_POSIX_SOURCE -D__NBISLE__  -D__NBIS_OPENJP2__ -D__NBIS_PNG__ -m64 -fPIC -fcommon -I/home/ptkkhiem/Rel_5.0.0/imgtools/include -I/home/ptkkhiem/Rel_5.0.0/exports/include -c -o /home/ptkkhiem/Rel_5.0.0/imgtools/obj/src/lib/jpegl/encoder.o encoder.c
/usr/bin/gcc -O2 -w -ansi -D_POSIX_SOURCE -D__NBISLE__  -D__NBIS_OPENJP2__ -D__NBIS_PNG__ -m64 -fPIC -fcommon -I/home/ptkkhiem/Rel_5.0.0/imgtools/include -I/home/ptkkhiem/Rel_5.0.0/exports/include -c -o /home/ptkkhiem/Rel_5.0.0/imgtools/obj/src/lib/jpegl/huff.o huff.c
/usr/bin/gcc -O2 -w -ansi -D_POSIX_SOURCE -D__NBISLE__  -D__NBIS_OPENJP2__ -D__NBIS_PNG__ -m64 -fPIC -fcommon -I/home/ptkkhiem/Rel_5.0.0/imgtools/include -I/home/ptkkhiem/Rel_5.0.0/exports/include -c -o /home/ptkkhiem/Rel_5.0.0/imgtools/obj/src/lib/jpegl/huftable.o huftable.c
/usr/bin/gcc -O2 -w -ansi -D_POSIX_SOURCE -D__NBISLE__  -D__NBIS_OPENJP2__ -D__NBIS_PNG__ -m64 -fPIC -fcommon -I/home/ptkkhiem/Rel_5.0.0/imgtools/include -I/home/ptkkhiem/Rel_5.0.0/exports/include -c -o /home/ptkkhiem/Rel_5.0.0/imgtools/obj/src/lib/jpegl/imgdat.o imgdat.c
/usr/bin/gcc -O2 -w -ansi -D_POSIX_SOURCE -D__NBISLE__  -D__NBIS_OPENJP2__ -D__NBIS_PNG__ -m64 -fPIC -fcommon -I/home/ptkkhiem/Rel_5.0.0/imgtools/include -I/home/ptkkhiem/Rel_5.0.0/exports/include -c -o /home/ptkkhiem/Rel_5.0.0/imgtools/obj/src/lib/jpegl/ppi.o ppi.c
/usr/bin/gcc -O2 -w -ansi -D_POSIX_SOURCE -D__NBISLE__  -D__NBIS_OPENJP2__ -D__NBIS_PNG__ -m64 -fPIC -fcommon -I/home/ptkkhiem/Rel_5.0.0/imgtools/include -I/home/ptkkhiem/Rel_5.0.0/exports/include -c -o /home/ptkkhiem/Rel_5.0.0/imgtools/obj/src/lib/jpegl/sd4util.o sd4util.c
/usr/bin/gcc -O2 -w -ansi -D_POSIX_SOURCE -D__NBISLE__  -D__NBIS_OPENJP2__ -D__NBIS_PNG__ -m64 -fPIC -fcommon -I/home/ptkkhiem/Rel_5.0.0/imgtools/include -I/home/ptkkhiem/Rel_5.0.0/exports/include -c -o /home/ptkkhiem/Rel_5.0.0/imgtools/obj/src/lib/jpegl/tableio.o tableio.c
/usr/bin/gcc -O2 -w -ansi -D_POSIX_SOURCE -D__NBISLE__  -D__NBIS_OPENJP2__ -D__NBIS_PNG__ -m64 -fPIC -fcommon -I/home/ptkkhiem/Rel_5.0.0/imgtools/include -I/home/ptkkhiem/Rel_5.0.0/exports/include -c -o /home/ptkkhiem/Rel_5.0.0/imgtools/obj/src/lib/jpegl/util.o util.c
ar ru /home/ptkkhiem/Rel_5.0.0/imgtools/lib/libjpegl.a /home/ptkkhiem/Rel_5.0.0/imgtools/obj/src/lib/jpegl/decoder.o /home/ptkkhiem/Rel_5.0.0/imgtools/obj/src/lib/jpegl/encoder.o /home/ptkkhiem/Rel_5.0.0/imgtools/obj/src/lib/jpegl/huff.o /home/ptkkhiem/Rel_5.0.0/imgtools/obj/src/lib/jpegl/huftable.o /home/ptkkhiem/Rel_5.0.0/imgtools/obj/src/lib/jpegl/imgdat.o /home/ptkkhiem/Rel_5.0.0/imgtools/obj/src/lib/jpegl/ppi.o /home/ptkkhiem/Rel_5.0.0/imgtools/obj/src/lib/jpegl/sd4util.o /home/ptkkhiem/Rel_5.0.0/imgtools/obj/src/lib/jpegl/tableio.o /home/ptkkhiem/Rel_5.0.0/imgtools/obj/src/lib/jpegl/util.o
ar: `u' modifier ignored since `D' is the default (see `U')
ar: creating /home/ptkkhiem/Rel_5.0.0/imgtools/lib/libjpegl.a
/usr/bin/cp /home/ptkkhiem/Rel_5.0.0/imgtools/lib/libjpegl.a /home/ptkkhiem/Rel_5.0.0/exports/lib
make[4]: Leaving directory '/home/ptkkhiem/Rel_5.0.0/imgtools/src/lib/jpegl'
End: Compiling jpegl library.
Start: Compiling wsq library....
make[4]: Entering directory '/home/ptkkhiem/Rel_5.0.0/imgtools/src/lib/wsq'
/usr/bin/gcc -O2 -w -ansi -D_POSIX_SOURCE -D__NBISLE__  -D__NBIS_OPENJP2__ -D__NBIS_PNG__ -m64 -fPIC -fcommon -I/home/ptkkhiem/Rel_5.0.0/imgtools/include -I/home/ptkkhiem/Rel_5.0.0/exports/include -c -o /home/ptkkhiem/Rel_5.0.0/imgtools/obj/src/lib/wsq/cropcoeff.o cropcoeff.c
/usr/bin/gcc -O2 -w -ansi -D_POSIX_SOURCE -D__NBISLE__  -D__NBIS_OPENJP2__ -D__NBIS_PNG__ -m64 -fPIC -fcommon -I/home/ptkkhiem/Rel_5.0.0/imgtools/include -I/home/ptkkhiem/Rel_5.0.0/exports/include -c -o /home/ptkkhiem/Rel_5.0.0/imgtools/obj/src/lib/wsq/decoder.o decoder.c
/usr/bin/gcc -O2 -w -ansi -D_POSIX_SOURCE -D__NBISLE__  -D__NBIS_OPENJP2__ -D__NBIS_PNG__ -m64 -fPIC -fcommon -I/home/ptkkhiem/Rel_5.0.0/imgtools/include -I/home/ptkkhiem/Rel_5.0.0/exports/include -c -o /home/ptkkhiem/Rel_5.0.0/imgtools/obj/src/lib/wsq/encoder.o encoder.c
/usr/bin/gcc -O2 -w -ansi -D_POSIX_SOURCE -D__NBISLE__  -D__NBIS_OPENJP2__ -D__NBIS_PNG__ -m64 -fPIC -fcommon -I/home/ptkkhiem/Rel_5.0.0/imgtools/include -I/home/ptkkhiem/Rel_5.0.0/exports/include -c -o /home/ptkkhiem/Rel_5.0.0/imgtools/obj/src/lib/wsq/globals.o globals.c
/usr/bin/gcc -O2 -w -ansi -D_POSIX_SOURCE -D__NBISLE__  -D__NBIS_OPENJP2__ -D__NBIS_PNG__ -m64 -fPIC -fcommon -I/home/ptkkhiem/Rel_5.0.0/imgtools/include -I/home/ptkkhiem/Rel_5.0.0/exports/include -c -o /home/ptkkhiem/Rel_5.0.0/imgtools/obj/src/lib/wsq/huff.o huff.c
/usr/bin/gcc -O2 -w -ansi -D_POSIX_SOURCE -D__NBISLE__  -D__NBIS_OPENJP2__ -D__NBIS_PNG__ -m64 -fPIC -fcommon -I/home/ptkkhiem/Rel_5.0.0/imgtools/include -I/home/ptkkhiem/Rel_5.0.0/exports/include -c -o /home/ptkkhiem/Rel_5.0.0/imgtools/obj/src/lib/wsq/ppi.o ppi.c
/usr/bin/gcc -O2 -w -ansi -D_POSIX_SOURCE -D__NBISLE__  -D__NBIS_OPENJP2__ -D__NBIS_PNG__ -m64 -fPIC -fcommon -I/home/ptkkhiem/Rel_5.0.0/imgtools/include -I/home/ptkkhiem/Rel_5.0.0/exports/include -c -o /home/ptkkhiem/Rel_5.0.0/imgtools/obj/src/lib/wsq/tableio.o tableio.c
/usr/bin/gcc -O2 -w -ansi -D_POSIX_SOURCE -D__NBISLE__  -D__NBIS_OPENJP2__ -D__NBIS_PNG__ -m64 -fPIC -fcommon -I/home/ptkkhiem/Rel_5.0.0/imgtools/include -I/home/ptkkhiem/Rel_5.0.0/exports/include -c -o /home/ptkkhiem/Rel_5.0.0/imgtools/obj/src/lib/wsq/tree.o tree.c
/usr/bin/gcc -O2 -w -ansi -D_POSIX_SOURCE -D__NBISLE__  -D__NBIS_OPENJP2__ -D__NBIS_PNG__ -m64 -fPIC -fcommon -I/home/ptkkhiem/Rel_5.0.0/imgtools/include -I/home/ptkkhiem/Rel_5.0.0/exports/include -c -o /home/ptkkhiem/Rel_5.0.0/imgtools/obj/src/lib/wsq/sd14util.o sd14util.c
/usr/bin/gcc -O2 -w -ansi -D_POSIX_SOURCE -D__NBISLE__  -D__NBIS_OPENJP2__ -D__NBIS_PNG__ -m64 -fPIC -fcommon -I/home/ptkkhiem/Rel_5.0.0/imgtools/include -I/home/ptkkhiem/Rel_5.0.0/exports/include -c -o /home/ptkkhiem/Rel_5.0.0/imgtools/obj/src/lib/wsq/util.o util.c
ar ru /home/ptkkhiem/Rel_5.0.0/imgtools/lib/libwsq.a /home/ptkkhiem/Rel_5.0.0/imgtools/obj/src/lib/wsq/cropcoeff.o /home/ptkkhiem/Rel_5.0.0/imgtools/obj/src/lib/wsq/decoder.o /home/ptkkhiem/Rel_5.0.0/imgtools/obj/src/lib/wsq/encoder.o /home/ptkkhiem/Rel_5.0.0/imgtools/obj/src/lib/wsq/globals.o /home/ptkkhiem/Rel_5.0.0/imgtools/obj/src/lib/wsq/huff.o /home/ptkkhiem/Rel_5.0.0/imgtools/obj/src/lib/wsq/ppi.o /home/ptkkhiem/Rel_5.0.0/imgtools/obj/src/lib/wsq/tableio.o /home/ptkkhiem/Rel_5.0.0/imgtools/obj/src/lib/wsq/tree.o /home/ptkkhiem/Rel_5.0.0/imgtools/obj/src/lib/wsq/sd14util.o /home/ptkkhiem/Rel_5.0.0/imgtools/obj/src/lib/wsq/util.o
ar: `u' modifier ignored since `D' is the default (see `U')
ar: creating /home/ptkkhiem/Rel_5.0.0/imgtools/lib/libwsq.a
/usr/bin/cp /home/ptkkhiem/Rel_5.0.0/imgtools/lib/libwsq.a /home/ptkkhiem/Rel_5.0.0/exports/lib
make[4]: Leaving directory '/home/ptkkhiem/Rel_5.0.0/imgtools/src/lib/wsq'
End: Compiling wsq library.
make[3]: Leaving directory '/home/ptkkhiem/Rel_5.0.0/imgtools/src/lib'
make[2]: Leaving directory '/home/ptkkhiem/Rel_5.0.0/imgtools/src'
End: Compiling imgtools libraries.
make[1]: Leaving directory '/home/ptkkhiem/Rel_5.0.0/imgtools'
make[1]: Entering directory '/home/ptkkhiem/Rel_5.0.0/mindtct'
Start: Copying mindtct's header files to "/home/ptkkhiem/Rel_5.0.0/exports/include"....
/usr/bin/cp -Rpf /home/ptkkhiem/Rel_5.0.0/mindtct/include/* /home/ptkkhiem/Rel_5.0.0/exports/include
End: Copying mindtct's header files to "/home/ptkkhiem/Rel_5.0.0/exports/include".
Start: Compiling mindtct's libraries....
make[2]: Entering directory '/home/ptkkhiem/Rel_5.0.0/mindtct/src'
make[3]: Entering directory '/home/ptkkhiem/Rel_5.0.0/mindtct/src/lib'
Start: Compiling mindtct library....
make[4]: Entering directory '/home/ptkkhiem/Rel_5.0.0/mindtct/src/lib/mindtct'
/usr/bin/gcc -O2 -w -ansi -D_POSIX_SOURCE -D__NBISLE__  -D__NBIS_OPENJP2__ -D__NBIS_PNG__ -m64 -fPIC -fcommon -I/home/ptkkhiem/Rel_5.0.0/mindtct/include -I/home/ptkkhiem/Rel_5.0.0/exports/include -c -o /home/ptkkhiem/Rel_5.0.0/mindtct/obj/src/lib/mindtct/binar.o binar.c
/usr/bin/gcc -O2 -w -ansi -D_POSIX_SOURCE -D__NBISLE__  -D__NBIS_OPENJP2__ -D__NBIS_PNG__ -m64 -fPIC -fcommon -I/home/ptkkhiem/Rel_5.0.0/mindtct/include -I/home/ptkkhiem/Rel_5.0.0/exports/include -c -o /home/ptkkhiem/Rel_5.0.0/mindtct/obj/src/lib/mindtct/block.o block.c
/usr/bin/gcc -O2 -w -ansi -D_POSIX_SOURCE -D__NBISLE__  -D__NBIS_OPENJP2__ -D__NBIS_PNG__ -m64 -fPIC -fcommon -I/home/ptkkhiem/Rel_5.0.0/mindtct/include -I/home/ptkkhiem/Rel_5.0.0/exports/include -c -o /home/ptkkhiem/Rel_5.0.0/mindtct/obj/src/lib/mindtct/chaincod.o chaincod.c
/usr/bin/gcc -O2 -w -ansi -D_POSIX_SOURCE -D__NBISLE__  -D__NBIS_OPENJP2__ -D__NBIS_PNG__ -m64 -fPIC -fcommon -I/home/ptkkhiem/Rel_5.0.0/mindtct/include -I/home/ptkkhiem/Rel_5.0.0/exports/include -c -o /home/ptkkhiem/Rel_5.0.0/mindtct/obj/src/lib/mindtct/contour.o contour.c
/usr/bin/gcc -O2 -w -ansi -D_POSIX_SOURCE -D__NBISLE__  -D__NBIS_OPENJP2__ -D__NBIS_PNG__ -m64 -fPIC -fcommon -I/home/ptkkhiem/Rel_5.0.0/mindtct/include -I/home/ptkkhiem/Rel_5.0.0/exports/include -c -o /home/ptkkhiem/Rel_5.0.0/mindtct/obj/src/lib/mindtct/detect.o detect.c
/usr/bin/gcc -O2 -w -ansi -D_POSIX_SOURCE -D__NBISLE__  -D__NBIS_OPENJP2__ -D__NBIS_PNG__ -m64 -fPIC -fcommon -I/home/ptkkhiem/Rel_5.0.0/mindtct/include -I/home/ptkkhiem/Rel_5.0.0/exports/include -c -o /home/ptkkhiem/Rel_5.0.0/mindtct/obj/src/lib/mindtct/dft.o dft.c
/usr/bin/gcc -O2 -w -ansi -D_POSIX_SOURCE -D__NBISLE__  -D__NBIS_OPENJP2__ -D__NBIS_PNG__ -m64 -fPIC -fcommon -I/home/ptkkhiem/Rel_5.0.0/mindtct/include -I/home/ptkkhiem/Rel_5.0.0/exports/include -c -o /home/ptkkhiem/Rel_5.0.0/mindtct/obj/src/lib/mindtct/free.o free.c
/usr/bin/gcc -O2 -w -ansi -D_POSIX_SOURCE -D__NBISLE__  -D__NBIS_OPENJP2__ -D__NBIS_PNG__ -m64 -fPIC -fcommon -I/home/ptkkhiem/Rel_5.0.0/mindtct/include -I/home/ptkkhiem/Rel_5.0.0/exports/include -c -o /home/ptkkhiem/Rel_5.0.0/mindtct/obj/src/lib/mindtct/getmin.o getmin.c
/usr/bin/gcc -O2 -w -ansi -D_POSIX_SOURCE -D__NBISLE__  -D__NBIS_OPENJP2__ -D__NBIS_PNG__ -m64 -fPIC -fcommon -I/home/ptkkhiem/Rel_5.0.0/mindtct/include -I/home/ptkkhiem/Rel_5.0.0/exports/include -c -o /home/ptkkhiem/Rel_5.0.0/mindtct/obj/src/lib/mindtct/globals.o globals.c
/usr/bin/gcc -O2 -w -ansi -D_POSIX_SOURCE -D__NBISLE__  -D__NBIS_OPENJP2__ -D__NBIS_PNG__ -m64 -fPIC -fcommon -I/home/ptkkhiem/Rel_5.0.0/mindtct/include -I/home/ptkkhiem/Rel_5.0.0/exports/include -c -o /home/ptkkhiem/Rel_5.0.0/mindtct/obj/src/lib/mindtct/imgutil.o imgutil.c
/usr/bin/gcc -O2 -w -ansi -D_POSIX_SOURCE -D__NBISLE__  -D__NBIS_OPENJP2__ -D__NBIS_PNG__ -m64 -fPIC -fcommon -I/home/ptkkhiem/Rel_5.0.0/mindtct/include -I/home/ptkkhiem/Rel_5.0.0/exports/include -c -o /home/ptkkhiem/Rel_5.0.0/mindtct/obj/src/lib/mindtct/init.o init.c
/usr/bin/gcc -O2 -w -ansi -D_POSIX_SOURCE -D__NBISLE__  -D__NBIS_OPENJP2__ -D__NBIS_PNG__ -m64 -fPIC -fcommon -I/home/ptkkhiem/Rel_5.0.0/mindtct/include -I/home/ptkkhiem/Rel_5.0.0/exports/include -c -o /home/ptkkhiem/Rel_5.0.0/mindtct/obj/src/lib/mindtct/isempty.o isempty.c
/usr/bin/gcc -O2 -w -ansi -D_POSIX_SOURCE -D__NBISLE__  -D__NBIS_OPENJP2__ -D__NBIS_PNG__ -m64 -fPIC -fcommon -I/home/ptkkhiem/Rel_5.0.0/mindtct/include -I/home/ptkkhiem/Rel_5.0.0/exports/include -c -o /home/ptkkhiem/Rel_5.0.0/mindtct/obj/src/lib/mindtct/line.o line.c
/usr/bin/gcc -O2 -w -ansi -D_POSIX_SOURCE -D__NBISLE__  -D__NBIS_OPENJP2__ -D__NBIS_PNG__ -m64 -fPIC -fcommon -I/home/ptkkhiem/Rel_5.0.0/mindtct/include -I/home/ptkkhiem/Rel_5.0.0/exports/include -c -o /home/ptkkhiem/Rel_5.0.0/mindtct/obj/src/lib/mindtct/link.o link.c
/usr/bin/gcc -O2 -w -ansi -D_POSIX_SOURCE -D__NBISLE__  -D__NBIS_OPENJP2__ -D__NBIS_PNG__ -m64 -fPIC -fcommon -I/home/ptkkhiem/Rel_5.0.0/mindtct/include -I/home/ptkkhiem/Rel_5.0.0/exports/include -c -o /home/ptkkhiem/Rel_5.0.0/mindtct/obj/src/lib/mindtct/log.o log.c
/usr/bin/gcc -O2 -w -ansi -D_POSIX_SOURCE -D__NBISLE__  -D__NBIS_OPENJP2__ -D__NBIS_PNG__ -m64 -fPIC -fcommon -I/home/ptkkhiem/Rel_5.0.0/mindtct/include -I/home/ptkkhiem/Rel_5.0.0/exports/include -c -o /home/ptkkhiem/Rel_5.0.0/mindtct/obj/src/lib/mindtct/loop.o loop.c
/usr/bin/gcc -O2 -w -ansi -D_POSIX_SOURCE -D__NBISLE__  -D__NBIS_OPENJP2__ -D__NBIS_PNG__ -m64 -fPIC -fcommon -I/home/ptkkhiem/Rel_5.0.0/mindtct/include -I/home/ptkkhiem/Rel_5.0.0/exports/include -c -o /home/ptkkhiem/Rel_5.0.0/mindtct/obj/src/lib/mindtct/maps.o maps.c
/usr/bin/gcc -O2 -w -ansi -D_POSIX_SOURCE -D__NBISLE__  -D__NBIS_OPENJP2__ -D__NBIS_PNG__ -m64 -fPIC -fcommon -I/home/ptkkhiem/Rel_5.0.0/mindtct/include -I/home/ptkkhiem/Rel_5.0.0/exports/include -c -o /home/ptkkhiem/Rel_5.0.0/mindtct/obj/src/lib/mindtct/matchpat.o matchpat.c
/usr/bin/gcc -O2 -w -ansi -D_POSIX_SOURCE -D__NBISLE__  -D__NBIS_OPENJP2__ -D__NBIS_PNG__ -m64 -fPIC -fcommon -I/home/ptkkhiem/Rel_5.0.0/mindtct/include -I/home/ptkkhiem/Rel_5.0.0/exports/include -c -o /home/ptkkhiem/Rel_5.0.0/mindtct/obj/src/lib/mindtct/minutia.o minutia.c
/usr/bin/gcc -O2 -w -ansi -D_POSIX_SOURCE -D__NBISLE__  -D__NBIS_OPENJP2__ -D__NBIS_PNG__ -m64 -fPIC -fcommon -I/home/ptkkhiem/Rel_5.0.0/mindtct/include -I/home/ptkkhiem/Rel_5.0.0/exports/include -c -o /home/ptkkhiem/Rel_5.0.0/mindtct/obj/src/lib/mindtct/morph.o morph.c
/usr/bin/gcc -O2 -w -ansi -D_POSIX_SOURCE -D__NBISLE__  -D__NBIS_OPENJP2__ -D__NBIS_PNG__ -m64 -fPIC -fcommon -I/home/ptkkhiem/Rel_5.0.0/mindtct/include -I/home/ptkkhiem/Rel_5.0.0/exports/include -c -o /home/ptkkhiem/Rel_5.0.0/mindtct/obj/src/lib/mindtct/mytime.o mytime.c
/usr/bin/gcc -O2 -w -ansi -D_POSIX_SOURCE -D__NBISLE__  -D__NBIS_OPENJP2__ -D__NBIS_PNG__ -m64 -fPIC -fcommon -I/home/ptkkhiem/Rel_5.0.0/mindtct/include -I/home/ptkkhiem/Rel_5.0.0/exports/include -c -o /home/ptkkhiem/Rel_5.0.0/mindtct/obj/src/lib/mindtct/quality.o quality.c
/usr/bin/gcc -O2 -w -ansi -D_POSIX_SOURCE -D__NBISLE__  -D__NBIS_OPENJP2__ -D__NBIS_PNG__ -m64 -fPIC -fcommon -I/home/ptkkhiem/Rel_5.0.0/mindtct/include -I/home/ptkkhiem/Rel_5.0.0/exports/include -c -o /home/ptkkhiem/Rel_5.0.0/mindtct/obj/src/lib/mindtct/remove.o remove.c
/usr/bin/gcc -O2 -w -ansi -D_POSIX_SOURCE -D__NBISLE__  -D__NBIS_OPENJP2__ -D__NBIS_PNG__ -m64 -fPIC -fcommon -I/home/ptkkhiem/Rel_5.0.0/mindtct/include -I/home/ptkkhiem/Rel_5.0.0/exports/include -c -o /home/ptkkhiem/Rel_5.0.0/mindtct/obj/src/lib/mindtct/results.o results.c
/usr/bin/gcc -O2 -w -ansi -D_POSIX_SOURCE -D__NBISLE__  -D__NBIS_OPENJP2__ -D__NBIS_PNG__ -m64 -fPIC -fcommon -I/home/ptkkhiem/Rel_5.0.0/mindtct/include -I/home/ptkkhiem/Rel_5.0.0/exports/include -c -o /home/ptkkhiem/Rel_5.0.0/mindtct/obj/src/lib/mindtct/ridges.o ridges.c
/usr/bin/gcc -O2 -w -ansi -D_POSIX_SOURCE -D__NBISLE__  -D__NBIS_OPENJP2__ -D__NBIS_PNG__ -m64 -fPIC -fcommon -I/home/ptkkhiem/Rel_5.0.0/mindtct/include -I/home/ptkkhiem/Rel_5.0.0/exports/include -c -o /home/ptkkhiem/Rel_5.0.0/mindtct/obj/src/lib/mindtct/shape.o shape.c
/usr/bin/gcc -O2 -w -ansi -D_POSIX_SOURCE -D__NBISLE__  -D__NBIS_OPENJP2__ -D__NBIS_PNG__ -m64 -fPIC -fcommon -I/home/ptkkhiem/Rel_5.0.0/mindtct/include -I/home/ptkkhiem/Rel_5.0.0/exports/include -c -o /home/ptkkhiem/Rel_5.0.0/mindtct/obj/src/lib/mindtct/sort.o sort.c
/usr/bin/gcc -O2 -w -ansi -D_POSIX_SOURCE -D__NBISLE__  -D__NBIS_OPENJP2__ -D__NBIS_PNG__ -m64 -fPIC -fcommon -I/home/ptkkhiem/Rel_5.0.0/mindtct/include -I/home/ptkkhiem/Rel_5.0.0/exports/include -c -o /home/ptkkhiem/Rel_5.0.0/mindtct/obj/src/lib/mindtct/to_type9.o to_type9.c
/usr/bin/gcc -O2 -w -ansi -D_POSIX_SOURCE -D__NBISLE__  -D__NBIS_OPENJP2__ -D__NBIS_PNG__ -m64 -fPIC -fcommon -I/home/ptkkhiem/Rel_5.0.0/mindtct/include -I/home/ptkkhiem/Rel_5.0.0/exports/include -c -o /home/ptkkhiem/Rel_5.0.0/mindtct/obj/src/lib/mindtct/update.o update.c
/usr/bin/gcc -O2 -w -ansi -D_POSIX_SOURCE -D__NBISLE__  -D__NBIS_OPENJP2__ -D__NBIS_PNG__ -m64 -fPIC -fcommon -I/home/ptkkhiem/Rel_5.0.0/mindtct/include -I/home/ptkkhiem/Rel_5.0.0/exports/include -c -o /home/ptkkhiem/Rel_5.0.0/mindtct/obj/src/lib/mindtct/util.o util.c
/usr/bin/gcc -O2 -w -ansi -D_POSIX_SOURCE -D__NBISLE__  -D__NBIS_OPENJP2__ -D__NBIS_PNG__ -m64 -fPIC -fcommon -I/home/ptkkhiem/Rel_5.0.0/mindtct/include -I/home/ptkkhiem/Rel_5.0.0/exports/include -c -o /home/ptkkhiem/Rel_5.0.0/mindtct/obj/src/lib/mindtct/xytreps.o xytreps.c
ar ru /home/ptkkhiem/Rel_5.0.0/mindtct/lib/libmindtct.a /home/ptkkhiem/Rel_5.0.0/mindtct/obj/src/lib/mindtct/binar.o /home/ptkkhiem/Rel_5.0.0/mindtct/obj/src/lib/mindtct/block.o /home/ptkkhiem/Rel_5.0.0/mindtct/obj/src/lib/mindtct/chaincod.o /home/ptkkhiem/Rel_5.0.0/mindtct/obj/src/lib/mindtct/contour.o /home/ptkkhiem/Rel_5.0.0/mindtct/obj/src/lib/mindtct/detect.o /home/ptkkhiem/Rel_5.0.0/mindtct/obj/src/lib/mindtct/dft.o /home/ptkkhiem/Rel_5.0.0/mindtct/obj/src/lib/mindtct/free.o /home/ptkkhiem/Rel_5.0.0/mindtct/obj/src/lib/mindtct/getmin.o /home/ptkkhiem/Rel_5.0.0/mindtct/obj/src/lib/mindtct/globals.o /home/ptkkhiem/Rel_5.0.0/mindtct/obj/src/lib/mindtct/imgutil.o /home/ptkkhiem/Rel_5.0.0/mindtct/obj/src/lib/mindtct/init.o /home/ptkkhiem/Rel_5.0.0/mindtct/obj/src/lib/mindtct/isempty.o /home/ptkkhiem/Rel_5.0.0/mindtct/obj/src/lib/mindtct/line.o /home/ptkkhiem/Rel_5.0.0/mindtct/obj/src/lib/mindtct/link.o /home/ptkkhiem/Rel_5.0.0/mindtct/obj/src/lib/mindtct/log.o /home/ptkkhiem/Rel_5.0.0/mindtct/obj/src/lib/mindtct/loop.o /home/ptkkhiem/Rel_5.0.0/mindtct/obj/src/lib/mindtct/maps.o /home/ptkkhiem/Rel_5.0.0/mindtct/obj/src/lib/mindtct/matchpat.o /home/ptkkhiem/Rel_5.0.0/mindtct/obj/src/lib/mindtct/minutia.o /home/ptkkhiem/Rel_5.0.0/mindtct/obj/src/lib/mindtct/morph.o /home/ptkkhiem/Rel_5.0.0/mindtct/obj/src/lib/mindtct/mytime.o /home/ptkkhiem/Rel_5.0.0/mindtct/obj/src/lib/mindtct/quality.o /home/ptkkhiem/Rel_5.0.0/mindtct/obj/src/lib/mindtct/remove.o /home/ptkkhiem/Rel_5.0.0/mindtct/obj/src/lib/mindtct/results.o /home/ptkkhiem/Rel_5.0.0/mindtct/obj/src/lib/mindtct/ridges.o /home/ptkkhiem/Rel_5.0.0/mindtct/obj/src/lib/mindtct/shape.o /home/ptkkhiem/Rel_5.0.0/mindtct/obj/src/lib/mindtct/sort.o /home/ptkkhiem/Rel_5.0.0/mindtct/obj/src/lib/mindtct/to_type9.o /home/ptkkhiem/Rel_5.0.0/mindtct/obj/src/lib/mindtct/update.o /home/ptkkhiem/Rel_5.0.0/mindtct/obj/src/lib/mindtct/util.o /home/ptkkhiem/Rel_5.0.0/mindtct/obj/src/lib/mindtct/xytreps.o
ar: `u' modifier ignored since `D' is the default (see `U')
ar: creating /home/ptkkhiem/Rel_5.0.0/mindtct/lib/libmindtct.a
/usr/bin/cp /home/ptkkhiem/Rel_5.0.0/mindtct/lib/libmindtct.a /home/ptkkhiem/Rel_5.0.0/exports/lib
make[4]: Leaving directory '/home/ptkkhiem/Rel_5.0.0/mindtct/src/lib/mindtct'
End: Compiling mindtct library.
make[3]: Leaving directory '/home/ptkkhiem/Rel_5.0.0/mindtct/src/lib'
make[2]: Leaving directory '/home/ptkkhiem/Rel_5.0.0/mindtct/src'
End: Compiling mindtct libraries.
make[1]: Leaving directory '/home/ptkkhiem/Rel_5.0.0/mindtct'
make[1]: Entering directory '/home/ptkkhiem/Rel_5.0.0/nfseg'
Start: Copying nfseg's header files to "/home/ptkkhiem/Rel_5.0.0/exports/include"....
/usr/bin/cp -Rpf /home/ptkkhiem/Rel_5.0.0/nfseg/include/* /home/ptkkhiem/Rel_5.0.0/exports/include
End: Copying nfseg's header files to "/home/ptkkhiem/Rel_5.0.0/exports/include".
Start: Compiling nfseg's libraries....
make[2]: Entering directory '/home/ptkkhiem/Rel_5.0.0/nfseg/src'
make[3]: Entering directory '/home/ptkkhiem/Rel_5.0.0/nfseg/src/lib'
Start: Compiling nfseg library....
make[4]: Entering directory '/home/ptkkhiem/Rel_5.0.0/nfseg/src/lib/nfseg'
/usr/bin/gcc -O2 -w -ansi -D_POSIX_SOURCE -D__NBISLE__  -D__NBIS_OPENJP2__ -D__NBIS_PNG__ -m64 -fPIC -fcommon -I/home/ptkkhiem/Rel_5.0.0/nfseg/include -I/home/ptkkhiem/Rel_5.0.0/exports/include -c -o /home/ptkkhiem/Rel_5.0.0/nfseg/obj/src/lib/nfseg/nfseg.o nfseg.c
ar ru /home/ptkkhiem/Rel_5.0.0/nfseg/lib/libnfseg.a /home/ptkkhiem/Rel_5.0.0/nfseg/obj/src/lib/nfseg/nfseg.o
ar: `u' modifier ignored since `D' is the default (see `U')
ar: creating /home/ptkkhiem/Rel_5.0.0/nfseg/lib/libnfseg.a
/usr/bin/cp /home/ptkkhiem/Rel_5.0.0/nfseg/lib/libnfseg.a /home/ptkkhiem/Rel_5.0.0/exports/lib
make[4]: Leaving directory '/home/ptkkhiem/Rel_5.0.0/nfseg/src/lib/nfseg'
End: Compiling nfseg library.
make[3]: Leaving directory '/home/ptkkhiem/Rel_5.0.0/nfseg/src/lib'
make[2]: Leaving directory '/home/ptkkhiem/Rel_5.0.0/nfseg/src'
End: Compiling nfseg libraries.
make[1]: Leaving directory '/home/ptkkhiem/Rel_5.0.0/nfseg'
make[1]: Entering directory '/home/ptkkhiem/Rel_5.0.0/nfiq'
Start: Copying nfiq's header files to "/home/ptkkhiem/Rel_5.0.0/exports/include"....
/usr/bin/cp -Rpf /home/ptkkhiem/Rel_5.0.0/nfiq/include/* /home/ptkkhiem/Rel_5.0.0/exports/include
End: Copying nfiq's header files to "/home/ptkkhiem/Rel_5.0.0/exports/include".
Start: Compiling nfiq's libraries....
make[2]: Entering directory '/home/ptkkhiem/Rel_5.0.0/nfiq/src'
make[3]: Entering directory '/home/ptkkhiem/Rel_5.0.0/nfiq/src/lib'
Start: Compiling nfiq library....
make[4]: Entering directory '/home/ptkkhiem/Rel_5.0.0/nfiq/src/lib/nfiq'
/usr/bin/gcc -O2 -w -ansi -D_POSIX_SOURCE -D__NBISLE__  -D__NBIS_OPENJP2__ -D__NBIS_PNG__ -m64 -fPIC -fcommon -I/home/ptkkhiem/Rel_5.0.0/nfiq/include -I/home/ptkkhiem/Rel_5.0.0/exports/include -c -o /home/ptkkhiem/Rel_5.0.0/nfiq/obj/src/lib/nfiq/nfiq.o nfiq.c
/usr/bin/gcc -O2 -w -ansi -D_POSIX_SOURCE -D__NBISLE__  -D__NBIS_OPENJP2__ -D__NBIS_PNG__ -m64 -fPIC -fcommon -I/home/ptkkhiem/Rel_5.0.0/nfiq/include -I/home/ptkkhiem/Rel_5.0.0/exports/include -c -o /home/ptkkhiem/Rel_5.0.0/nfiq/obj/src/lib/nfiq/nfiqgbls.o nfiqgbls.c
/usr/bin/gcc -O2 -w -ansi -D_POSIX_SOURCE -D__NBISLE__  -D__NBIS_OPENJP2__ -D__NBIS_PNG__ -m64 -fPIC -fcommon -I/home/ptkkhiem/Rel_5.0.0/nfiq/include -I/home/ptkkhiem/Rel_5.0.0/exports/include -c -o /home/ptkkhiem/Rel_5.0.0/nfiq/obj/src/lib/nfiq/nfiqread.o nfiqread.c
/usr/bin/gcc -O2 -w -ansi -D_POSIX_SOURCE -D__NBISLE__  -D__NBIS_OPENJP2__ -D__NBIS_PNG__ -m64 -fPIC -fcommon -I/home/ptkkhiem/Rel_5.0.0/nfiq/include -I/home/ptkkhiem/Rel_5.0.0/exports/include -c -o /home/ptkkhiem/Rel_5.0.0/nfiq/obj/src/lib/nfiq/znorm.o znorm.c
ar ru /home/ptkkhiem/Rel_5.0.0/nfiq/lib/libnfiq.a /home/ptkkhiem/Rel_5.0.0/nfiq/obj/src/lib/nfiq/nfiq.o /home/ptkkhiem/Rel_5.0.0/nfiq/obj/src/lib/nfiq/nfiqgbls.o /home/ptkkhiem/Rel_5.0.0/nfiq/obj/src/lib/nfiq/nfiqread.o /home/ptkkhiem/Rel_5.0.0/nfiq/obj/src/lib/nfiq/znorm.o
ar: `u' modifier ignored since `D' is the default (see `U')
ar: creating /home/ptkkhiem/Rel_5.0.0/nfiq/lib/libnfiq.a
/usr/bin/cp /home/ptkkhiem/Rel_5.0.0/nfiq/lib/libnfiq.a /home/ptkkhiem/Rel_5.0.0/exports/lib
make[4]: Leaving directory '/home/ptkkhiem/Rel_5.0.0/nfiq/src/lib/nfiq'
End: Compiling nfiq library.
make[3]: Leaving directory '/home/ptkkhiem/Rel_5.0.0/nfiq/src/lib'
make[2]: Leaving directory '/home/ptkkhiem/Rel_5.0.0/nfiq/src'
End: Compiling nfiq libraries.
make[1]: Leaving directory '/home/ptkkhiem/Rel_5.0.0/nfiq'
make[1]: Entering directory '/home/ptkkhiem/Rel_5.0.0/pcasys'
Start: Copying pcasys's header files to "/home/ptkkhiem/Rel_5.0.0/exports/include"....
/usr/bin/cp -Rpf /home/ptkkhiem/Rel_5.0.0/pcasys/include/* /home/ptkkhiem/Rel_5.0.0/exports/include
End: Copying pcasys's header files to "/home/ptkkhiem/Rel_5.0.0/exports/include".
Start: Compiling pcasys's libraries....
make[2]: Entering directory '/home/ptkkhiem/Rel_5.0.0/pcasys/src'
make[3]: Entering directory '/home/ptkkhiem/Rel_5.0.0/pcasys/src/lib'
Start: Compiling mlp library....
make[4]: Entering directory '/home/ptkkhiem/Rel_5.0.0/pcasys/src/lib/mlp'
/usr/bin/gcc -O2 -w -ansi -D_POSIX_SOURCE -D__NBISLE__  -D__NBIS_OPENJP2__ -D__NBIS_PNG__ -m64 -fPIC -fcommon -I/home/ptkkhiem/Rel_5.0.0/pcasys/include -I/home/ptkkhiem/Rel_5.0.0/exports/include -c -o /home/ptkkhiem/Rel_5.0.0/pcasys/obj/src/lib/mlp/accum.o accum.c
/usr/bin/gcc -O2 -w -ansi -D_POSIX_SOURCE -D__NBISLE__  -D__NBIS_OPENJP2__ -D__NBIS_PNG__ -m64 -fPIC -fcommon -I/home/ptkkhiem/Rel_5.0.0/pcasys/include -I/home/ptkkhiem/Rel_5.0.0/exports/include -c -o /home/ptkkhiem/Rel_5.0.0/pcasys/obj/src/lib/mlp/acs.o acs.c
/usr/bin/gcc -O2 -w -ansi -D_POSIX_SOURCE -D__NBISLE__  -D__NBIS_OPENJP2__ -D__NBIS_PNG__ -m64 -fPIC -fcommon -I/home/ptkkhiem/Rel_5.0.0/pcasys/include -I/home/ptkkhiem/Rel_5.0.0/exports/include -c -o /home/ptkkhiem/Rel_5.0.0/pcasys/obj/src/lib/mlp/acsmaps.o acsmaps.c
/usr/bin/gcc -O2 -w -ansi -D_POSIX_SOURCE -D__NBISLE__  -D__NBIS_OPENJP2__ -D__NBIS_PNG__ -m64 -fPIC -fcommon -I/home/ptkkhiem/Rel_5.0.0/pcasys/include -I/home/ptkkhiem/Rel_5.0.0/exports/include -c -o /home/ptkkhiem/Rel_5.0.0/pcasys/obj/src/lib/mlp/boltz.o boltz.c
/usr/bin/gcc -O2 -w -ansi -D_POSIX_SOURCE -D__NBISLE__  -D__NBIS_OPENJP2__ -D__NBIS_PNG__ -m64 -fPIC -fcommon -I/home/ptkkhiem/Rel_5.0.0/pcasys/include -I/home/ptkkhiem/Rel_5.0.0/exports/include -c -o /home/ptkkhiem/Rel_5.0.0/pcasys/obj/src/lib/mlp/ch_bprms.o ch_bprms.c
/usr/bin/gcc -O2 -w -ansi -D_POSIX_SOURCE -D__NBISLE__  -D__NBIS_OPENJP2__ -D__NBIS_PNG__ -m64 -fPIC -fcommon -I/home/ptkkhiem/Rel_5.0.0/pcasys/include -I/home/ptkkhiem/Rel_5.0.0/exports/include -c -o /home/ptkkhiem/Rel_5.0.0/pcasys/obj/src/lib/mlp/csopiwh.o csopiwh.c
/usr/bin/gcc -O2 -w -ansi -D_POSIX_SOURCE -D__NBISLE__  -D__NBIS_OPENJP2__ -D__NBIS_PNG__ -m64 -fPIC -fcommon -I/home/ptkkhiem/Rel_5.0.0/pcasys/include -I/home/ptkkhiem/Rel_5.0.0/exports/include -c -o /home/ptkkhiem/Rel_5.0.0/pcasys/obj/src/lib/mlp/cvr.o cvr.c
/usr/bin/gcc -O2 -w -ansi -D_POSIX_SOURCE -D__NBISLE__  -D__NBIS_OPENJP2__ -D__NBIS_PNG__ -m64 -fPIC -fcommon -I/home/ptkkhiem/Rel_5.0.0/pcasys/include -I/home/ptkkhiem/Rel_5.0.0/exports/include -c -o /home/ptkkhiem/Rel_5.0.0/pcasys/obj/src/lib/mlp/cwrite.o cwrite.c
/usr/bin/gcc -O2 -w -ansi -D_POSIX_SOURCE -D__NBISLE__  -D__NBIS_OPENJP2__ -D__NBIS_PNG__ -m64 -fPIC -fcommon -I/home/ptkkhiem/Rel_5.0.0/pcasys/include -I/home/ptkkhiem/Rel_5.0.0/exports/include -c -o /home/ptkkhiem/Rel_5.0.0/pcasys/obj/src/lib/mlp/e_and_g.o e_and_g.c
/usr/bin/gcc -O2 -w -ansi -D_POSIX_SOURCE -D__NBISLE__  -D__NBIS_OPENJP2__ -D__NBIS_PNG__ -m64 -fPIC -fcommon -I/home/ptkkhiem/Rel_5.0.0/pcasys/include -I/home/ptkkhiem/Rel_5.0.0/exports/include -c -o /home/ptkkhiem/Rel_5.0.0/pcasys/obj/src/lib/mlp/eb.o eb.c
/usr/bin/gcc -O2 -w -ansi -D_POSIX_SOURCE -D__NBISLE__  -D__NBIS_OPENJP2__ -D__NBIS_PNG__ -m64 -fPIC -fcommon -I/home/ptkkhiem/Rel_5.0.0/pcasys/include -I/home/ptkkhiem/Rel_5.0.0/exports/include -c -o /home/ptkkhiem/Rel_5.0.0/pcasys/obj/src/lib/mlp/eb_cat_e.o eb_cat_e.c
/usr/bin/gcc -O2 -w -ansi -D_POSIX_SOURCE -D__NBISLE__  -D__NBIS_OPENJP2__ -D__NBIS_PNG__ -m64 -fPIC -fcommon -I/home/ptkkhiem/Rel_5.0.0/pcasys/include -I/home/ptkkhiem/Rel_5.0.0/exports/include -c -o /home/ptkkhiem/Rel_5.0.0/pcasys/obj/src/lib/mlp/eb_cat_w.o eb_cat_w.c
/usr/bin/gcc -O2 -w -ansi -D_POSIX_SOURCE -D__NBISLE__  -D__NBIS_OPENJP2__ -D__NBIS_PNG__ -m64 -fPIC -fcommon -I/home/ptkkhiem/Rel_5.0.0/pcasys/include -I/home/ptkkhiem/Rel_5.0.0/exports/include -c -o /home/ptkkhiem/Rel_5.0.0/pcasys/obj/src/lib/mlp/ef.o ef.c
/usr/bin/gcc -O2 -w -ansi -D_POSIX_SOURCE -D__NBISLE__  -D__NBIS_OPENJP2__ -D__NBIS_PNG__ -m64 -fPIC -fcommon -I/home/ptkkhiem/Rel_5.0.0/pcasys/include -I/home/ptkkhiem/Rel_5.0.0/exports/include -c -o /home/ptkkhiem/Rel_5.0.0/pcasys/obj/src/lib/mlp/endopt.o endopt.c
/usr/bin/gcc -O2 -w -ansi -D_POSIX_SOURCE -D__NBISLE__  -D__NBIS_OPENJP2__ -D__NBIS_PNG__ -m64 -fPIC -fcommon -I/home/ptkkhiem/Rel_5.0.0/pcasys/include -I/home/ptkkhiem/Rel_5.0.0/exports/include -c -o /home/ptkkhiem/Rel_5.0.0/pcasys/obj/src/lib/mlp/fsaso.o fsaso.c
/usr/bin/gcc -O2 -w -ansi -D_POSIX_SOURCE -D__NBISLE__  -D__NBIS_OPENJP2__ -D__NBIS_PNG__ -m64 -fPIC -fcommon -I/home/ptkkhiem/Rel_5.0.0/pcasys/include -I/home/ptkkhiem/Rel_5.0.0/exports/include -c -o /home/ptkkhiem/Rel_5.0.0/pcasys/obj/src/lib/mlp/get_phr.o get_phr.c
/usr/bin/gcc -O2 -w -ansi -D_POSIX_SOURCE -D__NBISLE__  -D__NBIS_OPENJP2__ -D__NBIS_PNG__ -m64 -fPIC -fcommon -I/home/ptkkhiem/Rel_5.0.0/pcasys/include -I/home/ptkkhiem/Rel_5.0.0/exports/include -c -o /home/ptkkhiem/Rel_5.0.0/pcasys/obj/src/lib/mlp/getpat.o getpat.c
/usr/bin/gcc -O2 -w -ansi -D_POSIX_SOURCE -D__NBISLE__  -D__NBIS_OPENJP2__ -D__NBIS_PNG__ -m64 -fPIC -fcommon -I/home/ptkkhiem/Rel_5.0.0/pcasys/include -I/home/ptkkhiem/Rel_5.0.0/exports/include -c -o /home/ptkkhiem/Rel_5.0.0/pcasys/obj/src/lib/mlp/got_blk.o got_blk.c
/usr/bin/gcc -O2 -w -ansi -D_POSIX_SOURCE -D__NBISLE__  -D__NBIS_OPENJP2__ -D__NBIS_PNG__ -m64 -fPIC -fcommon -I/home/ptkkhiem/Rel_5.0.0/pcasys/include -I/home/ptkkhiem/Rel_5.0.0/exports/include -c -o /home/ptkkhiem/Rel_5.0.0/pcasys/obj/src/lib/mlp/got_c.o got_c.c
/usr/bin/gcc -O2 -w -ansi -D_POSIX_SOURCE -D__NBISLE__  -D__NBIS_OPENJP2__ -D__NBIS_PNG__ -m64 -fPIC -fcommon -I/home/ptkkhiem/Rel_5.0.0/pcasys/include -I/home/ptkkhiem/Rel_5.0.0/exports/include -c -o /home/ptkkhiem/Rel_5.0.0/pcasys/obj/src/lib/mlp/got_nc_c.o got_nc_c.c
/usr/bin/gcc -O2 -w -ansi -D_POSIX_SOURCE -D__NBISLE__  -D__NBIS_OPENJP2__ -D__NBIS_PNG__ -m64 -fPIC -fcommon -I/home/ptkkhiem/Rel_5.0.0/pcasys/include -I/home/ptkkhiem/Rel_5.0.0/exports/include -c -o /home/ptkkhiem/Rel_5.0.0/pcasys/obj/src/lib/mlp/is_we.o is_we.c
/usr/bin/gcc -O2 -w -ansi -D_POSIX_SOURCE -D__NBISLE__  -D__NBIS_OPENJP2__ -D__NBIS_PNG__ -m64 -fPIC -fcommon -I/home/ptkkhiem/Rel_5.0.0/pcasys/include -I/home/ptkkhiem/Rel_5.0.0/exports/include -c -o /home/ptkkhiem/Rel_5.0.0/pcasys/obj/src/lib/mlp/lbfgs.o lbfgs.c
/usr/bin/gcc -O2 -w -ansi -D_POSIX_SOURCE -D__NBISLE__  -D__NBIS_OPENJP2__ -D__NBIS_PNG__ -m64 -fPIC -fcommon -I/home/ptkkhiem/Rel_5.0.0/pcasys/include -I/home/ptkkhiem/Rel_5.0.0/exports/include -c -o /home/ptkkhiem/Rel_5.0.0/pcasys/obj/src/lib/mlp/lbfgs_dr.o lbfgs_dr.c
/usr/bin/gcc -O2 -w -ansi -D_POSIX_SOURCE -D__NBISLE__  -D__NBIS_OPENJP2__ -D__NBIS_PNG__ -m64 -fPIC -fcommon -I/home/ptkkhiem/Rel_5.0.0/pcasys/include -I/home/ptkkhiem/Rel_5.0.0/exports/include -c -o /home/ptkkhiem/Rel_5.0.0/pcasys/obj/src/lib/mlp/lgl_pnm.o lgl_pnm.c
/usr/bin/gcc -O2 -w -ansi -D_POSIX_SOURCE -D__NBISLE__  -D__NBIS_OPENJP2__ -D__NBIS_PNG__ -m64 -fPIC -fcommon -I/home/ptkkhiem/Rel_5.0.0/pcasys/include -I/home/ptkkhiem/Rel_5.0.0/exports/include -c -o /home/ptkkhiem/Rel_5.0.0/pcasys/obj/src/lib/mlp/lgl_tbl.o lgl_tbl.c
/usr/bin/gcc -O2 -w -ansi -D_POSIX_SOURCE -D__NBISLE__  -D__NBIS_OPENJP2__ -D__NBIS_PNG__ -m64 -fPIC -fcommon -I/home/ptkkhiem/Rel_5.0.0/pcasys/include -I/home/ptkkhiem/Rel_5.0.0/exports/include -c -o /home/ptkkhiem/Rel_5.0.0/pcasys/obj/src/lib/mlp/little.o little.c
/usr/bin/gcc -O2 -w -ansi -D_POSIX_SOURCE -D__NBISLE__  -D__NBIS_OPENJP2__ -D__NBIS_PNG__ -m64 -fPIC -fcommon -I/home/ptkkhiem/Rel_5.0.0/pcasys/include -I/home/ptkkhiem/Rel_5.0.0/exports/include -c -o /home/ptkkhiem/Rel_5.0.0/pcasys/obj/src/lib/mlp/lng2shrt.o lng2shrt.c
/usr/bin/gcc -O2 -w -ansi -D_POSIX_SOURCE -D__NBISLE__  -D__NBIS_OPENJP2__ -D__NBIS_PNG__ -m64 -fPIC -fcommon -I/home/ptkkhiem/Rel_5.0.0/pcasys/include -I/home/ptkkhiem/Rel_5.0.0/exports/include -c -o /home/ptkkhiem/Rel_5.0.0/pcasys/obj/src/lib/mlp/mlpcla.o mlpcla.c
/usr/bin/gcc -O2 -w -ansi -D_POSIX_SOURCE -D__NBISLE__  -D__NBIS_OPENJP2__ -D__NBIS_PNG__ -m64 -fPIC -fcommon -I/home/ptkkhiem/Rel_5.0.0/pcasys/include -I/home/ptkkhiem/Rel_5.0.0/exports/include -c -o /home/ptkkhiem/Rel_5.0.0/pcasys/obj/src/lib/mlp/mtch_pnm.o mtch_pnm.c
/usr/bin/gcc -O2 -w -ansi -D_POSIX_SOURCE -D__NBISLE__  -D__NBIS_OPENJP2__ -D__NBIS_PNG__ -m64 -fPIC -fcommon -I/home/ptkkhiem/Rel_5.0.0/pcasys/include -I/home/ptkkhiem/Rel_5.0.0/exports/include -c -o /home/ptkkhiem/Rel_5.0.0/pcasys/obj/src/lib/mlp/neverset.o neverset.c
/usr/bin/gcc -O2 -w -ansi -D_POSIX_SOURCE -D__NBISLE__  -D__NBIS_OPENJP2__ -D__NBIS_PNG__ -m64 -fPIC -fcommon -I/home/ptkkhiem/Rel_5.0.0/pcasys/include -I/home/ptkkhiem/Rel_5.0.0/exports/include -c -o /home/ptkkhiem/Rel_5.0.0/pcasys/obj/src/lib/mlp/optchk.o optchk.c
/usr/bin/gcc -O2 -w -ansi -D_POSIX_SOURCE -D__NBISLE__  -D__NBIS_OPENJP2__ -D__NBIS_PNG__ -m64 -fPIC -fcommon -I/home/ptkkhiem/Rel_5.0.0/pcasys/include -I/home/ptkkhiem/Rel_5.0.0/exports/include -c -o /home/ptkkhiem/Rel_5.0.0/pcasys/obj/src/lib/mlp/optwts.o optwts.c
/usr/bin/gcc -O2 -w -ansi -D_POSIX_SOURCE -D__NBISLE__  -D__NBIS_OPENJP2__ -D__NBIS_PNG__ -m64 -fPIC -fcommon -I/home/ptkkhiem/Rel_5.0.0/pcasys/include -I/home/ptkkhiem/Rel_5.0.0/exports/include -c -o /home/ptkkhiem/Rel_5.0.0/pcasys/obj/src/lib/mlp/pat_io.o pat_io.c
/usr/bin/gcc -O2 -w -ansi -D_POSIX_SOURCE -D__NBISLE__  -D__NBIS_OPENJP2__ -D__NBIS_PNG__ -m64 -fPIC -fcommon -I/home/ptkkhiem/Rel_5.0.0/pcasys/include -I/home/ptkkhiem/Rel_5.0.0/exports/include -c -o /home/ptkkhiem/Rel_5.0.0/pcasys/obj/src/lib/mlp/rd_cwts.o rd_cwts.c
/usr/bin/gcc -O2 -w -ansi -D_POSIX_SOURCE -D__NBISLE__  -D__NBIS_OPENJP2__ -D__NBIS_PNG__ -m64 -fPIC -fcommon -I/home/ptkkhiem/Rel_5.0.0/pcasys/include -I/home/ptkkhiem/Rel_5.0.0/exports/include -c -o /home/ptkkhiem/Rel_5.0.0/pcasys/obj/src/lib/mlp/rd_words.o rd_words.c
/usr/bin/gcc -O2 -w -ansi -D_POSIX_SOURCE -D__NBISLE__  -D__NBIS_OPENJP2__ -D__NBIS_PNG__ -m64 -fPIC -fcommon -I/home/ptkkhiem/Rel_5.0.0/pcasys/include -I/home/ptkkhiem/Rel_5.0.0/exports/include -c -o /home/ptkkhiem/Rel_5.0.0/pcasys/obj/src/lib/mlp/rprt_prs.o rprt_prs.c
/usr/bin/gcc -O2 -w -ansi -D_POSIX_SOURCE -D__NBISLE__  -D__NBIS_OPENJP2__ -D__NBIS_PNG__ -m64 -fPIC -fcommon -I/home/ptkkhiem/Rel_5.0.0/pcasys/include -I/home/ptkkhiem/Rel_5.0.0/exports/include -c -o /home/ptkkhiem/Rel_5.0.0/pcasys/obj/src/lib/mlp/runmlp.o runmlp.c
/usr/bin/gcc -O2 -w -ansi -D_POSIX_SOURCE -D__NBISLE__  -D__NBIS_OPENJP2__ -D__NBIS_PNG__ -m64 -fPIC -fcommon -I/home/ptkkhiem/Rel_5.0.0/pcasys/include -I/home/ptkkhiem/Rel_5.0.0/exports/include -c -o /home/ptkkhiem/Rel_5.0.0/pcasys/obj/src/lib/mlp/scanspec.o scanspec.c
/usr/bin/gcc -O2 -w -ansi -D_POSIX_SOURCE -D__NBISLE__  -D__NBIS_OPENJP2__ -D__NBIS_PNG__ -m64 -fPIC -fcommon -I/home/ptkkhiem/Rel_5.0.0/pcasys/include -I/home/ptkkhiem/Rel_5.0.0/exports/include -c -o /home/ptkkhiem/Rel_5.0.0/pcasys/obj/src/lib/mlp/scg.o scg.c
/usr/bin/gcc -O2 -w -ansi -D_POSIX_SOURCE -D__NBISLE__  -D__NBIS_OPENJP2__ -D__NBIS_PNG__ -m64 -fPIC -fcommon -I/home/ptkkhiem/Rel_5.0.0/pcasys/include -I/home/ptkkhiem/Rel_5.0.0/exports/include -c -o /home/ptkkhiem/Rel_5.0.0/pcasys/obj/src/lib/mlp/set_fpw.o set_fpw.c
/usr/bin/gcc -O2 -w -ansi -D_POSIX_SOURCE -D__NBISLE__  -D__NBIS_OPENJP2__ -D__NBIS_PNG__ -m64 -fPIC -fcommon -I/home/ptkkhiem/Rel_5.0.0/pcasys/include -I/home/ptkkhiem/Rel_5.0.0/exports/include -c -o /home/ptkkhiem/Rel_5.0.0/pcasys/obj/src/lib/mlp/st_nv_ok.o st_nv_ok.c
/usr/bin/gcc -O2 -w -ansi -D_POSIX_SOURCE -D__NBISLE__  -D__NBIS_OPENJP2__ -D__NBIS_PNG__ -m64 -fPIC -fcommon -I/home/ptkkhiem/Rel_5.0.0/pcasys/include -I/home/ptkkhiem/Rel_5.0.0/exports/include -c -o /home/ptkkhiem/Rel_5.0.0/pcasys/obj/src/lib/mlp/strm_fmt.o strm_fmt.c
/usr/bin/gcc -O2 -w -ansi -D_POSIX_SOURCE -D__NBISLE__  -D__NBIS_OPENJP2__ -D__NBIS_PNG__ -m64 -fPIC -fcommon -I/home/ptkkhiem/Rel_5.0.0/pcasys/include -I/home/ptkkhiem/Rel_5.0.0/exports/include -c -o /home/ptkkhiem/Rel_5.0.0/pcasys/obj/src/lib/mlp/target.o target.c
/usr/bin/gcc -O2 -w -ansi -D_POSIX_SOURCE -D__NBISLE__  -D__NBIS_OPENJP2__ -D__NBIS_PNG__ -m64 -fPIC -fcommon -I/home/ptkkhiem/Rel_5.0.0/pcasys/include -I/home/ptkkhiem/Rel_5.0.0/exports/include -c -o /home/ptkkhiem/Rel_5.0.0/pcasys/obj/src/lib/mlp/tsp_w.o tsp_w.c
/usr/bin/gcc -O2 -w -ansi -D_POSIX_SOURCE -D__NBISLE__  -D__NBIS_OPENJP2__ -D__NBIS_PNG__ -m64 -fPIC -fcommon -I/home/ptkkhiem/Rel_5.0.0/pcasys/include -I/home/ptkkhiem/Rel_5.0.0/exports/include -c -o /home/ptkkhiem/Rel_5.0.0/pcasys/obj/src/lib/mlp/uni.o uni.c
/usr/bin/gcc -O2 -w -ansi -D_POSIX_SOURCE -D__NBISLE__  -D__NBIS_OPENJP2__ -D__NBIS_PNG__ -m64 -fPIC -fcommon -I/home/ptkkhiem/Rel_5.0.0/pcasys/include -I/home/ptkkhiem/Rel_5.0.0/exports/include -c -o /home/ptkkhiem/Rel_5.0.0/pcasys/obj/src/lib/mlp/wts.o wts.c
ar ru /home/ptkkhiem/Rel_5.0.0/pcasys/lib/libmlp.a /home/ptkkhiem/Rel_5.0.0/pcasys/obj/src/lib/mlp/accum.o /home/ptkkhiem/Rel_5.0.0/pcasys/obj/src/lib/mlp/acs.o /home/ptkkhiem/Rel_5.0.0/pcasys/obj/src/lib/mlp/acsmaps.o /home/ptkkhiem/Rel_5.0.0/pcasys/obj/src/lib/mlp/boltz.o /home/ptkkhiem/Rel_5.0.0/pcasys/obj/src/lib/mlp/ch_bprms.o /home/ptkkhiem/Rel_5.0.0/pcasys/obj/src/lib/mlp/csopiwh.o /home/ptkkhiem/Rel_5.0.0/pcasys/obj/src/lib/mlp/cvr.o /home/ptkkhiem/Rel_5.0.0/pcasys/obj/src/lib/mlp/cwrite.o /home/ptkkhiem/Rel_5.0.0/pcasys/obj/src/lib/mlp/e_and_g.o /home/ptkkhiem/Rel_5.0.0/pcasys/obj/src/lib/mlp/eb.o /home/ptkkhiem/Rel_5.0.0/pcasys/obj/src/lib/mlp/eb_cat_e.o /home/ptkkhiem/Rel_5.0.0/pcasys/obj/src/lib/mlp/eb_cat_w.o /home/ptkkhiem/Rel_5.0.0/pcasys/obj/src/lib/mlp/ef.o /home/ptkkhiem/Rel_5.0.0/pcasys/obj/src/lib/mlp/endopt.o /home/ptkkhiem/Rel_5.0.0/pcasys/obj/src/lib/mlp/fsaso.o /home/ptkkhiem/Rel_5.0.0/pcasys/obj/src/lib/mlp/get_phr.o /home/ptkkhiem/Rel_5.0.0/pcasys/obj/src/lib/mlp/getpat.o /home/ptkkhiem/Rel_5.0.0/pcasys/obj/src/lib/mlp/got_blk.o /home/ptkkhiem/Rel_5.0.0/pcasys/obj/src/lib/mlp/got_c.o /home/ptkkhiem/Rel_5.0.0/pcasys/obj/src/lib/mlp/got_nc_c.o /home/ptkkhiem/Rel_5.0.0/pcasys/obj/src/lib/mlp/is_we.o /home/ptkkhiem/Rel_5.0.0/pcasys/obj/src/lib/mlp/lbfgs.o /home/ptkkhiem/Rel_5.0.0/pcasys/obj/src/lib/mlp/lbfgs_dr.o /home/ptkkhiem/Rel_5.0.0/pcasys/obj/src/lib/mlp/lgl_pnm.o /home/ptkkhiem/Rel_5.0.0/pcasys/obj/src/lib/mlp/lgl_tbl.o /home/ptkkhiem/Rel_5.0.0/pcasys/obj/src/lib/mlp/little.o /home/ptkkhiem/Rel_5.0.0/pcasys/obj/src/lib/mlp/lng2shrt.o /home/ptkkhiem/Rel_5.0.0/pcasys/obj/src/lib/mlp/mlpcla.o /home/ptkkhiem/Rel_5.0.0/pcasys/obj/src/lib/mlp/mtch_pnm.o /home/ptkkhiem/Rel_5.0.0/pcasys/obj/src/lib/mlp/neverset.o /home/ptkkhiem/Rel_5.0.0/pcasys/obj/src/lib/mlp/optchk.o /home/ptkkhiem/Rel_5.0.0/pcasys/obj/src/lib/mlp/optwts.o /home/ptkkhiem/Rel_5.0.0/pcasys/obj/src/lib/mlp/pat_io.o /home/ptkkhiem/Rel_5.0.0/pcasys/obj/src/lib/mlp/rd_cwts.o /home/ptkkhiem/Rel_5.0.0/pcasys/obj/src/lib/mlp/rd_words.o /home/ptkkhiem/Rel_5.0.0/pcasys/obj/src/lib/mlp/rprt_prs.o /home/ptkkhiem/Rel_5.0.0/pcasys/obj/src/lib/mlp/runmlp.o /home/ptkkhiem/Rel_5.0.0/pcasys/obj/src/lib/mlp/scanspec.o /home/ptkkhiem/Rel_5.0.0/pcasys/obj/src/lib/mlp/scg.o /home/ptkkhiem/Rel_5.0.0/pcasys/obj/src/lib/mlp/set_fpw.o /home/ptkkhiem/Rel_5.0.0/pcasys/obj/src/lib/mlp/st_nv_ok.o /home/ptkkhiem/Rel_5.0.0/pcasys/obj/src/lib/mlp/strm_fmt.o /home/ptkkhiem/Rel_5.0.0/pcasys/obj/src/lib/mlp/target.o /home/ptkkhiem/Rel_5.0.0/pcasys/obj/src/lib/mlp/tsp_w.o /home/ptkkhiem/Rel_5.0.0/pcasys/obj/src/lib/mlp/uni.o /home/ptkkhiem/Rel_5.0.0/pcasys/obj/src/lib/mlp/wts.o
ar: `u' modifier ignored since `D' is the default (see `U')
ar: creating /home/ptkkhiem/Rel_5.0.0/pcasys/lib/libmlp.a
/usr/bin/cp /home/ptkkhiem/Rel_5.0.0/pcasys/lib/libmlp.a /home/ptkkhiem/Rel_5.0.0/exports/lib
make[4]: Leaving directory '/home/ptkkhiem/Rel_5.0.0/pcasys/src/lib/mlp'
End: Compiling mlp library.
Start: Compiling pca library....
make[4]: Entering directory '/home/ptkkhiem/Rel_5.0.0/pcasys/src/lib/pca'
/usr/bin/gcc -O2 -w -ansi -D_POSIX_SOURCE -D__NBISLE__  -D__NBIS_OPENJP2__ -D__NBIS_PNG__ -m64 -fPIC -fcommon -I/home/ptkkhiem/Rel_5.0.0/pcasys/include -I/home/ptkkhiem/Rel_5.0.0/exports/include -c -o /home/ptkkhiem/Rel_5.0.0/pcasys/obj/src/lib/pca/combine.o combine.c
/usr/bin/gcc -O2 -w -ansi -D_POSIX_SOURCE -D__NBISLE__  -D__NBIS_OPENJP2__ -D__NBIS_PNG__ -m64 -fPIC -fcommon -I/home/ptkkhiem/Rel_5.0.0/pcasys/include -I/home/ptkkhiem/Rel_5.0.0/exports/include -c -o /home/ptkkhiem/Rel_5.0.0/pcasys/obj/src/lib/pca/eigen.o eigen.c
/usr/bin/gcc -O2 -w -ansi -D_POSIX_SOURCE -D__NBISLE__  -D__NBIS_OPENJP2__ -D__NBIS_PNG__ -m64 -fPIC -fcommon -I/home/ptkkhiem/Rel_5.0.0/pcasys/include -I/home/ptkkhiem/Rel_5.0.0/exports/include -c -o /home/ptkkhiem/Rel_5.0.0/pcasys/obj/src/lib/pca/enhnc.o enhnc.c
/usr/bin/gcc -O2 -w -ansi -D_POSIX_SOURCE -D__NBISLE__  -D__NBIS_OPENJP2__ -D__NBIS_PNG__ -m64 -fPIC -fcommon -I/home/ptkkhiem/Rel_5.0.0/pcasys/include -I/home/ptkkhiem/Rel_5.0.0/exports/include -c -o /home/ptkkhiem/Rel_5.0.0/pcasys/obj/src/lib/pca/inits.o inits.c
/usr/bin/gcc -O2 -w -ansi -D_POSIX_SOURCE -D__NBISLE__  -D__NBIS_OPENJP2__ -D__NBIS_PNG__ -m64 -fPIC -fcommon -I/home/ptkkhiem/Rel_5.0.0/pcasys/include -I/home/ptkkhiem/Rel_5.0.0/exports/include -c -o /home/ptkkhiem/Rel_5.0.0/pcasys/obj/src/lib/pca/mlp_sing.o mlp_sing.c
/usr/bin/gcc -O2 -w -ansi -D_POSIX_SOURCE -D__NBISLE__  -D__NBIS_OPENJP2__ -D__NBIS_PNG__ -m64 -fPIC -fcommon -I/home/ptkkhiem/Rel_5.0.0/pcasys/include -I/home/ptkkhiem/Rel_5.0.0/exports/include -c -o /home/ptkkhiem/Rel_5.0.0/pcasys/obj/src/lib/pca/pnn.o pnn.c
/usr/bin/gcc -O2 -w -ansi -D_POSIX_SOURCE -D__NBISLE__  -D__NBIS_OPENJP2__ -D__NBIS_PNG__ -m64 -fPIC -fcommon -I/home/ptkkhiem/Rel_5.0.0/pcasys/include -I/home/ptkkhiem/Rel_5.0.0/exports/include -c -o /home/ptkkhiem/Rel_5.0.0/pcasys/obj/src/lib/pca/pseudo.o pseudo.c
/usr/bin/gcc -O2 -w -ansi -D_POSIX_SOURCE -D__NBISLE__  -D__NBIS_OPENJP2__ -D__NBIS_PNG__ -m64 -fPIC -fcommon -I/home/ptkkhiem/Rel_5.0.0/pcasys/include -I/home/ptkkhiem/Rel_5.0.0/exports/include -c -o /home/ptkkhiem/Rel_5.0.0/pcasys/obj/src/lib/pca/r92.o r92.c
/usr/bin/gcc -O2 -w -ansi -D_POSIX_SOURCE -D__NBISLE__  -D__NBIS_OPENJP2__ -D__NBIS_PNG__ -m64 -fPIC -fcommon -I/home/ptkkhiem/Rel_5.0.0/pcasys/include -I/home/ptkkhiem/Rel_5.0.0/exports/include -c -o /home/ptkkhiem/Rel_5.0.0/pcasys/obj/src/lib/pca/r92a.o r92a.c
/usr/bin/gcc -O2 -w -ansi -D_POSIX_SOURCE -D__NBISLE__  -D__NBIS_OPENJP2__ -D__NBIS_PNG__ -m64 -fPIC -fcommon -I/home/ptkkhiem/Rel_5.0.0/pcasys/include -I/home/ptkkhiem/Rel_5.0.0/exports/include -c -o /home/ptkkhiem/Rel_5.0.0/pcasys/obj/src/lib/pca/readfing.o readfing.c
/usr/bin/gcc -O2 -w -ansi -D_POSIX_SOURCE -D__NBISLE__  -D__NBIS_OPENJP2__ -D__NBIS_PNG__ -m64 -fPIC -fcommon -I/home/ptkkhiem/Rel_5.0.0/pcasys/include -I/home/ptkkhiem/Rel_5.0.0/exports/include -c -o /home/ptkkhiem/Rel_5.0.0/pcasys/obj/src/lib/pca/results.o results.c
/usr/bin/gcc -O2 -w -ansi -D_POSIX_SOURCE -D__NBISLE__  -D__NBIS_OPENJP2__ -D__NBIS_PNG__ -m64 -fPIC -fcommon -I/home/ptkkhiem/Rel_5.0.0/pcasys/include -I/home/ptkkhiem/Rel_5.0.0/exports/include -c -o /home/ptkkhiem/Rel_5.0.0/pcasys/obj/src/lib/pca/ridge.o ridge.c
/usr/bin/gcc -O2 -w -ansi -D_POSIX_SOURCE -D__NBISLE__  -D__NBIS_OPENJP2__ -D__NBIS_PNG__ -m64 -fPIC -fcommon -I/home/ptkkhiem/Rel_5.0.0/pcasys/include -I/home/ptkkhiem/Rel_5.0.0/exports/include -c -o /home/ptkkhiem/Rel_5.0.0/pcasys/obj/src/lib/pca/sgmnt.o sgmnt.c
/usr/bin/gcc -O2 -w -ansi -D_POSIX_SOURCE -D__NBISLE__  -D__NBIS_OPENJP2__ -D__NBIS_PNG__ -m64 -fPIC -fcommon -I/home/ptkkhiem/Rel_5.0.0/pcasys/include -I/home/ptkkhiem/Rel_5.0.0/exports/include -c -o /home/ptkkhiem/Rel_5.0.0/pcasys/obj/src/lib/pca/trnsfrm.o trnsfrm.c
ar ru /home/ptkkhiem/Rel_5.0.0/pcasys/lib/libpca.a /home/ptkkhiem/Rel_5.0.0/pcasys/obj/src/lib/pca/combine.o /home/ptkkhiem/Rel_5.0.0/pcasys/obj/src/lib/pca/eigen.o /home/ptkkhiem/Rel_5.0.0/pcasys/obj/src/lib/pca/enhnc.o /home/ptkkhiem/Rel_5.0.0/pcasys/obj/src/lib/pca/inits.o /home/ptkkhiem/Rel_5.0.0/pcasys/obj/src/lib/pca/mlp_sing.o /home/ptkkhiem/Rel_5.0.0/pcasys/obj/src/lib/pca/pnn.o /home/ptkkhiem/Rel_5.0.0/pcasys/obj/src/lib/pca/pseudo.o /home/ptkkhiem/Rel_5.0.0/pcasys/obj/src/lib/pca/r92.o /home/ptkkhiem/Rel_5.0.0/pcasys/obj/src/lib/pca/r92a.o /home/ptkkhiem/Rel_5.0.0/pcasys/obj/src/lib/pca/readfing.o /home/ptkkhiem/Rel_5.0.0/pcasys/obj/src/lib/pca/results.o /home/ptkkhiem/Rel_5.0.0/pcasys/obj/src/lib/pca/ridge.o /home/ptkkhiem/Rel_5.0.0/pcasys/obj/src/lib/pca/sgmnt.o /home/ptkkhiem/Rel_5.0.0/pcasys/obj/src/lib/pca/trnsfrm.o
ar: `u' modifier ignored since `D' is the default (see `U')
ar: creating /home/ptkkhiem/Rel_5.0.0/pcasys/lib/libpca.a
/usr/bin/cp /home/ptkkhiem/Rel_5.0.0/pcasys/lib/libpca.a /home/ptkkhiem/Rel_5.0.0/exports/lib
make[4]: Leaving directory '/home/ptkkhiem/Rel_5.0.0/pcasys/src/lib/pca'
End: Compiling pca library.
Start: Compiling pcautil library....
make[4]: Entering directory '/home/ptkkhiem/Rel_5.0.0/pcasys/src/lib/pcautil'
/usr/bin/gcc -O2 -w -ansi -D_POSIX_SOURCE -D__NBISLE__  -D__NBIS_OPENJP2__ -D__NBIS_PNG__ -m64 -fPIC -fcommon -I/home/ptkkhiem/Rel_5.0.0/pcasys/include -I/home/ptkkhiem/Rel_5.0.0/exports/include -c -o /home/ptkkhiem/Rel_5.0.0/pcasys/obj/src/lib/pcautil/imgdec.o imgdec.c
/usr/bin/gcc -O2 -w -ansi -D_POSIX_SOURCE -D__NBISLE__  -D__NBIS_OPENJP2__ -D__NBIS_PNG__ -m64 -fPIC -fcommon -I/home/ptkkhiem/Rel_5.0.0/pcasys/include -I/home/ptkkhiem/Rel_5.0.0/exports/include -c -o /home/ptkkhiem/Rel_5.0.0/pcasys/obj/src/lib/pcautil/io_c.o io_c.c
/usr/bin/gcc -O2 -w -ansi -D_POSIX_SOURCE -D__NBISLE__  -D__NBIS_OPENJP2__ -D__NBIS_PNG__ -m64 -fPIC -fcommon -I/home/ptkkhiem/Rel_5.0.0/pcasys/include -I/home/ptkkhiem/Rel_5.0.0/exports/include -c -o /home/ptkkhiem/Rel_5.0.0/pcasys/obj/src/lib/pcautil/io_m.o io_m.c
/usr/bin/gcc -O2 -w -ansi -D_POSIX_SOURCE -D__NBISLE__  -D__NBIS_OPENJP2__ -D__NBIS_PNG__ -m64 -fPIC -fcommon -I/home/ptkkhiem/Rel_5.0.0/pcasys/include -I/home/ptkkhiem/Rel_5.0.0/exports/include -c -o /home/ptkkhiem/Rel_5.0.0/pcasys/obj/src/lib/pcautil/io_v.o io_v.c
/usr/bin/gcc -O2 -w -ansi -D_POSIX_SOURCE -D__NBISLE__  -D__NBIS_OPENJP2__ -D__NBIS_PNG__ -m64 -fPIC -fcommon -I/home/ptkkhiem/Rel_5.0.0/pcasys/include -I/home/ptkkhiem/Rel_5.0.0/exports/include -c -o /home/ptkkhiem/Rel_5.0.0/pcasys/obj/src/lib/pcautil/little.o little.c
/usr/bin/gcc -O2 -w -ansi -D_POSIX_SOURCE -D__NBISLE__  -D__NBIS_OPENJP2__ -D__NBIS_PNG__ -m64 -fPIC -fcommon -I/home/ptkkhiem/Rel_5.0.0/pcasys/include -I/home/ptkkhiem/Rel_5.0.0/exports/include -c -o /home/ptkkhiem/Rel_5.0.0/pcasys/obj/src/lib/pcautil/optrws_r.o optrws_r.c
/usr/bin/gcc -O2 -w -ansi -D_POSIX_SOURCE -D__NBISLE__  -D__NBIS_OPENJP2__ -D__NBIS_PNG__ -m64 -fPIC -fcommon -I/home/ptkkhiem/Rel_5.0.0/pcasys/include -I/home/ptkkhiem/Rel_5.0.0/exports/include -c -o /home/ptkkhiem/Rel_5.0.0/pcasys/obj/src/lib/pcautil/swapbyte.o swapbyte.c
/usr/bin/gcc -O2 -w -ansi -D_POSIX_SOURCE -D__NBISLE__  -D__NBIS_OPENJP2__ -D__NBIS_PNG__ -m64 -fPIC -fcommon -I/home/ptkkhiem/Rel_5.0.0/pcasys/include -I/home/ptkkhiem/Rel_5.0.0/exports/include -c -o /home/ptkkhiem/Rel_5.0.0/pcasys/obj/src/lib/pcautil/table.o table.c
ar ru /home/ptkkhiem/Rel_5.0.0/pcasys/lib/libpcautil.a /home/ptkkhiem/Rel_5.0.0/pcasys/obj/src/lib/pcautil/imgdec.o /home/ptkkhiem/Rel_5.0.0/pcasys/obj/src/lib/pcautil/io_c.o /home/ptkkhiem/Rel_5.0.0/pcasys/obj/src/lib/pcautil/io_m.o /home/ptkkhiem/Rel_5.0.0/pcasys/obj/src/lib/pcautil/io_v.o /home/ptkkhiem/Rel_5.0.0/pcasys/obj/src/lib/pcautil/little.o /home/ptkkhiem/Rel_5.0.0/pcasys/obj/src/lib/pcautil/optrws_r.o /home/ptkkhiem/Rel_5.0.0/pcasys/obj/src/lib/pcautil/swapbyte.o /home/ptkkhiem/Rel_5.0.0/pcasys/obj/src/lib/pcautil/table.o
ar: `u' modifier ignored since `D' is the default (see `U')
ar: creating /home/ptkkhiem/Rel_5.0.0/pcasys/lib/libpcautil.a
/usr/bin/cp /home/ptkkhiem/Rel_5.0.0/pcasys/lib/libpcautil.a /home/ptkkhiem/Rel_5.0.0/exports/lib
make[4]: Leaving directory '/home/ptkkhiem/Rel_5.0.0/pcasys/src/lib/pcautil'
End: Compiling pcautil library.
make[3]: Leaving directory '/home/ptkkhiem/Rel_5.0.0/pcasys/src/lib'
make[2]: Leaving directory '/home/ptkkhiem/Rel_5.0.0/pcasys/src'
End: Compiling pcasys libraries.
make[1]: Leaving directory '/home/ptkkhiem/Rel_5.0.0/pcasys'
make[1]: Entering directory '/home/ptkkhiem/Rel_5.0.0/ijg'
make[1]: Leaving directory '/home/ptkkhiem/Rel_5.0.0/ijg'
make[1]: Entering directory '/home/ptkkhiem/Rel_5.0.0/png'
make[1]: Leaving directory '/home/ptkkhiem/Rel_5.0.0/png'
make[1]: Entering directory '/home/ptkkhiem/Rel_5.0.0/openjp2'
Start: Compiling openjp2's binaries....
make[2]: Entering directory '/home/ptkkhiem/Rel_5.0.0/openjp2/src'
make[3]: Entering directory '/home/ptkkhiem/Rel_5.0.0/buildutil'
make[3]: Nothing to be done for 'bin'.
make[3]: Leaving directory '/home/ptkkhiem/Rel_5.0.0/buildutil'
make[2]: Leaving directory '/home/ptkkhiem/Rel_5.0.0/openjp2/src'
End: Compiling openjp2's binaries.
make[1]: Leaving directory '/home/ptkkhiem/Rel_5.0.0/openjp2'
make[1]: Entering directory '/home/ptkkhiem/Rel_5.0.0/commonnbis'
Start: Compiling commonnbis's binaries....
make[2]: Entering directory '/home/ptkkhiem/Rel_5.0.0/commonnbis/src'
make[3]: Entering directory '/home/ptkkhiem/Rel_5.0.0/commonnbis/src/bin'
make[3]: Nothing to be done for 'bins'.
make[3]: Leaving directory '/home/ptkkhiem/Rel_5.0.0/commonnbis/src/bin'
make[2]: Leaving directory '/home/ptkkhiem/Rel_5.0.0/commonnbis/src'
End: Compiling commonnbis's binaries.
make[1]: Leaving directory '/home/ptkkhiem/Rel_5.0.0/commonnbis'
make[1]: Entering directory '/home/ptkkhiem/Rel_5.0.0/an2k'
Start: Compiling an2k's binaries....
make[2]: Entering directory '/home/ptkkhiem/Rel_5.0.0/an2k/src'
make[3]: Entering directory '/home/ptkkhiem/Rel_5.0.0/an2k/src/bin'
Start: Compiling an2k2iaf binary....
make[4]: Entering directory '/home/ptkkhiem/Rel_5.0.0/an2k/src/bin/an2k2iaf'
/usr/bin/gcc -O2 -w -ansi -D_POSIX_SOURCE -D__NBISLE__  -D__NBIS_OPENJP2__ -D__NBIS_PNG__ -m64 -fPIC -fcommon -I/home/ptkkhiem/Rel_5.0.0/an2k/include -I/home/ptkkhiem/Rel_5.0.0/exports/include -c -o /home/ptkkhiem/Rel_5.0.0/an2k/obj/src/bin/an2k2iaf/an2k2iaf.o an2k2iaf.c
/usr/bin/gcc -m64 -fPIC /home/ptkkhiem/Rel_5.0.0/an2k/obj/src/bin/an2k2iaf/an2k2iaf.o /home/ptkkhiem/Rel_5.0.0/exports/lib/liban2k.a /home/ptkkhiem/Rel_5.0.0/exports/lib/libioutil.a /home/ptkkhiem/Rel_5.0.0/exports/lib/libutil.a  -o /home/ptkkhiem/Rel_5.0.0/an2k/bin/an2k2iaf
make[4]: Leaving directory '/home/ptkkhiem/Rel_5.0.0/an2k/src/bin/an2k2iaf'
End: Compiling an2k2iaf binary.
Start: Compiling an2k2txt binary....
make[4]: Entering directory '/home/ptkkhiem/Rel_5.0.0/an2k/src/bin/an2k2txt'
/usr/bin/gcc -O2 -w -ansi -D_POSIX_SOURCE -D__NBISLE__  -D__NBIS_OPENJP2__ -D__NBIS_PNG__ -m64 -fPIC -fcommon -I/home/ptkkhiem/Rel_5.0.0/an2k/include -I/home/ptkkhiem/Rel_5.0.0/exports/include -c -o /home/ptkkhiem/Rel_5.0.0/an2k/obj/src/bin/an2k2txt/an2k2txt.o an2k2txt.c
/usr/bin/gcc -m64 -fPIC /home/ptkkhiem/Rel_5.0.0/an2k/obj/src/bin/an2k2txt/an2k2txt.o /home/ptkkhiem/Rel_5.0.0/exports/lib/liban2k.a /home/ptkkhiem/Rel_5.0.0/exports/lib/libimage.a /home/ptkkhiem/Rel_5.0.0/exports/lib/libihead.a /home/ptkkhiem/Rel_5.0.0/exports/lib/libwsq.a /home/ptkkhiem/Rel_5.0.0/exports/lib/libioutil.a /home/ptkkhiem/Rel_5.0.0/exports/lib/libutil.a  -o /home/ptkkhiem/Rel_5.0.0/an2k/bin/an2k2txt
make[4]: Leaving directory '/home/ptkkhiem/Rel_5.0.0/an2k/src/bin/an2k2txt'
End: Compiling an2k2txt binary.
Start: Compiling an2ktool binary....
make[4]: Entering directory '/home/ptkkhiem/Rel_5.0.0/an2k/src/bin/an2ktool'
/usr/bin/gcc -O2 -w -ansi -D_POSIX_SOURCE -D__NBISLE__  -D__NBIS_OPENJP2__ -D__NBIS_PNG__ -m64 -fPIC -fcommon -I/home/ptkkhiem/Rel_5.0.0/an2k/include -I/home/ptkkhiem/Rel_5.0.0/exports/include -c -o /home/ptkkhiem/Rel_5.0.0/an2k/obj/src/bin/an2ktool/an2ktool.o an2ktool.c
/usr/bin/gcc -m64 -fPIC /home/ptkkhiem/Rel_5.0.0/an2k/obj/src/bin/an2ktool/an2ktool.o /home/ptkkhiem/Rel_5.0.0/exports/lib/liban2k.a /home/ptkkhiem/Rel_5.0.0/exports/lib/libimage.a /home/ptkkhiem/Rel_5.0.0/exports/lib/libihead.a /home/ptkkhiem/Rel_5.0.0/exports/lib/libwsq.a /home/ptkkhiem/Rel_5.0.0/exports/lib/libioutil.a /home/ptkkhiem/Rel_5.0.0/exports/lib/libutil.a  -o /home/ptkkhiem/Rel_5.0.0/an2k/bin/an2ktool
make[4]: Leaving directory '/home/ptkkhiem/Rel_5.0.0/an2k/src/bin/an2ktool'
End: Compiling an2ktool binary.
Start: Compiling chkan2k binary....
make[4]: Entering directory '/home/ptkkhiem/Rel_5.0.0/an2k/src/bin/chkan2k'
/usr/bin/gcc -O2 -w -ansi -D_POSIX_SOURCE -D__NBISLE__  -D__NBIS_OPENJP2__ -D__NBIS_PNG__ -m64 -fPIC -fcommon -I/home/ptkkhiem/Rel_5.0.0/an2k/include -I/home/ptkkhiem/Rel_5.0.0/exports/include -c -o /home/ptkkhiem/Rel_5.0.0/an2k/obj/src/bin/chkan2k/chkan2k.o chkan2k.c
/usr/bin/gcc -O2 -w -ansi -D_POSIX_SOURCE -D__NBISLE__  -D__NBIS_OPENJP2__ -D__NBIS_PNG__ -m64 -fPIC -fcommon -I/home/ptkkhiem/Rel_5.0.0/an2k/include -I/home/ptkkhiem/Rel_5.0.0/exports/include -c -o /home/ptkkhiem/Rel_5.0.0/an2k/obj/src/bin/chkan2k/config.o config.c
/usr/bin/gcc -O2 -w -ansi -D_POSIX_SOURCE -D__NBISLE__  -D__NBIS_OPENJP2__ -D__NBIS_PNG__ -m64 -fPIC -fcommon -I/home/ptkkhiem/Rel_5.0.0/an2k/include -I/home/ptkkhiem/Rel_5.0.0/exports/include -c -o /home/ptkkhiem/Rel_5.0.0/an2k/obj/src/bin/chkan2k/logger.o logger.c
/usr/bin/gcc -O2 -w -ansi -D_POSIX_SOURCE -D__NBISLE__  -D__NBIS_OPENJP2__ -D__NBIS_PNG__ -m64 -fPIC -fcommon -I/home/ptkkhiem/Rel_5.0.0/an2k/include -I/home/ptkkhiem/Rel_5.0.0/exports/include -c -o /home/ptkkhiem/Rel_5.0.0/an2k/obj/src/bin/chkan2k/chkfile.o chkfile.c
/usr/bin/gcc -O2 -w -ansi -D_POSIX_SOURCE -D__NBISLE__  -D__NBIS_OPENJP2__ -D__NBIS_PNG__ -m64 -fPIC -fcommon -I/home/ptkkhiem/Rel_5.0.0/an2k/include -I/home/ptkkhiem/Rel_5.0.0/exports/include -c -o /home/ptkkhiem/Rel_5.0.0/an2k/obj/src/bin/chkan2k/combos.o combos.c
/usr/bin/gcc -m64 -fPIC /home/ptkkhiem/Rel_5.0.0/an2k/obj/src/bin/chkan2k/chkan2k.o /home/ptkkhiem/Rel_5.0.0/an2k/obj/src/bin/chkan2k/config.o /home/ptkkhiem/Rel_5.0.0/an2k/obj/src/bin/chkan2k/logger.o /home/ptkkhiem/Rel_5.0.0/an2k/obj/src/bin/chkan2k/chkfile.o /home/ptkkhiem/Rel_5.0.0/an2k/obj/src/bin/chkan2k/combos.o /home/ptkkhiem/Rel_5.0.0/exports/lib/liban2k.a /home/ptkkhiem/Rel_5.0.0/exports/lib/libimage.a /home/ptkkhiem/Rel_5.0.0/exports/lib/libihead.a /home/ptkkhiem/Rel_5.0.0/exports/lib/libwsq.a /home/ptkkhiem/Rel_5.0.0/exports/lib/libjpegl.a /home/ptkkhiem/Rel_5.0.0/exports/lib/libjpegb.a /home/ptkkhiem/Rel_5.0.0/exports/lib/libfet.a /home/ptkkhiem/Rel_5.0.0/exports/lib/libioutil.a /home/ptkkhiem/Rel_5.0.0/exports/lib/libutil.a /home/ptkkhiem/Rel_5.0.0/exports/lib/libopenjp2.a  /home/ptkkhiem/Rel_5.0.0/exports/lib/libpng.a /home/ptkkhiem/Rel_5.0.0/exports/lib/libz.a -lm -o /home/ptkkhiem/Rel_5.0.0/an2k/bin/chkan2k
make[4]: Leaving directory '/home/ptkkhiem/Rel_5.0.0/an2k/src/bin/chkan2k'
End: Compiling chkan2k binary.
Start: Compiling cropcoeff binary....
make[4]: Entering directory '/home/ptkkhiem/Rel_5.0.0/an2k/src/bin/cropcoeff'
/usr/bin/gcc -O2 -w -ansi -D_POSIX_SOURCE -D__NBISLE__  -D__NBIS_OPENJP2__ -D__NBIS_PNG__ -m64 -fPIC -fcommon -I/home/ptkkhiem/Rel_5.0.0/an2k/include -I/home/ptkkhiem/Rel_5.0.0/exports/include -c -o /home/ptkkhiem/Rel_5.0.0/an2k/obj/src/bin/cropcoeff/autocrop.o autocrop.c
/usr/bin/gcc -O2 -w -ansi -D_POSIX_SOURCE -D__NBISLE__  -D__NBIS_OPENJP2__ -D__NBIS_PNG__ -m64 -fPIC -fcommon -I/home/ptkkhiem/Rel_5.0.0/an2k/include -I/home/ptkkhiem/Rel_5.0.0/exports/include -c -o /home/ptkkhiem/Rel_5.0.0/an2k/obj/src/bin/cropcoeff/main.o main.c
/usr/bin/gcc -m64 -fPIC /home/ptkkhiem/Rel_5.0.0/an2k/obj/src/bin/cropcoeff/autocrop.o /home/ptkkhiem/Rel_5.0.0/an2k/obj/src/bin/cropcoeff/main.o /home/ptkkhiem/Rel_5.0.0/exports/lib/libimage.a /home/ptkkhiem/Rel_5.0.0/exports/lib/liban2k.a /home/ptkkhiem/Rel_5.0.0/exports/lib/libihead.a /home/ptkkhiem/Rel_5.0.0/exports/lib/libwsq.a /home/ptkkhiem/Rel_5.0.0/exports/lib/libjpegb.a /home/ptkkhiem/Rel_5.0.0/exports/lib/libjpegl.a /home/ptkkhiem/Rel_5.0.0/exports/lib/libfet.a /home/ptkkhiem/Rel_5.0.0/exports/lib/libioutil.a /home/ptkkhiem/Rel_5.0.0/exports/lib/libutil.a -lm -o /home/ptkkhiem/Rel_5.0.0/an2k/bin/cropcoeff
make[4]: Leaving directory '/home/ptkkhiem/Rel_5.0.0/an2k/src/bin/cropcoeff'
End: Compiling cropcoeff binary.
Start: Compiling histogen binary....
make[4]: Entering directory '/home/ptkkhiem/Rel_5.0.0/an2k/src/bin/histogen'
/usr/bin/gcc -O2 -w -ansi -D_POSIX_SOURCE -D__NBISLE__  -D__NBIS_OPENJP2__ -D__NBIS_PNG__ -m64 -fPIC -fcommon -I/home/ptkkhiem/Rel_5.0.0/an2k/include -I/home/ptkkhiem/Rel_5.0.0/exports/include -c -o /home/ptkkhiem/Rel_5.0.0/an2k/obj/src/bin/histogen/histogen.o histogen.c
/usr/bin/gcc -O2 -w -ansi -D_POSIX_SOURCE -D__NBISLE__  -D__NBIS_OPENJP2__ -D__NBIS_PNG__ -m64 -fPIC -fcommon -I/home/ptkkhiem/Rel_5.0.0/an2k/include -I/home/ptkkhiem/Rel_5.0.0/exports/include -c -o /home/ptkkhiem/Rel_5.0.0/an2k/obj/src/bin/histogen/chkfile.o chkfile.c
/usr/bin/gcc -m64 -fPIC /home/ptkkhiem/Rel_5.0.0/an2k/obj/src/bin/histogen/histogen.o /home/ptkkhiem/Rel_5.0.0/an2k/obj/src/bin/histogen/chkfile.o   -o /home/ptkkhiem/Rel_5.0.0/an2k/bin/histogen
make[4]: Leaving directory '/home/ptkkhiem/Rel_5.0.0/an2k/src/bin/histogen'
End: Compiling histogen binary.
Start: Compiling iaf2an2k binary....
make[4]: Entering directory '/home/ptkkhiem/Rel_5.0.0/an2k/src/bin/iaf2an2k'
/usr/bin/gcc -O2 -w -ansi -D_POSIX_SOURCE -D__NBISLE__  -D__NBIS_OPENJP2__ -D__NBIS_PNG__ -m64 -fPIC -fcommon -I/home/ptkkhiem/Rel_5.0.0/an2k/include -I/home/ptkkhiem/Rel_5.0.0/exports/include -c -o /home/ptkkhiem/Rel_5.0.0/an2k/obj/src/bin/iaf2an2k/iaf2an2k.o iaf2an2k.c
/usr/bin/gcc -m64 -fPIC /home/ptkkhiem/Rel_5.0.0/an2k/obj/src/bin/iaf2an2k/iaf2an2k.o /home/ptkkhiem/Rel_5.0.0/exports/lib/liban2k.a /home/ptkkhiem/Rel_5.0.0/exports/lib/libioutil.a /home/ptkkhiem/Rel_5.0.0/exports/lib/libutil.a  -o /home/ptkkhiem/Rel_5.0.0/an2k/bin/iaf2an2k
make[4]: Leaving directory '/home/ptkkhiem/Rel_5.0.0/an2k/src/bin/iaf2an2k'
End: Compiling iaf2an2k binary.
Start: Compiling txt2an2k binary....
make[4]: Entering directory '/home/ptkkhiem/Rel_5.0.0/an2k/src/bin/txt2an2k'
/usr/bin/gcc -O2 -w -ansi -D_POSIX_SOURCE -D__NBISLE__  -D__NBIS_OPENJP2__ -D__NBIS_PNG__ -m64 -fPIC -fcommon -I/home/ptkkhiem/Rel_5.0.0/an2k/include -I/home/ptkkhiem/Rel_5.0.0/exports/include -c -o /home/ptkkhiem/Rel_5.0.0/an2k/obj/src/bin/txt2an2k/txt2an2k.o txt2an2k.c
/usr/bin/gcc -m64 -fPIC /home/ptkkhiem/Rel_5.0.0/an2k/obj/src/bin/txt2an2k/txt2an2k.o /home/ptkkhiem/Rel_5.0.0/exports/lib/liban2k.a /home/ptkkhiem/Rel_5.0.0/exports/lib/libimage.a /home/ptkkhiem/Rel_5.0.0/exports/lib/libihead.a /home/ptkkhiem/Rel_5.0.0/exports/lib/libwsq.a /home/ptkkhiem/Rel_5.0.0/exports/lib/libioutil.a /home/ptkkhiem/Rel_5.0.0/exports/lib/libutil.a  -o /home/ptkkhiem/Rel_5.0.0/an2k/bin/txt2an2k
make[4]: Leaving directory '/home/ptkkhiem/Rel_5.0.0/an2k/src/bin/txt2an2k'
End: Compiling txt2an2k binary.
make[3]: Leaving directory '/home/ptkkhiem/Rel_5.0.0/an2k/src/bin'
make[2]: Leaving directory '/home/ptkkhiem/Rel_5.0.0/an2k/src'
End: Compiling an2k's binaries.
make[1]: Leaving directory '/home/ptkkhiem/Rel_5.0.0/an2k'
make[1]: Entering directory '/home/ptkkhiem/Rel_5.0.0/bozorth3'
Start: Compiling bozorth3's binaries....
make[2]: Entering directory '/home/ptkkhiem/Rel_5.0.0/bozorth3/src'
make[3]: Entering directory '/home/ptkkhiem/Rel_5.0.0/bozorth3/src/bin'
Start: Compiling bozorth3 binary....
make[4]: Entering directory '/home/ptkkhiem/Rel_5.0.0/bozorth3/src/bin/bozorth3'
/usr/bin/gcc -O2 -w -ansi -D_POSIX_SOURCE -D__NBISLE__  -D__NBIS_OPENJP2__ -D__NBIS_PNG__ -m64 -fPIC -fcommon -I/home/ptkkhiem/Rel_5.0.0/bozorth3/include -I/home/ptkkhiem/Rel_5.0.0/exports/include -c -o /home/ptkkhiem/Rel_5.0.0/bozorth3/obj/src/bin/bozorth3/bozorth3.o bozorth3.c
/usr/bin/gcc -O2 -w -ansi -D_POSIX_SOURCE -D__NBISLE__  -D__NBIS_OPENJP2__ -D__NBIS_PNG__ -m64 -fPIC -fcommon -I/home/ptkkhiem/Rel_5.0.0/bozorth3/include -I/home/ptkkhiem/Rel_5.0.0/exports/include -c -o /home/ptkkhiem/Rel_5.0.0/bozorth3/obj/src/bin/bozorth3/usage.o usage.c
/usr/bin/gcc -m64 -fPIC /home/ptkkhiem/Rel_5.0.0/bozorth3/obj/src/bin/bozorth3/bozorth3.o /home/ptkkhiem/Rel_5.0.0/bozorth3/obj/src/bin/bozorth3/usage.o /home/ptkkhiem/Rel_5.0.0/exports/lib/libbozorth3.a  -lm -o /home/ptkkhiem/Rel_5.0.0/bozorth3/bin/bozorth3
make[4]: Leaving directory '/home/ptkkhiem/Rel_5.0.0/bozorth3/src/bin/bozorth3'
End: Compiling bozorth3 binary.
make[3]: Leaving directory '/home/ptkkhiem/Rel_5.0.0/bozorth3/src/bin'
make[2]: Leaving directory '/home/ptkkhiem/Rel_5.0.0/bozorth3/src'
End: Compiling bozorth3's binaries.
make[1]: Leaving directory '/home/ptkkhiem/Rel_5.0.0/bozorth3'
make[1]: Entering directory '/home/ptkkhiem/Rel_5.0.0/imgtools'
Start: Compiling imgtools's binaries....
make[2]: Entering directory '/home/ptkkhiem/Rel_5.0.0/imgtools/src'
make[3]: Entering directory '/home/ptkkhiem/Rel_5.0.0/imgtools/src/bin'
Start: Compiling cjpegb binary....
make[4]: Entering directory '/home/ptkkhiem/Rel_5.0.0/imgtools/src/bin/cjpegb'
/usr/bin/gcc -O2 -w -ansi -D_POSIX_SOURCE -D__NBISLE__  -D__NBIS_OPENJP2__ -D__NBIS_PNG__ -m64 -fPIC -fcommon -I/home/ptkkhiem/Rel_5.0.0/imgtools/include -I/home/ptkkhiem/Rel_5.0.0/exports/include -c -o /home/ptkkhiem/Rel_5.0.0/imgtools/obj/src/bin/cjpegb/cjpegb.o cjpegb.c
/usr/bin/gcc -m64 -fPIC /home/ptkkhiem/Rel_5.0.0/imgtools/obj/src/bin/cjpegb/cjpegb.o /home/ptkkhiem/Rel_5.0.0/exports/lib/libimage.a /home/ptkkhiem/Rel_5.0.0/exports/lib/libihead.a /home/ptkkhiem/Rel_5.0.0/exports/lib/libjpegb.a /home/ptkkhiem/Rel_5.0.0/exports/lib/libjpegl.a /home/ptkkhiem/Rel_5.0.0/exports/lib/libfet.a /home/ptkkhiem/Rel_5.0.0/exports/lib/libioutil.a /home/ptkkhiem/Rel_5.0.0/exports/lib/libutil.a -lm -o /home/ptkkhiem/Rel_5.0.0/imgtools/bin/cjpegb
make[4]: Leaving directory '/home/ptkkhiem/Rel_5.0.0/imgtools/src/bin/cjpegb'
End: Compiling cjpegb binary.
Start: Compiling cjpegl binary....
make[4]: Entering directory '/home/ptkkhiem/Rel_5.0.0/imgtools/src/bin/cjpegl'
/usr/bin/gcc -O2 -w -ansi -D_POSIX_SOURCE -D__NBISLE__  -D__NBIS_OPENJP2__ -D__NBIS_PNG__ -m64 -fPIC -fcommon -I/home/ptkkhiem/Rel_5.0.0/imgtools/include -I/home/ptkkhiem/Rel_5.0.0/exports/include -c -o /home/ptkkhiem/Rel_5.0.0/imgtools/obj/src/bin/cjpegl/cjpegl.o cjpegl.c
/usr/bin/gcc -m64 -fPIC /home/ptkkhiem/Rel_5.0.0/imgtools/obj/src/bin/cjpegl/cjpegl.o /home/ptkkhiem/Rel_5.0.0/exports/lib/libimage.a /home/ptkkhiem/Rel_5.0.0/exports/lib/libihead.a /home/ptkkhiem/Rel_5.0.0/exports/lib/libjpegl.a /home/ptkkhiem/Rel_5.0.0/exports/lib/libfet.a /home/ptkkhiem/Rel_5.0.0/exports/lib/libioutil.a /home/ptkkhiem/Rel_5.0.0/exports/lib/libutil.a -lm -o /home/ptkkhiem/Rel_5.0.0/imgtools/bin/cjpegl
make[4]: Leaving directory '/home/ptkkhiem/Rel_5.0.0/imgtools/src/bin/cjpegl'
End: Compiling cjpegl binary.
Start: Compiling cwsq binary....
make[4]: Entering directory '/home/ptkkhiem/Rel_5.0.0/imgtools/src/bin/cwsq'
/usr/bin/gcc -O2 -w -ansi -D_POSIX_SOURCE -D__NBISLE__  -D__NBIS_OPENJP2__ -D__NBIS_PNG__ -m64 -fPIC -fcommon -I/home/ptkkhiem/Rel_5.0.0/imgtools/include -I/home/ptkkhiem/Rel_5.0.0/exports/include -c -o /home/ptkkhiem/Rel_5.0.0/imgtools/obj/src/bin/cwsq/cwsq.o cwsq.c
/usr/bin/gcc -m64 -fPIC /home/ptkkhiem/Rel_5.0.0/imgtools/obj/src/bin/cwsq/cwsq.o /home/ptkkhiem/Rel_5.0.0/exports/lib/libimage.a /home/ptkkhiem/Rel_5.0.0/exports/lib/libihead.a /home/ptkkhiem/Rel_5.0.0/exports/lib/libwsq.a /home/ptkkhiem/Rel_5.0.0/exports/lib/libjpegl.a /home/ptkkhiem/Rel_5.0.0/exports/lib/libfet.a /home/ptkkhiem/Rel_5.0.0/exports/lib/libioutil.a /home/ptkkhiem/Rel_5.0.0/exports/lib/libutil.a -lm -o /home/ptkkhiem/Rel_5.0.0/imgtools/bin/cwsq
make[4]: Leaving directory '/home/ptkkhiem/Rel_5.0.0/imgtools/src/bin/cwsq'
End: Compiling cwsq binary.
Start: Compiling diffbyts binary....
make[4]: Entering directory '/home/ptkkhiem/Rel_5.0.0/imgtools/src/bin/diffbyts'
/usr/bin/gcc -O2 -w -ansi -D_POSIX_SOURCE -D__NBISLE__  -D__NBIS_OPENJP2__ -D__NBIS_PNG__ -m64 -fPIC -fcommon -I/home/ptkkhiem/Rel_5.0.0/imgtools/include -I/home/ptkkhiem/Rel_5.0.0/exports/include -c -o /home/ptkkhiem/Rel_5.0.0/imgtools/obj/src/bin/diffbyts/diffbyts.o diffbyts.c
/usr/bin/gcc -m64 -fPIC /home/ptkkhiem/Rel_5.0.0/imgtools/obj/src/bin/diffbyts/diffbyts.o /home/ptkkhiem/Rel_5.0.0/exports/lib/libimage.a /home/ptkkhiem/Rel_5.0.0/exports/lib/libihead.a /home/ptkkhiem/Rel_5.0.0/exports/lib/libioutil.a /home/ptkkhiem/Rel_5.0.0/exports/lib/libutil.a -lm -o /home/ptkkhiem/Rel_5.0.0/imgtools/bin/diffbyts
make[4]: Leaving directory '/home/ptkkhiem/Rel_5.0.0/imgtools/src/bin/diffbyts'
End: Compiling diffbyts binary.
Start: Compiling djpegb binary....
make[4]: Entering directory '/home/ptkkhiem/Rel_5.0.0/imgtools/src/bin/djpegb'
/usr/bin/gcc -O2 -w -ansi -D_POSIX_SOURCE -D__NBISLE__  -D__NBIS_OPENJP2__ -D__NBIS_PNG__ -m64 -fPIC -fcommon -I/home/ptkkhiem/Rel_5.0.0/imgtools/include -I/home/ptkkhiem/Rel_5.0.0/exports/include -c -o /home/ptkkhiem/Rel_5.0.0/imgtools/obj/src/bin/djpegb/djpegb.o djpegb.c
/usr/bin/gcc -m64 -fPIC /home/ptkkhiem/Rel_5.0.0/imgtools/obj/src/bin/djpegb/djpegb.o /home/ptkkhiem/Rel_5.0.0/exports/lib/libimage.a /home/ptkkhiem/Rel_5.0.0/exports/lib/libihead.a /home/ptkkhiem/Rel_5.0.0/exports/lib/libjpegb.a /home/ptkkhiem/Rel_5.0.0/exports/lib/libjpegl.a /home/ptkkhiem/Rel_5.0.0/exports/lib/libfet.a /home/ptkkhiem/Rel_5.0.0/exports/lib/libioutil.a /home/ptkkhiem/Rel_5.0.0/exports/lib/libutil.a -lm -o /home/ptkkhiem/Rel_5.0.0/imgtools/bin/djpegb
make[4]: Leaving directory '/home/ptkkhiem/Rel_5.0.0/imgtools/src/bin/djpegb'
End: Compiling djpegb binary.
Start: Compiling djpegl binary....
make[4]: Entering directory '/home/ptkkhiem/Rel_5.0.0/imgtools/src/bin/djpegl'
/usr/bin/gcc -O2 -w -ansi -D_POSIX_SOURCE -D__NBISLE__  -D__NBIS_OPENJP2__ -D__NBIS_PNG__ -m64 -fPIC -fcommon -I/home/ptkkhiem/Rel_5.0.0/imgtools/include -I/home/ptkkhiem/Rel_5.0.0/exports/include -c -o /home/ptkkhiem/Rel_5.0.0/imgtools/obj/src/bin/djpegl/djpegl.o djpegl.c
/usr/bin/gcc -m64 -fPIC /home/ptkkhiem/Rel_5.0.0/imgtools/obj/src/bin/djpegl/djpegl.o /home/ptkkhiem/Rel_5.0.0/exports/lib/libimage.a /home/ptkkhiem/Rel_5.0.0/exports/lib/libihead.a /home/ptkkhiem/Rel_5.0.0/exports/lib/libjpegl.a /home/ptkkhiem/Rel_5.0.0/exports/lib/libfet.a /home/ptkkhiem/Rel_5.0.0/exports/lib/libioutil.a /home/ptkkhiem/Rel_5.0.0/exports/lib/libutil.a -lm -o /home/ptkkhiem/Rel_5.0.0/imgtools/bin/djpegl
make[4]: Leaving directory '/home/ptkkhiem/Rel_5.0.0/imgtools/src/bin/djpegl'
End: Compiling djpegl binary.
Start: Compiling djpeglsd binary....
make[4]: Entering directory '/home/ptkkhiem/Rel_5.0.0/imgtools/src/bin/djpeglsd'
/usr/bin/gcc -O2 -w -ansi -D_POSIX_SOURCE -D__NBISLE__  -D__NBIS_OPENJP2__ -D__NBIS_PNG__ -m64 -fPIC -fcommon -I/home/ptkkhiem/Rel_5.0.0/imgtools/include -I/home/ptkkhiem/Rel_5.0.0/exports/include -c -o /home/ptkkhiem/Rel_5.0.0/imgtools/obj/src/bin/djpeglsd/djpeglsd.o djpeglsd.c
/usr/bin/gcc -m64 -fPIC /home/ptkkhiem/Rel_5.0.0/imgtools/obj/src/bin/djpeglsd/djpeglsd.o /home/ptkkhiem/Rel_5.0.0/exports/lib/libimage.a /home/ptkkhiem/Rel_5.0.0/exports/lib/libihead.a /home/ptkkhiem/Rel_5.0.0/exports/lib/libjpegl.a /home/ptkkhiem/Rel_5.0.0/exports/lib/libfet.a /home/ptkkhiem/Rel_5.0.0/exports/lib/libioutil.a /home/ptkkhiem/Rel_5.0.0/exports/lib/libutil.a -lm -o /home/ptkkhiem/Rel_5.0.0/imgtools/bin/djpeglsd
make[4]: Leaving directory '/home/ptkkhiem/Rel_5.0.0/imgtools/src/bin/djpeglsd'
End: Compiling djpeglsd binary.
Start: Compiling dlwsqcom binary....
make[4]: Entering directory '/home/ptkkhiem/Rel_5.0.0/imgtools/src/bin/dlwsqcom'
/usr/bin/gcc -O2 -w -ansi -D_POSIX_SOURCE -D__NBISLE__  -D__NBIS_OPENJP2__ -D__NBIS_PNG__ -m64 -fPIC -fcommon -I/home/ptkkhiem/Rel_5.0.0/imgtools/include -I/home/ptkkhiem/Rel_5.0.0/exports/include -c -o /home/ptkkhiem/Rel_5.0.0/imgtools/obj/src/bin/dlwsqcom/dlwsqcom.o dlwsqcom.c
/usr/bin/gcc -m64 -fPIC /home/ptkkhiem/Rel_5.0.0/imgtools/obj/src/bin/dlwsqcom/dlwsqcom.o /home/ptkkhiem/Rel_5.0.0/exports/lib/libimage.a /home/ptkkhiem/Rel_5.0.0/exports/lib/libihead.a /home/ptkkhiem/Rel_5.0.0/exports/lib/libwsq.a /home/ptkkhiem/Rel_5.0.0/exports/lib/libjpegl.a /home/ptkkhiem/Rel_5.0.0/exports/lib/libfet.a /home/ptkkhiem/Rel_5.0.0/exports/lib/libioutil.a /home/ptkkhiem/Rel_5.0.0/exports/lib/libutil.a /home/ptkkhiem/Rel_5.0.0/exports/lib/liban2k.a /home/ptkkhiem/Rel_5.0.0/exports/lib/libpng.a /home/ptkkhiem/Rel_5.0.0/exports/lib/libz.a -lm -o /home/ptkkhiem/Rel_5.0.0/imgtools/bin/dlwsqcom
make[4]: Leaving directory '/home/ptkkhiem/Rel_5.0.0/imgtools/src/bin/dlwsqcom'
End: Compiling dlwsqcom binary.
Start: Compiling dwsq binary....
make[4]: Entering directory '/home/ptkkhiem/Rel_5.0.0/imgtools/src/bin/dwsq'
/usr/bin/gcc -O2 -w -ansi -D_POSIX_SOURCE -D__NBISLE__  -D__NBIS_OPENJP2__ -D__NBIS_PNG__ -m64 -fPIC -fcommon -I/home/ptkkhiem/Rel_5.0.0/imgtools/include -I/home/ptkkhiem/Rel_5.0.0/exports/include -c -o /home/ptkkhiem/Rel_5.0.0/imgtools/obj/src/bin/dwsq/dwsq.o dwsq.c
/usr/bin/gcc -m64 -fPIC /home/ptkkhiem/Rel_5.0.0/imgtools/obj/src/bin/dwsq/dwsq.o /home/ptkkhiem/Rel_5.0.0/exports/lib/libimage.a /home/ptkkhiem/Rel_5.0.0/exports/lib/libihead.a /home/ptkkhiem/Rel_5.0.0/exports/lib/libwsq.a /home/ptkkhiem/Rel_5.0.0/exports/lib/libjpegl.a /home/ptkkhiem/Rel_5.0.0/exports/lib/libfet.a /home/ptkkhiem/Rel_5.0.0/exports/lib/libioutil.a /home/ptkkhiem/Rel_5.0.0/exports/lib/libutil.a -lm -o /home/ptkkhiem/Rel_5.0.0/imgtools/bin/dwsq
make[4]: Leaving directory '/home/ptkkhiem/Rel_5.0.0/imgtools/src/bin/dwsq'
End: Compiling dwsq binary.
Start: Compiling dwsq14 binary....
make[4]: Entering directory '/home/ptkkhiem/Rel_5.0.0/imgtools/src/bin/dwsq14'
/usr/bin/gcc -O2 -w -ansi -D_POSIX_SOURCE -D__NBISLE__  -D__NBIS_OPENJP2__ -D__NBIS_PNG__ -m64 -fPIC -fcommon -I/home/ptkkhiem/Rel_5.0.0/imgtools/include -I/home/ptkkhiem/Rel_5.0.0/exports/include -c -o /home/ptkkhiem/Rel_5.0.0/imgtools/obj/src/bin/dwsq14/dwsq14.o dwsq14.c
/usr/bin/gcc -m64 -fPIC /home/ptkkhiem/Rel_5.0.0/imgtools/obj/src/bin/dwsq14/dwsq14.o /home/ptkkhiem/Rel_5.0.0/exports/lib/libimage.a /home/ptkkhiem/Rel_5.0.0/exports/lib/liban2k.a /home/ptkkhiem/Rel_5.0.0/exports/lib/libihead.a /home/ptkkhiem/Rel_5.0.0/exports/lib/libwsq.a /home/ptkkhiem/Rel_5.0.0/exports/lib/libjpegl.a /home/ptkkhiem/Rel_5.0.0/exports/lib/libfet.a /home/ptkkhiem/Rel_5.0.0/exports/lib/libioutil.a /home/ptkkhiem/Rel_5.0.0/exports/lib/libutil.a /home/ptkkhiem/Rel_5.0.0/exports/lib/libpng.a /home/ptkkhiem/Rel_5.0.0/exports/lib/libz.a -lm -o /home/ptkkhiem/Rel_5.0.0/imgtools/bin/dwsq14
make[4]: Leaving directory '/home/ptkkhiem/Rel_5.0.0/imgtools/src/bin/dwsq14'
End: Compiling dwsq14 binary.
Start: Compiling intr2not binary....
make[4]: Entering directory '/home/ptkkhiem/Rel_5.0.0/imgtools/src/bin/intr2not'
/usr/bin/gcc -O2 -w -ansi -D_POSIX_SOURCE -D__NBISLE__  -D__NBIS_OPENJP2__ -D__NBIS_PNG__ -m64 -fPIC -fcommon -I/home/ptkkhiem/Rel_5.0.0/imgtools/include -I/home/ptkkhiem/Rel_5.0.0/exports/include -c -o /home/ptkkhiem/Rel_5.0.0/imgtools/obj/src/bin/intr2not/intr2not.o intr2not.c
/usr/bin/gcc -m64 -fPIC /home/ptkkhiem/Rel_5.0.0/imgtools/obj/src/bin/intr2not/intr2not.o /home/ptkkhiem/Rel_5.0.0/exports/lib/libimage.a /home/ptkkhiem/Rel_5.0.0/exports/lib/libihead.a /home/ptkkhiem/Rel_5.0.0/exports/lib/libjpegl.a /home/ptkkhiem/Rel_5.0.0/exports/lib/libfet.a /home/ptkkhiem/Rel_5.0.0/exports/lib/libioutil.a /home/ptkkhiem/Rel_5.0.0/exports/lib/libutil.a -lm -o /home/ptkkhiem/Rel_5.0.0/imgtools/bin/intr2not
make[4]: Leaving directory '/home/ptkkhiem/Rel_5.0.0/imgtools/src/bin/intr2not'
End: Compiling intr2not binary.
Start: Compiling not2intr binary....
make[4]: Entering directory '/home/ptkkhiem/Rel_5.0.0/imgtools/src/bin/not2intr'
/usr/bin/gcc -O2 -w -ansi -D_POSIX_SOURCE -D__NBISLE__  -D__NBIS_OPENJP2__ -D__NBIS_PNG__ -m64 -fPIC -fcommon -I/home/ptkkhiem/Rel_5.0.0/imgtools/include -I/home/ptkkhiem/Rel_5.0.0/exports/include -c -o /home/ptkkhiem/Rel_5.0.0/imgtools/obj/src/bin/not2intr/not2intr.o not2intr.c
/usr/bin/gcc -m64 -fPIC /home/ptkkhiem/Rel_5.0.0/imgtools/obj/src/bin/not2intr/not2intr.o /home/ptkkhiem/Rel_5.0.0/exports/lib/libimage.a /home/ptkkhiem/Rel_5.0.0/exports/lib/libihead.a /home/ptkkhiem/Rel_5.0.0/exports/lib/libjpegl.a /home/ptkkhiem/Rel_5.0.0/exports/lib/libfet.a /home/ptkkhiem/Rel_5.0.0/exports/lib/libioutil.a /home/ptkkhiem/Rel_5.0.0/exports/lib/libutil.a -lm -o /home/ptkkhiem/Rel_5.0.0/imgtools/bin/not2intr
make[4]: Leaving directory '/home/ptkkhiem/Rel_5.0.0/imgtools/src/bin/not2intr'
End: Compiling not2intr binary.
Start: Compiling rdimgwh binary....
make[4]: Entering directory '/home/ptkkhiem/Rel_5.0.0/imgtools/src/bin/rdimgwh'
/usr/bin/gcc -O2 -w -ansi -D_POSIX_SOURCE -D__NBISLE__  -D__NBIS_OPENJP2__ -D__NBIS_PNG__ -m64 -fPIC -fcommon -I/home/ptkkhiem/Rel_5.0.0/imgtools/include -I/home/ptkkhiem/Rel_5.0.0/exports/include -c -o /home/ptkkhiem/Rel_5.0.0/imgtools/obj/src/bin/rdimgwh/rdimgwh.o rdimgwh.c
/usr/bin/gcc -m64 -fPIC /home/ptkkhiem/Rel_5.0.0/imgtools/obj/src/bin/rdimgwh/rdimgwh.o /home/ptkkhiem/Rel_5.0.0/exports/lib/liban2k.a /home/ptkkhiem/Rel_5.0.0/exports/lib/libimage.a /home/ptkkhiem/Rel_5.0.0/exports/lib/liban2k.a /home/ptkkhiem/Rel_5.0.0/exports/lib/libihead.a /home/ptkkhiem/Rel_5.0.0/exports/lib/libwsq.a /home/ptkkhiem/Rel_5.0.0/exports/lib/libjpegl.a /home/ptkkhiem/Rel_5.0.0/exports/lib/libjpegb.a /home/ptkkhiem/Rel_5.0.0/exports/lib/libfet.a /home/ptkkhiem/Rel_5.0.0/exports/lib/libioutil.a /home/ptkkhiem/Rel_5.0.0/exports/lib/libutil.a /home/ptkkhiem/Rel_5.0.0/exports/lib/libpng.a /home/ptkkhiem/Rel_5.0.0/exports/lib/libz.a -lm -o /home/ptkkhiem/Rel_5.0.0/imgtools/bin/rdimgwh
make[4]: Leaving directory '/home/ptkkhiem/Rel_5.0.0/imgtools/src/bin/rdimgwh'
End: Compiling rdimgwh binary.
Start: Compiling rdwsqcom binary....
make[4]: Entering directory '/home/ptkkhiem/Rel_5.0.0/imgtools/src/bin/rdwsqcom'
/usr/bin/gcc -O2 -w -ansi -D_POSIX_SOURCE -D__NBISLE__  -D__NBIS_OPENJP2__ -D__NBIS_PNG__ -m64 -fPIC -fcommon -I/home/ptkkhiem/Rel_5.0.0/imgtools/include -I/home/ptkkhiem/Rel_5.0.0/exports/include -c -o /home/ptkkhiem/Rel_5.0.0/imgtools/obj/src/bin/rdwsqcom/rdwsqcom.o rdwsqcom.c
/usr/bin/gcc -m64 -fPIC /home/ptkkhiem/Rel_5.0.0/imgtools/obj/src/bin/rdwsqcom/rdwsqcom.o /home/ptkkhiem/Rel_5.0.0/exports/lib/libimage.a /home/ptkkhiem/Rel_5.0.0/exports/lib/liban2k.a /home/ptkkhiem/Rel_5.0.0/exports/lib/libihead.a /home/ptkkhiem/Rel_5.0.0/exports/lib/libwsq.a /home/ptkkhiem/Rel_5.0.0/exports/lib/libjpegl.a /home/ptkkhiem/Rel_5.0.0/exports/lib/libfet.a /home/ptkkhiem/Rel_5.0.0/exports/lib/libioutil.a /home/ptkkhiem/Rel_5.0.0/exports/lib/libutil.a /home/ptkkhiem/Rel_5.0.0/exports/lib/libpng.a /home/ptkkhiem/Rel_5.0.0/exports/lib/libz.a -lm -o /home/ptkkhiem/Rel_5.0.0/imgtools/bin/rdwsqcom
make[4]: Leaving directory '/home/ptkkhiem/Rel_5.0.0/imgtools/src/bin/rdwsqcom'
End: Compiling rdwsqcom binary.
Start: Compiling rgb2ycc binary....
make[4]: Entering directory '/home/ptkkhiem/Rel_5.0.0/imgtools/src/bin/rgb2ycc'
/usr/bin/gcc -O2 -w -ansi -D_POSIX_SOURCE -D__NBISLE__  -D__NBIS_OPENJP2__ -D__NBIS_PNG__ -m64 -fPIC -fcommon -I/home/ptkkhiem/Rel_5.0.0/imgtools/include -I/home/ptkkhiem/Rel_5.0.0/exports/include -c -o /home/ptkkhiem/Rel_5.0.0/imgtools/obj/src/bin/rgb2ycc/rgb2ycc.o rgb2ycc.c
/usr/bin/gcc -m64 -fPIC /home/ptkkhiem/Rel_5.0.0/imgtools/obj/src/bin/rgb2ycc/rgb2ycc.o /home/ptkkhiem/Rel_5.0.0/exports/lib/libimage.a /home/ptkkhiem/Rel_5.0.0/exports/lib/libihead.a /home/ptkkhiem/Rel_5.0.0/exports/lib/libjpegl.a /home/ptkkhiem/Rel_5.0.0/exports/lib/libfet.a /home/ptkkhiem/Rel_5.0.0/exports/lib/libioutil.a /home/ptkkhiem/Rel_5.0.0/exports/lib/libutil.a -lm -o /home/ptkkhiem/Rel_5.0.0/imgtools/bin/rgb2ycc
make[4]: Leaving directory '/home/ptkkhiem/Rel_5.0.0/imgtools/src/bin/rgb2ycc'
End: Compiling rgb2ycc binary.
Start: Compiling sd_rfmt binary....
make[4]: Entering directory '/home/ptkkhiem/Rel_5.0.0/imgtools/src/bin/sd_rfmt'
/usr/bin/gcc -O2 -w -ansi -D_POSIX_SOURCE -D__NBISLE__  -D__NBIS_OPENJP2__ -D__NBIS_PNG__ -m64 -fPIC -fcommon -I/home/ptkkhiem/Rel_5.0.0/imgtools/include -I/home/ptkkhiem/Rel_5.0.0/exports/include -c -o /home/ptkkhiem/Rel_5.0.0/imgtools/obj/src/bin/sd_rfmt/sd_rfmt.o sd_rfmt.c
/usr/bin/gcc -m64 -fPIC /home/ptkkhiem/Rel_5.0.0/imgtools/obj/src/bin/sd_rfmt/sd_rfmt.o /home/ptkkhiem/Rel_5.0.0/exports/lib/libimage.a /home/ptkkhiem/Rel_5.0.0/exports/lib/libihead.a /home/ptkkhiem/Rel_5.0.0/exports/lib/libwsq.a /home/ptkkhiem/Rel_5.0.0/exports/lib/libjpegl.a /home/ptkkhiem/Rel_5.0.0/exports/lib/libfet.a /home/ptkkhiem/Rel_5.0.0/exports/lib/libioutil.a /home/ptkkhiem/Rel_5.0.0/exports/lib/libutil.a -lm -o /home/ptkkhiem/Rel_5.0.0/imgtools/bin/sd_rfmt
make[4]: Leaving directory '/home/ptkkhiem/Rel_5.0.0/imgtools/src/bin/sd_rfmt'
End: Compiling sd_rfmt binary.
Start: Compiling wrwsqcom binary....
make[4]: Entering directory '/home/ptkkhiem/Rel_5.0.0/imgtools/src/bin/wrwsqcom'
/usr/bin/gcc -O2 -w -ansi -D_POSIX_SOURCE -D__NBISLE__  -D__NBIS_OPENJP2__ -D__NBIS_PNG__ -m64 -fPIC -fcommon -I/home/ptkkhiem/Rel_5.0.0/imgtools/include -I/home/ptkkhiem/Rel_5.0.0/exports/include -c -o /home/ptkkhiem/Rel_5.0.0/imgtools/obj/src/bin/wrwsqcom/wrwsqcom.o wrwsqcom.c
/usr/bin/gcc -m64 -fPIC /home/ptkkhiem/Rel_5.0.0/imgtools/obj/src/bin/wrwsqcom/wrwsqcom.o /home/ptkkhiem/Rel_5.0.0/exports/lib/libimage.a /home/ptkkhiem/Rel_5.0.0/exports/lib/liban2k.a /home/ptkkhiem/Rel_5.0.0/exports/lib/libihead.a /home/ptkkhiem/Rel_5.0.0/exports/lib/libwsq.a /home/ptkkhiem/Rel_5.0.0/exports/lib/libjpegl.a /home/ptkkhiem/Rel_5.0.0/exports/lib/libfet.a /home/ptkkhiem/Rel_5.0.0/exports/lib/libioutil.a /home/ptkkhiem/Rel_5.0.0/exports/lib/libutil.a /home/ptkkhiem/Rel_5.0.0/exports/lib/libpng.a /home/ptkkhiem/Rel_5.0.0/exports/lib/libz.a -lm -o /home/ptkkhiem/Rel_5.0.0/imgtools/bin/wrwsqcom
make[4]: Leaving directory '/home/ptkkhiem/Rel_5.0.0/imgtools/src/bin/wrwsqcom'
End: Compiling wrwsqcom binary.
Start: Compiling ycc2rgb binary....
make[4]: Entering directory '/home/ptkkhiem/Rel_5.0.0/imgtools/src/bin/ycc2rgb'
/usr/bin/gcc -O2 -w -ansi -D_POSIX_SOURCE -D__NBISLE__  -D__NBIS_OPENJP2__ -D__NBIS_PNG__ -m64 -fPIC -fcommon -I/home/ptkkhiem/Rel_5.0.0/imgtools/include -I/home/ptkkhiem/Rel_5.0.0/exports/include -c -o /home/ptkkhiem/Rel_5.0.0/imgtools/obj/src/bin/ycc2rgb/ycc2rgb.o ycc2rgb.c
/usr/bin/gcc -m64 -fPIC /home/ptkkhiem/Rel_5.0.0/imgtools/obj/src/bin/ycc2rgb/ycc2rgb.o /home/ptkkhiem/Rel_5.0.0/exports/lib/libimage.a /home/ptkkhiem/Rel_5.0.0/exports/lib/libihead.a /home/ptkkhiem/Rel_5.0.0/exports/lib/libjpegl.a /home/ptkkhiem/Rel_5.0.0/exports/lib/libfet.a /home/ptkkhiem/Rel_5.0.0/exports/lib/libioutil.a /home/ptkkhiem/Rel_5.0.0/exports/lib/libutil.a -lm -o /home/ptkkhiem/Rel_5.0.0/imgtools/bin/ycc2rgb
make[4]: Leaving directory '/home/ptkkhiem/Rel_5.0.0/imgtools/src/bin/ycc2rgb'
End: Compiling ycc2rgb binary.
make[3]: Leaving directory '/home/ptkkhiem/Rel_5.0.0/imgtools/src/bin'
make[2]: Leaving directory '/home/ptkkhiem/Rel_5.0.0/imgtools/src'
End: Compiling imgtools's binaries.
make[1]: Leaving directory '/home/ptkkhiem/Rel_5.0.0/imgtools'
make[1]: Entering directory '/home/ptkkhiem/Rel_5.0.0/mindtct'
Start: Compiling mindtct's binaries....
make[2]: Entering directory '/home/ptkkhiem/Rel_5.0.0/mindtct/src'
make[3]: Entering directory '/home/ptkkhiem/Rel_5.0.0/mindtct/src/bin'
Start: Compiling mindtct binary....
make[4]: Entering directory '/home/ptkkhiem/Rel_5.0.0/mindtct/src/bin/mindtct'
/usr/bin/gcc -O2 -w -ansi -D_POSIX_SOURCE -D__NBISLE__  -D__NBIS_OPENJP2__ -D__NBIS_PNG__ -m64 -fPIC -fcommon -I/home/ptkkhiem/Rel_5.0.0/mindtct/include -I/home/ptkkhiem/Rel_5.0.0/exports/include -c -o /home/ptkkhiem/Rel_5.0.0/mindtct/obj/src/bin/mindtct/mindtct.o mindtct.c
/usr/bin/gcc -m64 -fPIC /home/ptkkhiem/Rel_5.0.0/mindtct/obj/src/bin/mindtct/mindtct.o /home/ptkkhiem/Rel_5.0.0/exports/lib/libmindtct.a /home/ptkkhiem/Rel_5.0.0/exports/lib/liban2k.a /home/ptkkhiem/Rel_5.0.0/exports/lib/libimage.a /home/ptkkhiem/Rel_5.0.0/exports/lib/libihead.a /home/ptkkhiem/Rel_5.0.0/exports/lib/libwsq.a /home/ptkkhiem/Rel_5.0.0/exports/lib/libjpegl.a /home/ptkkhiem/Rel_5.0.0/exports/lib/libjpegb.a /home/ptkkhiem/Rel_5.0.0/exports/lib/libfet.a /home/ptkkhiem/Rel_5.0.0/exports/lib/libcblas.a /home/ptkkhiem/Rel_5.0.0/exports/lib/libioutil.a /home/ptkkhiem/Rel_5.0.0/exports/lib/libutil.a /home/ptkkhiem/Rel_5.0.0/exports/lib/libopenjp2.a /home/ptkkhiem/Rel_5.0.0/exports/lib/libpng.a /home/ptkkhiem/Rel_5.0.0/exports/lib/libz.a -lm -o /home/ptkkhiem/Rel_5.0.0/mindtct/bin/mindtct
make[4]: Leaving directory '/home/ptkkhiem/Rel_5.0.0/mindtct/src/bin/mindtct'
End: Compiling mindtct binary.
make[3]: Leaving directory '/home/ptkkhiem/Rel_5.0.0/mindtct/src/bin'
make[2]: Leaving directory '/home/ptkkhiem/Rel_5.0.0/mindtct/src'
End: Compiling mindtct's binaries.
make[1]: Leaving directory '/home/ptkkhiem/Rel_5.0.0/mindtct'
make[1]: Entering directory '/home/ptkkhiem/Rel_5.0.0/nfseg'
Start: Compiling nfseg's binaries....
make[2]: Entering directory '/home/ptkkhiem/Rel_5.0.0/nfseg/src'
make[3]: Entering directory '/home/ptkkhiem/Rel_5.0.0/nfseg/src/bin'
Start: Compiling nfseg binary....
make[4]: Entering directory '/home/ptkkhiem/Rel_5.0.0/nfseg/src/bin/nfseg'
/usr/bin/gcc -O2 -w -ansi -D_POSIX_SOURCE -D__NBISLE__  -D__NBIS_OPENJP2__ -D__NBIS_PNG__ -m64 -fPIC -fcommon -I/home/ptkkhiem/Rel_5.0.0/nfseg/include -I/home/ptkkhiem/Rel_5.0.0/exports/include -c -o /home/ptkkhiem/Rel_5.0.0/nfseg/obj/src/bin/nfseg/nfseg.o nfseg.c
/usr/bin/gcc -m64 -fPIC /home/ptkkhiem/Rel_5.0.0/nfseg/obj/src/bin/nfseg/nfseg.o /home/ptkkhiem/Rel_5.0.0/exports/lib/libnfseg.a /home/ptkkhiem/Rel_5.0.0/exports/lib/libimage.a /home/ptkkhiem/Rel_5.0.0/exports/lib/libihead.a /home/ptkkhiem/Rel_5.0.0/exports/lib/libwsq.a /home/ptkkhiem/Rel_5.0.0/exports/lib/libjpegl.a /home/ptkkhiem/Rel_5.0.0/exports/lib/libfet.a /home/ptkkhiem/Rel_5.0.0/exports/lib/liban2k.a /home/ptkkhiem/Rel_5.0.0/exports/lib/libioutil.a /home/ptkkhiem/Rel_5.0.0/exports/lib/libutil.a /home/ptkkhiem/Rel_5.0.0/exports/lib/libpcautil.a /home/ptkkhiem/Rel_5.0.0/exports/lib/libjpegb.a /home/ptkkhiem/Rel_5.0.0/exports/lib/libwsq.a /home/ptkkhiem/Rel_5.0.0/exports/lib/libopenjp2.a /home/ptkkhiem/Rel_5.0.0/exports/lib/libpng.a /home/ptkkhiem/Rel_5.0.0/exports/lib/libz.a -lm -o /home/ptkkhiem/Rel_5.0.0/nfseg/bin/nfseg
make[4]: Leaving directory '/home/ptkkhiem/Rel_5.0.0/nfseg/src/bin/nfseg'
End: Compiling nfseg binary.
make[3]: Leaving directory '/home/ptkkhiem/Rel_5.0.0/nfseg/src/bin'
make[2]: Leaving directory '/home/ptkkhiem/Rel_5.0.0/nfseg/src'
End: Compiling nfseg's binaries.
make[1]: Leaving directory '/home/ptkkhiem/Rel_5.0.0/nfseg'
make[1]: Entering directory '/home/ptkkhiem/Rel_5.0.0/nfiq'
Start: Compiling nfiq's binaries....
make[2]: Entering directory '/home/ptkkhiem/Rel_5.0.0/nfiq/src'
make[3]: Entering directory '/home/ptkkhiem/Rel_5.0.0/nfiq/src/bin'
Start: Compiling fing2pat binary....
make[4]: Entering directory '/home/ptkkhiem/Rel_5.0.0/nfiq/src/bin/fing2pat'
/usr/bin/gcc -O2 -w -ansi -D_POSIX_SOURCE -D__NBISLE__  -D__NBIS_OPENJP2__ -D__NBIS_PNG__ -m64 -fPIC -fcommon -I/home/ptkkhiem/Rel_5.0.0/nfiq/include -I/home/ptkkhiem/Rel_5.0.0/exports/include -c -o /home/ptkkhiem/Rel_5.0.0/nfiq/obj/src/bin/fing2pat/fing2pat.o fing2pat.c
/usr/bin/gcc -m64 -fPIC /home/ptkkhiem/Rel_5.0.0/nfiq/obj/src/bin/fing2pat/fing2pat.o /home/ptkkhiem/Rel_5.0.0/exports/lib/libnfiq.a /home/ptkkhiem/Rel_5.0.0/exports/lib/libmindtct.a /home/ptkkhiem/Rel_5.0.0/exports/lib/libimage.a /home/ptkkhiem/Rel_5.0.0/exports/lib/liban2k.a /home/ptkkhiem/Rel_5.0.0/exports/lib/libihead.a /home/ptkkhiem/Rel_5.0.0/exports/lib/libwsq.a /home/ptkkhiem/Rel_5.0.0/exports/lib/libjpegl.a /home/ptkkhiem/Rel_5.0.0/exports/lib/libjpegb.a /home/ptkkhiem/Rel_5.0.0/exports/lib/libfet.a /home/ptkkhiem/Rel_5.0.0/exports/lib/libmlp.a /home/ptkkhiem/Rel_5.0.0/exports/lib/libcblas.a /home/ptkkhiem/Rel_5.0.0/exports/lib/libioutil.a /home/ptkkhiem/Rel_5.0.0/exports/lib/libpcautil.a /home/ptkkhiem/Rel_5.0.0/exports/lib/libutil.a /home/ptkkhiem/Rel_5.0.0/exports/lib/libopenjp2.a /home/ptkkhiem/Rel_5.0.0/exports/lib/libpng.a /home/ptkkhiem/Rel_5.0.0/exports/lib/libz.a -lm -o /home/ptkkhiem/Rel_5.0.0/nfiq/bin/fing2pat
make[4]: Leaving directory '/home/ptkkhiem/Rel_5.0.0/nfiq/src/bin/fing2pat'
End: Compiling fing2pat binary.
Start: Compiling nfiq binary....
make[4]: Entering directory '/home/ptkkhiem/Rel_5.0.0/nfiq/src/bin/nfiq'
/usr/bin/gcc -O2 -w -ansi -D_POSIX_SOURCE -D__NBISLE__  -D__NBIS_OPENJP2__ -D__NBIS_PNG__ -m64 -fPIC -fcommon -I/home/ptkkhiem/Rel_5.0.0/nfiq/include -I/home/ptkkhiem/Rel_5.0.0/exports/include -c -o /home/ptkkhiem/Rel_5.0.0/nfiq/obj/src/bin/nfiq/nfiq.o nfiq.c
/usr/bin/gcc -m64 -fPIC /home/ptkkhiem/Rel_5.0.0/nfiq/obj/src/bin/nfiq/nfiq.o /home/ptkkhiem/Rel_5.0.0/exports/lib/libnfiq.a /home/ptkkhiem/Rel_5.0.0/exports/lib/libmindtct.a /home/ptkkhiem/Rel_5.0.0/exports/lib/libimage.a /home/ptkkhiem/Rel_5.0.0/exports/lib/liban2k.a /home/ptkkhiem/Rel_5.0.0/exports/lib/libihead.a /home/ptkkhiem/Rel_5.0.0/exports/lib/libwsq.a /home/ptkkhiem/Rel_5.0.0/exports/lib/libjpegl.a /home/ptkkhiem/Rel_5.0.0/exports/lib/libjpegb.a /home/ptkkhiem/Rel_5.0.0/exports/lib/libfet.a /home/ptkkhiem/Rel_5.0.0/exports/lib/libmlp.a /home/ptkkhiem/Rel_5.0.0/exports/lib/libcblas.a /home/ptkkhiem/Rel_5.0.0/exports/lib/libioutil.a /home/ptkkhiem/Rel_5.0.0/exports/lib/libutil.a /home/ptkkhiem/Rel_5.0.0/exports/lib/libopenjp2.a /home/ptkkhiem/Rel_5.0.0/exports/lib/libpng.a /home/ptkkhiem/Rel_5.0.0/exports/lib/libz.a -lm -o /home/ptkkhiem/Rel_5.0.0/nfiq/bin/nfiq
make[4]: Leaving directory '/home/ptkkhiem/Rel_5.0.0/nfiq/src/bin/nfiq'
End: Compiling nfiq binary.
Start: Compiling znormdat binary....
make[4]: Entering directory '/home/ptkkhiem/Rel_5.0.0/nfiq/src/bin/znormdat'
/usr/bin/gcc -O2 -w -ansi -D_POSIX_SOURCE -D__NBISLE__  -D__NBIS_OPENJP2__ -D__NBIS_PNG__ -m64 -fPIC -fcommon -I/home/ptkkhiem/Rel_5.0.0/nfiq/include -I/home/ptkkhiem/Rel_5.0.0/exports/include -c -o /home/ptkkhiem/Rel_5.0.0/nfiq/obj/src/bin/znormdat/znormdat.o znormdat.c
/usr/bin/gcc -m64 -fPIC /home/ptkkhiem/Rel_5.0.0/nfiq/obj/src/bin/znormdat/znormdat.o /home/ptkkhiem/Rel_5.0.0/exports/lib/libnfiq.a /home/ptkkhiem/Rel_5.0.0/exports/lib/libmlp.a /home/ptkkhiem/Rel_5.0.0/exports/lib/libioutil.a /home/ptkkhiem/Rel_5.0.0/exports/lib/libpcautil.a /home/ptkkhiem/Rel_5.0.0/exports/lib/libutil.a -lm -o /home/ptkkhiem/Rel_5.0.0/nfiq/bin/znormdat
make[4]: Leaving directory '/home/ptkkhiem/Rel_5.0.0/nfiq/src/bin/znormdat'
End: Compiling znormdat binary.
Start: Compiling znormpat binary....
make[4]: Entering directory '/home/ptkkhiem/Rel_5.0.0/nfiq/src/bin/znormpat'
/usr/bin/gcc -O2 -w -ansi -D_POSIX_SOURCE -D__NBISLE__  -D__NBIS_OPENJP2__ -D__NBIS_PNG__ -m64 -fPIC -fcommon -I/home/ptkkhiem/Rel_5.0.0/nfiq/include -I/home/ptkkhiem/Rel_5.0.0/exports/include -c -o /home/ptkkhiem/Rel_5.0.0/nfiq/obj/src/bin/znormpat/znormpat.o znormpat.c
/usr/bin/gcc -m64 -fPIC /home/ptkkhiem/Rel_5.0.0/nfiq/obj/src/bin/znormpat/znormpat.o /home/ptkkhiem/Rel_5.0.0/exports/lib/libnfiq.a /home/ptkkhiem/Rel_5.0.0/exports/lib/libmlp.a /home/ptkkhiem/Rel_5.0.0/exports/lib/libioutil.a /home/ptkkhiem/Rel_5.0.0/exports/lib/libpcautil.a /home/ptkkhiem/Rel_5.0.0/exports/lib/libutil.a -lm -o /home/ptkkhiem/Rel_5.0.0/nfiq/bin/znormpat
make[4]: Leaving directory '/home/ptkkhiem/Rel_5.0.0/nfiq/src/bin/znormpat'
End: Compiling znormpat binary.
make[3]: Leaving directory '/home/ptkkhiem/Rel_5.0.0/nfiq/src/bin'
make[2]: Leaving directory '/home/ptkkhiem/Rel_5.0.0/nfiq/src'
End: Compiling nfiq's binaries.
make[1]: Leaving directory '/home/ptkkhiem/Rel_5.0.0/nfiq'
make[1]: Entering directory '/home/ptkkhiem/Rel_5.0.0/pcasys'
Start: Compiling pcasys's binaries....
make[2]: Entering directory '/home/ptkkhiem/Rel_5.0.0/pcasys/src'
make[3]: Entering directory '/home/ptkkhiem/Rel_5.0.0/pcasys/src/bin'
Start: Compiling asc2bin binary....
make[4]: Entering directory '/home/ptkkhiem/Rel_5.0.0/pcasys/src/bin/asc2bin'
/usr/bin/gcc -O2 -w -ansi -D_POSIX_SOURCE -D__NBISLE__  -D__NBIS_OPENJP2__ -D__NBIS_PNG__ -m64 -fPIC -fcommon -I/home/ptkkhiem/Rel_5.0.0/pcasys/include -I/home/ptkkhiem/Rel_5.0.0/exports/include -c -o /home/ptkkhiem/Rel_5.0.0/pcasys/obj/src/bin/asc2bin/asc2bin.o asc2bin.c
/usr/bin/gcc -m64 -fPIC /home/ptkkhiem/Rel_5.0.0/pcasys/obj/src/bin/asc2bin/asc2bin.o /home/ptkkhiem/Rel_5.0.0/exports/lib/libpcautil.a /home/ptkkhiem/Rel_5.0.0/exports/lib/libimage.a /home/ptkkhiem/Rel_5.0.0/exports/lib/libihead.a /home/ptkkhiem/Rel_5.0.0/exports/lib/libioutil.a /home/ptkkhiem/Rel_5.0.0/exports/lib/libutil.a -lm -o /home/ptkkhiem/Rel_5.0.0/pcasys/bin/asc2bin
make[4]: Leaving directory '/home/ptkkhiem/Rel_5.0.0/pcasys/src/bin/asc2bin'
End: Compiling asc2bin binary.
Start: Compiling bin2asc binary....
make[4]: Entering directory '/home/ptkkhiem/Rel_5.0.0/pcasys/src/bin/bin2asc'
/usr/bin/gcc -O2 -w -ansi -D_POSIX_SOURCE -D__NBISLE__  -D__NBIS_OPENJP2__ -D__NBIS_PNG__ -m64 -fPIC -fcommon -I/home/ptkkhiem/Rel_5.0.0/pcasys/include -I/home/ptkkhiem/Rel_5.0.0/exports/include -c -o /home/ptkkhiem/Rel_5.0.0/pcasys/obj/src/bin/bin2asc/bin2asc.o bin2asc.c
/usr/bin/gcc -m64 -fPIC /home/ptkkhiem/Rel_5.0.0/pcasys/obj/src/bin/bin2asc/bin2asc.o /home/ptkkhiem/Rel_5.0.0/exports/lib/libpcautil.a /home/ptkkhiem/Rel_5.0.0/exports/lib/libimage.a /home/ptkkhiem/Rel_5.0.0/exports/lib/libihead.a /home/ptkkhiem/Rel_5.0.0/exports/lib/libioutil.a /home/ptkkhiem/Rel_5.0.0/exports/lib/libutil.a -lm -o /home/ptkkhiem/Rel_5.0.0/pcasys/bin/bin2asc
make[4]: Leaving directory '/home/ptkkhiem/Rel_5.0.0/pcasys/src/bin/bin2asc'
End: Compiling bin2asc binary.
Start: Compiling chgdesc binary....
make[4]: Entering directory '/home/ptkkhiem/Rel_5.0.0/pcasys/src/bin/chgdesc'
/usr/bin/gcc -O2 -w -ansi -D_POSIX_SOURCE -D__NBISLE__  -D__NBIS_OPENJP2__ -D__NBIS_PNG__ -m64 -fPIC -fcommon -I/home/ptkkhiem/Rel_5.0.0/pcasys/include -I/home/ptkkhiem/Rel_5.0.0/exports/include -c -o /home/ptkkhiem/Rel_5.0.0/pcasys/obj/src/bin/chgdesc/chgdesc.o chgdesc.c
/usr/bin/gcc -m64 -fPIC /home/ptkkhiem/Rel_5.0.0/pcasys/obj/src/bin/chgdesc/chgdesc.o /home/ptkkhiem/Rel_5.0.0/exports/lib/libpcautil.a /home/ptkkhiem/Rel_5.0.0/exports/lib/libimage.a /home/ptkkhiem/Rel_5.0.0/exports/lib/libihead.a /home/ptkkhiem/Rel_5.0.0/exports/lib/libioutil.a /home/ptkkhiem/Rel_5.0.0/exports/lib/libutil.a -lm -o /home/ptkkhiem/Rel_5.0.0/pcasys/bin/chgdesc
make[4]: Leaving directory '/home/ptkkhiem/Rel_5.0.0/pcasys/src/bin/chgdesc'
End: Compiling chgdesc binary.
Start: Compiling cmbmcs binary....
make[4]: Entering directory '/home/ptkkhiem/Rel_5.0.0/pcasys/src/bin/cmbmcs'
/usr/bin/gcc -O2 -w -ansi -D_POSIX_SOURCE -D__NBISLE__  -D__NBIS_OPENJP2__ -D__NBIS_PNG__ -m64 -fPIC -fcommon -I/home/ptkkhiem/Rel_5.0.0/pcasys/include -I/home/ptkkhiem/Rel_5.0.0/exports/include -c -o /home/ptkkhiem/Rel_5.0.0/pcasys/obj/src/bin/cmbmcs/cmbmcs.o cmbmcs.c
/usr/bin/gcc -m64 -fPIC /home/ptkkhiem/Rel_5.0.0/pcasys/obj/src/bin/cmbmcs/cmbmcs.o /home/ptkkhiem/Rel_5.0.0/exports/lib/libpcautil.a /home/ptkkhiem/Rel_5.0.0/exports/lib/libimage.a /home/ptkkhiem/Rel_5.0.0/exports/lib/libihead.a /home/ptkkhiem/Rel_5.0.0/exports/lib/libioutil.a /home/ptkkhiem/Rel_5.0.0/exports/lib/libutil.a -lm -o /home/ptkkhiem/Rel_5.0.0/pcasys/bin/cmbmcs
make[4]: Leaving directory '/home/ptkkhiem/Rel_5.0.0/pcasys/src/bin/cmbmcs'
End: Compiling cmbmcs binary.
Start: Compiling datainfo binary....
make[4]: Entering directory '/home/ptkkhiem/Rel_5.0.0/pcasys/src/bin/datainfo'
/usr/bin/gcc -O2 -w -ansi -D_POSIX_SOURCE -D__NBISLE__  -D__NBIS_OPENJP2__ -D__NBIS_PNG__ -m64 -fPIC -fcommon -I/home/ptkkhiem/Rel_5.0.0/pcasys/include -I/home/ptkkhiem/Rel_5.0.0/exports/include -c -o /home/ptkkhiem/Rel_5.0.0/pcasys/obj/src/bin/datainfo/datainfo.o datainfo.c
/usr/bin/gcc -m64 -fPIC /home/ptkkhiem/Rel_5.0.0/pcasys/obj/src/bin/datainfo/datainfo.o /home/ptkkhiem/Rel_5.0.0/exports/lib/libpcautil.a /home/ptkkhiem/Rel_5.0.0/exports/lib/libimage.a /home/ptkkhiem/Rel_5.0.0/exports/lib/libihead.a /home/ptkkhiem/Rel_5.0.0/exports/lib/libioutil.a /home/ptkkhiem/Rel_5.0.0/exports/lib/libutil.a -lm -o /home/ptkkhiem/Rel_5.0.0/pcasys/bin/datainfo
make[4]: Leaving directory '/home/ptkkhiem/Rel_5.0.0/pcasys/src/bin/datainfo'
End: Compiling datainfo binary.
Start: Compiling eva_evt binary....
make[4]: Entering directory '/home/ptkkhiem/Rel_5.0.0/pcasys/src/bin/eva_evt'
/usr/bin/gcc -O2 -w -ansi -D_POSIX_SOURCE -D__NBISLE__  -D__NBIS_OPENJP2__ -D__NBIS_PNG__ -m64 -fPIC -fcommon -I/home/ptkkhiem/Rel_5.0.0/pcasys/include -I/home/ptkkhiem/Rel_5.0.0/exports/include -c -o /home/ptkkhiem/Rel_5.0.0/pcasys/obj/src/bin/eva_evt/eva_evt.o eva_evt.c
/usr/bin/gcc -m64 -fPIC /home/ptkkhiem/Rel_5.0.0/pcasys/obj/src/bin/eva_evt/eva_evt.o /home/ptkkhiem/Rel_5.0.0/exports/lib/libpca.a /home/ptkkhiem/Rel_5.0.0/exports/lib/libclapck.a /home/ptkkhiem/Rel_5.0.0/exports/lib/libcblas.a /home/ptkkhiem/Rel_5.0.0/exports/lib/libpcautil.a /home/ptkkhiem/Rel_5.0.0/exports/lib/libf2c.a /home/ptkkhiem/Rel_5.0.0/exports/lib/libimage.a /home/ptkkhiem/Rel_5.0.0/exports/lib/libihead.a /home/ptkkhiem/Rel_5.0.0/exports/lib/libioutil.a /home/ptkkhiem/Rel_5.0.0/exports/lib/libutil.a -lm -o /home/ptkkhiem/Rel_5.0.0/pcasys/bin/eva_evt
make[4]: Leaving directory '/home/ptkkhiem/Rel_5.0.0/pcasys/src/bin/eva_evt'
End: Compiling eva_evt binary.
Start: Compiling fixwts binary....
make[4]: Entering directory '/home/ptkkhiem/Rel_5.0.0/pcasys/src/bin/fixwts'
/usr/bin/gcc -O2 -w -ansi -D_POSIX_SOURCE -D__NBISLE__  -D__NBIS_OPENJP2__ -D__NBIS_PNG__ -m64 -fPIC -fcommon -I/home/ptkkhiem/Rel_5.0.0/pcasys/include -I/home/ptkkhiem/Rel_5.0.0/exports/include -c -o /home/ptkkhiem/Rel_5.0.0/pcasys/obj/src/bin/fixwts/fixwts.o fixwts.c
/usr/bin/gcc -m64 -fPIC /home/ptkkhiem/Rel_5.0.0/pcasys/obj/src/bin/fixwts/fixwts.o /home/ptkkhiem/Rel_5.0.0/exports/lib/libpcautil.a /home/ptkkhiem/Rel_5.0.0/exports/lib/libimage.a /home/ptkkhiem/Rel_5.0.0/exports/lib/libihead.a /home/ptkkhiem/Rel_5.0.0/exports/lib/libioutil.a /home/ptkkhiem/Rel_5.0.0/exports/lib/libutil.a -lm -o /home/ptkkhiem/Rel_5.0.0/pcasys/bin/fixwts
make[4]: Leaving directory '/home/ptkkhiem/Rel_5.0.0/pcasys/src/bin/fixwts'
End: Compiling fixwts binary.
Start: Compiling kltran binary....
make[4]: Entering directory '/home/ptkkhiem/Rel_5.0.0/pcasys/src/bin/kltran'
/usr/bin/gcc -O2 -w -ansi -D_POSIX_SOURCE -D__NBISLE__  -D__NBIS_OPENJP2__ -D__NBIS_PNG__ -m64 -fPIC -fcommon -I/home/ptkkhiem/Rel_5.0.0/pcasys/include -I/home/ptkkhiem/Rel_5.0.0/exports/include -c -o /home/ptkkhiem/Rel_5.0.0/pcasys/obj/src/bin/kltran/kltran.o kltran.c
/usr/bin/gcc -m64 -fPIC /home/ptkkhiem/Rel_5.0.0/pcasys/obj/src/bin/kltran/kltran.o /home/ptkkhiem/Rel_5.0.0/exports/lib/libpcautil.a /home/ptkkhiem/Rel_5.0.0/exports/lib/libimage.a /home/ptkkhiem/Rel_5.0.0/exports/lib/libihead.a /home/ptkkhiem/Rel_5.0.0/exports/lib/libioutil.a /home/ptkkhiem/Rel_5.0.0/exports/lib/libutil.a -lm -o /home/ptkkhiem/Rel_5.0.0/pcasys/bin/kltran
make[4]: Leaving directory '/home/ptkkhiem/Rel_5.0.0/pcasys/src/bin/kltran'
End: Compiling kltran binary.
Start: Compiling lintran binary....
make[4]: Entering directory '/home/ptkkhiem/Rel_5.0.0/pcasys/src/bin/lintran'
/usr/bin/gcc -O2 -w -ansi -D_POSIX_SOURCE -D__NBISLE__  -D__NBIS_OPENJP2__ -D__NBIS_PNG__ -m64 -fPIC -fcommon -I/home/ptkkhiem/Rel_5.0.0/pcasys/include -I/home/ptkkhiem/Rel_5.0.0/exports/include -c -o /home/ptkkhiem/Rel_5.0.0/pcasys/obj/src/bin/lintran/lintran.o lintran.c
/usr/bin/gcc -m64 -fPIC /home/ptkkhiem/Rel_5.0.0/pcasys/obj/src/bin/lintran/lintran.o /home/ptkkhiem/Rel_5.0.0/exports/lib/libpcautil.a /home/ptkkhiem/Rel_5.0.0/exports/lib/libimage.a /home/ptkkhiem/Rel_5.0.0/exports/lib/libihead.a /home/ptkkhiem/Rel_5.0.0/exports/lib/libioutil.a /home/ptkkhiem/Rel_5.0.0/exports/lib/libutil.a -lm -o /home/ptkkhiem/Rel_5.0.0/pcasys/bin/lintran
make[4]: Leaving directory '/home/ptkkhiem/Rel_5.0.0/pcasys/src/bin/lintran'
End: Compiling lintran binary.
Start: Compiling meancov binary....
make[4]: Entering directory '/home/ptkkhiem/Rel_5.0.0/pcasys/src/bin/meancov'
/usr/bin/gcc -O2 -w -ansi -D_POSIX_SOURCE -D__NBISLE__  -D__NBIS_OPENJP2__ -D__NBIS_PNG__ -m64 -fPIC -fcommon -I/home/ptkkhiem/Rel_5.0.0/pcasys/include -I/home/ptkkhiem/Rel_5.0.0/exports/include -c -o /home/ptkkhiem/Rel_5.0.0/pcasys/obj/src/bin/meancov/meancov.o meancov.c
/usr/bin/gcc -m64 -fPIC /home/ptkkhiem/Rel_5.0.0/pcasys/obj/src/bin/meancov/meancov.o /home/ptkkhiem/Rel_5.0.0/exports/lib/libpcautil.a /home/ptkkhiem/Rel_5.0.0/exports/lib/libimage.a /home/ptkkhiem/Rel_5.0.0/exports/lib/libihead.a /home/ptkkhiem/Rel_5.0.0/exports/lib/libioutil.a /home/ptkkhiem/Rel_5.0.0/exports/lib/libutil.a -lm -o /home/ptkkhiem/Rel_5.0.0/pcasys/bin/meancov
make[4]: Leaving directory '/home/ptkkhiem/Rel_5.0.0/pcasys/src/bin/meancov'
End: Compiling meancov binary.
Start: Compiling mkoas binary....
make[4]: Entering directory '/home/ptkkhiem/Rel_5.0.0/pcasys/src/bin/mkoas'
/usr/bin/gcc -O2 -w -ansi -D_POSIX_SOURCE -D__NBISLE__  -D__NBIS_OPENJP2__ -D__NBIS_PNG__ -m64 -fPIC -fcommon -I/home/ptkkhiem/Rel_5.0.0/pcasys/include -I/home/ptkkhiem/Rel_5.0.0/exports/include -c -o /home/ptkkhiem/Rel_5.0.0/pcasys/obj/src/bin/mkoas/mkoas.o mkoas.c
/usr/bin/gcc -m64 -fPIC /home/ptkkhiem/Rel_5.0.0/pcasys/obj/src/bin/mkoas/mkoas.o /home/ptkkhiem/Rel_5.0.0/exports/lib/libpca.a /home/ptkkhiem/Rel_5.0.0/exports/lib/libmlp.a /home/ptkkhiem/Rel_5.0.0/exports/lib/libpcautil.a /home/ptkkhiem/Rel_5.0.0/exports/lib/libfft.a /home/ptkkhiem/Rel_5.0.0/exports/lib/libimage.a /home/ptkkhiem/Rel_5.0.0/exports/lib/liban2k.a /home/ptkkhiem/Rel_5.0.0/exports/lib/libjpegl.a /home/ptkkhiem/Rel_5.0.0/exports/lib/libjpegb.a /home/ptkkhiem/Rel_5.0.0/exports/lib/libwsq.a /home/ptkkhiem/Rel_5.0.0/exports/lib/libihead.a /home/ptkkhiem/Rel_5.0.0/exports/lib/libfet.a /home/ptkkhiem/Rel_5.0.0/exports/lib/libioutil.a /home/ptkkhiem/Rel_5.0.0/exports/lib/libutil.a /home/ptkkhiem/Rel_5.0.0/exports/lib/libopenjp2.a /home/ptkkhiem/Rel_5.0.0/exports/lib/libpng.a /home/ptkkhiem/Rel_5.0.0/exports/lib/libz.a -lm -o /home/ptkkhiem/Rel_5.0.0/pcasys/bin/mkoas
make[4]: Leaving directory '/home/ptkkhiem/Rel_5.0.0/pcasys/src/bin/mkoas'
End: Compiling mkoas binary.
Start: Compiling mktran binary....
make[4]: Entering directory '/home/ptkkhiem/Rel_5.0.0/pcasys/src/bin/mktran'
/usr/bin/gcc -O2 -w -ansi -D_POSIX_SOURCE -D__NBISLE__  -D__NBIS_OPENJP2__ -D__NBIS_PNG__ -m64 -fPIC -fcommon -I/home/ptkkhiem/Rel_5.0.0/pcasys/include -I/home/ptkkhiem/Rel_5.0.0/exports/include -c -o /home/ptkkhiem/Rel_5.0.0/pcasys/obj/src/bin/mktran/mktran.o mktran.c
/usr/bin/gcc -m64 -fPIC /home/ptkkhiem/Rel_5.0.0/pcasys/obj/src/bin/mktran/mktran.o /home/ptkkhiem/Rel_5.0.0/exports/lib/libpcautil.a /home/ptkkhiem/Rel_5.0.0/exports/lib/libimage.a /home/ptkkhiem/Rel_5.0.0/exports/lib/libihead.a /home/ptkkhiem/Rel_5.0.0/exports/lib/libioutil.a /home/ptkkhiem/Rel_5.0.0/exports/lib/libutil.a -lm -o /home/ptkkhiem/Rel_5.0.0/pcasys/bin/mktran
make[4]: Leaving directory '/home/ptkkhiem/Rel_5.0.0/pcasys/src/bin/mktran'
End: Compiling mktran binary.
Start: Compiling mlp binary....
make[4]: Entering directory '/home/ptkkhiem/Rel_5.0.0/pcasys/src/bin/mlp'
/usr/bin/gcc -O2 -w -ansi -D_POSIX_SOURCE -D__NBISLE__  -D__NBIS_OPENJP2__ -D__NBIS_PNG__ -m64 -fPIC -fcommon -I/home/ptkkhiem/Rel_5.0.0/pcasys/include -I/home/ptkkhiem/Rel_5.0.0/exports/include -c -o /home/ptkkhiem/Rel_5.0.0/pcasys/obj/src/bin/mlp/mlp.o mlp.c
/usr/bin/gcc -m64 -fPIC /home/ptkkhiem/Rel_5.0.0/pcasys/obj/src/bin/mlp/mlp.o /home/ptkkhiem/Rel_5.0.0/exports/lib/libpcautil.a /home/ptkkhiem/Rel_5.0.0/exports/lib/libmlp.a /home/ptkkhiem/Rel_5.0.0/exports/lib/libcblas.a /home/ptkkhiem/Rel_5.0.0/exports/lib/libimage.a /home/ptkkhiem/Rel_5.0.0/exports/lib/libihead.a /home/ptkkhiem/Rel_5.0.0/exports/lib/libioutil.a /home/ptkkhiem/Rel_5.0.0/exports/lib/libutil.a -lm -o /home/ptkkhiem/Rel_5.0.0/pcasys/bin/mlp
make[4]: Leaving directory '/home/ptkkhiem/Rel_5.0.0/pcasys/src/bin/mlp'
End: Compiling mlp binary.
Start: Compiling mlpfeats binary....
make[4]: Entering directory '/home/ptkkhiem/Rel_5.0.0/pcasys/src/bin/mlpfeats'
/usr/bin/gcc -O2 -w -ansi -D_POSIX_SOURCE -D__NBISLE__  -D__NBIS_OPENJP2__ -D__NBIS_PNG__ -m64 -fPIC -fcommon -I/home/ptkkhiem/Rel_5.0.0/pcasys/include -I/home/ptkkhiem/Rel_5.0.0/exports/include -c -o /home/ptkkhiem/Rel_5.0.0/pcasys/obj/src/bin/mlpfeats/mlpfeats.o mlpfeats.c
/usr/bin/gcc -m64 -fPIC /home/ptkkhiem/Rel_5.0.0/pcasys/obj/src/bin/mlpfeats/mlpfeats.o /home/ptkkhiem/Rel_5.0.0/exports/lib/libpcautil.a /home/ptkkhiem/Rel_5.0.0/exports/lib/libimage.a /home/ptkkhiem/Rel_5.0.0/exports/lib/libihead.a /home/ptkkhiem/Rel_5.0.0/exports/lib/libioutil.a /home/ptkkhiem/Rel_5.0.0/exports/lib/libpcautil.a /home/ptkkhiem/Rel_5.0.0/exports/lib/libutil.a -lm -o /home/ptkkhiem/Rel_5.0.0/pcasys/bin/mlpfeats
make[4]: Leaving directory '/home/ptkkhiem/Rel_5.0.0/pcasys/src/bin/mlpfeats'
End: Compiling mlpfeats binary.
Start: Compiling oas2pics binary....
make[4]: Entering directory '/home/ptkkhiem/Rel_5.0.0/pcasys/src/bin/oas2pics'
/usr/bin/gcc -O2 -w -ansi -D_POSIX_SOURCE -D__NBISLE__  -D__NBIS_OPENJP2__ -D__NBIS_PNG__ -m64 -fPIC -fcommon -I/home/ptkkhiem/Rel_5.0.0/pcasys/include -I/home/ptkkhiem/Rel_5.0.0/exports/include -c -o /home/ptkkhiem/Rel_5.0.0/pcasys/obj/src/bin/oas2pics/oas2pics.o oas2pics.c
/usr/bin/gcc -m64 -fPIC /home/ptkkhiem/Rel_5.0.0/pcasys/obj/src/bin/oas2pics/oas2pics.o /home/ptkkhiem/Rel_5.0.0/exports/lib/libpcautil.a /home/ptkkhiem/Rel_5.0.0/exports/lib/libimage.a /home/ptkkhiem/Rel_5.0.0/exports/lib/libihead.a /home/ptkkhiem/Rel_5.0.0/exports/lib/libioutil.a /home/ptkkhiem/Rel_5.0.0/exports/lib/libutil.a -lm -o /home/ptkkhiem/Rel_5.0.0/pcasys/bin/oas2pics
make[4]: Leaving directory '/home/ptkkhiem/Rel_5.0.0/pcasys/src/bin/oas2pics'
End: Compiling oas2pics binary.
Start: Compiling optosf binary....
make[4]: Entering directory '/home/ptkkhiem/Rel_5.0.0/pcasys/src/bin/optosf'
/usr/bin/gcc -O2 -w -ansi -D_POSIX_SOURCE -D__NBISLE__  -D__NBIS_OPENJP2__ -D__NBIS_PNG__ -m64 -fPIC -fcommon -I/home/ptkkhiem/Rel_5.0.0/pcasys/include -I/home/ptkkhiem/Rel_5.0.0/exports/include -c -o /home/ptkkhiem/Rel_5.0.0/pcasys/obj/src/bin/optosf/optosf.o optosf.c
/usr/bin/gcc -m64 -fPIC /home/ptkkhiem/Rel_5.0.0/pcasys/obj/src/bin/optosf/optosf.o /home/ptkkhiem/Rel_5.0.0/exports/lib/libpcautil.a /home/ptkkhiem/Rel_5.0.0/exports/lib/libimage.a /home/ptkkhiem/Rel_5.0.0/exports/lib/libihead.a /home/ptkkhiem/Rel_5.0.0/exports/lib/libioutil.a /home/ptkkhiem/Rel_5.0.0/exports/lib/libutil.a -lm -o /home/ptkkhiem/Rel_5.0.0/pcasys/bin/optosf
make[4]: Leaving directory '/home/ptkkhiem/Rel_5.0.0/pcasys/src/bin/optosf'
End: Compiling optosf binary.
Start: Compiling optrws binary....
make[4]: Entering directory '/home/ptkkhiem/Rel_5.0.0/pcasys/src/bin/optrws'
/usr/bin/gcc -O2 -w -ansi -D_POSIX_SOURCE -D__NBISLE__  -D__NBIS_OPENJP2__ -D__NBIS_PNG__ -m64 -fPIC -fcommon -I/home/ptkkhiem/Rel_5.0.0/pcasys/include -I/home/ptkkhiem/Rel_5.0.0/exports/include -c -o /home/ptkkhiem/Rel_5.0.0/pcasys/obj/src/bin/optrws/optrws.o optrws.c
/usr/bin/gcc -m64 -fPIC /home/ptkkhiem/Rel_5.0.0/pcasys/obj/src/bin/optrws/optrws.o /home/ptkkhiem/Rel_5.0.0/exports/lib/libpcautil.a /home/ptkkhiem/Rel_5.0.0/exports/lib/libimage.a /home/ptkkhiem/Rel_5.0.0/exports/lib/libihead.a /home/ptkkhiem/Rel_5.0.0/exports/lib/libioutil.a /home/ptkkhiem/Rel_5.0.0/exports/lib/libutil.a -lm -o /home/ptkkhiem/Rel_5.0.0/pcasys/bin/optrws
make[4]: Leaving directory '/home/ptkkhiem/Rel_5.0.0/pcasys/src/bin/optrws'
End: Compiling optrws binary.
Start: Compiling optrwsgw binary....
make[4]: Entering directory '/home/ptkkhiem/Rel_5.0.0/pcasys/src/bin/optrwsgw'
/usr/bin/gcc -O2 -w -ansi -D_POSIX_SOURCE -D__NBISLE__  -D__NBIS_OPENJP2__ -D__NBIS_PNG__ -m64 -fPIC -fcommon -I/home/ptkkhiem/Rel_5.0.0/pcasys/include -I/home/ptkkhiem/Rel_5.0.0/exports/include -c -o /home/ptkkhiem/Rel_5.0.0/pcasys/obj/src/bin/optrwsgw/optrwsgw.o optrwsgw.c
/usr/bin/gcc -m64 -fPIC /home/ptkkhiem/Rel_5.0.0/pcasys/obj/src/bin/optrwsgw/optrwsgw.o /home/ptkkhiem/Rel_5.0.0/exports/lib/libpcautil.a /home/ptkkhiem/Rel_5.0.0/exports/lib/libimage.a /home/ptkkhiem/Rel_5.0.0/exports/lib/libihead.a /home/ptkkhiem/Rel_5.0.0/exports/lib/libioutil.a /home/ptkkhiem/Rel_5.0.0/exports/lib/libutil.a -lm -o /home/ptkkhiem/Rel_5.0.0/pcasys/bin/optrwsgw
make[4]: Leaving directory '/home/ptkkhiem/Rel_5.0.0/pcasys/src/bin/optrwsgw'
End: Compiling optrwsgw binary.
Start: Compiling pcasys binary....
make[4]: Entering directory '/home/ptkkhiem/Rel_5.0.0/pcasys/src/bin/pcasys'
/usr/bin/gcc -O2 -w -ansi -D_POSIX_SOURCE -D__NBISLE__  -D__NBIS_OPENJP2__ -D__NBIS_PNG__ -m64 -fPIC -fcommon -I/home/ptkkhiem/Rel_5.0.0/pcasys/include -I/home/ptkkhiem/Rel_5.0.0/exports/include -I/usr -c -o /home/ptkkhiem/Rel_5.0.0/pcasys/obj/src/bin/pcasys/pcasys.o pcasys.c
/usr/bin/gcc -m64 -fPIC /home/ptkkhiem/Rel_5.0.0/pcasys/obj/src/bin/pcasys/pcasys.o /home/ptkkhiem/Rel_5.0.0/exports/lib/libpca.a /home/ptkkhiem/Rel_5.0.0/exports/lib/libmlp.a /home/ptkkhiem/Rel_5.0.0/exports/lib/libcblas.a /home/ptkkhiem/Rel_5.0.0/exports/lib/libpcautil.a /home/ptkkhiem/Rel_5.0.0/exports/lib/libfft.a /home/ptkkhiem/Rel_5.0.0/exports/lib/libimage.a /home/ptkkhiem/Rel_5.0.0/exports/lib/liban2k.a /home/ptkkhiem/Rel_5.0.0/exports/lib/libjpegl.a /home/ptkkhiem/Rel_5.0.0/exports/lib/libjpegb.a /home/ptkkhiem/Rel_5.0.0/exports/lib/libwsq.a /home/ptkkhiem/Rel_5.0.0/exports/lib/libihead.a /home/ptkkhiem/Rel_5.0.0/exports/lib/libfet.a /home/ptkkhiem/Rel_5.0.0/exports/lib/libioutil.a /home/ptkkhiem/Rel_5.0.0/exports/lib/libutil.a /home/ptkkhiem/Rel_5.0.0/exports/lib/libopenjp2.a /home/ptkkhiem/Rel_5.0.0/exports/lib/libpng.a /home/ptkkhiem/Rel_5.0.0/exports/lib/libz.a -lm -o /home/ptkkhiem/Rel_5.0.0/pcasys/bin/pcasys
make[4]: Leaving directory '/home/ptkkhiem/Rel_5.0.0/pcasys/src/bin/pcasys'
End: Compiling pcasys binary.
Start: Compiling rwpics binary....
make[4]: Entering directory '/home/ptkkhiem/Rel_5.0.0/pcasys/src/bin/rwpics'
/usr/bin/gcc -O2 -w -ansi -D_POSIX_SOURCE -D__NBISLE__  -D__NBIS_OPENJP2__ -D__NBIS_PNG__ -m64 -fPIC -fcommon -I/home/ptkkhiem/Rel_5.0.0/pcasys/include -I/home/ptkkhiem/Rel_5.0.0/exports/include -c -o /home/ptkkhiem/Rel_5.0.0/pcasys/obj/src/bin/rwpics/rwpics.o rwpics.c
/usr/bin/gcc -m64 -fPIC /home/ptkkhiem/Rel_5.0.0/pcasys/obj/src/bin/rwpics/rwpics.o /home/ptkkhiem/Rel_5.0.0/exports/lib/libpcautil.a /home/ptkkhiem/Rel_5.0.0/exports/lib/libimage.a /home/ptkkhiem/Rel_5.0.0/exports/lib/libihead.a /home/ptkkhiem/Rel_5.0.0/exports/lib/libioutil.a /home/ptkkhiem/Rel_5.0.0/exports/lib/libutil.a -lm -o /home/ptkkhiem/Rel_5.0.0/pcasys/bin/rwpics
make[4]: Leaving directory '/home/ptkkhiem/Rel_5.0.0/pcasys/src/bin/rwpics'
End: Compiling rwpics binary.
Start: Compiling stackms binary....
make[4]: Entering directory '/home/ptkkhiem/Rel_5.0.0/pcasys/src/bin/stackms'
/usr/bin/gcc -O2 -w -ansi -D_POSIX_SOURCE -D__NBISLE__  -D__NBIS_OPENJP2__ -D__NBIS_PNG__ -m64 -fPIC -fcommon -I/home/ptkkhiem/Rel_5.0.0/pcasys/include -I/home/ptkkhiem/Rel_5.0.0/exports/include -c -o /home/ptkkhiem/Rel_5.0.0/pcasys/obj/src/bin/stackms/stackms.o stackms.c
/usr/bin/gcc -m64 -fPIC /home/ptkkhiem/Rel_5.0.0/pcasys/obj/src/bin/stackms/stackms.o /home/ptkkhiem/Rel_5.0.0/exports/lib/libpcautil.a /home/ptkkhiem/Rel_5.0.0/exports/lib/libimage.a /home/ptkkhiem/Rel_5.0.0/exports/lib/libihead.a /home/ptkkhiem/Rel_5.0.0/exports/lib/libioutil.a /home/ptkkhiem/Rel_5.0.0/exports/lib/libutil.a -lm -o /home/ptkkhiem/Rel_5.0.0/pcasys/bin/stackms
make[4]: Leaving directory '/home/ptkkhiem/Rel_5.0.0/pcasys/src/bin/stackms'
End: Compiling stackms binary.
make[3]: Leaving directory '/home/ptkkhiem/Rel_5.0.0/pcasys/src/bin'
make[2]: Leaving directory '/home/ptkkhiem/Rel_5.0.0/pcasys/src'
End: Compiling pcasys's binaries.
make[1]: Leaving directory '/home/ptkkhiem/Rel_5.0.0/pcasys'
