pair_id,mode,subject_id,identity_id,probe_id,attempt_type,matcher_score,threshold,recorded_matcher_score,gate_error,accepted,elapsed_ms,payload_bytes
0,derive,22,DB1_Lumidgm:22:1,DB1_Lumidgm/74_1_10.wsq,impostor,11,19,11,,False,34.014879,0
0,stored,22,DB1_Lumidgm:22:1,DB1_Lumidgm/74_1_10.wsq,impostor,11,19,11,,False,33.754751,0
1,stored,26,DB1_Lumidgm:26:8,DB1_Lumidgm/55_1_6.wsq,impostor,8,19,8,,False,38.648002,0
1,derive,26,DB1_Lumidgm:26:8,DB1_Lumidgm/55_1_6.wsq,impostor,8,19,8,,False,37.340553,0
2,derive,72,DB1_Lumidgm:72:10,DB1_Lumidgm/72_4_10.wsq,genuine,160,19,160,,True,64.158617,1211
2,stored,72,DB1_Lumidgm:72:10,DB1_Lumidgm/72_4_10.wsq,genuine,160,19,160,,True,63.002595,1211
3,stored,87,DB1_Lumidgm:87:5,DB1_Lumidgm/93_1_8.wsq,impostor,5,19,5,,False,41.340936,0
3,derive,87,DB1_Lumidgm:87:5,DB1_Lumidgm/93_1_8.wsq,impostor,5,19,5,,False,40.338287,0
4,derive,82,DB1_Lumidgm:82:10,DB1_Lumidgm/71_1_7.wsq,impostor,7,19,7,,False,38.064637,0
4,stored,82,DB1_Lumidgm:82:10,DB1_Lumidgm/71_1_7.wsq,impostor,7,19,7,,False,36.849033,0
5,stored,89,DB1_Lumidgm:89:4,DB1_Lumidgm/67_1_5.wsq,impostor,14,19,14,,False,36.174444,0
5,derive,89,DB1_Lumidgm:89:4,DB1_Lumidgm/67_1_5.wsq,impostor,14,19,14,,False,35.756666,0
6,derive,65,DB1_Lumidgm:65:4,DB1_Lumidgm/85_1_7.wsq,impostor,10,19,10,,False,36.336983,0
6,stored,65,DB1_Lumidgm:65:4,DB1_Lumidgm/85_1_7.wsq,impostor,10,19,10,,False,36.110771,0
7,stored,29,DB1_Lumidgm:29:5,DB1_Lumidgm/22_1_8.wsq,impostor,9,19,9,,False,37.325344,0
7,derive,29,DB1_Lumidgm:29:5,DB1_Lumidgm/22_1_8.wsq,impostor,9,19,9,,False,37.217487,0
8,derive,53,DB1_Lumidgm:53:4,DB1_Lumidgm/80_1_7.wsq,impostor,6,19,6,,False,35.405456,0
8,stored,53,DB1_Lumidgm:53:4,DB1_Lumidgm/80_1_7.wsq,impostor,6,19,6,,False,33.917532,0
9,stored,100,DB1_Lumidgm:100:1,DB1_Lumidgm/100_1_3.wsq,impostor,6,19,6,,False,36.652444,0
9,derive,100,DB1_Lumidgm:100:1,DB1_Lumidgm/100_1_3.wsq,impostor,6,19,6,,False,37.051381,0
10,derive,76,DB1_Lumidgm:76:4,DB1_Lumidgm/93_1_5.wsq,impostor,6,19,6,,False,38.685353,0
10,stored,76,DB1_Lumidgm:76:4,DB1_Lumidgm/93_1_5.wsq,impostor,6,19,6,,False,38.824079,0
11,stored,44,DB1_Lumidgm:44:5,DB1_Lumidgm/40_1_6.wsq,impostor,8,19,8,,False,36.527179,0
11,derive,44,DB1_Lumidgm:44:5,DB1_Lumidgm/40_1_6.wsq,impostor,8,19,8,,False,36.454732,0
12,derive,69,DB1_Lumidgm:69:2,DB1_Lumidgm/95_1_5.wsq,impostor,6,19,6,,False,38.251707,0
12,stored,69,DB1_Lumidgm:69:2,DB1_Lumidgm/95_1_5.wsq,impostor,6,19,6,,False,39.281696,0
13,stored,50,DB1_Lumidgm:50:2,DB1_Lumidgm/65_1_2.wsq,impostor,10,19,10,,False,42.231946,0
13,derive,50,DB1_Lumidgm:50:2,DB1_Lumidgm/65_1_2.wsq,impostor,10,19,10,,False,42.544459,0
14,derive,34,DB1_Lumidgm:34:3,DB1_Lumidgm/43_1_8.wsq,impostor,8,19,8,,False,34.999744,0
14,stored,34,DB1_Lumidgm:34:3,DB1_Lumidgm/43_1_8.wsq,impostor,8,19,8,,False,35.773752,0
15,stored,33,DB1_Lumidgm:33:9,DB1_Lumidgm/85_1_9.wsq,impostor,7,19,7,,False,35.562778,0
15,derive,33,DB1_Lumidgm:33:9,DB1_Lumidgm/85_1_9.wsq,impostor,7,19,7,,False,34.713144,0
16,derive,38,DB1_Lumidgm:38:3,DB1_Lumidgm/79_1_9.wsq,impostor,8,19,8,,False,38.421893,0
16,stored,38,DB1_Lumidgm:38:3,DB1_Lumidgm/79_1_9.wsq,impostor,8,19,8,,False,38.342781,0
17,stored,94,DB1_Lumidgm:94:8,DB1_Lumidgm/77_1_7.wsq,impostor,9,19,9,,False,35.795012,0
17,derive,94,DB1_Lumidgm:94:8,DB1_Lumidgm/77_1_7.wsq,impostor,9,19,9,,False,36.293851,0
18,derive,97,DB1_Lumidgm:97:2,DB1_Lumidgm/93_1_4.wsq,impostor,8,19,8,,False,40.983042,0
18,stored,97,DB1_Lumidgm:97:2,DB1_Lumidgm/93_1_4.wsq,impostor,8,19,8,,False,41.578137,0
19,stored,95,DB1_Lumidgm:95:2,DB1_Lumidgm/31_1_9.wsq,impostor,6,19,6,,False,37.503746,0
19,derive,95,DB1_Lumidgm:95:2,DB1_Lumidgm/31_1_9.wsq,impostor,6,19,6,,False,37.762598,0
20,derive,26,DB1_Lumidgm:26:3,DB1_Lumidgm/98_1_9.wsq,impostor,12,19,12,,False,38.146273,0
20,stored,26,DB1_Lumidgm:26:3,DB1_Lumidgm/98_1_9.wsq,impostor,12,19,12,,False,37.277922,0
21,stored,57,DB1_Lumidgm:57:7,DB1_Lumidgm/61_1_3.wsq,impostor,15,19,15,,False,37.531046,0
21,derive,57,DB1_Lumidgm:57:7,DB1_Lumidgm/61_1_3.wsq,impostor,15,19,15,,False,39.403821,0
22,derive,87,DB1_Lumidgm:87:9,DB1_Lumidgm/69_1_10.wsq,impostor,5,19,5,,False,33.585846,0
22,stored,87,DB1_Lumidgm:87:9,DB1_Lumidgm/69_1_10.wsq,impostor,5,19,5,,False,35.171621,0
23,stored,57,DB1_Lumidgm:57:5,DB1_Lumidgm/29_1_3.wsq,impostor,4,19,4,,False,37.559439,0
23,derive,57,DB1_Lumidgm:57:5,DB1_Lumidgm/29_1_3.wsq,impostor,4,19,4,,False,37.626661,0
24,derive,26,DB1_Lumidgm:26:2,DB1_Lumidgm/33_1_4.wsq,impostor,3,19,3,,False,35.755338,0
24,stored,26,DB1_Lumidgm:26:2,DB1_Lumidgm/33_1_4.wsq,impostor,3,19,3,,False,35.051405,0
25,stored,86,DB1_Lumidgm:86:9,DB1_Lumidgm/42_1_8.wsq,impostor,8,19,8,,False,37.932855,0
25,derive,86,DB1_Lumidgm:86:9,DB1_Lumidgm/42_1_8.wsq,impostor,8,19,8,,False,42.390328,0
26,derive,57,DB1_Lumidgm:57:3,DB1_Lumidgm/67_1_3.wsq,impostor,8,19,8,,False,40.217156,0
26,stored,57,DB1_Lumidgm:57:3,DB1_Lumidgm/67_1_3.wsq,impostor,8,19,8,,False,36.6664,0
27,stored,41,DB1_Lumidgm:41:5,DB1_Lumidgm/88_1_2.wsq,impostor,4,19,4,,False,47.0075,0
27,derive,41,DB1_Lumidgm:41:5,DB1_Lumidgm/88_1_2.wsq,impostor,4,19,4,,False,45.10209,0
28,derive,78,DB1_Lumidgm:78:9,DB1_Lumidgm/86_1_1.wsq,impostor,4,19,4,,False,38.661734,0
28,stored,78,DB1_Lumidgm:78:9,DB1_Lumidgm/86_1_1.wsq,impostor,4,19,4,,False,37.51297,0
29,stored,64,DB1_Lumidgm:64:6,DB1_Lumidgm/98_1_2.wsq,impostor,8,19,8,,False,37.208621,0
29,derive,64,DB1_Lumidgm:64:6,DB1_Lumidgm/98_1_2.wsq,impostor,8,19,8,,False,38.410081,0
30,derive,98,DB1_Lumidgm:98:1,DB1_Lumidgm/72_1_3.wsq,impostor,11,19,11,,False,37.263193,0
30,stored,98,DB1_Lumidgm:98:1,DB1_Lumidgm/72_1_3.wsq,impostor,11,19,11,,False,37.251992,0
31,stored,71,DB1_Lumidgm:71:4,DB1_Lumidgm/65_1_2.wsq,impostor,4,19,4,,False,44.817091,0
31,derive,71,DB1_Lumidgm:71:4,DB1_Lumidgm/65_1_2.wsq,impostor,4,19,4,,False,42.875241,0
32,derive,60,DB1_Lumidgm:60:3,DB1_Lumidgm/56_1_6.wsq,impostor,10,19,10,,False,39.109718,0
32,stored,60,DB1_Lumidgm:60:3,DB1_Lumidgm/56_1_6.wsq,impostor,10,19,10,,False,38.441532,0
33,stored,71,DB1_Lumidgm:71:4,DB1_Lumidgm/31_1_6.wsq,impostor,6,19,6,,False,39.924845,0
33,derive,71,DB1_Lumidgm:71:4,DB1_Lumidgm/31_1_6.wsq,impostor,6,19,6,,False,39.735958,0
34,derive,83,DB1_Lumidgm:83:7,DB1_Lumidgm/85_1_7.wsq,impostor,14,19,14,,False,36.603292,0
34,stored,83,DB1_Lumidgm:83:7,DB1_Lumidgm/85_1_7.wsq,impostor,14,19,14,,False,36.379191,0
35,stored,83,DB1_Lumidgm:83:1,DB1_Lumidgm/82_1_5.wsq,impostor,9,19,9,,False,37.031633,0
35,derive,83,DB1_Lumidgm:83:1,DB1_Lumidgm/82_1_5.wsq,impostor,9,19,9,,False,36.620843,0
36,derive,94,DB1_Lumidgm:94:3,DB1_Lumidgm/30_1_6.wsq,impostor,5,19,5,,False,39.226761,0
36,stored,94,DB1_Lumidgm:94:3,DB1_Lumidgm/30_1_6.wsq,impostor,5,19,5,,False,39.036094,0
37,stored,53,DB1_Lumidgm:53:8,DB1_Lumidgm/49_1_2.wsq,impostor,6,19,6,,False,40.439941,0
37,derive,53,DB1_Lumidgm:53:8,DB1_Lumidgm/49_1_2.wsq,impostor,6,19,6,,False,39.802794,0
38,derive,27,DB1_Lumidgm:27:7,DB1_Lumidgm/59_1_1.wsq,impostor,9,19,9,,False,40.580508,0
38,stored,27,DB1_Lumidgm:27:7,DB1_Lumidgm/59_1_1.wsq,impostor,9,19,9,,False,38.47745,0
39,stored,96,DB1_Lumidgm:96:6,DB1_Lumidgm/72_1_4.wsq,impostor,7,19,7,,False,34.944798,0
39,derive,96,DB1_Lumidgm:96:6,DB1_Lumidgm/72_1_4.wsq,impostor,7,19,7,,False,37.12315,0
40,derive,49,DB1_Lumidgm:49:7,DB1_Lumidgm/59_1_5.wsq,impostor,7,19,7,,False,36.429733,0
40,stored,49,DB1_Lumidgm:49:7,DB1_Lumidgm/59_1_5.wsq,impostor,7,19,7,,False,37.014356,0
41,stored,94,DB1_Lumidgm:94:8,DB1_Lumidgm/78_1_5.wsq,impostor,5,19,5,,False,34.474853,0
41,derive,94,DB1_Lumidgm:94:8,DB1_Lumidgm/78_1_5.wsq,impostor,5,19,5,,False,34.87113,0
42,derive,30,DB1_Lumidgm:30:10,DB1_Lumidgm/71_1_1.wsq,impostor,6,19,6,,False,38.07619,0
42,stored,30,DB1_Lumidgm:30:10,DB1_Lumidgm/71_1_1.wsq,impostor,6,19,6,,False,38.397403,0
43,stored,63,DB1_Lumidgm:63:10,DB1_Lumidgm/52_1_4.wsq,impostor,6,19,6,,False,38.888761,0
43,derive,63,DB1_Lumidgm:63:10,DB1_Lumidgm/52_1_4.wsq,impostor,6,19,6,,False,36.605481,0
44,derive,66,DB1_Lumidgm:66:9,DB1_Lumidgm/97_1_5.wsq,impostor,10,19,10,,False,39.771204,0
44,stored,66,DB1_Lumidgm:66:9,DB1_Lumidgm/97_1_5.wsq,impostor,10,19,10,,False,39.040944,0
45,stored,74,DB1_Lumidgm:74:4,DB1_Lumidgm/49_1_4.wsq,impostor,11,19,11,,False,34.123197,0
45,derive,74,DB1_Lumidgm:74:4,DB1_Lumidgm/49_1_4.wsq,impostor,11,19,11,,False,34.414343,0
46,derive,93,DB1_Lumidgm:93:9,DB1_Lumidgm/64_1_2.wsq,impostor,7,19,7,,False,35.456641,0
46,stored,93,DB1_Lumidgm:93:9,DB1_Lumidgm/64_1_2.wsq,impostor,7,19,7,,False,35.523018,0
47,stored,24,DB1_Lumidgm:24:4,DB1_Lumidgm/24_4_4.wsq,genuine,51,19,51,,True,38.383937,1210
47,derive,24,DB1_Lumidgm:24:4,DB1_Lumidgm/24_4_4.wsq,genuine,51,19,51,,True,37.429122,1210
48,derive,96,DB1_Lumidgm:96:4,DB1_Lumidgm/65_1_1.wsq,impostor,8,19,8,,False,45.55987,0
48,stored,96,DB1_Lumidgm:96:4,DB1_Lumidgm/65_1_1.wsq,impostor,8,19,8,,False,45.487009,0
49,stored,31,DB1_Lumidgm:31:4,DB1_Lumidgm/31_3_4.wsq,genuine,19,19,19,,True,38.77449,1210
49,derive,31,DB1_Lumidgm:31:4,DB1_Lumidgm/31_3_4.wsq,genuine,19,19,19,,True,36.507285,1210
50,derive,53,DB1_Lumidgm:53:4,DB1_Lumidgm/83_1_8.wsq,impostor,5,19,5,,False,36.685431,0
50,stored,53,DB1_Lumidgm:53:4,DB1_Lumidgm/83_1_8.wsq,impostor,5,19,5,,False,36.507975,0
51,stored,48,DB1_Lumidgm:48:1,DB1_Lumidgm/26_1_5.wsq,impostor,11,19,11,,False,36.333611,0
51,derive,48,DB1_Lumidgm:48:1,DB1_Lumidgm/26_1_5.wsq,impostor,11,19,11,,False,35.24665,0
52,derive,27,DB1_Lumidgm:27:9,DB1_Lumidgm/90_1_3.wsq,impostor,4,19,4,,False,38.378023,0
52,stored,27,DB1_Lumidgm:27:9,DB1_Lumidgm/90_1_3.wsq,impostor,4,19,4,,False,38.245767,0
53,stored,100,DB1_Lumidgm:100:8,DB1_Lumidgm/55_1_2.wsq,impostor,6,19,6,,False,37.260439,0
53,derive,100,DB1_Lumidgm:100:8,DB1_Lumidgm/55_1_2.wsq,impostor,6,19,6,,False,37.162945,0
54,derive,33,DB1_Lumidgm:33:9,DB1_Lumidgm/53_1_5.wsq,impostor,6,19,6,,False,35.496928,0
54,stored,33,DB1_Lumidgm:33:9,DB1_Lumidgm/53_1_5.wsq,impostor,6,19,6,,False,35.693043,0
55,stored,94,DB1_Lumidgm:94:5,DB1_Lumidgm/94_4_5.wsq,genuine,34,19,34,,True,36.371102,1210
55,derive,94,DB1_Lumidgm:94:5,DB1_Lumidgm/94_4_5.wsq,genuine,34,19,34,,True,34.078302,1210
56,derive,25,DB1_Lumidgm:25:9,DB1_Lumidgm/54_1_9.wsq,impostor,10,19,10,,False,37.777099,0
56,stored,25,DB1_Lumidgm:25:9,DB1_Lumidgm/54_1_9.wsq,impostor,10,19,10,,False,37.668111,0
57,stored,39,DB1_Lumidgm:39:3,DB1_Lumidgm/39_2_3.wsq,genuine,112,19,112,,True,49.41377,1210
57,derive,39,DB1_Lumidgm:39:3,DB1_Lumidgm/39_2_3.wsq,genuine,112,19,112,,True,48.616397,1210
58,derive,47,DB1_Lumidgm:47:2,DB1_Lumidgm/87_1_2.wsq,impostor,9,19,9,,False,34.984378,0
58,stored,47,DB1_Lumidgm:47:2,DB1_Lumidgm/87_1_2.wsq,impostor,9,19,9,,False,36.556026,0
59,stored,89,DB1_Lumidgm:89:10,DB1_Lumidgm/43_1_10.wsq,impostor,14,19,14,,False,36.954549,0
59,derive,89,DB1_Lumidgm:89:10,DB1_Lumidgm/43_1_10.wsq,impostor,14,19,14,,False,36.899387,0
60,derive,91,DB1_Lumidgm:91:6,DB1_Lumidgm/83_1_4.wsq,impostor,6,19,6,,False,35.538762,0
60,stored,91,DB1_Lumidgm:91:6,DB1_Lumidgm/83_1_4.wsq,impostor,6,19,6,,False,36.268832,0
61,stored,43,DB1_Lumidgm:43:3,DB1_Lumidgm/25_1_3.wsq,impostor,5,19,5,,False,36.991722,0
61,derive,43,DB1_Lumidgm:43:3,DB1_Lumidgm/25_1_3.wsq,impostor,5,19,5,,False,36.31426,0
62,derive,49,DB1_Lumidgm:49:9,DB1_Lumidgm/49_3_9.wsq,genuine,66,19,66,,True,38.979715,1210
62,stored,49,DB1_Lumidgm:49:9,DB1_Lumidgm/49_3_9.wsq,genuine,66,19,66,,True,38.963159,1210
63,stored,92,DB1_Lumidgm:92:7,DB1_Lumidgm/64_1_10.wsq,impostor,7,19,7,,False,37.980206,0
63,derive,92,DB1_Lumidgm:92:7,DB1_Lumidgm/64_1_10.wsq,impostor,7,19,7,,False,37.370481,0
64,derive,59,DB1_Lumidgm:59:7,DB1_Lumidgm/59_4_7.wsq,genuine,72,19,72,,True,42.616354,1210
64,stored,59,DB1_Lumidgm:59:7,DB1_Lumidgm/59_4_7.wsq,genuine,72,19,72,,True,38.894526,1210
65,stored,67,DB1_Lumidgm:67:8,DB1_Lumidgm/37_1_5.wsq,impostor,5,19,5,,False,33.362645,0
65,derive,67,DB1_Lumidgm:67:8,DB1_Lumidgm/37_1_5.wsq,impostor,5,19,5,,False,34.654024,0
66,derive,49,DB1_Lumidgm:49:8,DB1_Lumidgm/48_1_2.wsq,impostor,8,19,8,,False,37.328308,0
66,stored,49,DB1_Lumidgm:49:8,DB1_Lumidgm/48_1_2.wsq,impostor,8,19,8,,False,37.982477,0
67,stored,95,DB1_Lumidgm:95:2,DB1_Lumidgm/92_1_2.wsq,impostor,13,19,13,,False,40.521766,0
67,derive,95,DB1_Lumidgm:95:2,DB1_Lumidgm/92_1_2.wsq,impostor,13,19,13,,False,40.748246,0
68,derive,48,DB1_Lumidgm:48:1,DB1_Lumidgm/80_1_2.wsq,impostor,13,19,13,,False,37.898884,0
68,stored,48,DB1_Lumidgm:48:1,DB1_Lumidgm/80_1_2.wsq,impostor,13,19,13,,False,37.044967,0
69,stored,76,DB1_Lumidgm:76:7,DB1_Lumidgm/44_1_4.wsq,impostor,5,19,5,,False,37.41838,0
69,derive,76,DB1_Lumidgm:76:7,DB1_Lumidgm/44_1_4.wsq,impostor,5,19,5,,False,37.563245,0
70,derive,37,DB1_Lumidgm:37:3,DB1_Lumidgm/88_1_8.wsq,impostor,4,19,4,,False,44.346076,0
70,stored,37,DB1_Lumidgm:37:3,DB1_Lumidgm/88_1_8.wsq,impostor,4,19,4,,False,44.758072,0
71,stored,60,DB1_Lumidgm:60:4,DB1_Lumidgm/60_4_4.wsq,genuine,161,19,161,,True,62.798534,1210
71,derive,60,DB1_Lumidgm:60:4,DB1_Lumidgm/60_4_4.wsq,genuine,161,19,161,,True,60.646815,1210
72,derive,83,DB1_Lumidgm:83:8,DB1_Lumidgm/68_1_3.wsq,impostor,11,19,11,,False,37.387332,0
72,stored,83,DB1_Lumidgm:83:8,DB1_Lumidgm/68_1_3.wsq,impostor,11,19,11,,False,37.634465,0
73,stored,45,DB1_Lumidgm:45:5,DB1_Lumidgm/81_1_3.wsq,impostor,6,19,6,,False,37.792242,0
73,derive,45,DB1_Lumidgm:45:5,DB1_Lumidgm/81_1_3.wsq,impostor,6,19,6,,False,37.652865,0
74,derive,85,DB1_Lumidgm:85:8,DB1_Lumidgm/78_1_5.wsq,impostor,5,19,5,,False,34.598819,0
74,stored,85,DB1_Lumidgm:85:8,DB1_Lumidgm/78_1_5.wsq,impostor,5,19,5,,False,33.785706,0
75,stored,98,DB1_Lumidgm:98:10,DB1_Lumidgm/55_1_1.wsq,impostor,3,19,3,,False,37.683596,0
75,derive,98,DB1_Lumidgm:98:10,DB1_Lumidgm/55_1_1.wsq,impostor,3,19,3,,False,39.65993,0
76,derive,87,DB1_Lumidgm:87:9,DB1_Lumidgm/87_4_9.wsq,genuine,121,19,121,,True,43.011344,1210
76,stored,87,DB1_Lumidgm:87:9,DB1_Lumidgm/87_4_9.wsq,genuine,121,19,121,,True,42.756587,1210
77,stored,95,DB1_Lumidgm:95:8,DB1_Lumidgm/97_1_7.wsq,impostor,4,19,4,,False,36.867351,0
77,derive,95,DB1_Lumidgm:95:8,DB1_Lumidgm/97_1_7.wsq,impostor,4,19,4,,False,37.722788,0
78,derive,72,DB1_Lumidgm:72:7,DB1_Lumidgm/25_1_6.wsq,impostor,8,19,8,,False,39.071934,0
78,stored,72,DB1_Lumidgm:72:7,DB1_Lumidgm/25_1_6.wsq,impostor,8,19,8,,False,38.561468,0
79,stored,90,DB1_Lumidgm:90:2,DB1_Lumidgm/81_1_6.wsq,impostor,7,19,7,,False,37.862197,0
79,derive,90,DB1_Lumidgm:90:2,DB1_Lumidgm/81_1_6.wsq,impostor,7,19,7,,False,37.374015,0
80,derive,47,DB1_Lumidgm:47:5,DB1_Lumidgm/55_1_6.wsq,impostor,11,19,11,,False,37.056279,0
80,stored,47,DB1_Lumidgm:47:5,DB1_Lumidgm/55_1_6.wsq,impostor,11,19,11,,False,37.838681,0
81,stored,33,DB1_Lumidgm:33:1,DB1_Lumidgm/33_2_1.wsq,genuine,316,19,316,,True,61.290782,1210
81,derive,33,DB1_Lumidgm:33:1,DB1_Lumidgm/33_2_1.wsq,genuine,316,19,316,,True,59.241385,1210
82,derive,55,DB1_Lumidgm:55:5,DB1_Lumidgm/54_1_4.wsq,impostor,5,19,5,,False,38.28873,0
82,stored,55,DB1_Lumidgm:55:5,DB1_Lumidgm/54_1_4.wsq,impostor,5,19,5,,False,37.574126,0
83,stored,56,DB1_Lumidgm:56:1,DB1_Lumidgm/99_1_8.wsq,impostor,8,19,8,,False,36.938116,0
83,derive,56,DB1_Lumidgm:56:1,DB1_Lumidgm/99_1_8.wsq,impostor,8,19,8,,False,36.998433,0
84,derive,54,DB1_Lumidgm:54:7,DB1_Lumidgm/54_3_7.wsq,genuine,161,19,161,,True,56.252847,1210
84,stored,54,DB1_Lumidgm:54:7,DB1_Lumidgm/54_3_7.wsq,genuine,161,19,161,,True,55.705386,1210
85,stored,91,DB1_Lumidgm:91:7,DB1_Lumidgm/38_1_4.wsq,impostor,8,19,8,,False,36.141739,0
85,derive,91,DB1_Lumidgm:91:7,DB1_Lumidgm/38_1_4.wsq,impostor,8,19,8,,False,36.318201,0
86,derive,35,DB1_Lumidgm:35:10,DB1_Lumidgm/35_4_10.wsq,genuine,138,19,138,,True,43.843812,1211
86,stored,35,DB1_Lumidgm:35:10,DB1_Lumidgm/35_4_10.wsq,genuine,138,19,138,,True,42.003551,1211
87,stored,23,DB1_Lumidgm:23:2,DB1_Lumidgm/89_1_5.wsq,impostor,7,19,7,,False,41.874711,0
87,derive,23,DB1_Lumidgm:23:2,DB1_Lumidgm/89_1_5.wsq,impostor,7,19,7,,False,43.190782,0
88,derive,53,DB1_Lumidgm:53:7,DB1_Lumidgm/79_1_3.wsq,impostor,5,19,5,,False,37.691236,0
88,stored,53,DB1_Lumidgm:53:7,DB1_Lumidgm/79_1_3.wsq,impostor,5,19,5,,False,37.460371,0
89,stored,85,DB1_Lumidgm:85:8,DB1_Lumidgm/89_1_5.wsq,impostor,8,19,8,,False,46.093958,0
89,derive,85,DB1_Lumidgm:85:8,DB1_Lumidgm/89_1_5.wsq,impostor,8,19,8,,False,45.757184,0
90,derive,70,DB1_Lumidgm:70:9,DB1_Lumidgm/87_1_4.wsq,impostor,7,19,7,,False,37.170631,0
90,stored,70,DB1_Lumidgm:70:9,DB1_Lumidgm/87_1_4.wsq,impostor,7,19,7,,False,36.859259,0
91,stored,46,DB1_Lumidgm:46:6,DB1_Lumidgm/87_1_4.wsq,impostor,5,19,5,,False,36.660641,0
91,derive,46,DB1_Lumidgm:46:6,DB1_Lumidgm/87_1_4.wsq,impostor,5,19,5,,False,36.733654,0
92,derive,80,DB1_Lumidgm:80:1,DB1_Lumidgm/38_1_6.wsq,impostor,5,19,5,,False,37.062533,0
92,stored,80,DB1_Lumidgm:80:1,DB1_Lumidgm/38_1_6.wsq,impostor,5,19,5,,False,36.942454,0
93,stored,67,DB1_Lumidgm:67:4,DB1_Lumidgm/67_4_4.wsq,genuine,26,19,26,,True,40.582976,1210
93,derive,67,DB1_Lumidgm:67:4,DB1_Lumidgm/67_4_4.wsq,genuine,26,19,26,,True,37.23647,1210
94,derive,27,DB1_Lumidgm:27:1,DB1_Lumidgm/29_1_2.wsq,impostor,4,19,4,,False,37.272177,0
94,stored,27,DB1_Lumidgm:27:1,DB1_Lumidgm/29_1_2.wsq,impostor,4,19,4,,False,38.427119,0
95,stored,42,DB1_Lumidgm:42:9,DB1_Lumidgm/54_1_6.wsq,impostor,4,19,4,,False,37.583845,0
95,derive,42,DB1_Lumidgm:42:9,DB1_Lumidgm/54_1_6.wsq,impostor,4,19,4,,False,38.961525,0
96,derive,83,DB1_Lumidgm:83:6,DB1_Lumidgm/40_1_1.wsq,impostor,5,19,5,,False,39.17124,0
96,stored,83,DB1_Lumidgm:83:6,DB1_Lumidgm/40_1_1.wsq,impostor,5,19,5,,False,39.367446,0
97,stored,28,DB1_Lumidgm:28:6,DB1_Lumidgm/62_1_3.wsq,impostor,4,19,4,,False,46.176516,0
97,derive,28,DB1_Lumidgm:28:6,DB1_Lumidgm/62_1_3.wsq,impostor,4,19,4,,False,44.973542,0
98,derive,60,DB1_Lumidgm:60:6,DB1_Lumidgm/31_1_4.wsq,impostor,6,19,6,,False,39.541752,0
98,stored,60,DB1_Lumidgm:60:6,DB1_Lumidgm/31_1_4.wsq,impostor,6,19,6,,False,38.789403,0
99,stored,92,DB1_Lumidgm:92:7,DB1_Lumidgm/89_1_9.wsq,impostor,9,19,9,,False,46.544189,0
99,derive,92,DB1_Lumidgm:92:7,DB1_Lumidgm/89_1_9.wsq,impostor,9,19,9,,False,45.655436,0
100,derive,98,DB1_Lumidgm:98:1,DB1_Lumidgm/24_1_9.wsq,impostor,7,19,7,,False,33.379359,0
100,stored,98,DB1_Lumidgm:98:1,DB1_Lumidgm/24_1_9.wsq,impostor,7,19,7,,False,34.564841,0
101,stored,56,DB1_Lumidgm:56:1,DB1_Lumidgm/88_1_1.wsq,impostor,7,19,7,,False,43.250996,0
101,derive,56,DB1_Lumidgm:56:1,DB1_Lumidgm/88_1_1.wsq,impostor,7,19,7,,False,43.08392,0
102,derive,40,DB1_Lumidgm:40:7,DB1_Lumidgm/87_1_7.wsq,impostor,9,19,9,,False,37.369989,0
102,stored,40,DB1_Lumidgm:40:7,DB1_Lumidgm/87_1_7.wsq,impostor,9,19,9,,False,37.113226,0
103,stored,35,DB1_Lumidgm:35:2,DB1_Lumidgm/76_1_5.wsq,impostor,4,19,4,,False,33.749679,0
103,derive,35,DB1_Lumidgm:35:2,DB1_Lumidgm/76_1_5.wsq,impostor,4,19,4,,False,34.579013,0
104,derive,99,DB1_Lumidgm:99:5,DB1_Lumidgm/73_1_1.wsq,impostor,7,19,7,,False,37.121094,0
104,stored,99,DB1_Lumidgm:99:5,DB1_Lumidgm/73_1_1.wsq,impostor,7,19,7,,False,37.352527,0
105,stored,99,DB1_Lumidgm:99:10,DB1_Lumidgm/50_1_5.wsq,impostor,7,19,7,,False,36.946734,0
105,derive,99,DB1_Lumidgm:99:10,DB1_Lumidgm/50_1_5.wsq,impostor,7,19,7,,False,36.730413,0
106,derive,41,DB1_Lumidgm:41:8,DB1_Lumidgm/77_1_8.wsq,impostor,6,19,6,,False,35.921611,0
106,stored,41,DB1_Lumidgm:41:8,DB1_Lumidgm/77_1_8.wsq,impostor,6,19,6,,False,36.743102,0
107,stored,58,DB1_Lumidgm:58:8,DB1_Lumidgm/23_1_3.wsq,impostor,7,19,7,,False,37.045441,0
107,derive,58,DB1_Lumidgm:58:8,DB1_Lumidgm/23_1_3.wsq,impostor,7,19,7,,False,36.308678,0
108,derive,35,DB1_Lumidgm:35:10,DB1_Lumidgm/94_1_8.wsq,impostor,7,19,7,,False,43.458895,0
108,stored,35,DB1_Lumidgm:35:10,DB1_Lumidgm/94_1_8.wsq,impostor,7,19,7,,False,42.631549,0
109,stored,66,DB1_Lumidgm:66:8,DB1_Lumidgm/79_1_1.wsq,impostor,8,19,8,,False,36.956754,0
109,derive,66,DB1_Lumidgm:66:8,DB1_Lumidgm/79_1_1.wsq,impostor,8,19,8,,False,36.156003,0
110,derive,22,DB1_Lumidgm:22:7,DB1_Lumidgm/34_1_5.wsq,impostor,6,19,6,,False,34.866248,0
110,stored,22,DB1_Lumidgm:22:7,DB1_Lumidgm/34_1_5.wsq,impostor,6,19,6,,False,36.250413,0
111,stored,65,DB1_Lumidgm:65:10,DB1_Lumidgm/48_1_9.wsq,impostor,7,19,7,,False,39.321352,0
111,derive,65,DB1_Lumidgm:65:10,DB1_Lumidgm/48_1_9.wsq,impostor,7,19,7,,False,39.741268,0
112,derive,45,DB1_Lumidgm:45:7,DB1_Lumidgm/86_1_10.wsq,impostor,18,19,18,,False,38.684896,0
112,stored,45,DB1_Lumidgm:45:7,DB1_Lumidgm/86_1_10.wsq,impostor,18,19,18,,False,39.688571,0
113,stored,24,DB1_Lumidgm:24:5,DB1_Lumidgm/32_1_2.wsq,impostor,13,19,13,,False,37.255208,0
113,derive,24,DB1_Lumidgm:24:5,DB1_Lumidgm/32_1_2.wsq,impostor,13,19,13,,False,37.245066,0
114,derive,70,DB1_Lumidgm:70:7,DB1_Lumidgm/32_1_6.wsq,impostor,5,19,5,,False,39.114763,0
114,stored,70,DB1_Lumidgm:70:7,DB1_Lumidgm/32_1_6.wsq,impostor,5,19,5,,False,38.091171,0
115,stored,70,DB1_Lumidgm:70:3,DB1_Lumidgm/99_1_10.wsq,impostor,6,19,6,,False,34.554435,0
115,derive,70,DB1_Lumidgm:70:3,DB1_Lumidgm/99_1_10.wsq,impostor,6,19,6,,False,34.384275,0
116,derive,71,DB1_Lumidgm:71:7,DB1_Lumidgm/58_1_6.wsq,impostor,4,19,4,,False,42.8818,0
116,stored,71,DB1_Lumidgm:71:7,DB1_Lumidgm/58_1_6.wsq,impostor,4,19,4,,False,42.750769,0
117,stored,55,DB1_Lumidgm:55:4,DB1_Lumidgm/55_4_4.wsq,genuine,147,19,147,,True,40.881721,1210
117,derive,55,DB1_Lumidgm:55:4,DB1_Lumidgm/55_4_4.wsq,genuine,147,19,147,,True,56.462152,1210
118,derive,78,DB1_Lumidgm:78:10,DB1_Lumidgm/98_1_10.wsq,impostor,5,19,5,,False,39.369638,0
118,stored,78,DB1_Lumidgm:78:10,DB1_Lumidgm/98_1_10.wsq,impostor,5,19,5,,False,39.557033,0
119,stored,55,DB1_Lumidgm:55:3,DB1_Lumidgm/40_1_2.wsq,impostor,4,19,4,,False,41.319895,0
119,derive,55,DB1_Lumidgm:55:3,DB1_Lumidgm/40_1_2.wsq,impostor,4,19,4,,False,40.003692,0
120,derive,52,DB1_Lumidgm:52:10,DB1_Lumidgm/45_1_2.wsq,impostor,14,19,14,,False,40.073286,0
120,stored,52,DB1_Lumidgm:52:10,DB1_Lumidgm/45_1_2.wsq,impostor,14,19,14,,False,39.687703,0
121,stored,55,DB1_Lumidgm:55:1,DB1_Lumidgm/35_1_10.wsq,impostor,8,19,8,,False,35.65356,0
121,derive,55,DB1_Lumidgm:55:1,DB1_Lumidgm/35_1_10.wsq,impostor,8,19,8,,False,38.648388,0
122,derive,21,DB1_Lumidgm:21:9,DB1_Lumidgm/26_1_7.wsq,impostor,6,19,6,,False,40.049722,0
122,stored,21,DB1_Lumidgm:21:9,DB1_Lumidgm/26_1_7.wsq,impostor,6,19,6,,False,40.172131,0
123,stored,71,DB1_Lumidgm:71:4,DB1_Lumidgm/39_1_4.wsq,impostor,5,19,5,,False,40.342767,0
123,derive,71,DB1_Lumidgm:71:4,DB1_Lumidgm/39_1_4.wsq,impostor,5,19,5,,False,41.176692,0
124,derive,66,DB1_Lumidgm:66:1,DB1_Lumidgm/78_1_3.wsq,impostor,8,19,8,,False,39.865179,0
124,stored,66,DB1_Lumidgm:66:1,DB1_Lumidgm/78_1_3.wsq,impostor,8,19,8,,False,40.746753,0
125,stored,88,DB1_Lumidgm:88:9,DB1_Lumidgm/93_1_3.wsq,impostor,6,19,6,,False,44.989588,0
125,derive,88,DB1_Lumidgm:88:9,DB1_Lumidgm/93_1_3.wsq,impostor,6,19,6,,False,45.68526,0
126,derive,56,DB1_Lumidgm:56:5,DB1_Lumidgm/56_4_5.wsq,genuine,80,19,80,,True,42.518805,1210
126,stored,56,DB1_Lumidgm:56:5,DB1_Lumidgm/56_4_5.wsq,genuine,80,19,80,,True,37.678987,1210
127,stored,50,DB1_Lumidgm:50:1,DB1_Lumidgm/29_1_1.wsq,impostor,11,19,11,,False,38.529946,0
127,derive,50,DB1_Lumidgm:50:1,DB1_Lumidgm/29_1_1.wsq,impostor,11,19,11,,False,37.775885,0
128,derive,82,DB1_Lumidgm:82:7,DB1_Lumidgm/97_1_9.wsq,impostor,10,19,10,,False,37.823441,0
128,stored,82,DB1_Lumidgm:82:7,DB1_Lumidgm/97_1_9.wsq,impostor,10,19,10,,False,37.722401,0
129,stored,61,DB1_Lumidgm:61:6,DB1_Lumidgm/61_1_10.wsq,impostor,4,19,4,,False,38.48592,0
129,derive,61,DB1_Lumidgm:61:6,DB1_Lumidgm/61_1_10.wsq,impostor,4,19,4,,False,40.169007,0
130,derive,53,DB1_Lumidgm:53:5,DB1_Lumidgm/33_1_4.wsq,impostor,4,19,4,,False,34.381035,0
130,stored,53,DB1_Lumidgm:53:5,DB1_Lumidgm/33_1_4.wsq,impostor,4,19,4,,False,36.133568,0
131,stored,48,DB1_Lumidgm:48:3,DB1_Lumidgm/70_1_6.wsq,impostor,7,19,7,,False,37.929638,0
131,derive,48,DB1_Lumidgm:48:3,DB1_Lumidgm/70_1_6.wsq,impostor,7,19,7,,False,38.968542,0
132,derive,61,DB1_Lumidgm:61:4,DB1_Lumidgm/31_1_9.wsq,impostor,10,19,10,,False,39.154176,0
132,stored,61,DB1_Lumidgm:61:4,DB1_Lumidgm/31_1_9.wsq,impostor,10,19,10,,False,40.570376,0
133,stored,34,DB1_Lumidgm:34:5,DB1_Lumidgm/60_1_6.wsq,impostor,4,19,4,,False,37.836653,0
133,derive,34,DB1_Lumidgm:34:5,DB1_Lumidgm/60_1_6.wsq,impostor,4,19,4,,False,37.946553,0
134,derive,39,DB1_Lumidgm:39:3,DB1_Lumidgm/30_1_9.wsq,impostor,6,19,6,,False,41.995738,0
134,stored,39,DB1_Lumidgm:39:3,DB1_Lumidgm/30_1_9.wsq,impostor,6,19,6,,False,37.30286,0
135,stored,78,DB1_Lumidgm:78:8,DB1_Lumidgm/35_1_10.wsq,impostor,5,19,5,,False,36.580303,0
135,derive,78,DB1_Lumidgm:78:8,DB1_Lumidgm/35_1_10.wsq,impostor,5,19,5,,False,35.820141,0
136,derive,88,DB1_Lumidgm:88:6,DB1_Lumidgm/78_1_10.wsq,impostor,4,19,4,,False,36.235846,0
136,stored,88,DB1_Lumidgm:88:6,DB1_Lumidgm/78_1_10.wsq,impostor,4,19,4,,False,34.704037,0
137,stored,100,DB1_Lumidgm:100:8,DB1_Lumidgm/72_1_4.wsq,impostor,7,19,7,,False,36.653136,0
137,derive,100,DB1_Lumidgm:100:8,DB1_Lumidgm/72_1_4.wsq,impostor,7,19,7,,False,38.033713,0
138,derive,38,DB1_Lumidgm:38:6,DB1_Lumidgm/58_1_10.wsq,impostor,9,19,9,,False,44.704968,0
138,stored,38,DB1_Lumidgm:38:6,DB1_Lumidgm/58_1_10.wsq,impostor,9,19,9,,False,44.911306,0
139,stored,100,DB1_Lumidgm:100:2,DB1_Lumidgm/78_1_10.wsq,impostor,5,19,5,,False,37.343541,0
139,derive,100,DB1_Lumidgm:100:2,DB1_Lumidgm/78_1_10.wsq,impostor,5,19,5,,False,34.453426,0
140,derive,76,DB1_Lumidgm:76:6,DB1_Lumidgm/33_1_8.wsq,impostor,7,19,7,,False,39.815789,0
140,stored,76,DB1_Lumidgm:76:6,DB1_Lumidgm/33_1_8.wsq,impostor,7,19,7,,False,37.926893,0
141,stored,27,DB1_Lumidgm:27:1,DB1_Lumidgm/27_2_1.wsq,genuine,220,19,220,,True,54.12603,1210
141,derive,27,DB1_Lumidgm:27:1,DB1_Lumidgm/27_2_1.wsq,genuine,220,19,220,,True,51.022263,1210
142,derive,92,DB1_Lumidgm:92:7,DB1_Lumidgm/87_1_3.wsq,impostor,8,19,8,,False,37.765656,0
142,stored,92,DB1_Lumidgm:92:7,DB1_Lumidgm/87_1_3.wsq,impostor,8,19,8,,False,39.585938,0
143,stored,77,DB1_Lumidgm:77:10,DB1_Lumidgm/77_1_7.wsq,impostor,6,19,6,,False,36.567556,0
143,derive,77,DB1_Lumidgm:77:10,DB1_Lumidgm/77_1_7.wsq,impostor,6,19,6,,False,37.720772,0
144,derive,58,DB1_Lumidgm:58:9,DB1_Lumidgm/97_1_10.wsq,impostor,6,19,6,,False,40.285166,0
144,stored,58,DB1_Lumidgm:58:9,DB1_Lumidgm/97_1_10.wsq,impostor,6,19,6,,False,38.745615,0
145,stored,82,DB1_Lumidgm:82:10,DB1_Lumidgm/62_1_8.wsq,impostor,10,19,10,,False,47.907394,0
145,derive,82,DB1_Lumidgm:82:10,DB1_Lumidgm/62_1_8.wsq,impostor,10,19,10,,False,43.317618,0
146,derive,83,DB1_Lumidgm:83:9,DB1_Lumidgm/83_3_9.wsq,genuine,72,19,72,,True,40.026429,1210
146,stored,83,DB1_Lumidgm:83:9,DB1_Lumidgm/83_3_9.wsq,genuine,72,19,72,,True,41.057595,1210
147,stored,46,DB1_Lumidgm:46:9,DB1_Lumidgm/96_1_1.wsq,impostor,4,19,4,,False,38.219555,0
147,derive,46,DB1_Lumidgm:46:9,DB1_Lumidgm/96_1_1.wsq,impostor,4,19,4,,False,38.20978,0
148,derive,100,DB1_Lumidgm:100:5,DB1_Lumidgm/54_1_4.wsq,impostor,3,19,3,,False,38.383898,0
148,stored,100,DB1_Lumidgm:100:5,DB1_Lumidgm/54_1_4.wsq,impostor,3,19,3,,False,37.410081,0
149,stored,92,DB1_Lumidgm:92:4,DB1_Lumidgm/53_1_4.wsq,impostor,4,19,4,,False,36.863319,0
149,derive,92,DB1_Lumidgm:92:4,DB1_Lumidgm/53_1_4.wsq,impostor,4,19,4,,False,37.264781,0
150,derive,35,DB1_Lumidgm:35:7,DB1_Lumidgm/92_1_10.wsq,impostor,4,19,4,,False,41.4427,0
150,stored,35,DB1_Lumidgm:35:7,DB1_Lumidgm/92_1_10.wsq,impostor,4,19,4,,False,40.083764,0
151,stored,96,DB1_Lumidgm:96:2,DB1_Lumidgm/90_1_5.wsq,impostor,5,19,5,,False,34.704841,0
151,derive,96,DB1_Lumidgm:96:2,DB1_Lumidgm/90_1_5.wsq,impostor,5,19,5,,False,34.723155,0
152,derive,44,DB1_Lumidgm:44:6,DB1_Lumidgm/23_1_7.wsq,impostor,7,19,7,,False,35.008718,0
152,stored,44,DB1_Lumidgm:44:6,DB1_Lumidgm/23_1_7.wsq,impostor,7,19,7,,False,38.634569,0
153,stored,89,DB1_Lumidgm:89:5,DB1_Lumidgm/50_1_10.wsq,impostor,6,19,6,,False,39.652502,0
153,derive,89,DB1_Lumidgm:89:5,DB1_Lumidgm/50_1_10.wsq,impostor,6,19,6,,False,36.732574,0
154,derive,33,DB1_Lumidgm:33:9,DB1_Lumidgm/52_1_6.wsq,impostor,9,19,9,,False,39.100562,0
154,stored,33,DB1_Lumidgm:33:9,DB1_Lumidgm/52_1_6.wsq,impostor,9,19,9,,False,39.626442,0
155,stored,27,DB1_Lumidgm:27:8,DB1_Lumidgm/100_1_6.wsq,impostor,4,19,4,,False,37.867837,0
155,derive,27,DB1_Lumidgm:27:8,DB1_Lumidgm/100_1_6.wsq,impostor,4,19,4,,False,37.427606,0
156,derive,83,DB1_Lumidgm:83:3,DB1_Lumidgm/66_1_10.wsq,impostor,6,19,6,,False,33.315924,0
156,stored,83,DB1_Lumidgm:83:3,DB1_Lumidgm/66_1_10.wsq,impostor,6,19,6,,False,33.669231,0
157,stored,52,DB1_Lumidgm:52:8,DB1_Lumidgm/86_1_2.wsq,impostor,10,19,10,,False,35.452397,0
157,derive,52,DB1_Lumidgm:52:8,DB1_Lumidgm/86_1_2.wsq,impostor,10,19,10,,False,36.148262,0
158,derive,97,DB1_Lumidgm:97:4,DB1_Lumidgm/95_1_8.wsq,impostor,6,19,6,,False,40.632792,0
158,stored,97,DB1_Lumidgm:97:4,DB1_Lumidgm/95_1_8.wsq,impostor,6,19,6,,False,41.736935,0
159,stored,28,DB1_Lumidgm:28:8,DB1_Lumidgm/81_1_2.wsq,impostor,4,19,4,,False,39.353621,0
159,derive,28,DB1_Lumidgm:28:8,DB1_Lumidgm/81_1_2.wsq,impostor,4,19,4,,False,37.594882,0
160,derive,43,DB1_Lumidgm:43:7,DB1_Lumidgm/48_1_10.wsq,impostor,4,19,4,,False,35.917888,0
160,stored,43,DB1_Lumidgm:43:7,DB1_Lumidgm/48_1_10.wsq,impostor,4,19,4,,False,36.550786,0
161,stored,30,DB1_Lumidgm:30:3,DB1_Lumidgm/47_1_9.wsq,impostor,7,19,7,,False,33.305792,0
161,derive,30,DB1_Lumidgm:30:3,DB1_Lumidgm/47_1_9.wsq,impostor,7,19,7,,False,33.727983,0
162,derive,34,DB1_Lumidgm:34:2,DB1_Lumidgm/75_1_4.wsq,impostor,5,19,5,,False,33.369361,0
162,stored,34,DB1_Lumidgm:34:2,DB1_Lumidgm/75_1_4.wsq,impostor,5,19,5,,False,32.863903,0
163,stored,38,DB1_Lumidgm:38:2,DB1_Lumidgm/77_1_2.wsq,impostor,5,19,5,,False,35.789218,0
163,derive,38,DB1_Lumidgm:38:2,DB1_Lumidgm/77_1_2.wsq,impostor,5,19,5,,False,36.361833,0
164,derive,52,DB1_Lumidgm:52:10,DB1_Lumidgm/79_1_3.wsq,impostor,5,19,5,,False,37.045676,0
164,stored,52,DB1_Lumidgm:52:10,DB1_Lumidgm/79_1_3.wsq,impostor,5,19,5,,False,35.49732,0
165,stored,25,DB1_Lumidgm:25:5,DB1_Lumidgm/46_1_7.wsq,impostor,6,19,6,,False,38.88366,0
165,derive,25,DB1_Lumidgm:25:5,DB1_Lumidgm/46_1_7.wsq,impostor,6,19,6,,False,39.002975,0
166,derive,86,DB1_Lumidgm:86:4,DB1_Lumidgm/43_1_6.wsq,impostor,9,19,9,,False,37.949982,0
166,stored,86,DB1_Lumidgm:86:4,DB1_Lumidgm/43_1_6.wsq,impostor,9,19,9,,False,41.253124,0
167,stored,35,DB1_Lumidgm:35:7,DB1_Lumidgm/69_1_2.wsq,impostor,10,19,10,,False,35.10586,0
167,derive,35,DB1_Lumidgm:35:7,DB1_Lumidgm/69_1_2.wsq,impostor,10,19,10,,False,35.840165,0
168,derive,41,DB1_Lumidgm:41:1,DB1_Lumidgm/44_1_7.wsq,impostor,8,19,8,,False,40.262975,0
168,stored,41,DB1_Lumidgm:41:1,DB1_Lumidgm/44_1_7.wsq,impostor,8,19,8,,False,40.466338,0
169,stored,37,DB1_Lumidgm:37:5,DB1_Lumidgm/39_1_6.wsq,impostor,6,19,6,,False,41.433992,0
169,derive,37,DB1_Lumidgm:37:5,DB1_Lumidgm/39_1_6.wsq,impostor,6,19,6,,False,37.650714,0
170,derive,62,DB1_Lumidgm:62:9,DB1_Lumidgm/55_1_3.wsq,impostor,7,19,7,,False,38.576834,0
170,stored,62,DB1_Lumidgm:62:9,DB1_Lumidgm/55_1_3.wsq,impostor,7,19,7,,False,40.044397,0
171,stored,59,DB1_Lumidgm:59:8,DB1_Lumidgm/59_4_8.wsq,genuine,85,19,85,,True,52.635957,1210
171,derive,59,DB1_Lumidgm:59:8,DB1_Lumidgm/59_4_8.wsq,genuine,85,19,85,,True,53.672058,1210
172,derive,47,DB1_Lumidgm:47:4,DB1_Lumidgm/87_1_6.wsq,impostor,6,19,6,,False,37.191617,0
172,stored,47,DB1_Lumidgm:47:4,DB1_Lumidgm/87_1_6.wsq,impostor,6,19,6,,False,37.026132,0
173,stored,98,DB1_Lumidgm:98:5,DB1_Lumidgm/75_1_10.wsq,impostor,6,19,6,,False,34.639407,0
173,derive,98,DB1_Lumidgm:98:5,DB1_Lumidgm/75_1_10.wsq,impostor,6,19,6,,False,38.32225,0
174,derive,28,DB1_Lumidgm:28:5,DB1_Lumidgm/59_1_1.wsq,impostor,7,19,7,,False,40.297046,0
174,stored,28,DB1_Lumidgm:28:5,DB1_Lumidgm/59_1_1.wsq,impostor,7,19,7,,False,42.905809,0
175,stored,46,DB1_Lumidgm:46:2,DB1_Lumidgm/83_1_3.wsq,impostor,7,19,7,,False,43.591861,0
175,derive,46,DB1_Lumidgm:46:2,DB1_Lumidgm/83_1_3.wsq,impostor,7,19,7,,False,37.107227,0
176,derive,95,DB1_Lumidgm:95:9,DB1_Lumidgm/53_1_1.wsq,impostor,5,19,5,,False,37.760748,0
176,stored,95,DB1_Lumidgm:95:9,DB1_Lumidgm/53_1_1.wsq,impostor,5,19,5,,False,38.041465,0
177,stored,89,DB1_Lumidgm:89:6,DB1_Lumidgm/73_1_4.wsq,impostor,12,19,12,,False,38.585581,0
177,derive,89,DB1_Lumidgm:89:6,DB1_Lumidgm/73_1_4.wsq,impostor,12,19,12,,False,53.009169,0
178,derive,38,DB1_Lumidgm:38:3,DB1_Lumidgm/50_1_3.wsq,impostor,5,19,5,,False,41.458378,0
178,stored,38,DB1_Lumidgm:38:3,DB1_Lumidgm/50_1_3.wsq,impostor,5,19,5,,False,43.129789,0
179,stored,57,DB1_Lumidgm:57:3,DB1_Lumidgm/47_1_10.wsq,impostor,6,19,6,,False,38.07614,0
179,derive,57,DB1_Lumidgm:57:3,DB1_Lumidgm/47_1_10.wsq,impostor,6,19,6,,False,35.725088,0
180,derive,86,DB1_Lumidgm:86:2,DB1_Lumidgm/86_4_2.wsq,genuine,164,19,164,,True,57.693229,1210
180,stored,86,DB1_Lumidgm:86:2,DB1_Lumidgm/86_4_2.wsq,genuine,164,19,164,,True,53.874964,1210
181,stored,90,DB1_Lumidgm:90:6,DB1_Lumidgm/70_1_4.wsq,impostor,6,19,6,,False,38.12246,0
181,derive,90,DB1_Lumidgm:90:6,DB1_Lumidgm/70_1_4.wsq,impostor,6,19,6,,False,37.890214,0
182,derive,34,DB1_Lumidgm:34:10,DB1_Lumidgm/47_1_10.wsq,impostor,12,19,12,,False,39.452833,0
182,stored,34,DB1_Lumidgm:34:10,DB1_Lumidgm/47_1_10.wsq,impostor,12,19,12,,False,35.217783,0
183,stored,96,DB1_Lumidgm:96:1,DB1_Lumidgm/73_1_9.wsq,impostor,4,19,4,,False,38.943141,0
183,derive,96,DB1_Lumidgm:96:1,DB1_Lumidgm/73_1_9.wsq,impostor,4,19,4,,False,35.177394,0
184,derive,51,DB1_Lumidgm:51:10,DB1_Lumidgm/36_1_10.wsq,impostor,11,19,11,,False,36.975393,0
184,stored,51,DB1_Lumidgm:51:10,DB1_Lumidgm/36_1_10.wsq,impostor,11,19,11,,False,37.959843,0
185,stored,29,DB1_Lumidgm:29:5,DB1_Lumidgm/28_1_9.wsq,impostor,7,19,7,,False,37.814189,0
185,derive,29,DB1_Lumidgm:29:5,DB1_Lumidgm/28_1_9.wsq,impostor,7,19,7,,False,39.006423,0
186,derive,86,DB1_Lumidgm:86:4,DB1_Lumidgm/31_1_6.wsq,impostor,7,19,7,,False,41.043631,0
186,stored,86,DB1_Lumidgm:86:4,DB1_Lumidgm/31_1_6.wsq,impostor,7,19,7,,False,39.866286,0
187,stored,83,DB1_Lumidgm:83:7,DB1_Lumidgm/46_1_6.wsq,impostor,4,19,4,,False,38.018635,0
187,derive,83,DB1_Lumidgm:83:7,DB1_Lumidgm/46_1_6.wsq,impostor,4,19,4,,False,38.629584,0
188,derive,49,DB1_Lumidgm:49:3,DB1_Lumidgm/60_1_2.wsq,impostor,3,19,3,,False,37.060962,0
188,stored,49,DB1_Lumidgm:49:3,DB1_Lumidgm/60_1_2.wsq,impostor,3,19,3,,False,37.348429,0
189,stored,44,DB1_Lumidgm:44:7,DB1_Lumidgm/44_3_7.wsq,genuine,130,19,130,,True,44.615493,1210
189,derive,44,DB1_Lumidgm:44:7,DB1_Lumidgm/44_3_7.wsq,genuine,130,19,130,,True,43.471953,1210
190,derive,65,DB1_Lumidgm:65:2,DB1_Lumidgm/78_1_4.wsq,impostor,10,19,10,,False,40.424954,0
190,stored,65,DB1_Lumidgm:65:2,DB1_Lumidgm/78_1_4.wsq,impostor,10,19,10,,False,37.556343,0
191,stored,54,DB1_Lumidgm:54:2,DB1_Lumidgm/34_1_2.wsq,impostor,7,19,7,,False,35.720152,0
191,derive,54,DB1_Lumidgm:54:2,DB1_Lumidgm/34_1_2.wsq,impostor,7,19,7,,False,35.781342,0
192,derive,60,DB1_Lumidgm:60:2,DB1_Lumidgm/96_1_2.wsq,impostor,5,19,5,,False,35.435838,0
192,stored,60,DB1_Lumidgm:60:2,DB1_Lumidgm/96_1_2.wsq,impostor,5,19,5,,False,35.473613,0
193,stored,63,DB1_Lumidgm:63:5,DB1_Lumidgm/73_1_1.wsq,impostor,7,19,7,,False,37.091466,0
193,derive,63,DB1_Lumidgm:63:5,DB1_Lumidgm/73_1_1.wsq,impostor,7,19,7,,False,36.869377,0
194,derive,40,DB1_Lumidgm:40:8,DB1_Lumidgm/40_3_8.wsq,genuine,26,19,26,,True,38.470222,1210
194,stored,40,DB1_Lumidgm:40:8,DB1_Lumidgm/40_3_8.wsq,genuine,26,19,26,,True,37.848241,1210
195,stored,71,DB1_Lumidgm:71:4,DB1_Lumidgm/46_1_10.wsq,impostor,9,19,9,,False,37.177867,0
195,derive,71,DB1_Lumidgm:71:4,DB1_Lumidgm/46_1_10.wsq,impostor,9,19,9,,False,37.295007,0
196,derive,73,DB1_Lumidgm:73:5,DB1_Lumidgm/99_1_8.wsq,impostor,7,19,7,,False,37.620597,0
196,stored,73,DB1_Lumidgm:73:5,DB1_Lumidgm/99_1_8.wsq,impostor,7,19,7,,False,37.709656,0
197,stored,29,DB1_Lumidgm:29:8,DB1_Lumidgm/21_1_1.wsq,impostor,9,19,9,,False,37.848204,0
197,derive,29,DB1_Lumidgm:29:8,DB1_Lumidgm/21_1_1.wsq,impostor,9,19,9,,False,38.126168,0
198,derive,25,DB1_Lumidgm:25:9,DB1_Lumidgm/60_1_3.wsq,impostor,6,19,6,,False,38.169717,0
198,stored,25,DB1_Lumidgm:25:9,DB1_Lumidgm/60_1_3.wsq,impostor,6,19,6,,False,37.667862,0
199,stored,51,DB1_Lumidgm:51:3,DB1_Lumidgm/51_2_3.wsq,genuine,166,19,166,,True,49.994499,1210
199,derive,51,DB1_Lumidgm:51:3,DB1_Lumidgm/51_2_3.wsq,genuine,166,19,166,,True,48.165584,1210
200,derive,69,DB1_Lumidgm:69:2,DB1_Lumidgm/69_3_2.wsq,genuine,167,19,167,,True,39.122633,1210
200,stored,69,DB1_Lumidgm:69:2,DB1_Lumidgm/69_3_2.wsq,genuine,167,19,167,,True,43.403717,1210
201,stored,76,DB1_Lumidgm:76:9,DB1_Lumidgm/67_1_1.wsq,impostor,6,19,6,,False,38.177129,0
201,derive,76,DB1_Lumidgm:76:9,DB1_Lumidgm/67_1_1.wsq,impostor,6,19,6,,False,39.233308,0
202,derive,39,DB1_Lumidgm:39:5,DB1_Lumidgm/99_1_8.wsq,impostor,6,19,6,,False,46.802716,0
202,stored,39,DB1_Lumidgm:39:5,DB1_Lumidgm/99_1_8.wsq,impostor,6,19,6,,False,38.653543,0
203,stored,60,DB1_Lumidgm:60:4,DB1_Lumidgm/60_2_4.wsq,genuine,184,19,184,,True,45.498247,1210
203,derive,60,DB1_Lumidgm:60:4,DB1_Lumidgm/60_2_4.wsq,genuine,184,19,184,,True,45.834937,1210
204,derive,32,DB1_Lumidgm:32:4,DB1_Lumidgm/43_1_10.wsq,impostor,9,19,9,,False,38.595393,0
204,stored,32,DB1_Lumidgm:32:4,DB1_Lumidgm/43_1_10.wsq,impostor,9,19,9,,False,35.481974,0
205,stored,54,DB1_Lumidgm:54:6,DB1_Lumidgm/68_1_3.wsq,impostor,6,19,6,,False,38.349491,0
205,derive,54,DB1_Lumidgm:54:6,DB1_Lumidgm/68_1_3.wsq,impostor,6,19,6,,False,35.585113,0
206,derive,82,DB1_Lumidgm:82:2,DB1_Lumidgm/82_3_2.wsq,genuine,37,19,37,,True,46.205959,1210
206,stored,82,DB1_Lumidgm:82:2,DB1_Lumidgm/82_3_2.wsq,genuine,37,19,37,,True,47.432192,1210
207,stored,58,DB1_Lumidgm:58:4,DB1_Lumidgm/93_1_9.wsq,impostor,10,19,10,,False,46.7693,0
207,derive,58,DB1_Lumidgm:58:4,DB1_Lumidgm/93_1_9.wsq,impostor,10,19,10,,False,44.973064,0
208,derive,97,DB1_Lumidgm:97:4,DB1_Lumidgm/48_1_10.wsq,impostor,5,19,5,,False,38.299241,0
208,stored,97,DB1_Lumidgm:97:4,DB1_Lumidgm/48_1_10.wsq,impostor,5,19,5,,False,37.040745,0
209,stored,71,DB1_Lumidgm:71:10,DB1_Lumidgm/73_1_9.wsq,impostor,6,19,6,,False,38.65907,0
209,derive,71,DB1_Lumidgm:71:10,DB1_Lumidgm/73_1_9.wsq,impostor,6,19,6,,False,40.614128,0
210,derive,91,DB1_Lumidgm:91:2,DB1_Lumidgm/54_1_2.wsq,impostor,7,19,7,,False,40.850669,0
210,stored,91,DB1_Lumidgm:91:2,DB1_Lumidgm/54_1_2.wsq,impostor,7,19,7,,False,40.582101,0
211,stored,57,DB1_Lumidgm:57:5,DB1_Lumidgm/60_1_8.wsq,impostor,6,19,6,,False,40.510589,0
211,derive,57,DB1_Lumidgm:57:5,DB1_Lumidgm/60_1_8.wsq,impostor,6,19,6,,False,39.298869,0
212,derive,51,DB1_Lumidgm:51:7,DB1_Lumidgm/35_1_5.wsq,impostor,4,19,4,,False,37.72295,0
212,stored,51,DB1_Lumidgm:51:7,DB1_Lumidgm/35_1_5.wsq,impostor,4,19,4,,False,41.330906,0
213,stored,27,DB1_Lumidgm:27:4,DB1_Lumidgm/24_1_4.wsq,impostor,8,19,8,,False,43.56003,0
213,derive,27,DB1_Lumidgm:27:4,DB1_Lumidgm/24_1_4.wsq,impostor,8,19,8,,False,37.39551,0
214,derive,46,DB1_Lumidgm:46:3,DB1_Lumidgm/56_1_10.wsq,impostor,10,19,10,,False,41.348328,0
214,stored,46,DB1_Lumidgm:46:3,DB1_Lumidgm/56_1_10.wsq,impostor,10,19,10,,False,38.10873,0
215,stored,38,DB1_Lumidgm:38:3,DB1_Lumidgm/23_1_10.wsq,impostor,8,19,8,,False,33.973998,0
215,derive,38,DB1_Lumidgm:38:3,DB1_Lumidgm/23_1_10.wsq,impostor,8,19,8,,False,31.716091,0
216,derive,59,DB1_Lumidgm:59:2,DB1_Lumidgm/47_1_4.wsq,impostor,12,19,12,,False,38.046459,0
216,stored,59,DB1_Lumidgm:59:2,DB1_Lumidgm/47_1_4.wsq,impostor,12,19,12,,False,37.458617,0
217,stored,64,DB1_Lumidgm:64:4,DB1_Lumidgm/68_1_9.wsq,impostor,10,19,10,,False,39.498515,0
217,derive,64,DB1_Lumidgm:64:4,DB1_Lumidgm/68_1_9.wsq,impostor,10,19,10,,False,40.191142,0
218,derive,48,DB1_Lumidgm:48:9,DB1_Lumidgm/48_2_9.wsq,genuine,128,19,128,,True,53.610308,1210
218,stored,48,DB1_Lumidgm:48:9,DB1_Lumidgm/48_2_9.wsq,genuine,128,19,128,,True,54.382773,1210
219,stored,50,DB1_Lumidgm:50:8,DB1_Lumidgm/50_1_1.wsq,impostor,5,19,5,,False,38.761538,0
219,derive,50,DB1_Lumidgm:50:8,DB1_Lumidgm/50_1_1.wsq,impostor,5,19,5,,False,41.003106,0
220,derive,83,DB1_Lumidgm:83:4,DB1_Lumidgm/92_1_3.wsq,impostor,3,19,3,,False,41.965064,0
220,stored,83,DB1_Lumidgm:83:4,DB1_Lumidgm/92_1_3.wsq,impostor,3,19,3,,False,41.539917,0
221,stored,72,DB1_Lumidgm:72:5,DB1_Lumidgm/73_1_2.wsq,impostor,13,19,13,,False,36.151062,0
221,derive,72,DB1_Lumidgm:72:5,DB1_Lumidgm/73_1_2.wsq,impostor,13,19,13,,False,35.574164,0
222,derive,60,DB1_Lumidgm:60:5,DB1_Lumidgm/27_1_9.wsq,impostor,5,19,5,,False,38.417204,0
222,stored,60,DB1_Lumidgm:60:5,DB1_Lumidgm/27_1_9.wsq,impostor,5,19,5,,False,37.54442,0
223,stored,91,DB1_Lumidgm:91:8,DB1_Lumidgm/67_1_2.wsq,impostor,5,19,5,,False,35.749338,0
223,derive,91,DB1_Lumidgm:91:8,DB1_Lumidgm/67_1_2.wsq,impostor,5,19,5,,False,36.98342,0
224,derive,60,DB1_Lumidgm:60:6,DB1_Lumidgm/28_1_2.wsq,impostor,4,19,4,,False,38.245847,0
224,stored,60,DB1_Lumidgm:60:6,DB1_Lumidgm/28_1_2.wsq,impostor,4,19,4,,False,38.441349,0
225,stored,24,DB1_Lumidgm:24:5,DB1_Lumidgm/24_4_5.wsq,genuine,113,19,113,,True,38.73983,1210
225,derive,24,DB1_Lumidgm:24:5,DB1_Lumidgm/24_4_5.wsq,genuine,113,19,113,,True,37.33925,1210
226,derive,63,DB1_Lumidgm:63:10,DB1_Lumidgm/70_1_10.wsq,impostor,10,19,10,,False,35.522296,0
226,stored,63,DB1_Lumidgm:63:10,DB1_Lumidgm/70_1_10.wsq,impostor,10,19,10,,False,35.618776,0
227,stored,59,DB1_Lumidgm:59:2,DB1_Lumidgm/89_1_8.wsq,impostor,7,19,7,,False,45.477023,0
227,derive,59,DB1_Lumidgm:59:2,DB1_Lumidgm/89_1_8.wsq,impostor,7,19,7,,False,45.711328,0
228,derive,70,DB1_Lumidgm:70:5,DB1_Lumidgm/37_1_4.wsq,impostor,10,19,10,,False,36.599528,0
228,stored,70,DB1_Lumidgm:70:5,DB1_Lumidgm/37_1_4.wsq,impostor,10,19,10,,False,36.675042,0
229,stored,82,DB1_Lumidgm:82:7,DB1_Lumidgm/34_1_5.wsq,impostor,6,19,6,,False,35.383183,0
229,derive,82,DB1_Lumidgm:82:7,DB1_Lumidgm/34_1_5.wsq,impostor,6,19,6,,False,35.52216,0
230,derive,89,DB1_Lumidgm:89:7,DB1_Lumidgm/83_1_5.wsq,impostor,16,19,16,,False,33.518167,0
230,stored,89,DB1_Lumidgm:89:7,DB1_Lumidgm/83_1_5.wsq,impostor,16,19,16,,False,33.085543,0
231,stored,32,DB1_Lumidgm:32:7,DB1_Lumidgm/32_3_7.wsq,genuine,45,19,45,,True,40.197613,1210
231,derive,32,DB1_Lumidgm:32:7,DB1_Lumidgm/32_3_7.wsq,genuine,45,19,45,,True,38.087182,1210
232,derive,64,DB1_Lumidgm:64:5,DB1_Lumidgm/66_1_3.wsq,impostor,4,19,4,,False,39.23542,0
232,stored,64,DB1_Lumidgm:64:5,DB1_Lumidgm/66_1_3.wsq,impostor,4,19,4,,False,39.381386,0
233,stored,43,DB1_Lumidgm:43:6,DB1_Lumidgm/96_1_10.wsq,impostor,6,19,6,,False,33.596726,0
233,derive,43,DB1_Lumidgm:43:6,DB1_Lumidgm/96_1_10.wsq,impostor,6,19,6,,False,32.985226,0
234,derive,24,DB1_Lumidgm:24:4,DB1_Lumidgm/39_1_2.wsq,impostor,13,19,13,,False,34.559377,0
234,stored,24,DB1_Lumidgm:24:4,DB1_Lumidgm/39_1_2.wsq,impostor,13,19,13,,False,34.487425,0
235,stored,64,DB1_Lumidgm:64:6,DB1_Lumidgm/64_4_6.wsq,genuine,199,19,199,,True,63.360662,1210
235,derive,64,DB1_Lumidgm:64:6,DB1_Lumidgm/64_4_6.wsq,genuine,199,19,199,,True,62.939039,1210
236,derive,23,DB1_Lumidgm:23:4,DB1_Lumidgm/23_2_4.wsq,genuine,214,19,214,,True,46.182373,1210
236,stored,23,DB1_Lumidgm:23:4,DB1_Lumidgm/23_2_4.wsq,genuine,214,19,214,,True,45.058065,1210
237,stored,75,DB1_Lumidgm:75:6,DB1_Lumidgm/65_1_3.wsq,impostor,5,19,5,,False,40.986983,0
237,derive,75,DB1_Lumidgm:75:6,DB1_Lumidgm/65_1_3.wsq,impostor,5,19,5,,False,40.791361,0
238,derive,93,DB1_Lumidgm:93:7,DB1_Lumidgm/98_1_5.wsq,impostor,4,19,4,,False,36.129523,0
238,stored,93,DB1_Lumidgm:93:7,DB1_Lumidgm/98_1_5.wsq,impostor,4,19,4,,False,36.154149,0
239,stored,42,DB1_Lumidgm:42:4,DB1_Lumidgm/38_1_10.wsq,impostor,7,19,7,,False,37.88582,0
239,derive,42,DB1_Lumidgm:42:4,DB1_Lumidgm/38_1_10.wsq,impostor,7,19,7,,False,37.283855,0
240,derive,100,DB1_Lumidgm:100:7,DB1_Lumidgm/91_1_7.wsq,impostor,6,19,6,,False,39.535762,0
240,stored,100,DB1_Lumidgm:100:7,DB1_Lumidgm/91_1_7.wsq,impostor,6,19,6,,False,39.509451,0
241,stored,100,DB1_Lumidgm:100:8,DB1_Lumidgm/97_1_2.wsq,impostor,11,19,11,,False,35.875637,0
241,derive,100,DB1_Lumidgm:100:8,DB1_Lumidgm/97_1_2.wsq,impostor,11,19,11,,False,36.555528,0
242,derive,62,DB1_Lumidgm:62:4,DB1_Lumidgm/92_1_6.wsq,impostor,8,19,8,,False,45.504272,0
242,stored,62,DB1_Lumidgm:62:4,DB1_Lumidgm/92_1_6.wsq,impostor,8,19,8,,False,44.154698,0
243,stored,76,DB1_Lumidgm:76:1,DB1_Lumidgm/68_1_8.wsq,impostor,4,19,4,,False,35.219073,0
243,derive,76,DB1_Lumidgm:76:1,DB1_Lumidgm/68_1_8.wsq,impostor,4,19,4,,False,35.455128,0
244,derive,86,DB1_Lumidgm:86:8,DB1_Lumidgm/87_1_3.wsq,impostor,9,19,9,,False,37.647323,0
244,stored,86,DB1_Lumidgm:86:8,DB1_Lumidgm/87_1_3.wsq,impostor,9,19,9,,False,38.047811,0
245,stored,80,DB1_Lumidgm:80:5,DB1_Lumidgm/91_1_5.wsq,impostor,6,19,6,,False,38.845517,0
245,derive,80,DB1_Lumidgm:80:5,DB1_Lumidgm/91_1_5.wsq,impostor,6,19,6,,False,38.763106,0
246,derive,59,DB1_Lumidgm:59:6,DB1_Lumidgm/34_1_8.wsq,impostor,6,19,6,,False,38.936604,0
246,stored,59,DB1_Lumidgm:59:6,DB1_Lumidgm/34_1_8.wsq,impostor,6,19,6,,False,37.921186,0
247,stored,83,DB1_Lumidgm:83:6,DB1_Lumidgm/95_1_10.wsq,impostor,6,19,6,,False,41.585089,0
247,derive,83,DB1_Lumidgm:83:6,DB1_Lumidgm/95_1_10.wsq,impostor,6,19,6,,False,41.369665,0
248,derive,48,DB1_Lumidgm:48:6,DB1_Lumidgm/29_1_3.wsq,impostor,7,19,7,,False,38.148104,0
248,stored,48,DB1_Lumidgm:48:6,DB1_Lumidgm/29_1_3.wsq,impostor,7,19,7,,False,36.553217,0
249,stored,91,DB1_Lumidgm:91:9,DB1_Lumidgm/47_1_9.wsq,impostor,4,19,4,,False,34.117177,0
249,derive,91,DB1_Lumidgm:91:9,DB1_Lumidgm/47_1_9.wsq,impostor,4,19,4,,False,33.338626,0
250,derive,91,DB1_Lumidgm:91:4,DB1_Lumidgm/80_1_3.wsq,impostor,6,19,6,,False,35.722363,0
250,stored,91,DB1_Lumidgm:91:4,DB1_Lumidgm/80_1_3.wsq,impostor,6,19,6,,False,36.758501,0
251,stored,78,DB1_Lumidgm:78:9,DB1_Lumidgm/78_4_9.wsq,genuine,39,19,39,,True,42.192239,1210
251,derive,78,DB1_Lumidgm:78:9,DB1_Lumidgm/78_4_9.wsq,genuine,39,19,39,,True,41.303142,1210
252,derive,62,DB1_Lumidgm:62:1,DB1_Lumidgm/67_1_2.wsq,impostor,6,19,6,,False,36.410291,0
252,stored,62,DB1_Lumidgm:62:1,DB1_Lumidgm/67_1_2.wsq,impostor,6,19,6,,False,36.684206,0
253,stored,91,DB1_Lumidgm:91:3,DB1_Lumidgm/46_1_7.wsq,impostor,5,19,5,,False,40.4777,0
253,derive,91,DB1_Lumidgm:91:3,DB1_Lumidgm/46_1_7.wsq,impostor,5,19,5,,False,38.259677,0
254,derive,80,DB1_Lumidgm:80:10,DB1_Lumidgm/80_3_10.wsq,genuine,7,19,7,,False,35.979048,0
254,stored,80,DB1_Lumidgm:80:10,DB1_Lumidgm/80_3_10.wsq,genuine,7,19,7,,False,34.216912,0
255,stored,97,DB1_Lumidgm:97:2,DB1_Lumidgm/84_1_10.wsq,impostor,7,19,7,,False,34.556583,0
255,derive,97,DB1_Lumidgm:97:2,DB1_Lumidgm/84_1_10.wsq,impostor,7,19,7,,False,34.178169,0
256,derive,95,DB1_Lumidgm:95:3,DB1_Lumidgm/68_1_10.wsq,impostor,4,19,4,,False,32.543079,0
256,stored,95,DB1_Lumidgm:95:3,DB1_Lumidgm/68_1_10.wsq,impostor,4,19,4,,False,32.776226,0
257,stored,35,DB1_Lumidgm:35:6,DB1_Lumidgm/100_1_1.wsq,impostor,5,19,5,,False,37.829436,0
257,derive,35,DB1_Lumidgm:35:6,DB1_Lumidgm/100_1_1.wsq,impostor,5,19,5,,False,37.097615,0
258,derive,75,DB1_Lumidgm:75:3,DB1_Lumidgm/47_1_7.wsq,impostor,4,19,4,,False,35.271541,0
258,stored,75,DB1_Lumidgm:75:3,DB1_Lumidgm/47_1_7.wsq,impostor,4,19,4,,False,35.663762,0
259,stored,85,DB1_Lumidgm:85:9,DB1_Lumidgm/77_1_2.wsq,impostor,8,19,8,,False,35.494391,0
259,derive,85,DB1_Lumidgm:85:9,DB1_Lumidgm/77_1_2.wsq,impostor,8,19,8,,False,36.213914,0
260,derive,43,DB1_Lumidgm:43:10,DB1_Lumidgm/92_1_10.wsq,impostor,5,19,5,,False,40.604565,0
260,stored,43,DB1_Lumidgm:43:10,DB1_Lumidgm/92_1_10.wsq,impostor,5,19,5,,False,39.92064,0
261,stored,21,DB1_Lumidgm:21:5,DB1_Lumidgm/38_1_1.wsq,impostor,8,19,8,,False,35.662984,0
261,derive,21,DB1_Lumidgm:21:5,DB1_Lumidgm/38_1_1.wsq,impostor,8,19,8,,False,36.250307,0
262,derive,72,DB1_Lumidgm:72:10,DB1_Lumidgm/26_1_2.wsq,impostor,8,19,8,,False,35.020936,0
262,stored,72,DB1_Lumidgm:72:10,DB1_Lumidgm/26_1_2.wsq,impostor,8,19,8,,False,34.374897,0
263,stored,94,DB1_Lumidgm:94:1,DB1_Lumidgm/38_1_4.wsq,impostor,6,19,6,,False,35.253444,0
263,derive,94,DB1_Lumidgm:94:1,DB1_Lumidgm/38_1_4.wsq,impostor,6,19,6,,False,35.418875,0
264,derive,37,DB1_Lumidgm:37:6,DB1_Lumidgm/72_1_1.wsq,impostor,3,19,3,,False,35.130502,0
264,stored,37,DB1_Lumidgm:37:6,DB1_Lumidgm/72_1_1.wsq,impostor,3,19,3,,False,35.396123,0
265,stored,52,DB1_Lumidgm:52:5,DB1_Lumidgm/50_1_6.wsq,impostor,12,19,12,,False,39.072218,0
265,derive,52,DB1_Lumidgm:52:5,DB1_Lumidgm/50_1_6.wsq,impostor,12,19,12,,False,38.787781,0
266,derive,54,DB1_Lumidgm:54:2,DB1_Lumidgm/91_1_6.wsq,impostor,5,19,5,,False,41.8967,0
266,stored,54,DB1_Lumidgm:54:2,DB1_Lumidgm/91_1_6.wsq,impostor,5,19,5,,False,41.471265,0
267,stored,89,DB1_Lumidgm:89:10,DB1_Lumidgm/25_1_5.wsq,impostor,7,19,7,,False,36.623189,0
267,derive,89,DB1_Lumidgm:89:10,DB1_Lumidgm/25_1_5.wsq,impostor,7,19,7,,False,34.739028,0
268,derive,90,DB1_Lumidgm:90:5,DB1_Lumidgm/79_1_10.wsq,impostor,5,19,5,,False,36.986567,0
268,stored,90,DB1_Lumidgm:90:5,DB1_Lumidgm/79_1_10.wsq,impostor,5,19,5,,False,36.978442,0
269,stored,65,DB1_Lumidgm:65:8,DB1_Lumidgm/83_1_5.wsq,impostor,6,19,6,,False,32.776919,0
269,derive,65,DB1_Lumidgm:65:8,DB1_Lumidgm/83_1_5.wsq,impostor,6,19,6,,False,32.935175,0
270,derive,93,DB1_Lumidgm:93:8,DB1_Lumidgm/43_1_1.wsq,impostor,7,19,7,,False,39.060726,0
270,stored,93,DB1_Lumidgm:93:8,DB1_Lumidgm/43_1_1.wsq,impostor,7,19,7,,False,38.279262,0
271,stored,69,DB1_Lumidgm:69:7,DB1_Lumidgm/76_1_6.wsq,impostor,6,19,6,,False,38.091521,0
271,derive,69,DB1_Lumidgm:69:7,DB1_Lumidgm/76_1_6.wsq,impostor,6,19,6,,False,38.704249,0
272,derive,100,DB1_Lumidgm:100:1,DB1_Lumidgm/84_1_9.wsq,impostor,4,19,4,,False,35.882871,0
272,stored,100,DB1_Lumidgm:100:1,DB1_Lumidgm/84_1_9.wsq,impostor,4,19,4,,False,35.079353,0
273,stored,50,DB1_Lumidgm:50:2,DB1_Lumidgm/32_1_10.wsq,impostor,6,19,6,,False,34.712132,0
273,derive,50,DB1_Lumidgm:50:2,DB1_Lumidgm/32_1_10.wsq,impostor,6,19,6,,False,34.420098,0
274,derive,66,DB1_Lumidgm:66:7,DB1_Lumidgm/66_3_7.wsq,genuine,223,19,223,,True,65.882176,1210
274,stored,66,DB1_Lumidgm:66:7,DB1_Lumidgm/66_3_7.wsq,genuine,223,19,223,,True,66.436272,1210
275,stored,57,DB1_Lumidgm:57:3,DB1_Lumidgm/77_1_4.wsq,impostor,6,19,6,,False,35.79418,0
275,derive,57,DB1_Lumidgm:57:3,DB1_Lumidgm/77_1_4.wsq,impostor,6,19,6,,False,35.194823,0
276,derive,25,DB1_Lumidgm:25:8,DB1_Lumidgm/63_1_10.wsq,impostor,8,19,8,,False,36.654886,0
276,stored,25,DB1_Lumidgm:25:8,DB1_Lumidgm/63_1_10.wsq,impostor,8,19,8,,False,34.981564,0
277,stored,97,DB1_Lumidgm:97:5,DB1_Lumidgm/97_2_5.wsq,genuine,88,19,88,,True,61.183138,1210
277,derive,97,DB1_Lumidgm:97:5,DB1_Lumidgm/97_2_5.wsq,genuine,88,19,88,,True,59.72441,1210
278,derive,68,DB1_Lumidgm:68:4,DB1_Lumidgm/62_1_6.wsq,impostor,4,19,4,,False,43.634491,0
278,stored,68,DB1_Lumidgm:68:4,DB1_Lumidgm/62_1_6.wsq,impostor,4,19,4,,False,43.649289,0
279,stored,45,DB1_Lumidgm:45:1,DB1_Lumidgm/45_4_1.wsq,genuine,175,19,175,,True,73.870832,1210
279,derive,45,DB1_Lumidgm:45:1,DB1_Lumidgm/45_4_1.wsq,genuine,175,19,175,,True,78.769294,1210
280,derive,53,DB1_Lumidgm:53:3,DB1_Lumidgm/56_1_5.wsq,impostor,12,19,12,,False,35.170146,0
280,stored,53,DB1_Lumidgm:53:3,DB1_Lumidgm/56_1_5.wsq,impostor,12,19,12,,False,33.772492,0
281,stored,65,DB1_Lumidgm:65:6,DB1_Lumidgm/93_1_6.wsq,impostor,7,19,7,,False,40.686893,0
281,derive,65,DB1_Lumidgm:65:6,DB1_Lumidgm/93_1_6.wsq,impostor,7,19,7,,False,41.131649,0
282,derive,29,DB1_Lumidgm:29:10,DB1_Lumidgm/70_1_10.wsq,impostor,10,19,10,,False,36.292432,0
282,stored,29,DB1_Lumidgm:29:10,DB1_Lumidgm/70_1_10.wsq,impostor,10,19,10,,False,35.048877,0
283,stored,47,DB1_Lumidgm:47:7,DB1_Lumidgm/54_1_6.wsq,impostor,5,19,5,,False,36.736463,0
283,derive,47,DB1_Lumidgm:47:7,DB1_Lumidgm/54_1_6.wsq,impostor,5,19,5,,False,37.630964,0
284,derive,30,DB1_Lumidgm:30:5,DB1_Lumidgm/41_1_1.wsq,impostor,9,19,9,,False,38.249667,0
284,stored,30,DB1_Lumidgm:30:5,DB1_Lumidgm/41_1_1.wsq,impostor,9,19,9,,False,50.275299,0
285,stored,46,DB1_Lumidgm:46:9,DB1_Lumidgm/46_4_9.wsq,genuine,80,19,80,,True,53.043029,1210
285,derive,46,DB1_Lumidgm:46:9,DB1_Lumidgm/46_4_9.wsq,genuine,80,19,80,,True,51.864178,1210
286,derive,69,DB1_Lumidgm:69:9,DB1_Lumidgm/72_1_6.wsq,impostor,5,19,5,,False,37.102177,0
286,stored,69,DB1_Lumidgm:69:9,DB1_Lumidgm/72_1_6.wsq,impostor,5,19,5,,False,37.56622,0
287,stored,86,DB1_Lumidgm:86:10,DB1_Lumidgm/81_1_5.wsq,impostor,10,19,10,,False,35.520755,0
287,derive,86,DB1_Lumidgm:86:10,DB1_Lumidgm/81_1_5.wsq,impostor,10,19,10,,False,36.100295,0
288,derive,64,DB1_Lumidgm:64:3,DB1_Lumidgm/64_4_3.wsq,genuine,85,19,85,,True,49.297003,1210
288,stored,64,DB1_Lumidgm:64:3,DB1_Lumidgm/64_4_3.wsq,genuine,85,19,85,,True,49.168106,1210
289,stored,68,DB1_Lumidgm:68:5,DB1_Lumidgm/74_1_6.wsq,impostor,6,19,6,,False,36.460725,0
289,derive,68,DB1_Lumidgm:68:5,DB1_Lumidgm/74_1_6.wsq,impostor,6,19,6,,False,36.254493,0
290,derive,94,DB1_Lumidgm:94:3,DB1_Lumidgm/29_1_10.wsq,impostor,12,19,12,,False,37.414433,0
290,stored,94,DB1_Lumidgm:94:3,DB1_Lumidgm/29_1_10.wsq,impostor,12,19,12,,False,36.602111,0
291,stored,90,DB1_Lumidgm:90:1,DB1_Lumidgm/32_1_3.wsq,impostor,3,19,3,,False,39.613258,0
291,derive,90,DB1_Lumidgm:90:1,DB1_Lumidgm/32_1_3.wsq,impostor,3,19,3,,False,37.675366,0
292,derive,63,DB1_Lumidgm:63:7,DB1_Lumidgm/62_1_7.wsq,impostor,6,19,6,,False,45.618776,0
292,stored,63,DB1_Lumidgm:63:7,DB1_Lumidgm/62_1_7.wsq,impostor,6,19,6,,False,46.22566,0
293,stored,96,DB1_Lumidgm:96:8,DB1_Lumidgm/88_1_3.wsq,impostor,4,19,4,,False,39.820334,0
293,derive,96,DB1_Lumidgm:96:8,DB1_Lumidgm/88_1_3.wsq,impostor,4,19,4,,False,44.311949,0
294,derive,38,DB1_Lumidgm:38:9,DB1_Lumidgm/71_1_4.wsq,impostor,4,19,4,,False,51.480669,0
294,stored,38,DB1_Lumidgm:38:9,DB1_Lumidgm/71_1_4.wsq,impostor,4,19,4,,False,40.876337,0
295,stored,84,DB1_Lumidgm:84:2,DB1_Lumidgm/47_1_7.wsq,impostor,6,19,6,,False,38.520846,0
295,derive,84,DB1_Lumidgm:84:2,DB1_Lumidgm/47_1_7.wsq,impostor,6,19,6,,False,37.322784,0
296,derive,91,DB1_Lumidgm:91:1,DB1_Lumidgm/23_1_5.wsq,impostor,8,19,8,,False,35.761105,0
296,stored,91,DB1_Lumidgm:91:1,DB1_Lumidgm/23_1_5.wsq,impostor,8,19,8,,False,32.869569,0
297,stored,42,DB1_Lumidgm:42:1,DB1_Lumidgm/58_1_3.wsq,impostor,5,19,5,,False,43.533952,0
297,derive,42,DB1_Lumidgm:42:1,DB1_Lumidgm/58_1_3.wsq,impostor,5,19,5,,False,43.47501,0
298,derive,26,DB1_Lumidgm:26:3,DB1_Lumidgm/97_1_7.wsq,impostor,7,19,7,,False,36.756322,0
298,stored,26,DB1_Lumidgm:26:3,DB1_Lumidgm/97_1_7.wsq,impostor,7,19,7,,False,38.670529,0
299,stored,48,DB1_Lumidgm:48:5,DB1_Lumidgm/90_1_5.wsq,impostor,5,19,5,,False,35.308637,0
299,derive,48,DB1_Lumidgm:48:5,DB1_Lumidgm/90_1_5.wsq,impostor,5,19,5,,False,35.387636,0
300,derive,67,DB1_Lumidgm:67:2,DB1_Lumidgm/42_1_10.wsq,impostor,5,19,5,,False,37.351097,0
300,stored,67,DB1_Lumidgm:67:2,DB1_Lumidgm/42_1_10.wsq,impostor,5,19,5,,False,37.181995,0
301,stored,61,DB1_Lumidgm:61:9,DB1_Lumidgm/84_1_9.wsq,impostor,9,19,9,,False,36.478054,0
301,derive,61,DB1_Lumidgm:61:9,DB1_Lumidgm/84_1_9.wsq,impostor,9,19,9,,False,36.412997,0
302,derive,73,DB1_Lumidgm:73:2,DB1_Lumidgm/77_1_9.wsq,impostor,6,19,6,,False,36.318935,0
302,stored,73,DB1_Lumidgm:73:2,DB1_Lumidgm/77_1_9.wsq,impostor,6,19,6,,False,36.122281,0
303,stored,72,DB1_Lumidgm:72:6,DB1_Lumidgm/79_1_8.wsq,impostor,6,19,6,,False,35.947283,0
303,derive,72,DB1_Lumidgm:72:6,DB1_Lumidgm/79_1_8.wsq,impostor,6,19,6,,False,36.891954,0
304,derive,66,DB1_Lumidgm:66:4,DB1_Lumidgm/70_1_4.wsq,impostor,7,19,7,,False,37.48615,0
304,stored,66,DB1_Lumidgm:66:4,DB1_Lumidgm/70_1_4.wsq,impostor,7,19,7,,False,37.950311,0
305,stored,66,DB1_Lumidgm:66:5,DB1_Lumidgm/57_1_7.wsq,impostor,13,19,13,,False,38.485763,0
305,derive,66,DB1_Lumidgm:66:5,DB1_Lumidgm/57_1_7.wsq,impostor,13,19,13,,False,37.622096,0
306,derive,76,DB1_Lumidgm:76:9,DB1_Lumidgm/30_1_9.wsq,impostor,5,19,5,,False,37.020521,0
306,stored,76,DB1_Lumidgm:76:9,DB1_Lumidgm/30_1_9.wsq,impostor,5,19,5,,False,38.228016,0
307,stored,61,DB1_Lumidgm:61:3,DB1_Lumidgm/61_4_3.wsq,genuine,174,19,174,,True,45.064767,1210
307,derive,61,DB1_Lumidgm:61:3,DB1_Lumidgm/61_4_3.wsq,genuine,174,19,174,,True,42.779866,1210
308,derive,90,DB1_Lumidgm:90:10,DB1_Lumidgm/73_1_2.wsq,impostor,4,19,4,,False,35.396398,0
308,stored,90,DB1_Lumidgm:90:10,DB1_Lumidgm/73_1_2.wsq,impostor,4,19,4,,False,35.45644,0
309,stored,44,DB1_Lumidgm:44:7,DB1_Lumidgm/52_1_8.wsq,impostor,7,19,7,,False,37.900702,0
309,derive,44,DB1_Lumidgm:44:7,DB1_Lumidgm/52_1_8.wsq,impostor,7,19,7,,False,38.492929,0
310,derive,42,DB1_Lumidgm:42:3,DB1_Lumidgm/53_1_5.wsq,impostor,7,19,7,,False,35.074371,0
310,stored,42,DB1_Lumidgm:42:3,DB1_Lumidgm/53_1_5.wsq,impostor,7,19,7,,False,34.304932,0
311,stored,88,DB1_Lumidgm:88:9,DB1_Lumidgm/88_3_9.wsq,genuine,65,19,65,,True,43.630296,1210
311,derive,88,DB1_Lumidgm:88:9,DB1_Lumidgm/88_3_9.wsq,genuine,65,19,65,,True,45.925142,1210
312,derive,89,DB1_Lumidgm:89:10,DB1_Lumidgm/89_4_10.wsq,genuine,62,19,62,,True,46.418214,1211
312,stored,89,DB1_Lumidgm:89:10,DB1_Lumidgm/89_4_10.wsq,genuine,62,19,62,,True,45.415762,1211
313,stored,23,DB1_Lumidgm:23:10,DB1_Lumidgm/23_3_10.wsq,genuine,78,19,78,,True,38.723237,1211
313,derive,23,DB1_Lumidgm:23:10,DB1_Lumidgm/23_3_10.wsq,genuine,78,19,78,,True,39.038374,1211
314,derive,34,DB1_Lumidgm:34:1,DB1_Lumidgm/45_1_5.wsq,impostor,5,19,5,,False,34.860884,0
314,stored,34,DB1_Lumidgm:34:1,DB1_Lumidgm/45_1_5.wsq,impostor,5,19,5,,False,36.523193,0
315,stored,25,DB1_Lumidgm:25:8,DB1_Lumidgm/25_2_8.wsq,genuine,195,19,195,,True,56.233711,1210
315,derive,25,DB1_Lumidgm:25:8,DB1_Lumidgm/25_2_8.wsq,genuine,195,19,195,,True,54.444614,1210
316,derive,80,DB1_Lumidgm:80:5,DB1_Lumidgm/58_1_8.wsq,impostor,8,19,8,,False,43.2651,0
316,stored,80,DB1_Lumidgm:80:5,DB1_Lumidgm/58_1_8.wsq,impostor,8,19,8,,False,43.34839,0
317,stored,93,DB1_Lumidgm:93:1,DB1_Lumidgm/94_1_5.wsq,impostor,10,19,10,,False,40.004426,0
317,derive,93,DB1_Lumidgm:93:1,DB1_Lumidgm/94_1_5.wsq,impostor,10,19,10,,False,40.239125,0
318,derive,28,DB1_Lumidgm:28:2,DB1_Lumidgm/28_1_4.wsq,impostor,6,19,6,,False,40.515537,0
318,stored,28,DB1_Lumidgm:28:2,DB1_Lumidgm/28_1_4.wsq,impostor,6,19,6,,False,39.493841,0
319,stored,67,DB1_Lumidgm:67:1,DB1_Lumidgm/21_1_5.wsq,impostor,5,19,5,,False,38.183857,0
319,derive,67,DB1_Lumidgm:67:1,DB1_Lumidgm/21_1_5.wsq,impostor,5,19,5,,False,38.52415,0
320,derive,97,DB1_Lumidgm:97:8,DB1_Lumidgm/97_3_8.wsq,genuine,64,19,64,,True,41.325568,1210
320,stored,97,DB1_Lumidgm:97:8,DB1_Lumidgm/97_3_8.wsq,genuine,64,19,64,,True,40.426687,1210
321,stored,22,DB1_Lumidgm:22:8,DB1_Lumidgm/94_1_6.wsq,impostor,7,19,7,,False,39.262887,0
321,derive,22,DB1_Lumidgm:22:8,DB1_Lumidgm/94_1_6.wsq,impostor,7,19,7,,False,39.040461,0
322,derive,67,DB1_Lumidgm:67:4,DB1_Lumidgm/85_1_8.wsq,impostor,6,19,6,,False,35.743629,0
322,stored,67,DB1_Lumidgm:67:4,DB1_Lumidgm/85_1_8.wsq,impostor,6,19,6,,False,35.10055,0
323,stored,89,DB1_Lumidgm:89:7,DB1_Lumidgm/58_1_5.wsq,impostor,15,19,15,,False,45.010803,0
323,derive,89,DB1_Lumidgm:89:7,DB1_Lumidgm/58_1_5.wsq,impostor,15,19,15,,False,43.870982,0
324,derive,79,DB1_Lumidgm:79:7,DB1_Lumidgm/79_4_7.wsq,genuine,54,19,54,,True,127.610442,1210
324,stored,79,DB1_Lumidgm:79:7,DB1_Lumidgm/79_4_7.wsq,genuine,54,19,54,,True,117.589511,1210
325,stored,49,DB1_Lumidgm:49:7,DB1_Lumidgm/99_1_7.wsq,impostor,19,19,19,,True,36.804928,1210
325,derive,49,DB1_Lumidgm:49:7,DB1_Lumidgm/99_1_7.wsq,impostor,19,19,19,,True,38.32765,1210
326,derive,32,DB1_Lumidgm:32:7,DB1_Lumidgm/90_1_10.wsq,impostor,4,19,4,,False,36.386693,0
326,stored,32,DB1_Lumidgm:32:7,DB1_Lumidgm/90_1_10.wsq,impostor,4,19,4,,False,36.363579,0
327,stored,78,DB1_Lumidgm:78:6,DB1_Lumidgm/92_1_8.wsq,impostor,6,19,6,,False,39.385328,0
327,derive,78,DB1_Lumidgm:78:6,DB1_Lumidgm/92_1_8.wsq,impostor,6,19,6,,False,38.280692,0
328,derive,41,DB1_Lumidgm:41:3,DB1_Lumidgm/57_1_1.wsq,impostor,6,19,6,,False,37.637617,0
328,stored,41,DB1_Lumidgm:41:3,DB1_Lumidgm/57_1_1.wsq,impostor,6,19,6,,False,38.334319,0
329,stored,84,DB1_Lumidgm:84:8,DB1_Lumidgm/88_1_6.wsq,impostor,4,19,4,,False,43.434189,0
329,derive,84,DB1_Lumidgm:84:8,DB1_Lumidgm/88_1_6.wsq,impostor,4,19,4,,False,44.230373,0
330,derive,27,DB1_Lumidgm:27:7,DB1_Lumidgm/47_1_7.wsq,impostor,22,19,22,,True,37.162926,1210
330,stored,27,DB1_Lumidgm:27:7,DB1_Lumidgm/47_1_7.wsq,impostor,22,19,22,,True,38.457474,1210
331,stored,56,DB1_Lumidgm:56:6,DB1_Lumidgm/95_1_10.wsq,impostor,6,19,6,,False,43.581757,0
331,derive,56,DB1_Lumidgm:56:6,DB1_Lumidgm/95_1_10.wsq,impostor,6,19,6,,False,40.628703,0
332,derive,68,DB1_Lumidgm:68:5,DB1_Lumidgm/68_4_5.wsq,genuine,105,19,105,,True,35.944585,1210
332,stored,68,DB1_Lumidgm:68:5,DB1_Lumidgm/68_4_5.wsq,genuine,105,19,105,,True,35.483036,1210
333,stored,65,DB1_Lumidgm:65:4,DB1_Lumidgm/70_1_5.wsq,impostor,9,19,9,,False,36.071306,0
333,derive,65,DB1_Lumidgm:65:4,DB1_Lumidgm/70_1_5.wsq,impostor,9,19,9,,False,36.059818,0
334,derive,45,DB1_Lumidgm:45:1,DB1_Lumidgm/79_1_5.wsq,impostor,6,19,6,,False,34.325502,0
334,stored,45,DB1_Lumidgm:45:1,DB1_Lumidgm/79_1_5.wsq,impostor,6,19,6,,False,36.648208,0
335,stored,100,DB1_Lumidgm:100:8,DB1_Lumidgm/36_1_6.wsq,impostor,5,19,5,,False,37.101286,0
335,derive,100,DB1_Lumidgm:100:8,DB1_Lumidgm/36_1_6.wsq,impostor,5,19,5,,False,38.150422,0
336,derive,56,DB1_Lumidgm:56:5,DB1_Lumidgm/64_1_6.wsq,impostor,6,19,6,,False,37.957361,0
336,stored,56,DB1_Lumidgm:56:5,DB1_Lumidgm/64_1_6.wsq,impostor,6,19,6,,False,38.700025,0
337,stored,31,DB1_Lumidgm:31:4,DB1_Lumidgm/68_1_1.wsq,impostor,11,19,11,,False,38.221377,0
337,derive,31,DB1_Lumidgm:31:4,DB1_Lumidgm/68_1_1.wsq,impostor,11,19,11,,False,37.005199,0
338,derive,44,DB1_Lumidgm:44:6,DB1_Lumidgm/61_1_6.wsq,impostor,22,19,22,,True,41.845095,1210
338,stored,44,DB1_Lumidgm:44:6,DB1_Lumidgm/61_1_6.wsq,impostor,22,19,22,,True,41.397447,1210
339,stored,73,DB1_Lumidgm:73:1,DB1_Lumidgm/73_2_1.wsq,genuine,41,19,41,,True,38.315486,1210
339,derive,73,DB1_Lumidgm:73:1,DB1_Lumidgm/73_2_1.wsq,genuine,41,19,41,,True,36.944969,1210
340,derive,82,DB1_Lumidgm:82:1,DB1_Lumidgm/37_1_7.wsq,impostor,10,19,10,,False,39.452537,0
340,stored,82,DB1_Lumidgm:82:1,DB1_Lumidgm/37_1_7.wsq,impostor,10,19,10,,False,39.834564,0
341,stored,23,DB1_Lumidgm:23:9,DB1_Lumidgm/45_1_4.wsq,impostor,9,19,9,,False,36.80631,0
341,derive,23,DB1_Lumidgm:23:9,DB1_Lumidgm/45_1_4.wsq,impostor,9,19,9,,False,36.864981,0
342,derive,96,DB1_Lumidgm:96:4,DB1_Lumidgm/35_1_6.wsq,impostor,7,19,7,,False,37.947711,0
342,stored,96,DB1_Lumidgm:96:4,DB1_Lumidgm/35_1_6.wsq,impostor,7,19,7,,False,38.987615,0
343,stored,54,DB1_Lumidgm:54:8,DB1_Lumidgm/83_1_8.wsq,impostor,9,19,9,,False,36.269448,0
343,derive,54,DB1_Lumidgm:54:8,DB1_Lumidgm/83_1_8.wsq,impostor,9,19,9,,False,36.292595,0
344,derive,60,DB1_Lumidgm:60:3,DB1_Lumidgm/95_1_6.wsq,impostor,4,19,4,,False,42.291786,0
344,stored,60,DB1_Lumidgm:60:3,DB1_Lumidgm/95_1_6.wsq,impostor,4,19,4,,False,41.738066,0
345,stored,91,DB1_Lumidgm:91:6,DB1_Lumidgm/98_1_6.wsq,impostor,9,19,9,,False,37.184175,0
345,derive,91,DB1_Lumidgm:91:6,DB1_Lumidgm/98_1_6.wsq,impostor,9,19,9,,False,37.364708,0
346,derive,30,DB1_Lumidgm:30:4,DB1_Lumidgm/30_3_4.wsq,genuine,58,19,58,,True,44.320543,1210
346,stored,30,DB1_Lumidgm:30:4,DB1_Lumidgm/30_3_4.wsq,genuine,58,19,58,,True,43.887376,1210
347,stored,25,DB1_Lumidgm:25:7,DB1_Lumidgm/59_1_7.wsq,impostor,5,19,5,,False,36.163547,0
347,derive,25,DB1_Lumidgm:25:7,DB1_Lumidgm/59_1_7.wsq,impostor,5,19,5,,False,36.673665,0
348,derive,39,DB1_Lumidgm:39:9,DB1_Lumidgm/77_1_5.wsq,impostor,5,19,5,,False,33.947623,0
348,stored,39,DB1_Lumidgm:39:9,DB1_Lumidgm/77_1_5.wsq,impostor,5,19,5,,False,34.697464,0
349,stored,49,DB1_Lumidgm:49:3,DB1_Lumidgm/60_1_7.wsq,impostor,0,19,0,,False,37.837265,0
349,derive,49,DB1_Lumidgm:49:3,DB1_Lumidgm/60_1_7.wsq,impostor,0,19,0,,False,39.769841,0
350,derive,83,DB1_Lumidgm:83:9,DB1_Lumidgm/43_1_8.wsq,impostor,5,19,5,,False,35.217346,0
350,stored,83,DB1_Lumidgm:83:9,DB1_Lumidgm/43_1_8.wsq,impostor,5,19,5,,False,35.302838,0
351,stored,59,DB1_Lumidgm:59:10,DB1_Lumidgm/59_2_10.wsq,genuine,67,19,67,,True,37.287529,1211
351,derive,59,DB1_Lumidgm:59:10,DB1_Lumidgm/59_2_10.wsq,genuine,67,19,67,,True,37.028876,1211
352,derive,79,DB1_Lumidgm:79:1,DB1_Lumidgm/79_3_1.wsq,genuine,57,19,57,,True,51.179185,1210
352,stored,79,DB1_Lumidgm:79:1,DB1_Lumidgm/79_3_1.wsq,genuine,57,19,57,,True,50.887888,1210
353,stored,85,DB1_Lumidgm:85:1,DB1_Lumidgm/30_1_5.wsq,impostor,11,19,11,,False,36.272969,0
353,derive,85,DB1_Lumidgm:85:1,DB1_Lumidgm/30_1_5.wsq,impostor,11,19,11,,False,36.805185,0
354,derive,76,DB1_Lumidgm:76:8,DB1_Lumidgm/88_1_1.wsq,impostor,6,19,6,,False,43.681997,0
354,stored,76,DB1_Lumidgm:76:8,DB1_Lumidgm/88_1_1.wsq,impostor,6,19,6,,False,45.930774,0
355,stored,47,DB1_Lumidgm:47:5,DB1_Lumidgm/93_1_6.wsq,impostor,8,19,8,,False,40.46352,0
355,derive,47,DB1_Lumidgm:47:5,DB1_Lumidgm/93_1_6.wsq,impostor,8,19,8,,False,40.572396,0
356,derive,61,DB1_Lumidgm:61:1,DB1_Lumidgm/94_1_1.wsq,impostor,7,19,7,,False,41.382911,0
356,stored,61,DB1_Lumidgm:61:1,DB1_Lumidgm/94_1_1.wsq,impostor,7,19,7,,False,42.240844,0
357,stored,64,DB1_Lumidgm:64:4,DB1_Lumidgm/79_1_1.wsq,impostor,6,19,6,,False,38.176951,0
357,derive,64,DB1_Lumidgm:64:4,DB1_Lumidgm/79_1_1.wsq,impostor,6,19,6,,False,36.420172,0
358,derive,54,DB1_Lumidgm:54:3,DB1_Lumidgm/95_1_5.wsq,impostor,8,19,8,,False,38.663715,0
358,stored,54,DB1_Lumidgm:54:3,DB1_Lumidgm/95_1_5.wsq,impostor,8,19,8,,False,38.786255,0
359,stored,91,DB1_Lumidgm:91:6,DB1_Lumidgm/91_4_6.wsq,genuine,51,19,51,,True,40.054236,1210
359,derive,91,DB1_Lumidgm:91:6,DB1_Lumidgm/91_4_6.wsq,genuine,51,19,51,,True,39.985146,1210
360,derive,44,DB1_Lumidgm:44:4,DB1_Lumidgm/64_1_2.wsq,impostor,5,19,5,,False,35.499974,0
360,stored,44,DB1_Lumidgm:44:4,DB1_Lumidgm/64_1_2.wsq,impostor,5,19,5,,False,34.465183,0
361,stored,27,DB1_Lumidgm:27:2,DB1_Lumidgm/72_1_9.wsq,impostor,7,19,7,,False,36.948431,0
361,derive,27,DB1_Lumidgm:27:2,DB1_Lumidgm/72_1_9.wsq,impostor,7,19,7,,False,36.42678,0
362,derive,26,DB1_Lumidgm:26:7,DB1_Lumidgm/41_1_7.wsq,impostor,6,19,6,,False,36.678447,0
362,stored,26,DB1_Lumidgm:26:7,DB1_Lumidgm/41_1_7.wsq,impostor,6,19,6,,False,36.922643,0
363,stored,74,DB1_Lumidgm:74:8,DB1_Lumidgm/50_1_4.wsq,impostor,7,19,7,,False,37.265557,0
363,derive,74,DB1_Lumidgm:74:8,DB1_Lumidgm/50_1_4.wsq,impostor,7,19,7,,False,37.005271,0
364,derive,64,DB1_Lumidgm:64:7,DB1_Lumidgm/30_1_6.wsq,impostor,7,19,7,,False,38.34434,0
364,stored,64,DB1_Lumidgm:64:7,DB1_Lumidgm/30_1_6.wsq,impostor,7,19,7,,False,37.780192,0
365,stored,38,DB1_Lumidgm:38:10,DB1_Lumidgm/57_1_8.wsq,impostor,7,19,7,,False,39.35504,0
365,derive,38,DB1_Lumidgm:38:10,DB1_Lumidgm/57_1_8.wsq,impostor,7,19,7,,False,39.583396,0
366,derive,38,DB1_Lumidgm:38:6,DB1_Lumidgm/90_1_6.wsq,impostor,10,19,10,,False,38.103765,0
366,stored,38,DB1_Lumidgm:38:6,DB1_Lumidgm/90_1_6.wsq,impostor,10,19,10,,False,38.814458,0
367,stored,85,DB1_Lumidgm:85:3,DB1_Lumidgm/86_1_5.wsq,impostor,8,19,8,,False,35.630788,0
367,derive,85,DB1_Lumidgm:85:3,DB1_Lumidgm/86_1_5.wsq,impostor,8,19,8,,False,35.838179,0
368,derive,100,DB1_Lumidgm:100:1,DB1_Lumidgm/45_1_5.wsq,impostor,5,19,5,,False,37.056279,0
368,stored,100,DB1_Lumidgm:100:1,DB1_Lumidgm/45_1_5.wsq,impostor,5,19,5,,False,34.813643,0
369,stored,40,DB1_Lumidgm:40:10,DB1_Lumidgm/73_1_1.wsq,impostor,7,19,7,,False,37.918176,0
369,derive,40,DB1_Lumidgm:40:10,DB1_Lumidgm/73_1_1.wsq,impostor,7,19,7,,False,36.75533,0
370,derive,36,DB1_Lumidgm:36:2,DB1_Lumidgm/35_1_8.wsq,impostor,11,19,11,,False,37.562686,0
370,stored,36,DB1_Lumidgm:36:2,DB1_Lumidgm/35_1_8.wsq,impostor,11,19,11,,False,36.242855,0
371,stored,78,DB1_Lumidgm:78:7,DB1_Lumidgm/78_2_7.wsq,genuine,143,19,143,,True,39.394566,1210
371,derive,78,DB1_Lumidgm:78:7,DB1_Lumidgm/78_2_7.wsq,genuine,143,19,143,,True,38.628432,1210
372,derive,58,DB1_Lumidgm:58:2,DB1_Lumidgm/58_3_2.wsq,genuine,17,19,17,,False,36.560639,0
372,stored,58,DB1_Lumidgm:58:2,DB1_Lumidgm/58_3_2.wsq,genuine,17,19,17,,False,35.773099,0
373,stored,49,DB1_Lumidgm:49:7,DB1_Lumidgm/89_1_3.wsq,impostor,7,19,7,,False,44.85785,0
373,derive,49,DB1_Lumidgm:49:7,DB1_Lumidgm/89_1_3.wsq,impostor,7,19,7,,False,44.855224,0
374,derive,80,DB1_Lumidgm:80:3,DB1_Lumidgm/50_1_7.wsq,impostor,7,19,7,,False,37.85666,0
374,stored,80,DB1_Lumidgm:80:3,DB1_Lumidgm/50_1_7.wsq,impostor,7,19,7,,False,37.877457,0
375,stored,81,DB1_Lumidgm:81:8,DB1_Lumidgm/46_1_3.wsq,impostor,8,19,8,,False,37.964005,0
375,derive,81,DB1_Lumidgm:81:8,DB1_Lumidgm/46_1_3.wsq,impostor,8,19,8,,False,37.067799,0
376,derive,23,DB1_Lumidgm:23:8,DB1_Lumidgm/26_1_3.wsq,impostor,8,19,8,,False,36.149502,0
376,stored,23,DB1_Lumidgm:23:8,DB1_Lumidgm/26_1_3.wsq,impostor,8,19,8,,False,36.367334,0
377,stored,61,DB1_Lumidgm:61:7,DB1_Lumidgm/39_1_8.wsq,impostor,5,19,5,,False,37.340609,0
377,derive,61,DB1_Lumidgm:61:7,DB1_Lumidgm/39_1_8.wsq,impostor,5,19,5,,False,34.514827,0
378,derive,83,DB1_Lumidgm:83:4,DB1_Lumidgm/86_1_1.wsq,impostor,3,19,3,,False,36.578443,0
378,stored,83,DB1_Lumidgm:83:4,DB1_Lumidgm/86_1_1.wsq,impostor,3,19,3,,False,37.727282,0
379,stored,56,DB1_Lumidgm:56:5,DB1_Lumidgm/44_1_6.wsq,impostor,6,19,6,,False,36.857274,0
379,derive,56,DB1_Lumidgm:56:5,DB1_Lumidgm/44_1_6.wsq,impostor,6,19,6,,False,36.920656,0
380,derive,71,DB1_Lumidgm:71:10,DB1_Lumidgm/71_3_10.wsq,genuine,60,19,60,,True,41.243555,1211
380,stored,71,DB1_Lumidgm:71:10,DB1_Lumidgm/71_3_10.wsq,genuine,60,19,60,,True,39.437635,1211
381,stored,52,DB1_Lumidgm:52:10,DB1_Lumidgm/74_1_3.wsq,impostor,9,19,9,,False,35.745354,0
381,derive,52,DB1_Lumidgm:52:10,DB1_Lumidgm/74_1_3.wsq,impostor,9,19,9,,False,36.425199,0
382,derive,82,DB1_Lumidgm:82:3,DB1_Lumidgm/23_1_6.wsq,impostor,7,19,7,,False,37.19163,0
382,stored,82,DB1_Lumidgm:82:3,DB1_Lumidgm/23_1_6.wsq,impostor,7,19,7,,False,36.008638,0
383,stored,66,DB1_Lumidgm:66:2,DB1_Lumidgm/34_1_9.wsq,impostor,21,19,21,,True,38.905576,1210
383,derive,66,DB1_Lumidgm:66:2,DB1_Lumidgm/34_1_9.wsq,impostor,21,19,21,,True,38.196072,1210
384,derive,58,DB1_Lumidgm:58:8,DB1_Lumidgm/87_1_2.wsq,impostor,5,19,5,,False,34.698889,0
384,stored,58,DB1_Lumidgm:58:8,DB1_Lumidgm/87_1_2.wsq,impostor,5,19,5,,False,34.214953,0
385,stored,68,DB1_Lumidgm:68:1,DB1_Lumidgm/46_1_8.wsq,impostor,6,19,6,,False,37.685663,0
385,derive,68,DB1_Lumidgm:68:1,DB1_Lumidgm/46_1_8.wsq,impostor,6,19,6,,False,36.965676,0
386,derive,94,DB1_Lumidgm:94:5,DB1_Lumidgm/68_1_9.wsq,impostor,10,19,10,,False,38.171555,0
386,stored,94,DB1_Lumidgm:94:5,DB1_Lumidgm/68_1_9.wsq,impostor,10,19,10,,False,40.215275,0
387,stored,82,DB1_Lumidgm:82:2,DB1_Lumidgm/22_1_3.wsq,impostor,5,19,5,,False,36.795156,0
387,derive,82,DB1_Lumidgm:82:2,DB1_Lumidgm/22_1_3.wsq,impostor,5,19,5,,False,37.241803,0
388,derive,65,DB1_Lumidgm:65:2,DB1_Lumidgm/44_1_8.wsq,impostor,6,19,6,,False,36.016929,0
388,stored,65,DB1_Lumidgm:65:2,DB1_Lumidgm/44_1_8.wsq,impostor,6,19,6,,False,35.493706,0
389,stored,56,DB1_Lumidgm:56:8,DB1_Lumidgm/44_1_9.wsq,impostor,5,19,5,,False,38.394214,0
389,derive,56,DB1_Lumidgm:56:8,DB1_Lumidgm/44_1_9.wsq,impostor,5,19,5,,False,39.244429,0
390,derive,97,DB1_Lumidgm:97:7,DB1_Lumidgm/61_1_2.wsq,impostor,7,19,7,,False,38.268877,0
390,stored,97,DB1_Lumidgm:97:7,DB1_Lumidgm/61_1_2.wsq,impostor,7,19,7,,False,40.00901,0
391,stored,60,DB1_Lumidgm:60:1,DB1_Lumidgm/34_1_3.wsq,impostor,7,19,7,,False,39.665945,0
391,derive,60,DB1_Lumidgm:60:1,DB1_Lumidgm/34_1_3.wsq,impostor,7,19,7,,False,40.825189,0
392,derive,94,DB1_Lumidgm:94:1,DB1_Lumidgm/33_1_2.wsq,impostor,7,19,7,,False,36.589188,0
392,stored,94,DB1_Lumidgm:94:1,DB1_Lumidgm/33_1_2.wsq,impostor,7,19,7,,False,36.116863,0
393,stored,48,DB1_Lumidgm:48:10,DB1_Lumidgm/53_1_2.wsq,impostor,4,19,4,,False,34.946122,0
393,derive,48,DB1_Lumidgm:48:10,DB1_Lumidgm/53_1_2.wsq,impostor,4,19,4,,False,36.204288,0
394,derive,73,DB1_Lumidgm:73:9,DB1_Lumidgm/42_1_5.wsq,impostor,8,19,8,,False,34.841117,0
394,stored,73,DB1_Lumidgm:73:9,DB1_Lumidgm/42_1_5.wsq,impostor,8,19,8,,False,33.965818,0
395,stored,39,DB1_Lumidgm:39:6,DB1_Lumidgm/39_2_6.wsq,genuine,160,19,160,,True,47.719239,1210
395,derive,39,DB1_Lumidgm:39:6,DB1_Lumidgm/39_2_6.wsq,genuine,160,19,160,,True,45.303702,1210
396,derive,49,DB1_Lumidgm:49:10,DB1_Lumidgm/28_1_2.wsq,impostor,11,19,11,,False,37.741709,0
396,stored,49,DB1_Lumidgm:49:10,DB1_Lumidgm/28_1_2.wsq,impostor,11,19,11,,False,37.600213,0
397,stored,60,DB1_Lumidgm:60:10,DB1_Lumidgm/79_1_7.wsq,impostor,5,19,5,,False,37.345353,0
397,derive,60,DB1_Lumidgm:60:10,DB1_Lumidgm/79_1_7.wsq,impostor,5,19,5,,False,37.318011,0
398,derive,80,DB1_Lumidgm:80:5,DB1_Lumidgm/80_3_5.wsq,genuine,13,19,13,,False,33.901595,0
398,stored,80,DB1_Lumidgm:80:5,DB1_Lumidgm/80_3_5.wsq,genuine,13,19,13,,False,35.372594,0
399,stored,46,DB1_Lumidgm:46:9,DB1_Lumidgm/70_1_10.wsq,impostor,6,19,6,,False,35.068348,0
399,derive,46,DB1_Lumidgm:46:9,DB1_Lumidgm/70_1_10.wsq,impostor,6,19,6,,False,34.881906,0
400,derive,81,DB1_Lumidgm:81:7,DB1_Lumidgm/81_3_7.wsq,genuine,96,19,96,,True,40.419328,1210
400,stored,81,DB1_Lumidgm:81:7,DB1_Lumidgm/81_3_7.wsq,genuine,96,19,96,,True,39.229331,1210
401,stored,44,DB1_Lumidgm:44:6,DB1_Lumidgm/44_3_6.wsq,genuine,178,19,178,,True,53.171616,1210
401,derive,44,DB1_Lumidgm:44:6,DB1_Lumidgm/44_3_6.wsq,genuine,178,19,178,,True,51.959267,1210
402,derive,62,DB1_Lumidgm:62:9,DB1_Lumidgm/43_1_9.wsq,impostor,9,19,9,,False,39.188958,0
402,stored,62,DB1_Lumidgm:62:9,DB1_Lumidgm/43_1_9.wsq,impostor,9,19,9,,False,37.944629,0
403,stored,91,DB1_Lumidgm:91:1,DB1_Lumidgm/97_1_9.wsq,impostor,5,19,5,,False,37.143262,0
403,derive,91,DB1_Lumidgm:91:1,DB1_Lumidgm/97_1_9.wsq,impostor,5,19,5,,False,38.103612,0
404,derive,36,DB1_Lumidgm:36:3,DB1_Lumidgm/25_1_8.wsq,impostor,11,19,11,,False,36.590977,0
404,stored,36,DB1_Lumidgm:36:3,DB1_Lumidgm/25_1_8.wsq,impostor,11,19,11,,False,37.809697,0
405,stored,56,DB1_Lumidgm:56:9,DB1_Lumidgm/41_1_10.wsq,impostor,6,19,6,,False,40.795724,0
405,derive,56,DB1_Lumidgm:56:9,DB1_Lumidgm/41_1_10.wsq,impostor,6,19,6,,False,40.13711,0
406,derive,68,DB1_Lumidgm:68:2,DB1_Lumidgm/41_1_4.wsq,impostor,7,19,7,,False,38.86411,0
406,stored,68,DB1_Lumidgm:68:2,DB1_Lumidgm/41_1_4.wsq,impostor,7,19,7,,False,39.801899,0
407,stored,46,DB1_Lumidgm:46:10,DB1_Lumidgm/46_1_5.wsq,impostor,7,19,7,,False,33.57524,0
407,derive,46,DB1_Lumidgm:46:10,DB1_Lumidgm/46_1_5.wsq,impostor,7,19,7,,False,35.3085,0
408,derive,27,DB1_Lumidgm:27:3,DB1_Lumidgm/59_1_9.wsq,impostor,6,19,6,,False,37.178002,0
408,stored,27,DB1_Lumidgm:27:3,DB1_Lumidgm/59_1_9.wsq,impostor,6,19,6,,False,37.251188,0
409,stored,39,DB1_Lumidgm:39:9,DB1_Lumidgm/25_1_8.wsq,impostor,12,19,12,,False,35.90553,0
409,derive,39,DB1_Lumidgm:39:9,DB1_Lumidgm/25_1_8.wsq,impostor,12,19,12,,False,35.976058,0
410,derive,89,DB1_Lumidgm:89:1,DB1_Lumidgm/80_1_1.wsq,impostor,7,19,7,,False,36.544889,0
410,stored,89,DB1_Lumidgm:89:1,DB1_Lumidgm/80_1_1.wsq,impostor,7,19,7,,False,46.819536,0
411,stored,75,DB1_Lumidgm:75:7,DB1_Lumidgm/51_1_7.wsq,impostor,12,19,12,,False,36.563148,0
411,derive,75,DB1_Lumidgm:75:7,DB1_Lumidgm/51_1_7.wsq,impostor,12,19,12,,False,36.35866,0
412,derive,100,DB1_Lumidgm:100:8,DB1_Lumidgm/45_1_3.wsq,impostor,9,19,9,,False,37.550213,0
412,stored,100,DB1_Lumidgm:100:8,DB1_Lumidgm/45_1_3.wsq,impostor,9,19,9,,False,37.401912,0
413,stored,75,DB1_Lumidgm:75:8,DB1_Lumidgm/31_1_8.wsq,impostor,9,19,9,,False,36.229434,0
413,derive,75,DB1_Lumidgm:75:8,DB1_Lumidgm/31_1_8.wsq,impostor,9,19,9,,False,35.729629,0
414,derive,69,DB1_Lumidgm:69:2,DB1_Lumidgm/34_1_3.wsq,impostor,8,19,8,,False,37.404999,0
414,stored,69,DB1_Lumidgm:69:2,DB1_Lumidgm/34_1_3.wsq,impostor,8,19,8,,False,37.720429,0
415,stored,79,DB1_Lumidgm:79:2,DB1_Lumidgm/99_1_3.wsq,impostor,6,19,6,,False,36.404271,0
415,derive,79,DB1_Lumidgm:79:2,DB1_Lumidgm/99_1_3.wsq,impostor,6,19,6,,False,35.505084,0
416,derive,35,DB1_Lumidgm:35:4,DB1_Lumidgm/35_3_4.wsq,genuine,53,19,53,,True,64.534167,1210
416,stored,35,DB1_Lumidgm:35:4,DB1_Lumidgm/35_3_4.wsq,genuine,53,19,53,,True,62.846141,1210
417,stored,49,DB1_Lumidgm:49:5,DB1_Lumidgm/24_1_7.wsq,impostor,9,19,9,,False,34.600569,0
417,derive,49,DB1_Lumidgm:49:5,DB1_Lumidgm/24_1_7.wsq,impostor,9,19,9,,False,34.652229,0
418,derive,36,DB1_Lumidgm:36:2,DB1_Lumidgm/36_4_2.wsq,genuine,70,19,70,,True,38.013017,1210
418,stored,36,DB1_Lumidgm:36:2,DB1_Lumidgm/36_4_2.wsq,genuine,70,19,70,,True,37.378283,1210
419,stored,29,DB1_Lumidgm:29:2,DB1_Lumidgm/55_1_2.wsq,impostor,5,19,5,,False,37.060345,0
419,derive,29,DB1_Lumidgm:29:2,DB1_Lumidgm/55_1_2.wsq,impostor,5,19,5,,False,36.533625,0
420,derive,90,DB1_Lumidgm:90:3,DB1_Lumidgm/28_1_4.wsq,impostor,6,19,6,,False,38.827632,0
420,stored,90,DB1_Lumidgm:90:3,DB1_Lumidgm/28_1_4.wsq,impostor,6,19,6,,False,39.154644,0
421,stored,52,DB1_Lumidgm:52:1,DB1_Lumidgm/53_1_4.wsq,impostor,9,19,9,,False,36.819397,0
421,derive,52,DB1_Lumidgm:52:1,DB1_Lumidgm/53_1_4.wsq,impostor,9,19,9,,False,36.94493,0
422,derive,59,DB1_Lumidgm:59:6,DB1_Lumidgm/71_1_5.wsq,impostor,9,19,9,,False,35.697951,0
422,stored,59,DB1_Lumidgm:59:6,DB1_Lumidgm/71_1_5.wsq,impostor,9,19,9,,False,36.156641,0
423,stored,75,DB1_Lumidgm:75:1,DB1_Lumidgm/92_1_10.wsq,impostor,5,19,5,,False,44.557466,0
423,derive,75,DB1_Lumidgm:75:1,DB1_Lumidgm/92_1_10.wsq,impostor,5,19,5,,False,40.701786,0
424,derive,34,DB1_Lumidgm:34:5,DB1_Lumidgm/80_1_3.wsq,impostor,5,19,5,,False,37.185906,0
424,stored,34,DB1_Lumidgm:34:5,DB1_Lumidgm/80_1_3.wsq,impostor,5,19,5,,False,37.639813,0
425,stored,98,DB1_Lumidgm:98:8,DB1_Lumidgm/23_1_2.wsq,impostor,5,19,5,,False,40.089248,0
425,derive,98,DB1_Lumidgm:98:8,DB1_Lumidgm/23_1_2.wsq,impostor,5,19,5,,False,38.392982,0
426,derive,48,DB1_Lumidgm:48:9,DB1_Lumidgm/25_1_6.wsq,impostor,9,19,9,,False,39.066816,0
426,stored,48,DB1_Lumidgm:48:9,DB1_Lumidgm/25_1_6.wsq,impostor,9,19,9,,False,37.72359,0
427,stored,54,DB1_Lumidgm:54:10,DB1_Lumidgm/77_1_5.wsq,impostor,7,19,7,,False,34.814453,0
427,derive,54,DB1_Lumidgm:54:10,DB1_Lumidgm/77_1_5.wsq,impostor,7,19,7,,False,34.352067,0
428,derive,98,DB1_Lumidgm:98:3,DB1_Lumidgm/75_1_3.wsq,impostor,6,19,6,,False,35.997909,0
428,stored,98,DB1_Lumidgm:98:3,DB1_Lumidgm/75_1_3.wsq,impostor,6,19,6,,False,35.184519,0
429,stored,57,DB1_Lumidgm:57:6,DB1_Lumidgm/83_1_7.wsq,impostor,6,19,6,,False,35.592464,0
429,derive,57,DB1_Lumidgm:57:6,DB1_Lumidgm/83_1_7.wsq,impostor,6,19,6,,False,35.315999,0
430,derive,66,DB1_Lumidgm:66:1,DB1_Lumidgm/62_1_3.wsq,impostor,6,19,6,,False,45.457291,0
430,stored,66,DB1_Lumidgm:66:1,DB1_Lumidgm/62_1_3.wsq,impostor,6,19,6,,False,46.299156,0
431,stored,46,DB1_Lumidgm:46:1,DB1_Lumidgm/25_1_10.wsq,impostor,4,19,4,,False,35.43447,0
431,derive,46,DB1_Lumidgm:46:1,DB1_Lumidgm/25_1_10.wsq,impostor,4,19,4,,False,35.083182,0
432,derive,85,DB1_Lumidgm:85:4,DB1_Lumidgm/64_1_4.wsq,impostor,11,19,11,,False,39.221792,0
432,stored,85,DB1_Lumidgm:85:4,DB1_Lumidgm/64_1_4.wsq,impostor,11,19,11,,False,37.51766,0
433,stored,64,DB1_Lumidgm:64:8,DB1_Lumidgm/99_1_6.wsq,impostor,5,19,5,,False,37.227335,0
433,derive,64,DB1_Lumidgm:64:8,DB1_Lumidgm/99_1_6.wsq,impostor,5,19,5,,False,37.27369,0
434,derive,75,DB1_Lumidgm:75:10,DB1_Lumidgm/60_1_8.wsq,impostor,4,19,4,,False,37.499747,0
434,stored,75,DB1_Lumidgm:75:10,DB1_Lumidgm/60_1_8.wsq,impostor,4,19,4,,False,36.55232,0
435,stored,95,DB1_Lumidgm:95:8,DB1_Lumidgm/30_1_9.wsq,impostor,4,19,4,,False,38.456401,0
435,derive,95,DB1_Lumidgm:95:8,DB1_Lumidgm/30_1_9.wsq,impostor,4,19,4,,False,38.930359,0
436,derive,91,DB1_Lumidgm:91:8,DB1_Lumidgm/31_1_8.wsq,impostor,13,19,13,,False,36.913833,0
436,stored,91,DB1_Lumidgm:91:8,DB1_Lumidgm/31_1_8.wsq,impostor,13,19,13,,False,36.62983,0
437,stored,55,DB1_Lumidgm:55:4,DB1_Lumidgm/61_1_7.wsq,impostor,7,19,7,,False,38.553354,0
437,derive,55,DB1_Lumidgm:55:4,DB1_Lumidgm/61_1_7.wsq,impostor,7,19,7,,False,37.585247,0
438,derive,46,DB1_Lumidgm:46:3,DB1_Lumidgm/56_1_1.wsq,impostor,7,19,7,,False,38.699443,0
438,stored,46,DB1_Lumidgm:46:3,DB1_Lumidgm/56_1_1.wsq,impostor,7,19,7,,False,38.824902,0
439,stored,84,DB1_Lumidgm:84:5,DB1_Lumidgm/76_1_10.wsq,impostor,4,19,4,,False,34.364103,0
439,derive,84,DB1_Lumidgm:84:5,DB1_Lumidgm/76_1_10.wsq,impostor,4,19,4,,False,36.552534,0
440,derive,51,DB1_Lumidgm:51:8,DB1_Lumidgm/40_1_9.wsq,impostor,13,19,13,,False,38.356261,0
440,stored,51,DB1_Lumidgm:51:8,DB1_Lumidgm/40_1_9.wsq,impostor,13,19,13,,False,38.601866,0
441,stored,60,DB1_Lumidgm:60:9,DB1_Lumidgm/60_4_9.wsq,genuine,80,19,80,,True,44.455946,1210
441,derive,60,DB1_Lumidgm:60:9,DB1_Lumidgm/60_4_9.wsq,genuine,80,19,80,,True,43.962883,1210
442,derive,87,DB1_Lumidgm:87:10,DB1_Lumidgm/96_1_4.wsq,impostor,7,19,7,,False,36.420438,0
442,stored,87,DB1_Lumidgm:87:10,DB1_Lumidgm/96_1_4.wsq,impostor,7,19,7,,False,35.908006,0
443,stored,74,DB1_Lumidgm:74:4,DB1_Lumidgm/74_4_4.wsq,genuine,87,19,87,,True,41.749589,1210
443,derive,74,DB1_Lumidgm:74:4,DB1_Lumidgm/74_4_4.wsq,genuine,87,19,87,,True,40.560939,1210
444,derive,56,DB1_Lumidgm:56:3,DB1_Lumidgm/56_2_3.wsq,genuine,158,19,158,,True,42.744988,1210
444,stored,56,DB1_Lumidgm:56:3,DB1_Lumidgm/56_2_3.wsq,genuine,158,19,158,,True,41.830172,1210
445,stored,66,DB1_Lumidgm:66:2,DB1_Lumidgm/55_1_5.wsq,impostor,5,19,5,,False,37.62601,0
445,derive,66,DB1_Lumidgm:66:2,DB1_Lumidgm/55_1_5.wsq,impostor,5,19,5,,False,38.523711,0
446,derive,25,DB1_Lumidgm:25:1,DB1_Lumidgm/68_1_5.wsq,impostor,8,19,8,,False,33.391674,0
446,stored,25,DB1_Lumidgm:25:1,DB1_Lumidgm/68_1_5.wsq,impostor,8,19,8,,False,33.917021,0
447,stored,90,DB1_Lumidgm:90:8,DB1_Lumidgm/48_1_1.wsq,impostor,6,19,6,,False,39.358677,0
447,derive,90,DB1_Lumidgm:90:8,DB1_Lumidgm/48_1_1.wsq,impostor,6,19,6,,False,38.681366,0
448,derive,78,DB1_Lumidgm:78:1,DB1_Lumidgm/29_1_8.wsq,impostor,8,19,8,,False,36.889839,0
448,stored,78,DB1_Lumidgm:78:1,DB1_Lumidgm/29_1_8.wsq,impostor,8,19,8,,False,36.879956,0
449,stored,86,DB1_Lumidgm:86:2,DB1_Lumidgm/71_1_5.wsq,impostor,13,19,13,,False,36.229863,0
449,derive,86,DB1_Lumidgm:86:2,DB1_Lumidgm/71_1_5.wsq,impostor,13,19,13,,False,35.79491,0
450,derive,100,DB1_Lumidgm:100:1,DB1_Lumidgm/53_1_3.wsq,impostor,13,19,13,,False,36.752893,0
450,stored,100,DB1_Lumidgm:100:1,DB1_Lumidgm/53_1_3.wsq,impostor,13,19,13,,False,36.750168,0
451,stored,70,DB1_Lumidgm:70:8,DB1_Lumidgm/83_1_9.wsq,impostor,6,19,6,,False,34.821717,0
451,derive,70,DB1_Lumidgm:70:8,DB1_Lumidgm/83_1_9.wsq,impostor,6,19,6,,False,34.801121,0
452,derive,66,DB1_Lumidgm:66:8,DB1_Lumidgm/59_1_10.wsq,impostor,4,19,4,,False,34.091745,0
452,stored,66,DB1_Lumidgm:66:8,DB1_Lumidgm/59_1_10.wsq,impostor,4,19,4,,False,34.009939,0
453,stored,67,DB1_Lumidgm:67:8,DB1_Lumidgm/22_1_9.wsq,impostor,6,19,6,,False,36.628565,0
453,derive,67,DB1_Lumidgm:67:8,DB1_Lumidgm/22_1_9.wsq,impostor,6,19,6,,False,37.465494,0
454,derive,99,DB1_Lumidgm:99:2,DB1_Lumidgm/39_1_3.wsq,impostor,13,19,13,,False,36.941294,0
454,stored,99,DB1_Lumidgm:99:2,DB1_Lumidgm/39_1_3.wsq,impostor,13,19,13,,False,38.07412,0
455,stored,98,DB1_Lumidgm:98:3,DB1_Lumidgm/57_1_2.wsq,impostor,9,19,9,,False,36.904522,0
455,derive,98,DB1_Lumidgm:98:3,DB1_Lumidgm/57_1_2.wsq,impostor,9,19,9,,False,36.555611,0
456,derive,62,DB1_Lumidgm:62:2,DB1_Lumidgm/26_1_3.wsq,impostor,9,19,9,,False,38.523198,0
456,stored,62,DB1_Lumidgm:62:2,DB1_Lumidgm/26_1_3.wsq,impostor,9,19,9,,False,38.555227,0
457,stored,54,DB1_Lumidgm:54:9,DB1_Lumidgm/25_1_5.wsq,impostor,15,19,15,,False,36.562601,0
457,derive,54,DB1_Lumidgm:54:9,DB1_Lumidgm/25_1_5.wsq,impostor,15,19,15,,False,35.074275,0
458,derive,71,DB1_Lumidgm:71:8,DB1_Lumidgm/96_1_10.wsq,impostor,5,19,5,,False,34.146709,0
458,stored,71,DB1_Lumidgm:71:8,DB1_Lumidgm/96_1_10.wsq,impostor,5,19,5,,False,33.035954,0
459,stored,44,DB1_Lumidgm:44:10,DB1_Lumidgm/78_1_9.wsq,impostor,5,19,5,,False,34.822221,0
459,derive,44,DB1_Lumidgm:44:10,DB1_Lumidgm/78_1_9.wsq,impostor,5,19,5,,False,34.75387,0
460,derive,86,DB1_Lumidgm:86:5,DB1_Lumidgm/91_1_9.wsq,impostor,4,19,4,,False,40.345378,0
460,stored,86,DB1_Lumidgm:86:5,DB1_Lumidgm/91_1_9.wsq,impostor,4,19,4,,False,40.004671,0
461,stored,28,DB1_Lumidgm:28:1,DB1_Lumidgm/28_2_1.wsq,genuine,49,19,49,,True,46.123733,1210
461,derive,28,DB1_Lumidgm:28:1,DB1_Lumidgm/28_2_1.wsq,genuine,49,19,49,,True,44.922777,1210
462,derive,85,DB1_Lumidgm:85:1,DB1_Lumidgm/83_1_2.wsq,impostor,5,19,5,,False,37.588542,0
462,stored,85,DB1_Lumidgm:85:1,DB1_Lumidgm/83_1_2.wsq,impostor,5,19,5,,False,36.290478,0
463,stored,24,DB1_Lumidgm:24:3,DB1_Lumidgm/76_1_5.wsq,impostor,6,19,6,,False,34.561775,0
463,derive,24,DB1_Lumidgm:24:3,DB1_Lumidgm/76_1_5.wsq,impostor,6,19,6,,False,35.298045,0
464,derive,92,DB1_Lumidgm:92:5,DB1_Lumidgm/52_1_9.wsq,impostor,9,19,9,,False,39.84777,0
464,stored,92,DB1_Lumidgm:92:5,DB1_Lumidgm/52_1_9.wsq,impostor,9,19,9,,False,38.169406,0
465,stored,96,DB1_Lumidgm:96:9,DB1_Lumidgm/28_1_2.wsq,impostor,3,19,3,,False,37.99975,0
465,derive,96,DB1_Lumidgm:96:9,DB1_Lumidgm/28_1_2.wsq,impostor,3,19,3,,False,37.427973,0
466,derive,51,DB1_Lumidgm:51:8,DB1_Lumidgm/82_1_6.wsq,impostor,20,19,20,,True,42.843363,1210
466,stored,51,DB1_Lumidgm:51:8,DB1_Lumidgm/82_1_6.wsq,impostor,20,19,20,,True,43.414656,1210
467,stored,91,DB1_Lumidgm:91:1,DB1_Lumidgm/91_4_1.wsq,genuine,70,19,70,,True,40.080286,1210
467,derive,91,DB1_Lumidgm:91:1,DB1_Lumidgm/91_4_1.wsq,genuine,70,19,70,,True,38.216294,1210
468,derive,95,DB1_Lumidgm:95:1,DB1_Lumidgm/21_1_5.wsq,impostor,5,19,5,,False,40.486735,0
468,stored,95,DB1_Lumidgm:95:1,DB1_Lumidgm/21_1_5.wsq,impostor,5,19,5,,False,39.472982,0
469,stored,74,DB1_Lumidgm:74:6,DB1_Lumidgm/28_1_8.wsq,impostor,4,19,4,,False,39.843872,0
469,derive,74,DB1_Lumidgm:74:6,DB1_Lumidgm/28_1_8.wsq,impostor,4,19,4,,False,39.268207,0
470,derive,35,DB1_Lumidgm:35:4,DB1_Lumidgm/35_2_4.wsq,genuine,30,19,30,,True,39.603811,1210
470,stored,35,DB1_Lumidgm:35:4,DB1_Lumidgm/35_2_4.wsq,genuine,30,19,30,,True,41.048068,1210
471,stored,55,DB1_Lumidgm:55:10,DB1_Lumidgm/92_1_10.wsq,impostor,6,19,6,,False,44.668885,0
471,derive,55,DB1_Lumidgm:55:10,DB1_Lumidgm/92_1_10.wsq,impostor,6,19,6,,False,42.190376,0
472,derive,40,DB1_Lumidgm:40:10,DB1_Lumidgm/70_1_8.wsq,impostor,6,19,6,,False,38.467646,0
472,stored,40,DB1_Lumidgm:40:10,DB1_Lumidgm/70_1_8.wsq,impostor,6,19,6,,False,36.62522,0
473,stored,66,DB1_Lumidgm:66:7,DB1_Lumidgm/61_1_9.wsq,impostor,17,19,17,,False,41.908757,0
473,derive,66,DB1_Lumidgm:66:7,DB1_Lumidgm/61_1_9.wsq,impostor,17,19,17,,False,40.644693,0
474,derive,90,DB1_Lumidgm:90:6,DB1_Lumidgm/77_1_10.wsq,impostor,13,19,13,,False,36.148789,0
474,stored,90,DB1_Lumidgm:90:6,DB1_Lumidgm/77_1_10.wsq,impostor,13,19,13,,False,35.272969,0
475,stored,81,DB1_Lumidgm:81:6,DB1_Lumidgm/85_1_6.wsq,impostor,8,19,8,,False,38.308722,0
475,derive,81,DB1_Lumidgm:81:6,DB1_Lumidgm/85_1_6.wsq,impostor,8,19,8,,False,39.022165,0
476,derive,41,DB1_Lumidgm:41:5,DB1_Lumidgm/80_1_8.wsq,impostor,5,19,5,,False,34.395371,0
476,stored,41,DB1_Lumidgm:41:5,DB1_Lumidgm/80_1_8.wsq,impostor,5,19,5,,False,33.882084,0
477,stored,62,DB1_Lumidgm:62:1,DB1_Lumidgm/80_1_1.wsq,impostor,10,19,10,,False,41.886906,0
477,derive,62,DB1_Lumidgm:62:1,DB1_Lumidgm/80_1_1.wsq,impostor,10,19,10,,False,37.412843,0
478,derive,83,DB1_Lumidgm:83:10,DB1_Lumidgm/83_2_10.wsq,genuine,73,19,73,,True,39.114353,1211
478,stored,83,DB1_Lumidgm:83:10,DB1_Lumidgm/83_2_10.wsq,genuine,73,19,73,,True,38.767766,1211
479,stored,64,DB1_Lumidgm:64:6,DB1_Lumidgm/64_1_5.wsq,impostor,10,19,10,,False,38.816696,0
479,derive,64,DB1_Lumidgm:64:6,DB1_Lumidgm/64_1_5.wsq,impostor,10,19,10,,False,38.116804,0
480,derive,50,DB1_Lumidgm:50:7,DB1_Lumidgm/98_1_7.wsq,impostor,9,19,9,,False,38.144386,0
480,stored,50,DB1_Lumidgm:50:7,DB1_Lumidgm/98_1_7.wsq,impostor,9,19,9,,False,38.228919,0
481,stored,37,DB1_Lumidgm:37:4,DB1_Lumidgm/64_1_10.wsq,impostor,5,19,5,,False,37.232599,0
481,derive,37,DB1_Lumidgm:37:4,DB1_Lumidgm/64_1_10.wsq,impostor,5,19,5,,False,38.074385,0
482,derive,35,DB1_Lumidgm:35:10,DB1_Lumidgm/56_1_10.wsq,impostor,7,19,7,,False,34.328791,0
482,stored,35,DB1_Lumidgm:35:10,DB1_Lumidgm/56_1_10.wsq,impostor,7,19,7,,False,34.81267,0
483,stored,79,DB1_Lumidgm:79:8,DB1_Lumidgm/44_1_8.wsq,impostor,13,19,13,,False,36.529423,0
483,derive,79,DB1_Lumidgm:79:8,DB1_Lumidgm/44_1_8.wsq,impostor,13,19,13,,False,38.961615,0
484,derive,33,DB1_Lumidgm:33:2,DB1_Lumidgm/88_1_6.wsq,impostor,5,19,5,,False,44.389094,0
484,stored,33,DB1_Lumidgm:33:2,DB1_Lumidgm/88_1_6.wsq,impostor,5,19,5,,False,56.524055,0
485,stored,49,DB1_Lumidgm:49:7,DB1_Lumidgm/70_1_1.wsq,impostor,7,19,7,,False,37.789047,0
485,derive,49,DB1_Lumidgm:49:7,DB1_Lumidgm/70_1_1.wsq,impostor,7,19,7,,False,37.603076,0
486,derive,38,DB1_Lumidgm:38:3,DB1_Lumidgm/35_1_7.wsq,impostor,6,19,6,,False,38.856131,0
486,stored,38,DB1_Lumidgm:38:3,DB1_Lumidgm/35_1_7.wsq,impostor,6,19,6,,False,39.93176,0
487,stored,48,DB1_Lumidgm:48:1,DB1_Lumidgm/77_1_6.wsq,impostor,9,19,9,,False,37.738234,0
487,derive,48,DB1_Lumidgm:48:1,DB1_Lumidgm/77_1_6.wsq,impostor,9,19,9,,False,37.538677,0
488,derive,100,DB1_Lumidgm:100:4,DB1_Lumidgm/46_1_6.wsq,impostor,9,19,9,,False,38.684309,0
488,stored,100,DB1_Lumidgm:100:4,DB1_Lumidgm/46_1_6.wsq,impostor,9,19,9,,False,38.574118,0
489,stored,74,DB1_Lumidgm:74:6,DB1_Lumidgm/45_1_3.wsq,impostor,4,19,4,,False,36.76564,0
489,derive,74,DB1_Lumidgm:74:6,DB1_Lumidgm/45_1_3.wsq,impostor,4,19,4,,False,37.03675,0
490,derive,28,DB1_Lumidgm:28:3,DB1_Lumidgm/39_1_7.wsq,impostor,3,19,3,,False,36.232236,0
490,stored,28,DB1_Lumidgm:28:3,DB1_Lumidgm/39_1_7.wsq,impostor,3,19,3,,False,35.806809,0
491,stored,43,DB1_Lumidgm:43:8,DB1_Lumidgm/40_1_7.wsq,impostor,7,19,7,,False,36.632301,0
491,derive,43,DB1_Lumidgm:43:8,DB1_Lumidgm/40_1_7.wsq,impostor,7,19,7,,False,36.35785,0
492,derive,100,DB1_Lumidgm:100:5,DB1_Lumidgm/100_4_5.wsq,genuine,40,19,40,,True,35.500508,1211
492,stored,100,DB1_Lumidgm:100:5,DB1_Lumidgm/100_4_5.wsq,genuine,40,19,40,,True,35.311752,1211
493,stored,34,DB1_Lumidgm:34:3,DB1_Lumidgm/36_1_10.wsq,impostor,5,19,5,,False,37.029376,0
493,derive,34,DB1_Lumidgm:34:3,DB1_Lumidgm/36_1_10.wsq,impostor,5,19,5,,False,36.655852,0
494,derive,68,DB1_Lumidgm:68:7,DB1_Lumidgm/36_1_7.wsq,impostor,7,19,7,,False,34.884943,0
494,stored,68,DB1_Lumidgm:68:7,DB1_Lumidgm/36_1_7.wsq,impostor,7,19,7,,False,35.079926,0
495,stored,53,DB1_Lumidgm:53:8,DB1_Lumidgm/65_1_3.wsq,impostor,4,19,4,,False,41.372206,0
495,derive,53,DB1_Lumidgm:53:8,DB1_Lumidgm/65_1_3.wsq,impostor,4,19,4,,False,43.277748,0
496,derive,95,DB1_Lumidgm:95:7,DB1_Lumidgm/90_1_2.wsq,impostor,4,19,4,,False,36.83406,0
496,stored,95,DB1_Lumidgm:95:7,DB1_Lumidgm/90_1_2.wsq,impostor,4,19,4,,False,36.715628,0
497,stored,84,DB1_Lumidgm:84:3,DB1_Lumidgm/90_1_6.wsq,impostor,9,19,9,,False,37.932221,0
497,derive,84,DB1_Lumidgm:84:3,DB1_Lumidgm/90_1_6.wsq,impostor,9,19,9,,False,38.327354,0
498,derive,98,DB1_Lumidgm:98:9,DB1_Lumidgm/45_1_8.wsq,impostor,8,19,8,,False,38.649814,0
498,stored,98,DB1_Lumidgm:98:9,DB1_Lumidgm/45_1_8.wsq,impostor,8,19,8,,False,38.481124,0
499,stored,54,DB1_Lumidgm:54:6,DB1_Lumidgm/58_1_9.wsq,impostor,6,19,6,,False,39.878606,0
499,derive,54,DB1_Lumidgm:54:6,DB1_Lumidgm/58_1_9.wsq,impostor,6,19,6,,False,40.227284,0
500,derive,98,DB1_Lumidgm:98:2,DB1_Lumidgm/57_1_4.wsq,impostor,6,19,6,,False,37.556511,0
500,stored,98,DB1_Lumidgm:98:2,DB1_Lumidgm/57_1_4.wsq,impostor,6,19,6,,False,37.488068,0
501,stored,81,DB1_Lumidgm:81:5,DB1_Lumidgm/66_1_10.wsq,impostor,6,19,6,,False,34.001208,0
501,derive,81,DB1_Lumidgm:81:5,DB1_Lumidgm/66_1_10.wsq,impostor,6,19,6,,False,33.581242,0
502,derive,54,DB1_Lumidgm:54:3,DB1_Lumidgm/70_1_5.wsq,impostor,15,19,15,,False,36.176138,0
502,stored,54,DB1_Lumidgm:54:3,DB1_Lumidgm/70_1_5.wsq,impostor,15,19,15,,False,36.828342,0
503,stored,28,DB1_Lumidgm:28:3,DB1_Lumidgm/71_1_10.wsq,impostor,7,19,7,,False,37.125889,0
503,derive,28,DB1_Lumidgm:28:3,DB1_Lumidgm/71_1_10.wsq,impostor,7,19,7,,False,38.033949,0
504,derive,94,DB1_Lumidgm:94:3,DB1_Lumidgm/37_1_9.wsq,impostor,4,19,4,,False,36.800712,0
504,stored,94,DB1_Lumidgm:94:3,DB1_Lumidgm/37_1_9.wsq,impostor,4,19,4,,False,35.929069,0
505,stored,40,DB1_Lumidgm:40:7,DB1_Lumidgm/72_1_2.wsq,impostor,7,19,7,,False,37.574808,0
505,derive,40,DB1_Lumidgm:40:7,DB1_Lumidgm/72_1_2.wsq,impostor,7,19,7,,False,38.638515,0
506,derive,59,DB1_Lumidgm:59:6,DB1_Lumidgm/41_1_4.wsq,impostor,4,19,4,,False,38.447914,0
506,stored,59,DB1_Lumidgm:59:6,DB1_Lumidgm/41_1_4.wsq,impostor,4,19,4,,False,38.185547,0
507,stored,65,DB1_Lumidgm:65:10,DB1_Lumidgm/50_1_10.wsq,impostor,14,19,14,,False,37.622642,0
507,derive,65,DB1_Lumidgm:65:10,DB1_Lumidgm/50_1_10.wsq,impostor,14,19,14,,False,36.544617,0
508,derive,33,DB1_Lumidgm:33:7,DB1_Lumidgm/55_1_2.wsq,impostor,6,19,6,,False,36.257832,0
508,stored,33,DB1_Lumidgm:33:7,DB1_Lumidgm/55_1_2.wsq,impostor,6,19,6,,False,36.262593,0
509,stored,38,DB1_Lumidgm:38:5,DB1_Lumidgm/38_2_5.wsq,genuine,46,19,46,,True,38.299133,1210
509,derive,38,DB1_Lumidgm:38:5,DB1_Lumidgm/38_2_5.wsq,genuine,46,19,46,,True,35.880362,1210
510,derive,80,DB1_Lumidgm:80:3,DB1_Lumidgm/69_1_6.wsq,impostor,8,19,8,,False,37.316173,0
510,stored,80,DB1_Lumidgm:80:3,DB1_Lumidgm/69_1_6.wsq,impostor,8,19,8,,False,37.633208,0
511,stored,21,DB1_Lumidgm:21:9,DB1_Lumidgm/47_1_8.wsq,impostor,8,19,8,,False,37.49932,0
511,derive,21,DB1_Lumidgm:21:9,DB1_Lumidgm/47_1_8.wsq,impostor,8,19,8,,False,37.591611,0
512,derive,48,DB1_Lumidgm:48:5,DB1_Lumidgm/28_1_4.wsq,impostor,7,19,7,,False,40.024773,0
512,stored,48,DB1_Lumidgm:48:5,DB1_Lumidgm/28_1_4.wsq,impostor,7,19,7,,False,41.236291,0
513,stored,95,DB1_Lumidgm:95:1,DB1_Lumidgm/95_2_1.wsq,genuine,34,19,34,,True,43.608091,1210
513,derive,95,DB1_Lumidgm:95:1,DB1_Lumidgm/95_2_1.wsq,genuine,34,19,34,,True,41.844037,1210
514,derive,76,DB1_Lumidgm:76:3,DB1_Lumidgm/95_1_1.wsq,impostor,4,19,4,,False,43.874058,0
514,stored,76,DB1_Lumidgm:76:3,DB1_Lumidgm/95_1_1.wsq,impostor,4,19,4,,False,41.565306,0
515,stored,30,DB1_Lumidgm:30:1,DB1_Lumidgm/84_1_1.wsq,impostor,7,19,7,,False,36.620389,0
515,derive,30,DB1_Lumidgm:30:1,DB1_Lumidgm/84_1_1.wsq,impostor,7,19,7,,False,36.75866,0
516,derive,61,DB1_Lumidgm:61:7,DB1_Lumidgm/37_1_3.wsq,impostor,5,19,5,,False,35.60054,0
516,stored,61,DB1_Lumidgm:61:7,DB1_Lumidgm/37_1_3.wsq,impostor,5,19,5,,False,35.961265,0
517,stored,25,DB1_Lumidgm:25:10,DB1_Lumidgm/80_1_10.wsq,impostor,5,19,5,,False,33.267856,0
517,derive,25,DB1_Lumidgm:25:10,DB1_Lumidgm/80_1_10.wsq,impostor,5,19,5,,False,32.398085,0
518,derive,49,DB1_Lumidgm:49:5,DB1_Lumidgm/100_1_9.wsq,impostor,4,19,4,,False,38.787086,0
518,stored,49,DB1_Lumidgm:49:5,DB1_Lumidgm/100_1_9.wsq,impostor,4,19,4,,False,39.508051,0
519,stored,68,DB1_Lumidgm:68:2,DB1_Lumidgm/35_1_7.wsq,impostor,10,19,10,,False,37.521921,0
519,derive,68,DB1_Lumidgm:68:2,DB1_Lumidgm/35_1_7.wsq,impostor,10,19,10,,False,37.908564,0
520,derive,22,DB1_Lumidgm:22:8,DB1_Lumidgm/72_1_3.wsq,impostor,9,19,9,,False,38.805062,0
520,stored,22,DB1_Lumidgm:22:8,DB1_Lumidgm/72_1_3.wsq,impostor,9,19,9,,False,37.857051,0
521,stored,23,DB1_Lumidgm:23:8,DB1_Lumidgm/23_2_8.wsq,genuine,180,19,180,,True,44.448739,1210
521,derive,23,DB1_Lumidgm:23:8,DB1_Lumidgm/23_2_8.wsq,genuine,180,19,180,,True,44.169055,1210
522,derive,29,DB1_Lumidgm:29:3,DB1_Lumidgm/42_1_1.wsq,impostor,4,19,4,,False,37.343623,0
522,stored,29,DB1_Lumidgm:29:3,DB1_Lumidgm/42_1_1.wsq,impostor,4,19,4,,False,38.153399,0
523,stored,48,DB1_Lumidgm:48:6,DB1_Lumidgm/70_1_1.wsq,impostor,6,19,6,,False,37.382257,0
523,derive,48,DB1_Lumidgm:48:6,DB1_Lumidgm/70_1_1.wsq,impostor,6,19,6,,False,37.495964,0
524,derive,46,DB1_Lumidgm:46:7,DB1_Lumidgm/23_1_10.wsq,impostor,8,19,8,,False,34.923531,0
524,stored,46,DB1_Lumidgm:46:7,DB1_Lumidgm/23_1_10.wsq,impostor,8,19,8,,False,31.567579,0
525,stored,32,DB1_Lumidgm:32:1,DB1_Lumidgm/31_1_10.wsq,impostor,6,19,6,,False,38.402116,0
525,derive,32,DB1_Lumidgm:32:1,DB1_Lumidgm/31_1_10.wsq,impostor,6,19,6,,False,35.378899,0
526,derive,30,DB1_Lumidgm:30:10,DB1_Lumidgm/71_1_4.wsq,impostor,6,19,6,,False,35.25524,0
526,stored,30,DB1_Lumidgm:30:10,DB1_Lumidgm/71_1_4.wsq,impostor,6,19,6,,False,34.830367,0
527,stored,23,DB1_Lumidgm:23:9,DB1_Lumidgm/47_1_6.wsq,impostor,10,19,10,,False,39.421124,0
527,derive,23,DB1_Lumidgm:23:9,DB1_Lumidgm/47_1_6.wsq,impostor,10,19,10,,False,36.981444,0
528,derive,59,DB1_Lumidgm:59:8,DB1_Lumidgm/46_1_3.wsq,impostor,8,19,8,,False,38.294284,0
528,stored,59,DB1_Lumidgm:59:8,DB1_Lumidgm/46_1_3.wsq,impostor,8,19,8,,False,36.984282,0
529,stored,31,DB1_Lumidgm:31:10,DB1_Lumidgm/92_1_10.wsq,impostor,7,19,7,,False,42.812229,0
529,derive,31,DB1_Lumidgm:31:10,DB1_Lumidgm/92_1_10.wsq,impostor,7,19,7,,False,44.293149,0
530,derive,47,DB1_Lumidgm:47:9,DB1_Lumidgm/24_1_7.wsq,impostor,7,19,7,,False,34.823019,0
530,stored,47,DB1_Lumidgm:47:9,DB1_Lumidgm/24_1_7.wsq,impostor,7,19,7,,False,43.714373,0
531,stored,51,DB1_Lumidgm:51:10,DB1_Lumidgm/38_1_3.wsq,impostor,9,19,9,,False,37.685157,0
531,derive,51,DB1_Lumidgm:51:10,DB1_Lumidgm/38_1_3.wsq,impostor,9,19,9,,False,36.797235,0
532,derive,65,DB1_Lumidgm:65:10,DB1_Lumidgm/95_1_3.wsq,impostor,9,19,9,,False,42.63167,0
532,stored,65,DB1_Lumidgm:65:10,DB1_Lumidgm/95_1_3.wsq,impostor,9,19,9,,False,42.130295,0
533,stored,45,DB1_Lumidgm:45:10,DB1_Lumidgm/93_1_5.wsq,impostor,7,19,7,,False,41.373222,0
533,derive,45,DB1_Lumidgm:45:10,DB1_Lumidgm/93_1_5.wsq,impostor,7,19,7,,False,39.358235,0
534,derive,98,DB1_Lumidgm:98:8,DB1_Lumidgm/65_1_9.wsq,impostor,10,19,10,,False,42.603911,0
534,stored,98,DB1_Lumidgm:98:8,DB1_Lumidgm/65_1_9.wsq,impostor,10,19,10,,False,42.475761,0
535,stored,97,DB1_Lumidgm:97:1,DB1_Lumidgm/81_1_5.wsq,impostor,9,19,9,,False,34.52664,0
535,derive,97,DB1_Lumidgm:97:1,DB1_Lumidgm/81_1_5.wsq,impostor,9,19,9,,False,34.972607,0
536,derive,66,DB1_Lumidgm:66:3,DB1_Lumidgm/61_1_4.wsq,impostor,4,19,4,,False,43.018703,0
536,stored,66,DB1_Lumidgm:66:3,DB1_Lumidgm/61_1_4.wsq,impostor,4,19,4,,False,43.175988,0
537,stored,72,DB1_Lumidgm:72:9,DB1_Lumidgm/25_1_8.wsq,impostor,6,19,6,,False,36.140173,0
537,derive,72,DB1_Lumidgm:72:9,DB1_Lumidgm/25_1_8.wsq,impostor,6,19,6,,False,36.075909,0
538,derive,63,DB1_Lumidgm:63:1,DB1_Lumidgm/56_1_6.wsq,impostor,8,19,8,,False,37.951422,0
538,stored,63,DB1_Lumidgm:63:1,DB1_Lumidgm/56_1_6.wsq,impostor,8,19,8,,False,39.045049,0
539,stored,79,DB1_Lumidgm:79:3,DB1_Lumidgm/79_3_3.wsq,genuine,59,19,59,,True,50.072321,1210
539,derive,79,DB1_Lumidgm:79:3,DB1_Lumidgm/79_3_3.wsq,genuine,59,19,59,,True,62.635724,1210
540,derive,31,DB1_Lumidgm:31:5,DB1_Lumidgm/45_1_9.wsq,impostor,5,19,5,,False,48.85952,0
540,stored,31,DB1_Lumidgm:31:5,DB1_Lumidgm/45_1_9.wsq,impostor,5,19,5,,False,38.532961,0
541,stored,74,DB1_Lumidgm:74:4,DB1_Lumidgm/31_1_10.wsq,impostor,5,19,5,,False,33.649784,0
541,derive,74,DB1_Lumidgm:74:4,DB1_Lumidgm/31_1_10.wsq,impostor,5,19,5,,False,34.854129,0
542,derive,77,DB1_Lumidgm:77:8,DB1_Lumidgm/44_1_10.wsq,impostor,10,19,10,,False,37.921549,0
542,stored,77,DB1_Lumidgm:77:8,DB1_Lumidgm/44_1_10.wsq,impostor,10,19,10,,False,38.178333,0
543,stored,67,DB1_Lumidgm:67:6,DB1_Lumidgm/86_1_5.wsq,impostor,6,19,6,,False,38.882779,0
543,derive,67,DB1_Lumidgm:67:6,DB1_Lumidgm/86_1_5.wsq,impostor,6,19,6,,False,35.117623,0
544,derive,63,DB1_Lumidgm:63:9,DB1_Lumidgm/42_1_4.wsq,impostor,5,19,5,,False,36.842919,0
544,stored,63,DB1_Lumidgm:63:9,DB1_Lumidgm/42_1_4.wsq,impostor,5,19,5,,False,38.370068,0
545,stored,82,DB1_Lumidgm:82:9,DB1_Lumidgm/82_4_9.wsq,genuine,60,19,60,,True,47.088441,1210
545,derive,82,DB1_Lumidgm:82:9,DB1_Lumidgm/82_4_9.wsq,genuine,60,19,60,,True,46.353955,1210
546,derive,45,DB1_Lumidgm:45:6,DB1_Lumidgm/45_4_6.wsq,genuine,140,19,140,,True,44.963081,1210
546,stored,45,DB1_Lumidgm:45:6,DB1_Lumidgm/45_4_6.wsq,genuine,140,19,140,,True,44.401872,1210
547,stored,99,DB1_Lumidgm:99:7,DB1_Lumidgm/96_1_6.wsq,impostor,5,19,5,,False,36.748353,0
547,derive,99,DB1_Lumidgm:99:7,DB1_Lumidgm/96_1_6.wsq,impostor,5,19,5,,False,36.945693,0
548,derive,44,DB1_Lumidgm:44:1,DB1_Lumidgm/60_1_8.wsq,impostor,8,19,8,,False,36.943763,0
548,stored,44,DB1_Lumidgm:44:1,DB1_Lumidgm/60_1_8.wsq,impostor,8,19,8,,False,36.324279,0
549,stored,82,DB1_Lumidgm:82:1,DB1_Lumidgm/48_1_8.wsq,impostor,14,19,14,,False,39.137874,0
549,derive,82,DB1_Lumidgm:82:1,DB1_Lumidgm/48_1_8.wsq,impostor,14,19,14,,False,38.453348,0
550,derive,73,DB1_Lumidgm:73:1,DB1_Lumidgm/43_1_9.wsq,impostor,11,19,11,,False,36.893952,0
550,stored,73,DB1_Lumidgm:73:1,DB1_Lumidgm/43_1_9.wsq,impostor,11,19,11,,False,37.712429,0
551,stored,37,DB1_Lumidgm:37:4,DB1_Lumidgm/63_1_8.wsq,impostor,5,19,5,,False,32.978562,0
551,derive,37,DB1_Lumidgm:37:4,DB1_Lumidgm/63_1_8.wsq,impostor,5,19,5,,False,33.703089,0
552,derive,30,DB1_Lumidgm:30:9,DB1_Lumidgm/34_1_4.wsq,impostor,9,19,9,,False,37.28346,0
552,stored,30,DB1_Lumidgm:30:9,DB1_Lumidgm/34_1_4.wsq,impostor,9,19,9,,False,36.065624,0
553,stored,95,DB1_Lumidgm:95:10,DB1_Lumidgm/57_1_4.wsq,impostor,12,19,12,,False,38.590796,0
553,derive,95,DB1_Lumidgm:95:10,DB1_Lumidgm/57_1_4.wsq,impostor,12,19,12,,False,38.884059,0
554,derive,80,DB1_Lumidgm:80:5,DB1_Lumidgm/55_1_5.wsq,impostor,9,19,9,,False,35.44452,0
554,stored,80,DB1_Lumidgm:80:5,DB1_Lumidgm/55_1_5.wsq,impostor,9,19,9,,False,35.722641,0
555,stored,90,DB1_Lumidgm:90:6,DB1_Lumidgm/30_1_9.wsq,impostor,12,19,12,,False,38.293543,0
555,derive,90,DB1_Lumidgm:90:6,DB1_Lumidgm/30_1_9.wsq,impostor,12,19,12,,False,37.388868,0
556,derive,63,DB1_Lumidgm:63:8,DB1_Lumidgm/53_1_1.wsq,impostor,4,19,4,,False,37.63958,0
556,stored,63,DB1_Lumidgm:63:8,DB1_Lumidgm/53_1_1.wsq,impostor,4,19,4,,False,43.491792,0
557,stored,88,DB1_Lumidgm:88:3,DB1_Lumidgm/62_1_1.wsq,impostor,10,19,10,,False,59.435342,0
557,derive,88,DB1_Lumidgm:88:3,DB1_Lumidgm/62_1_1.wsq,impostor,10,19,10,,False,52.423916,0
558,derive,63,DB1_Lumidgm:63:1,DB1_Lumidgm/24_1_7.wsq,impostor,5,19,5,,False,37.932274,0
558,stored,63,DB1_Lumidgm:63:1,DB1_Lumidgm/24_1_7.wsq,impostor,5,19,5,,False,35.617116,0
559,stored,28,DB1_Lumidgm:28:10,DB1_Lumidgm/58_1_7.wsq,impostor,7,19,7,,False,43.590243,0
559,derive,28,DB1_Lumidgm:28:10,DB1_Lumidgm/58_1_7.wsq,impostor,7,19,7,,False,43.503739,0
560,derive,58,DB1_Lumidgm:58:9,DB1_Lumidgm/75_1_1.wsq,impostor,4,19,4,,False,37.436158,0
560,stored,58,DB1_Lumidgm:58:9,DB1_Lumidgm/75_1_1.wsq,impostor,4,19,4,,False,36.839073,0
561,stored,48,DB1_Lumidgm:48:2,DB1_Lumidgm/48_4_2.wsq,genuine,145,19,145,,True,46.083776,1210
561,derive,48,DB1_Lumidgm:48:2,DB1_Lumidgm/48_4_2.wsq,genuine,145,19,145,,True,45.210218,1210
562,derive,40,DB1_Lumidgm:40:9,DB1_Lumidgm/99_1_3.wsq,impostor,13,19,13,,False,36.161571,0
562,stored,40,DB1_Lumidgm:40:9,DB1_Lumidgm/99_1_3.wsq,impostor,13,19,13,,False,36.329893,0
563,stored,72,DB1_Lumidgm:72:3,DB1_Lumidgm/42_1_1.wsq,impostor,10,19,10,,False,39.18746,0
563,derive,72,DB1_Lumidgm:72:3,DB1_Lumidgm/42_1_1.wsq,impostor,10,19,10,,False,38.581657,0
564,derive,59,DB1_Lumidgm:59:7,DB1_Lumidgm/22_1_2.wsq,impostor,5,19,5,,False,35.430452,0
564,stored,59,DB1_Lumidgm:59:7,DB1_Lumidgm/22_1_2.wsq,impostor,5,19,5,,False,35.685385,0
565,stored,86,DB1_Lumidgm:86:6,DB1_Lumidgm/77_1_5.wsq,impostor,5,19,5,,False,36.428507,0
565,derive,86,DB1_Lumidgm:86:6,DB1_Lumidgm/77_1_5.wsq,impostor,5,19,5,,False,35.91815,0
566,derive,84,DB1_Lumidgm:84:9,DB1_Lumidgm/84_4_9.wsq,genuine,24,19,24,,True,45.458762,1210
566,stored,84,DB1_Lumidgm:84:9,DB1_Lumidgm/84_4_9.wsq,genuine,24,19,24,,True,42.183698,1210
567,stored,56,DB1_Lumidgm:56:5,DB1_Lumidgm/91_1_3.wsq,impostor,4,19,4,,False,42.368037,0
567,derive,56,DB1_Lumidgm:56:5,DB1_Lumidgm/91_1_3.wsq,impostor,4,19,4,,False,41.315477,0
568,derive,39,DB1_Lumidgm:39:5,DB1_Lumidgm/37_1_3.wsq,impostor,10,19,10,,False,37.099839,0
568,stored,39,DB1_Lumidgm:39:5,DB1_Lumidgm/37_1_3.wsq,impostor,10,19,10,,False,36.697536,0
569,stored,25,DB1_Lumidgm:25:3,DB1_Lumidgm/87_1_3.wsq,impostor,17,19,17,,False,39.709503,0
569,derive,25,DB1_Lumidgm:25:3,DB1_Lumidgm/87_1_3.wsq,impostor,17,19,17,,False,39.324768,0
570,derive,26,DB1_Lumidgm:26:3,DB1_Lumidgm/99_1_1.wsq,impostor,4,19,4,,False,37.711339,0
570,stored,26,DB1_Lumidgm:26:3,DB1_Lumidgm/99_1_1.wsq,impostor,4,19,4,,False,36.855301,0
571,stored,83,DB1_Lumidgm:83:4,DB1_Lumidgm/65_1_5.wsq,impostor,8,19,8,,False,40.826756,0
571,derive,83,DB1_Lumidgm:83:4,DB1_Lumidgm/65_1_5.wsq,impostor,8,19,8,,False,38.973432,0
572,derive,72,DB1_Lumidgm:72:2,DB1_Lumidgm/72_2_2.wsq,genuine,78,19,78,,True,42.019608,1210
572,stored,72,DB1_Lumidgm:72:2,DB1_Lumidgm/72_2_2.wsq,genuine,78,19,78,,True,38.501899,1210
573,stored,58,DB1_Lumidgm:58:4,DB1_Lumidgm/51_1_7.wsq,impostor,4,19,4,,False,37.615515,0
573,derive,58,DB1_Lumidgm:58:4,DB1_Lumidgm/51_1_7.wsq,impostor,4,19,4,,False,39.151122,0
574,derive,30,DB1_Lumidgm:30:10,DB1_Lumidgm/51_1_5.wsq,impostor,9,19,9,,False,35.645563,0
574,stored,30,DB1_Lumidgm:30:10,DB1_Lumidgm/51_1_5.wsq,impostor,9,19,9,,False,37.21187,0
575,stored,49,DB1_Lumidgm:49:7,DB1_Lumidgm/79_1_3.wsq,impostor,5,19,5,,False,36.602113,0
575,derive,49,DB1_Lumidgm:49:7,DB1_Lumidgm/79_1_3.wsq,impostor,5,19,5,,False,38.661971,0
576,derive,36,DB1_Lumidgm:36:4,DB1_Lumidgm/36_3_4.wsq,genuine,164,19,164,,True,46.304036,1210
576,stored,36,DB1_Lumidgm:36:4,DB1_Lumidgm/36_3_4.wsq,genuine,164,19,164,,True,48.018467,1210
577,stored,85,DB1_Lumidgm:85:4,DB1_Lumidgm/80_1_10.wsq,impostor,5,19,5,,False,34.038355,0
577,derive,85,DB1_Lumidgm:85:4,DB1_Lumidgm/80_1_10.wsq,impostor,5,19,5,,False,34.316132,0
578,derive,47,DB1_Lumidgm:47:2,DB1_Lumidgm/47_4_2.wsq,genuine,41,19,41,,True,39.708345,1210
578,stored,47,DB1_Lumidgm:47:2,DB1_Lumidgm/47_4_2.wsq,genuine,41,19,41,,True,47.586273,1210
579,stored,55,DB1_Lumidgm:55:4,DB1_Lumidgm/70_1_3.wsq,impostor,27,19,27,,True,39.928739,1210
579,derive,55,DB1_Lumidgm:55:4,DB1_Lumidgm/70_1_3.wsq,impostor,27,19,27,,True,42.245532,1210
580,derive,68,DB1_Lumidgm:68:2,DB1_Lumidgm/36_1_7.wsq,impostor,6,19,6,,False,34.840579,0
580,stored,68,DB1_Lumidgm:68:2,DB1_Lumidgm/36_1_7.wsq,impostor,6,19,6,,False,34.483407,0
581,stored,63,DB1_Lumidgm:63:4,DB1_Lumidgm/29_1_3.wsq,impostor,4,19,4,,False,37.085546,0
581,derive,63,DB1_Lumidgm:63:4,DB1_Lumidgm/29_1_3.wsq,impostor,4,19,4,,False,36.090256,0
582,derive,89,DB1_Lumidgm:89:2,DB1_Lumidgm/89_4_2.wsq,genuine,47,19,47,,True,39.325809,1210
582,stored,89,DB1_Lumidgm:89:2,DB1_Lumidgm/89_4_2.wsq,genuine,47,19,47,,True,37.806022,1210
583,stored,40,DB1_Lumidgm:40:3,DB1_Lumidgm/81_1_4.wsq,impostor,4,19,4,,False,37.047753,0
583,derive,40,DB1_Lumidgm:40:3,DB1_Lumidgm/81_1_4.wsq,impostor,4,19,4,,False,37.029907,0
584,derive,39,DB1_Lumidgm:39:3,DB1_Lumidgm/74_1_10.wsq,impostor,15,19,15,,False,36.111377,0
584,stored,39,DB1_Lumidgm:39:3,DB1_Lumidgm/74_1_10.wsq,impostor,15,19,15,,False,34.415127,0
585,stored,75,DB1_Lumidgm:75:5,DB1_Lumidgm/52_1_2.wsq,impostor,11,19,11,,False,36.310911,0
585,derive,75,DB1_Lumidgm:75:5,DB1_Lumidgm/52_1_2.wsq,impostor,11,19,11,,False,36.638791,0
586,derive,97,DB1_Lumidgm:97:2,DB1_Lumidgm/100_1_3.wsq,impostor,11,19,11,,False,36.188127,0
586,stored,97,DB1_Lumidgm:97:2,DB1_Lumidgm/100_1_3.wsq,impostor,11,19,11,,False,36.134291,0
587,stored,84,DB1_Lumidgm:84:8,DB1_Lumidgm/33_1_10.wsq,impostor,5,19,5,,False,32.553577,0
587,derive,84,DB1_Lumidgm:84:8,DB1_Lumidgm/33_1_10.wsq,impostor,5,19,5,,False,42.468695,0
588,derive,36,DB1_Lumidgm:36:4,DB1_Lumidgm/61_1_4.wsq,impostor,7,19,7,,False,38.263178,0
588,stored,36,DB1_Lumidgm:36:4,DB1_Lumidgm/61_1_4.wsq,impostor,7,19,7,,False,38.767444,0
589,stored,66,DB1_Lumidgm:66:10,DB1_Lumidgm/73_1_1.wsq,impostor,5,19,5,,False,36.505983,0
589,derive,66,DB1_Lumidgm:66:10,DB1_Lumidgm/73_1_1.wsq,impostor,5,19,5,,False,36.677801,0
590,derive,21,DB1_Lumidgm:21:1,DB1_Lumidgm/21_3_1.wsq,genuine,101,19,101,,True,41.575547,1210
590,stored,21,DB1_Lumidgm:21:1,DB1_Lumidgm/21_3_1.wsq,genuine,101,19,101,,True,40.385013,1210
591,stored,85,DB1_Lumidgm:85:3,DB1_Lumidgm/83_1_10.wsq,impostor,7,19,7,,False,33.854107,0
591,derive,85,DB1_Lumidgm:85:3,DB1_Lumidgm/83_1_10.wsq,impostor,7,19,7,,False,37.110399,0
592,derive,73,DB1_Lumidgm:73:10,DB1_Lumidgm/22_1_9.wsq,impostor,14,19,14,,False,39.555379,0
592,stored,73,DB1_Lumidgm:73:10,DB1_Lumidgm/22_1_9.wsq,impostor,14,19,14,,False,36.67003,0
593,stored,36,DB1_Lumidgm:36:4,DB1_Lumidgm/94_1_1.wsq,impostor,6,19,6,,False,41.336963,0
593,derive,36,DB1_Lumidgm:36:4,DB1_Lumidgm/94_1_1.wsq,impostor,6,19,6,,False,41.68504,0
594,derive,21,DB1_Lumidgm:21:10,DB1_Lumidgm/90_1_5.wsq,impostor,6,19,6,,False,34.449172,0
594,stored,21,DB1_Lumidgm:21:10,DB1_Lumidgm/90_1_5.wsq,impostor,6,19,6,,False,34.649655,0
595,stored,50,DB1_Lumidgm:50:1,DB1_Lumidgm/36_1_6.wsq,impostor,6,19,6,,False,37.26691,0
595,derive,50,DB1_Lumidgm:50:1,DB1_Lumidgm/36_1_6.wsq,impostor,6,19,6,,False,41.445632,0
596,derive,37,DB1_Lumidgm:37:3,DB1_Lumidgm/45_1_5.wsq,impostor,5,19,5,,False,37.099927,0
596,stored,37,DB1_Lumidgm:37:3,DB1_Lumidgm/45_1_5.wsq,impostor,5,19,5,,False,35.658409,0
597,stored,72,DB1_Lumidgm:72:5,DB1_Lumidgm/92_1_4.wsq,impostor,10,19,10,,False,41.503897,0
597,derive,72,DB1_Lumidgm:72:5,DB1_Lumidgm/92_1_4.wsq,impostor,10,19,10,,False,42.823715,0
598,derive,89,DB1_Lumidgm:89:5,DB1_Lumidgm/89_3_5.wsq,genuine,31,19,31,,True,36.027664,1210
598,stored,89,DB1_Lumidgm:89:5,DB1_Lumidgm/89_3_5.wsq,genuine,31,19,31,,True,34.343007,1210
599,stored,37,DB1_Lumidgm:37:8,DB1_Lumidgm/28_1_1.wsq,impostor,5,19,5,,False,37.032038,0
599,derive,37,DB1_Lumidgm:37:8,DB1_Lumidgm/28_1_1.wsq,impostor,5,19,5,,False,37.480665,0
600,derive,70,DB1_Lumidgm:70:7,DB1_Lumidgm/53_1_4.wsq,impostor,4,19,4,,False,38.053772,0
600,stored,70,DB1_Lumidgm:70:7,DB1_Lumidgm/53_1_4.wsq,impostor,4,19,4,,False,36.566301,0
601,stored,30,DB1_Lumidgm:30:4,DB1_Lumidgm/81_1_1.wsq,impostor,13,19,13,,False,40.061406,0
601,derive,30,DB1_Lumidgm:30:4,DB1_Lumidgm/81_1_1.wsq,impostor,13,19,13,,False,37.919706,0
602,derive,88,DB1_Lumidgm:88:1,DB1_Lumidgm/27_1_9.wsq,impostor,7,19,7,,False,39.507402,0
602,stored,88,DB1_Lumidgm:88:1,DB1_Lumidgm/27_1_9.wsq,impostor,7,19,7,,False,38.595085,0
603,stored,100,DB1_Lumidgm:100:10,DB1_Lumidgm/74_1_3.wsq,impostor,7,19,7,,False,37.059324,0
603,derive,100,DB1_Lumidgm:100:10,DB1_Lumidgm/74_1_3.wsq,impostor,7,19,7,,False,36.644704,0
604,derive,41,DB1_Lumidgm:41:7,DB1_Lumidgm/38_1_5.wsq,impostor,8,19,8,,False,34.60288,0
604,stored,41,DB1_Lumidgm:41:7,DB1_Lumidgm/38_1_5.wsq,impostor,8,19,8,,False,33.3736,0
605,stored,100,DB1_Lumidgm:100:5,DB1_Lumidgm/41_1_2.wsq,impostor,18,19,18,,False,36.50054,0
605,derive,100,DB1_Lumidgm:100:5,DB1_Lumidgm/41_1_2.wsq,impostor,18,19,18,,False,35.717956,0
606,derive,26,DB1_Lumidgm:26:10,DB1_Lumidgm/89_1_10.wsq,impostor,8,19,8,,False,43.646617,0
606,stored,26,DB1_Lumidgm:26:10,DB1_Lumidgm/89_1_10.wsq,impostor,8,19,8,,False,44.146731,0
607,stored,70,DB1_Lumidgm:70:4,DB1_Lumidgm/97_1_6.wsq,impostor,7,19,7,,False,37.832045,0
607,derive,70,DB1_Lumidgm:70:4,DB1_Lumidgm/97_1_6.wsq,impostor,7,19,7,,False,37.420206,0
608,derive,87,DB1_Lumidgm:87:4,DB1_Lumidgm/46_1_4.wsq,impostor,5,19,5,,False,37.351537,0
608,stored,87,DB1_Lumidgm:87:4,DB1_Lumidgm/46_1_4.wsq,impostor,5,19,5,,False,38.155932,0
609,stored,48,DB1_Lumidgm:48:1,DB1_Lumidgm/68_1_10.wsq,impostor,8,19,8,,False,32.561915,0
609,derive,48,DB1_Lumidgm:48:1,DB1_Lumidgm/68_1_10.wsq,impostor,8,19,8,,False,32.514629,0
610,derive,96,DB1_Lumidgm:96:5,DB1_Lumidgm/96_4_5.wsq,genuine,24,19,24,,True,37.040669,1210
610,stored,96,DB1_Lumidgm:96:5,DB1_Lumidgm/96_4_5.wsq,genuine,24,19,24,,True,33.505429,1210
611,stored,45,DB1_Lumidgm:45:3,DB1_Lumidgm/45_2_3.wsq,genuine,135,19,135,,True,44.62534,1210
611,derive,45,DB1_Lumidgm:45:3,DB1_Lumidgm/45_2_3.wsq,genuine,135,19,135,,True,46.441158,1210
612,derive,61,DB1_Lumidgm:61:8,DB1_Lumidgm/86_1_6.wsq,impostor,4,19,4,,False,41.764186,0
612,stored,61,DB1_Lumidgm:61:8,DB1_Lumidgm/86_1_6.wsq,impostor,4,19,4,,False,37.539489,0
613,stored,74,DB1_Lumidgm:74:9,DB1_Lumidgm/74_1_8.wsq,impostor,22,19,22,,True,39.193016,1210
613,derive,74,DB1_Lumidgm:74:9,DB1_Lumidgm/74_1_8.wsq,impostor,22,19,22,,True,39.143076,1210
614,derive,74,DB1_Lumidgm:74:9,DB1_Lumidgm/94_1_10.wsq,impostor,5,19,5,,False,39.525689,0
614,stored,74,DB1_Lumidgm:74:9,DB1_Lumidgm/94_1_10.wsq,impostor,5,19,5,,False,38.603554,0
615,stored,93,DB1_Lumidgm:93:6,DB1_Lumidgm/62_1_3.wsq,impostor,5,19,5,,False,46.089293,0
615,derive,93,DB1_Lumidgm:93:6,DB1_Lumidgm/62_1_3.wsq,impostor,5,19,5,,False,44.555199,0
616,derive,74,DB1_Lumidgm:74:1,DB1_Lumidgm/88_1_10.wsq,impostor,0,19,0,,False,37.65485,0
616,stored,74,DB1_Lumidgm:74:1,DB1_Lumidgm/88_1_10.wsq,impostor,0,19,0,,False,37.840523,0
617,stored,73,DB1_Lumidgm:73:1,DB1_Lumidgm/33_1_4.wsq,impostor,6,19,6,,False,35.486783,0
617,derive,73,DB1_Lumidgm:73:1,DB1_Lumidgm/33_1_4.wsq,impostor,6,19,6,,False,34.474411,0
618,derive,63,DB1_Lumidgm:63:4,DB1_Lumidgm/77_1_4.wsq,impostor,6,19,6,,False,37.102467,0
618,stored,63,DB1_Lumidgm:63:4,DB1_Lumidgm/77_1_4.wsq,impostor,6,19,6,,False,39.590313,0
619,stored,66,DB1_Lumidgm:66:10,DB1_Lumidgm/53_1_1.wsq,impostor,6,19,6,,False,37.607287,0
619,derive,66,DB1_Lumidgm:66:10,DB1_Lumidgm/53_1_1.wsq,impostor,6,19,6,,False,36.211815,0
620,derive,34,DB1_Lumidgm:34:6,DB1_Lumidgm/36_1_9.wsq,impostor,7,19,7,,False,35.850605,0
620,stored,34,DB1_Lumidgm:34:6,DB1_Lumidgm/36_1_9.wsq,impostor,7,19,7,,False,36.240682,0
621,stored,43,DB1_Lumidgm:43:10,DB1_Lumidgm/54_1_9.wsq,impostor,20,19,20,,True,41.062017,1211
621,derive,43,DB1_Lumidgm:43:10,DB1_Lumidgm/54_1_9.wsq,impostor,20,19,20,,True,43.759741,1211
622,derive,35,DB1_Lumidgm:35:4,DB1_Lumidgm/57_1_8.wsq,impostor,23,19,23,,True,39.718739,1210
622,stored,35,DB1_Lumidgm:35:4,DB1_Lumidgm/57_1_8.wsq,impostor,23,19,23,,True,39.105192,1210
623,stored,75,DB1_Lumidgm:75:3,DB1_Lumidgm/89_1_3.wsq,impostor,3,19,3,,False,44.509027,0
623,derive,75,DB1_Lumidgm:75:3,DB1_Lumidgm/89_1_3.wsq,impostor,3,19,3,,False,44.981271,0
624,derive,91,DB1_Lumidgm:91:3,DB1_Lumidgm/91_4_3.wsq,genuine,56,19,56,,True,38.760337,1210
624,stored,91,DB1_Lumidgm:91:3,DB1_Lumidgm/91_4_3.wsq,genuine,56,19,56,,True,37.296812,1210
625,stored,31,DB1_Lumidgm:31:2,DB1_Lumidgm/38_1_7.wsq,impostor,4,19,4,,False,35.283789,0
625,derive,31,DB1_Lumidgm:31:2,DB1_Lumidgm/38_1_7.wsq,impostor,4,19,4,,False,35.156398,0
626,derive,75,DB1_Lumidgm:75:2,DB1_Lumidgm/71_1_5.wsq,impostor,7,19,7,,False,35.019248,0
626,stored,75,DB1_Lumidgm:75:2,DB1_Lumidgm/71_1_5.wsq,impostor,7,19,7,,False,35.594381,0
627,stored,35,DB1_Lumidgm:35:10,DB1_Lumidgm/29_1_2.wsq,impostor,3,19,3,,False,36.889818,0
627,derive,35,DB1_Lumidgm:35:10,DB1_Lumidgm/29_1_2.wsq,impostor,3,19,3,,False,36.325763,0
628,derive,52,DB1_Lumidgm:52:6,DB1_Lumidgm/92_1_3.wsq,impostor,4,19,4,,False,40.768986,0
628,stored,52,DB1_Lumidgm:52:6,DB1_Lumidgm/92_1_3.wsq,impostor,4,19,4,,False,40.513282,0
629,stored,47,DB1_Lumidgm:47:3,DB1_Lumidgm/97_1_3.wsq,impostor,18,19,18,,False,37.780878,0
629,derive,47,DB1_Lumidgm:47:3,DB1_Lumidgm/97_1_3.wsq,impostor,18,19,18,,False,39.450716,0
630,derive,34,DB1_Lumidgm:34:5,DB1_Lumidgm/75_1_5.wsq,impostor,11,19,11,,False,35.629826,0
630,stored,34,DB1_Lumidgm:34:5,DB1_Lumidgm/75_1_5.wsq,impostor,11,19,11,,False,35.363425,0
631,stored,90,DB1_Lumidgm:90:5,DB1_Lumidgm/87_1_6.wsq,impostor,4,19,4,,False,40.59311,0
631,derive,90,DB1_Lumidgm:90:5,DB1_Lumidgm/87_1_6.wsq,impostor,4,19,4,,False,39.886063,0
632,derive,100,DB1_Lumidgm:100:4,DB1_Lumidgm/49_1_6.wsq,impostor,9,19,9,,False,38.097885,0
632,stored,100,DB1_Lumidgm:100:4,DB1_Lumidgm/49_1_6.wsq,impostor,9,19,9,,False,38.285178,0
633,stored,68,DB1_Lumidgm:68:1,DB1_Lumidgm/51_1_7.wsq,impostor,5,19,5,,False,40.889647,0
633,derive,68,DB1_Lumidgm:68:1,DB1_Lumidgm/51_1_7.wsq,impostor,5,19,5,,False,38.133019,0
634,derive,22,DB1_Lumidgm:22:1,DB1_Lumidgm/40_1_1.wsq,impostor,8,19,8,,False,39.053875,0
634,stored,22,DB1_Lumidgm:22:1,DB1_Lumidgm/40_1_1.wsq,impostor,8,19,8,,False,39.101781,0
635,stored,37,DB1_Lumidgm:37:3,DB1_Lumidgm/39_1_3.wsq,impostor,5,19,5,,False,35.639537,0
635,derive,37,DB1_Lumidgm:37:3,DB1_Lumidgm/39_1_3.wsq,impostor,5,19,5,,False,35.462671,0
636,derive,39,DB1_Lumidgm:39:6,DB1_Lumidgm/72_1_7.wsq,impostor,6,19,6,,False,37.154893,0
636,stored,39,DB1_Lumidgm:39:6,DB1_Lumidgm/72_1_7.wsq,impostor,6,19,6,,False,36.323424,0
637,stored,77,DB1_Lumidgm:77:8,DB1_Lumidgm/54_1_9.wsq,impostor,8,19,8,,False,36.143348,0
637,derive,77,DB1_Lumidgm:77:8,DB1_Lumidgm/54_1_9.wsq,impostor,8,19,8,,False,37.673668,0
638,derive,84,DB1_Lumidgm:84:2,DB1_Lumidgm/72_1_10.wsq,impostor,5,19,5,,False,36.181566,0
638,stored,84,DB1_Lumidgm:84:2,DB1_Lumidgm/72_1_10.wsq,impostor,5,19,5,,False,36.926146,0
639,stored,57,DB1_Lumidgm:57:8,DB1_Lumidgm/63_1_2.wsq,impostor,8,19,8,,False,33.548739,0
639,derive,57,DB1_Lumidgm:57:8,DB1_Lumidgm/63_1_2.wsq,impostor,8,19,8,,False,33.37666,0
640,derive,23,DB1_Lumidgm:23:1,DB1_Lumidgm/49_1_3.wsq,impostor,3,19,3,,False,33.886078,0
640,stored,23,DB1_Lumidgm:23:1,DB1_Lumidgm/49_1_3.wsq,impostor,3,19,3,,False,34.55555,0
641,stored,98,DB1_Lumidgm:98:6,DB1_Lumidgm/32_1_7.wsq,impostor,5,19,5,,False,37.556537,0
641,derive,98,DB1_Lumidgm:98:6,DB1_Lumidgm/32_1_7.wsq,impostor,5,19,5,,False,41.154745,0
642,derive,78,DB1_Lumidgm:78:5,DB1_Lumidgm/98_1_7.wsq,impostor,14,19,14,,False,37.192988,0
642,stored,78,DB1_Lumidgm:78:5,DB1_Lumidgm/98_1_7.wsq,impostor,14,19,14,,False,36.960122,0
643,stored,57,DB1_Lumidgm:57:2,DB1_Lumidgm/31_1_9.wsq,impostor,6,19,6,,False,37.848417,0
643,derive,57,DB1_Lumidgm:57:2,DB1_Lumidgm/31_1_9.wsq,impostor,6,19,6,,False,38.265251,0
644,derive,100,DB1_Lumidgm:100:3,DB1_Lumidgm/63_1_2.wsq,impostor,6,19,6,,False,32.90447,0
644,stored,100,DB1_Lumidgm:100:3,DB1_Lumidgm/63_1_2.wsq,impostor,6,19,6,,False,32.978994,0
645,stored,71,DB1_Lumidgm:71:7,DB1_Lumidgm/76_1_8.wsq,impostor,9,19,9,,False,35.774728,0
645,derive,71,DB1_Lumidgm:71:7,DB1_Lumidgm/76_1_8.wsq,impostor,9,19,9,,False,35.418474,0
646,derive,45,DB1_Lumidgm:45:3,DB1_Lumidgm/35_1_2.wsq,impostor,5,19,5,,False,34.789321,0
646,stored,45,DB1_Lumidgm:45:3,DB1_Lumidgm/35_1_2.wsq,impostor,5,19,5,,False,35.044125,0
647,stored,50,DB1_Lumidgm:50:7,DB1_Lumidgm/83_1_2.wsq,impostor,10,19,10,,False,36.163825,0
647,derive,50,DB1_Lumidgm:50:7,DB1_Lumidgm/83_1_2.wsq,impostor,10,19,10,,False,36.095626,0
648,derive,86,DB1_Lumidgm:86:9,DB1_Lumidgm/80_1_4.wsq,impostor,10,19,10,,False,35.426763,0
648,stored,86,DB1_Lumidgm:86:9,DB1_Lumidgm/80_1_4.wsq,impostor,10,19,10,,False,35.690931,0
649,stored,37,DB1_Lumidgm:37:7,DB1_Lumidgm/90_1_8.wsq,impostor,8,19,8,,False,38.041409,0
649,derive,37,DB1_Lumidgm:37:7,DB1_Lumidgm/90_1_8.wsq,impostor,8,19,8,,False,44.44172,0
650,derive,35,DB1_Lumidgm:35:4,DB1_Lumidgm/82_1_2.wsq,impostor,12,19,12,,False,40.073954,0
650,stored,35,DB1_Lumidgm:35:4,DB1_Lumidgm/82_1_2.wsq,impostor,12,19,12,,False,39.829025,0
651,stored,100,DB1_Lumidgm:100:8,DB1_Lumidgm/70_1_3.wsq,impostor,6,19,6,,False,36.889527,0
651,derive,100,DB1_Lumidgm:100:8,DB1_Lumidgm/70_1_3.wsq,impostor,6,19,6,,False,36.950585,0
652,derive,56,DB1_Lumidgm:56:6,DB1_Lumidgm/57_1_8.wsq,impostor,6,19,6,,False,38.798466,0
652,stored,56,DB1_Lumidgm:56:6,DB1_Lumidgm/57_1_8.wsq,impostor,6,19,6,,False,38.198986,0
653,stored,61,DB1_Lumidgm:61:8,DB1_Lumidgm/70_1_8.wsq,impostor,7,19,7,,False,37.189361,0
653,derive,61,DB1_Lumidgm:61:8,DB1_Lumidgm/70_1_8.wsq,impostor,7,19,7,,False,37.318542,0
654,derive,65,DB1_Lumidgm:65:1,DB1_Lumidgm/22_1_8.wsq,impostor,6,19,6,,False,38.268462,0
654,stored,65,DB1_Lumidgm:65:1,DB1_Lumidgm/22_1_8.wsq,impostor,6,19,6,,False,38.472518,0
655,stored,91,DB1_Lumidgm:91:1,DB1_Lumidgm/82_1_2.wsq,impostor,6,19,6,,False,36.682257,0
655,derive,91,DB1_Lumidgm:91:1,DB1_Lumidgm/82_1_2.wsq,impostor,6,19,6,,False,36.511149,0
656,derive,44,DB1_Lumidgm:44:10,DB1_Lumidgm/31_1_10.wsq,impostor,9,19,9,,False,35.245289,0
656,stored,44,DB1_Lumidgm:44:10,DB1_Lumidgm/31_1_10.wsq,impostor,9,19,9,,False,34.534191,0
657,stored,58,DB1_Lumidgm:58:5,DB1_Lumidgm/64_1_2.wsq,impostor,4,19,4,,False,35.416875,0
657,derive,58,DB1_Lumidgm:58:5,DB1_Lumidgm/64_1_2.wsq,impostor,4,19,4,,False,35.766792,0
658,derive,32,DB1_Lumidgm:32:3,DB1_Lumidgm/72_1_7.wsq,impostor,12,19,12,,False,37.171962,0
658,stored,32,DB1_Lumidgm:32:3,DB1_Lumidgm/72_1_7.wsq,impostor,12,19,12,,False,35.235237,0
659,stored,90,DB1_Lumidgm:90:2,DB1_Lumidgm/29_1_7.wsq,impostor,6,19,6,,False,34.679375,0
659,derive,90,DB1_Lumidgm:90:2,DB1_Lumidgm/29_1_7.wsq,impostor,6,19,6,,False,35.423528,0
660,derive,85,DB1_Lumidgm:85:5,DB1_Lumidgm/37_1_1.wsq,impostor,6,19,6,,False,39.509442,0
660,stored,85,DB1_Lumidgm:85:5,DB1_Lumidgm/37_1_1.wsq,impostor,6,19,6,,False,38.113326,0
661,stored,60,DB1_Lumidgm:60:4,DB1_Lumidgm/63_1_5.wsq,impostor,7,19,7,,False,33.848752,0
661,derive,60,DB1_Lumidgm:60:4,DB1_Lumidgm/63_1_5.wsq,impostor,7,19,7,,False,33.782252,0
662,derive,89,DB1_Lumidgm:89:10,DB1_Lumidgm/23_1_1.wsq,impostor,6,19,6,,False,38.466222,0
662,stored,89,DB1_Lumidgm:89:10,DB1_Lumidgm/23_1_1.wsq,impostor,6,19,6,,False,40.739854,0
663,stored,67,DB1_Lumidgm:67:1,DB1_Lumidgm/67_4_1.wsq,genuine,85,19,85,,True,46.487281,1210
663,derive,67,DB1_Lumidgm:67:1,DB1_Lumidgm/67_4_1.wsq,genuine,85,19,85,,True,45.499691,1210
664,derive,49,DB1_Lumidgm:49:2,DB1_Lumidgm/57_1_1.wsq,impostor,4,19,4,,False,37.736808,0
664,stored,49,DB1_Lumidgm:49:2,DB1_Lumidgm/57_1_1.wsq,impostor,4,19,4,,False,38.347883,0
665,stored,99,DB1_Lumidgm:99:3,DB1_Lumidgm/87_1_6.wsq,impostor,8,19,8,,False,37.813706,0
665,derive,99,DB1_Lumidgm:99:3,DB1_Lumidgm/87_1_6.wsq,impostor,8,19,8,,False,37.438721,0
666,derive,31,DB1_Lumidgm:31:5,DB1_Lumidgm/81_1_1.wsq,impostor,4,19,4,,False,36.262712,0
666,stored,31,DB1_Lumidgm:31:5,DB1_Lumidgm/81_1_1.wsq,impostor,4,19,4,,False,36.49563,0
667,stored,55,DB1_Lumidgm:55:2,DB1_Lumidgm/88_1_2.wsq,impostor,7,19,7,,False,43.735548,0
667,derive,55,DB1_Lumidgm:55:2,DB1_Lumidgm/88_1_2.wsq,impostor,7,19,7,,False,43.544916,0
668,derive,38,DB1_Lumidgm:38:7,DB1_Lumidgm/69_1_5.wsq,impostor,9,19,9,,False,32.248128,0
668,stored,38,DB1_Lumidgm:38:7,DB1_Lumidgm/69_1_5.wsq,impostor,9,19,9,,False,31.758121,0
669,stored,23,DB1_Lumidgm:23:6,DB1_Lumidgm/97_1_9.wsq,impostor,6,19,6,,False,37.180494,0
669,derive,23,DB1_Lumidgm:23:6,DB1_Lumidgm/97_1_9.wsq,impostor,6,19,6,,False,37.302534,0
670,derive,63,DB1_Lumidgm:63:1,DB1_Lumidgm/63_2_1.wsq,genuine,5,19,5,,False,38.774538,0
670,stored,63,DB1_Lumidgm:63:1,DB1_Lumidgm/63_2_1.wsq,genuine,5,19,5,,False,39.792438,0
671,stored,96,DB1_Lumidgm:96:8,DB1_Lumidgm/39_1_4.wsq,impostor,6,19,6,,False,36.592032,0
671,derive,96,DB1_Lumidgm:96:8,DB1_Lumidgm/39_1_4.wsq,impostor,6,19,6,,False,35.659149,0
672,derive,44,DB1_Lumidgm:44:9,DB1_Lumidgm/61_1_8.wsq,impostor,9,19,9,,False,39.085397,0
672,stored,44,DB1_Lumidgm:44:9,DB1_Lumidgm/61_1_8.wsq,impostor,9,19,9,,False,40.288425,0
673,stored,92,DB1_Lumidgm:92:9,DB1_Lumidgm/70_1_4.wsq,impostor,4,19,4,,False,37.89416,0
673,derive,92,DB1_Lumidgm:92:9,DB1_Lumidgm/70_1_4.wsq,impostor,4,19,4,,False,37.975426,0
674,derive,51,DB1_Lumidgm:51:9,DB1_Lumidgm/40_1_3.wsq,impostor,4,19,4,,False,35.689491,0
674,stored,51,DB1_Lumidgm:51:9,DB1_Lumidgm/40_1_3.wsq,impostor,4,19,4,,False,35.906183,0
675,stored,93,DB1_Lumidgm:93:9,DB1_Lumidgm/27_1_8.wsq,impostor,18,19,18,,False,36.348651,0
675,derive,93,DB1_Lumidgm:93:9,DB1_Lumidgm/27_1_8.wsq,impostor,18,19,18,,False,36.158653,0
676,derive,34,DB1_Lumidgm:34:2,DB1_Lumidgm/77_1_1.wsq,impostor,4,19,4,,False,38.880651,0
676,stored,34,DB1_Lumidgm:34:2,DB1_Lumidgm/77_1_1.wsq,impostor,4,19,4,,False,37.770612,0
677,stored,91,DB1_Lumidgm:91:7,DB1_Lumidgm/88_1_8.wsq,impostor,5,19,5,,False,43.32795,0
677,derive,91,DB1_Lumidgm:91:7,DB1_Lumidgm/88_1_8.wsq,impostor,5,19,5,,False,43.691573,0
678,derive,52,DB1_Lumidgm:52:6,DB1_Lumidgm/41_1_3.wsq,impostor,5,19,5,,False,37.049796,0
678,stored,52,DB1_Lumidgm:52:6,DB1_Lumidgm/41_1_3.wsq,impostor,5,19,5,,False,36.639033,0
679,stored,94,DB1_Lumidgm:94:4,DB1_Lumidgm/98_1_5.wsq,impostor,11,19,11,,False,37.608797,0
679,derive,94,DB1_Lumidgm:94:4,DB1_Lumidgm/98_1_5.wsq,impostor,11,19,11,,False,36.0331,0
680,derive,99,DB1_Lumidgm:99:4,DB1_Lumidgm/96_1_3.wsq,impostor,6,19,6,,False,35.661809,0
680,stored,99,DB1_Lumidgm:99:4,DB1_Lumidgm/96_1_3.wsq,impostor,6,19,6,,False,35.364562,0
681,stored,78,DB1_Lumidgm:78:9,DB1_Lumidgm/35_1_5.wsq,impostor,3,19,3,,False,38.127147,0
681,derive,78,DB1_Lumidgm:78:9,DB1_Lumidgm/35_1_5.wsq,impostor,3,19,3,,False,35.851705,0
682,derive,48,DB1_Lumidgm:48:5,DB1_Lumidgm/48_4_5.wsq,genuine,35,19,35,,True,36.592478,1210
682,stored,48,DB1_Lumidgm:48:5,DB1_Lumidgm/48_4_5.wsq,genuine,35,19,35,,True,35.870805,1210
683,stored,70,DB1_Lumidgm:70:8,DB1_Lumidgm/25_1_7.wsq,impostor,9,19,9,,False,36.584562,0
683,derive,70,DB1_Lumidgm:70:8,DB1_Lumidgm/25_1_7.wsq,impostor,9,19,9,,False,35.968341,0
684,derive,34,DB1_Lumidgm:34:8,DB1_Lumidgm/48_1_7.wsq,impostor,5,19,5,,False,48.746535,0
684,stored,34,DB1_Lumidgm:34:8,DB1_Lumidgm/48_1_7.wsq,impostor,5,19,5,,False,59.689559,0
685,stored,68,DB1_Lumidgm:68:8,DB1_Lumidgm/25_1_6.wsq,impostor,4,19,4,,False,54.590228,0
685,derive,68,DB1_Lumidgm:68:8,DB1_Lumidgm/25_1_6.wsq,impostor,4,19,4,,False,50.625985,0
686,derive,61,DB1_Lumidgm:61:2,DB1_Lumidgm/94_1_7.wsq,impostor,4,19,4,,False,43.296549,0
686,stored,61,DB1_Lumidgm:61:2,DB1_Lumidgm/94_1_7.wsq,impostor,4,19,4,,False,40.007863,0
687,stored,66,DB1_Lumidgm:66:10,DB1_Lumidgm/42_1_5.wsq,impostor,3,19,3,,False,36.125706,0
687,derive,66,DB1_Lumidgm:66:10,DB1_Lumidgm/42_1_5.wsq,impostor,3,19,3,,False,34.514865,0
688,derive,74,DB1_Lumidgm:74:1,DB1_Lumidgm/55_1_7.wsq,impostor,10,19,10,,False,37.737177,0
688,stored,74,DB1_Lumidgm:74:1,DB1_Lumidgm/55_1_7.wsq,impostor,10,19,10,,False,38.079816,0
689,stored,46,DB1_Lumidgm:46:2,DB1_Lumidgm/96_1_8.wsq,impostor,7,19,7,,False,37.801431,0
689,derive,46,DB1_Lumidgm:46:2,DB1_Lumidgm/96_1_8.wsq,impostor,7,19,7,,False,37.651733,0
690,derive,60,DB1_Lumidgm:60:9,DB1_Lumidgm/89_1_1.wsq,impostor,6,19,6,,False,50.490197,0
690,stored,60,DB1_Lumidgm:60:9,DB1_Lumidgm/89_1_1.wsq,impostor,6,19,6,,False,47.411528,0
691,stored,21,DB1_Lumidgm:21:6,DB1_Lumidgm/65_1_9.wsq,impostor,6,19,6,,False,45.094098,0
691,derive,21,DB1_Lumidgm:21:6,DB1_Lumidgm/65_1_9.wsq,impostor,6,19,6,,False,44.431204,0
692,derive,90,DB1_Lumidgm:90:8,DB1_Lumidgm/22_1_2.wsq,impostor,11,19,11,,False,35.292391,0
692,stored,90,DB1_Lumidgm:90:8,DB1_Lumidgm/22_1_2.wsq,impostor,11,19,11,,False,36.556448,0
693,stored,64,DB1_Lumidgm:64:7,DB1_Lumidgm/73_1_1.wsq,impostor,8,19,8,,False,36.934092,0
693,derive,64,DB1_Lumidgm:64:7,DB1_Lumidgm/73_1_1.wsq,impostor,8,19,8,,False,36.895194,0
694,derive,37,DB1_Lumidgm:37:8,DB1_Lumidgm/84_1_4.wsq,impostor,5,19,5,,False,37.437645,0
694,stored,37,DB1_Lumidgm:37:8,DB1_Lumidgm/84_1_4.wsq,impostor,5,19,5,,False,37.399613,0
695,stored,39,DB1_Lumidgm:39:8,DB1_Lumidgm/86_1_5.wsq,impostor,4,19,4,,False,39.251428,0
695,derive,39,DB1_Lumidgm:39:8,DB1_Lumidgm/86_1_5.wsq,impostor,4,19,4,,False,33.946883,0
696,derive,29,DB1_Lumidgm:29:7,DB1_Lumidgm/55_1_10.wsq,impostor,8,19,8,,False,35.99777,0
696,stored,29,DB1_Lumidgm:29:7,DB1_Lumidgm/55_1_10.wsq,impostor,8,19,8,,False,35.674693,0
697,stored,30,DB1_Lumidgm:30:6,DB1_Lumidgm/50_1_1.wsq,impostor,6,19,6,,False,38.364233,0
697,derive,30,DB1_Lumidgm:30:6,DB1_Lumidgm/50_1_1.wsq,impostor,6,19,6,,False,38.560338,0
698,derive,39,DB1_Lumidgm:39:2,DB1_Lumidgm/39_2_2.wsq,genuine,145,19,145,,True,46.511022,1210
698,stored,39,DB1_Lumidgm:39:2,DB1_Lumidgm/39_2_2.wsq,genuine,145,19,145,,True,43.189038,1210
699,stored,76,DB1_Lumidgm:76:7,DB1_Lumidgm/46_1_5.wsq,impostor,7,19,7,,False,34.337243,0
699,derive,76,DB1_Lumidgm:76:7,DB1_Lumidgm/46_1_5.wsq,impostor,7,19,7,,False,35.46698,0
700,derive,41,DB1_Lumidgm:41:2,DB1_Lumidgm/41_4_2.wsq,genuine,182,19,182,,True,43.976401,1210
700,stored,41,DB1_Lumidgm:41:2,DB1_Lumidgm/41_4_2.wsq,genuine,182,19,182,,True,42.699909,1210
701,stored,53,DB1_Lumidgm:53:2,DB1_Lumidgm/53_2_2.wsq,genuine,67,19,67,,True,38.588127,1210
701,derive,53,DB1_Lumidgm:53:2,DB1_Lumidgm/53_2_2.wsq,genuine,67,19,67,,True,36.120874,1210
702,derive,54,DB1_Lumidgm:54:6,DB1_Lumidgm/24_1_10.wsq,impostor,7,19,7,,False,32.812007,0
702,stored,54,DB1_Lumidgm:54:6,DB1_Lumidgm/24_1_10.wsq,impostor,7,19,7,,False,32.637782,0
703,stored,55,DB1_Lumidgm:55:6,DB1_Lumidgm/55_1_4.wsq,impostor,11,19,11,,False,37.437673,0
703,derive,55,DB1_Lumidgm:55:6,DB1_Lumidgm/55_1_4.wsq,impostor,11,19,11,,False,36.264858,0
704,derive,55,DB1_Lumidgm:55:8,DB1_Lumidgm/28_1_4.wsq,impostor,5,19,5,,False,40.745064,0
704,stored,55,DB1_Lumidgm:55:8,DB1_Lumidgm/28_1_4.wsq,impostor,5,19,5,,False,39.397208,0
705,stored,57,DB1_Lumidgm:57:3,DB1_Lumidgm/64_1_5.wsq,impostor,8,19,8,,False,38.750284,0
705,derive,57,DB1_Lumidgm:57:3,DB1_Lumidgm/64_1_5.wsq,impostor,8,19,8,,False,41.549327,0
706,derive,65,DB1_Lumidgm:65:1,DB1_Lumidgm/65_1_8.wsq,impostor,9,19,9,,False,48.86989,0
706,stored,65,DB1_Lumidgm:65:1,DB1_Lumidgm/65_1_8.wsq,impostor,9,19,9,,False,43.978353,0
707,stored,96,DB1_Lumidgm:96:8,DB1_Lumidgm/49_1_7.wsq,impostor,16,19,16,,False,37.315781,0
707,derive,96,DB1_Lumidgm:96:8,DB1_Lumidgm/49_1_7.wsq,impostor,16,19,16,,False,37.307797,0
708,derive,72,DB1_Lumidgm:72:8,DB1_Lumidgm/37_1_5.wsq,impostor,4,19,4,,False,32.904226,0
708,stored,72,DB1_Lumidgm:72:8,DB1_Lumidgm/37_1_5.wsq,impostor,4,19,4,,False,33.817406,0
709,stored,74,DB1_Lumidgm:74:1,DB1_Lumidgm/86_1_1.wsq,impostor,3,19,3,,False,36.674079,0
709,derive,74,DB1_Lumidgm:74:1,DB1_Lumidgm/86_1_1.wsq,impostor,3,19,3,,False,36.19594,0
710,derive,36,DB1_Lumidgm:36:1,DB1_Lumidgm/77_1_1.wsq,impostor,5,19,5,,False,37.935549,0
710,stored,36,DB1_Lumidgm:36:1,DB1_Lumidgm/77_1_1.wsq,impostor,5,19,5,,False,37.782072,0
711,stored,55,DB1_Lumidgm:55:9,DB1_Lumidgm/62_1_4.wsq,impostor,7,19,7,,False,45.923436,0
711,derive,55,DB1_Lumidgm:55:9,DB1_Lumidgm/62_1_4.wsq,impostor,7,19,7,,False,47.384644,0
712,derive,32,DB1_Lumidgm:32:10,DB1_Lumidgm/99_1_6.wsq,impostor,4,19,4,,False,36.762807,0
712,stored,32,DB1_Lumidgm:32:10,DB1_Lumidgm/99_1_6.wsq,impostor,4,19,4,,False,36.820207,0
713,stored,41,DB1_Lumidgm:41:4,DB1_Lumidgm/37_1_8.wsq,impostor,4,19,4,,False,35.731677,0
713,derive,41,DB1_Lumidgm:41:4,DB1_Lumidgm/37_1_8.wsq,impostor,4,19,4,,False,36.29855,0
714,derive,66,DB1_Lumidgm:66:1,DB1_Lumidgm/56_1_3.wsq,impostor,7,19,7,,False,37.208438,0
714,stored,66,DB1_Lumidgm:66:1,DB1_Lumidgm/56_1_3.wsq,impostor,7,19,7,,False,39.455696,0
715,stored,77,DB1_Lumidgm:77:1,DB1_Lumidgm/53_1_5.wsq,impostor,5,19,5,,False,36.123968,0
715,derive,77,DB1_Lumidgm:77:1,DB1_Lumidgm/53_1_5.wsq,impostor,5,19,5,,False,35.716631,0
716,derive,99,DB1_Lumidgm:99:6,DB1_Lumidgm/99_2_6.wsq,genuine,207,19,207,,True,39.402899,1210
716,stored,99,DB1_Lumidgm:99:6,DB1_Lumidgm/99_2_6.wsq,genuine,207,19,207,,True,38.648471,1210
717,stored,62,DB1_Lumidgm:62:1,DB1_Lumidgm/61_1_3.wsq,impostor,6,19,6,,False,38.573096,0
717,derive,62,DB1_Lumidgm:62:1,DB1_Lumidgm/61_1_3.wsq,impostor,6,19,6,,False,39.046433,0
718,derive,52,DB1_Lumidgm:52:8,DB1_Lumidgm/32_1_5.wsq,impostor,6,19,6,,False,40.546658,0
718,stored,52,DB1_Lumidgm:52:8,DB1_Lumidgm/32_1_5.wsq,impostor,6,19,6,,False,37.750756,0
719,stored,58,DB1_Lumidgm:58:9,DB1_Lumidgm/58_2_9.wsq,genuine,52,19,52,,True,45.191333,1210
719,derive,58,DB1_Lumidgm:58:9,DB1_Lumidgm/58_2_9.wsq,genuine,52,19,52,,True,45.122238,1210
720,derive,35,DB1_Lumidgm:35:9,DB1_Lumidgm/43_1_1.wsq,impostor,5,19,5,,False,37.138652,0
720,stored,35,DB1_Lumidgm:35:9,DB1_Lumidgm/43_1_1.wsq,impostor,5,19,5,,False,37.275123,0
721,stored,85,DB1_Lumidgm:85:10,DB1_Lumidgm/85_2_10.wsq,genuine,100,19,100,,True,48.712336,1211
721,derive,85,DB1_Lumidgm:85:10,DB1_Lumidgm/85_2_10.wsq,genuine,100,19,100,,True,47.033949,1211
722,derive,32,DB1_Lumidgm:32:6,DB1_Lumidgm/79_1_1.wsq,impostor,5,19,5,,False,35.715199,0
722,stored,32,DB1_Lumidgm:32:6,DB1_Lumidgm/79_1_1.wsq,impostor,5,19,5,,False,35.771316,0
723,stored,76,DB1_Lumidgm:76:3,DB1_Lumidgm/21_1_5.wsq,impostor,9,19,9,,False,39.772531,0
723,derive,76,DB1_Lumidgm:76:3,DB1_Lumidgm/21_1_5.wsq,impostor,9,19,9,,False,37.930562,0
724,derive,61,DB1_Lumidgm:61:6,DB1_Lumidgm/24_1_9.wsq,impostor,7,19,7,,False,32.806695,0
724,stored,61,DB1_Lumidgm:61:6,DB1_Lumidgm/24_1_9.wsq,impostor,7,19,7,,False,33.149681,0
725,stored,96,DB1_Lumidgm:96:4,DB1_Lumidgm/96_4_4.wsq,genuine,70,19,70,,True,40.951818,1210
725,derive,96,DB1_Lumidgm:96:4,DB1_Lumidgm/96_4_4.wsq,genuine,70,19,70,,True,39.194665,1210
726,derive,65,DB1_Lumidgm:65:7,DB1_Lumidgm/41_1_1.wsq,impostor,4,19,4,,False,39.083636,0
726,stored,65,DB1_Lumidgm:65:7,DB1_Lumidgm/41_1_1.wsq,impostor,4,19,4,,False,38.610069,0
727,stored,56,DB1_Lumidgm:56:3,DB1_Lumidgm/95_1_9.wsq,impostor,4,19,4,,False,41.389801,0
727,derive,56,DB1_Lumidgm:56:3,DB1_Lumidgm/95_1_9.wsq,impostor,4,19,4,,False,41.651462,0
728,derive,64,DB1_Lumidgm:64:2,DB1_Lumidgm/22_1_2.wsq,impostor,12,19,12,,False,35.410469,0
728,stored,64,DB1_Lumidgm:64:2,DB1_Lumidgm/22_1_2.wsq,impostor,12,19,12,,False,35.29067,0
729,stored,81,DB1_Lumidgm:81:7,DB1_Lumidgm/38_1_9.wsq,impostor,8,19,8,,False,34.972365,0
729,derive,81,DB1_Lumidgm:81:7,DB1_Lumidgm/38_1_9.wsq,impostor,8,19,8,,False,36.41113,0
730,derive,42,DB1_Lumidgm:42:4,DB1_Lumidgm/23_1_8.wsq,impostor,6,19,6,,False,35.5579,0
730,stored,42,DB1_Lumidgm:42:4,DB1_Lumidgm/23_1_8.wsq,impostor,6,19,6,,False,36.888463,0
731,stored,100,DB1_Lumidgm:100:2,DB1_Lumidgm/53_1_5.wsq,impostor,4,19,4,,False,37.338739,0
731,derive,100,DB1_Lumidgm:100:2,DB1_Lumidgm/53_1_5.wsq,impostor,4,19,4,,False,34.503186,0
732,derive,36,DB1_Lumidgm:36:1,DB1_Lumidgm/80_1_5.wsq,impostor,3,19,3,,False,32.828502,0
732,stored,36,DB1_Lumidgm:36:1,DB1_Lumidgm/80_1_5.wsq,impostor,3,19,3,,False,32.801088,0
733,stored,64,DB1_Lumidgm:64:6,DB1_Lumidgm/38_1_6.wsq,impostor,11,19,11,,False,37.257667,0
733,derive,64,DB1_Lumidgm:64:6,DB1_Lumidgm/38_1_6.wsq,impostor,11,19,11,,False,38.270462,0
734,derive,63,DB1_Lumidgm:63:7,DB1_Lumidgm/69_1_9.wsq,impostor,9,19,9,,False,36.030533,0
734,stored,63,DB1_Lumidgm:63:7,DB1_Lumidgm/69_1_9.wsq,impostor,9,19,9,,False,34.407539,0
735,stored,88,DB1_Lumidgm:88:8,DB1_Lumidgm/23_1_10.wsq,impostor,5,19,5,,False,31.224902,0
735,derive,88,DB1_Lumidgm:88:8,DB1_Lumidgm/23_1_10.wsq,impostor,5,19,5,,False,31.155725,0
736,derive,58,DB1_Lumidgm:58:4,DB1_Lumidgm/60_1_6.wsq,impostor,4,19,4,,False,38.423084,0
736,stored,58,DB1_Lumidgm:58:4,DB1_Lumidgm/60_1_6.wsq,impostor,4,19,4,,False,37.754066,0
737,stored,69,DB1_Lumidgm:69:1,DB1_Lumidgm/26_1_1.wsq,impostor,4,19,4,,False,37.076168,0
737,derive,69,DB1_Lumidgm:69:1,DB1_Lumidgm/26_1_1.wsq,impostor,4,19,4,,False,36.731814,0
738,derive,94,DB1_Lumidgm:94:9,DB1_Lumidgm/43_1_7.wsq,impostor,8,19,8,,False,36.923886,0
738,stored,94,DB1_Lumidgm:94:9,DB1_Lumidgm/43_1_7.wsq,impostor,8,19,8,,False,35.302778,0
739,stored,75,DB1_Lumidgm:75:6,DB1_Lumidgm/31_1_4.wsq,impostor,6,19,6,,False,37.739603,0
739,derive,75,DB1_Lumidgm:75:6,DB1_Lumidgm/31_1_4.wsq,impostor,6,19,6,,False,37.358055,0
740,derive,65,DB1_Lumidgm:65:3,DB1_Lumidgm/76_1_1.wsq,impostor,5,19,5,,False,37.408122,0
740,stored,65,DB1_Lumidgm:65:3,DB1_Lumidgm/76_1_1.wsq,impostor,5,19,5,,False,37.567695,0
741,stored,46,DB1_Lumidgm:46:5,DB1_Lumidgm/30_1_8.wsq,impostor,12,19,12,,False,37.575753,0
741,derive,46,DB1_Lumidgm:46:5,DB1_Lumidgm/30_1_8.wsq,impostor,12,19,12,,False,36.995838,0
742,derive,34,DB1_Lumidgm:34:4,DB1_Lumidgm/85_1_6.wsq,impostor,8,19,8,,False,38.029424,0
742,stored,34,DB1_Lumidgm:34:4,DB1_Lumidgm/85_1_6.wsq,impostor,8,19,8,,False,39.485308,0
743,stored,36,DB1_Lumidgm:36:2,DB1_Lumidgm/36_3_2.wsq,genuine,27,19,27,,True,38.179357,1210
743,derive,36,DB1_Lumidgm:36:2,DB1_Lumidgm/36_3_2.wsq,genuine,27,19,27,,True,36.622391,1210
744,derive,53,DB1_Lumidgm:53:1,DB1_Lumidgm/86_1_5.wsq,impostor,3,19,3,,False,34.425352,0
744,stored,53,DB1_Lumidgm:53:1,DB1_Lumidgm/86_1_5.wsq,impostor,3,19,3,,False,34.167721,0
745,stored,70,DB1_Lumidgm:70:4,DB1_Lumidgm/82_1_1.wsq,impostor,8,19,8,,False,38.873994,0
745,derive,70,DB1_Lumidgm:70:4,DB1_Lumidgm/82_1_1.wsq,impostor,8,19,8,,False,40.781443,0
746,derive,23,DB1_Lumidgm:23:1,DB1_Lumidgm/59_1_2.wsq,impostor,5,19,5,,False,39.768231,0
746,stored,23,DB1_Lumidgm:23:1,DB1_Lumidgm/59_1_2.wsq,impostor,5,19,5,,False,39.001523,0
747,stored,74,DB1_Lumidgm:74:10,DB1_Lumidgm/84_1_4.wsq,impostor,3,19,3,,False,35.612115,0
747,derive,74,DB1_Lumidgm:74:10,DB1_Lumidgm/84_1_4.wsq,impostor,3,19,3,,False,38.028548,0
748,derive,90,DB1_Lumidgm:90:9,DB1_Lumidgm/90_3_9.wsq,genuine,84,19,84,,True,46.683502,1210
748,stored,90,DB1_Lumidgm:90:9,DB1_Lumidgm/90_3_9.wsq,genuine,84,19,84,,True,42.710285,1210
749,stored,52,DB1_Lumidgm:52:8,DB1_Lumidgm/52_3_8.wsq,genuine,197,19,197,,True,47.524048,1210
749,derive,52,DB1_Lumidgm:52:8,DB1_Lumidgm/52_3_8.wsq,genuine,197,19,197,,True,53.184128,1210
750,derive,64,DB1_Lumidgm:64:5,DB1_Lumidgm/98_1_8.wsq,impostor,5,19,5,,False,41.222281,0
750,stored,64,DB1_Lumidgm:64:5,DB1_Lumidgm/98_1_8.wsq,impostor,5,19,5,,False,37.429994,0
751,stored,94,DB1_Lumidgm:94:2,DB1_Lumidgm/67_1_6.wsq,impostor,6,19,6,,False,37.252049,0
751,derive,94,DB1_Lumidgm:94:2,DB1_Lumidgm/67_1_6.wsq,impostor,6,19,6,,False,37.2765,0
752,derive,48,DB1_Lumidgm:48:5,DB1_Lumidgm/47_1_4.wsq,impostor,9,19,9,,False,33.707792,0
752,stored,48,DB1_Lumidgm:48:5,DB1_Lumidgm/47_1_4.wsq,impostor,9,19,9,,False,34.098937,0
753,stored,26,DB1_Lumidgm:26:5,DB1_Lumidgm/97_1_2.wsq,impostor,13,19,13,,False,36.767195,0
753,derive,26,DB1_Lumidgm:26:5,DB1_Lumidgm/97_1_2.wsq,impostor,13,19,13,,False,36.522741,0
754,derive,87,DB1_Lumidgm:87:3,DB1_Lumidgm/76_1_9.wsq,impostor,5,19,5,,False,35.138399,0
754,stored,87,DB1_Lumidgm:87:3,DB1_Lumidgm/76_1_9.wsq,impostor,5,19,5,,False,34.049327,0
755,stored,42,DB1_Lumidgm:42:5,DB1_Lumidgm/54_1_2.wsq,impostor,9,19,9,,False,36.022753,0
755,derive,42,DB1_Lumidgm:42:5,DB1_Lumidgm/54_1_2.wsq,impostor,9,19,9,,False,35.783105,0
756,derive,26,DB1_Lumidgm:26:2,DB1_Lumidgm/62_1_1.wsq,impostor,5,19,5,,False,45.424404,0
756,stored,26,DB1_Lumidgm:26:2,DB1_Lumidgm/62_1_1.wsq,impostor,5,19,5,,False,45.802778,0
757,stored,70,DB1_Lumidgm:70:6,DB1_Lumidgm/70_3_6.wsq,genuine,195,19,195,,True,43.460971,1210
757,derive,70,DB1_Lumidgm:70:6,DB1_Lumidgm/70_3_6.wsq,genuine,195,19,195,,True,43.102464,1210
758,derive,21,DB1_Lumidgm:21:5,DB1_Lumidgm/73_1_10.wsq,impostor,10,19,10,,False,35.797005,0
758,stored,21,DB1_Lumidgm:21:5,DB1_Lumidgm/73_1_10.wsq,impostor,10,19,10,,False,35.213356,0
759,stored,45,DB1_Lumidgm:45:8,DB1_Lumidgm/66_1_4.wsq,impostor,8,19,8,,False,34.286409,0
759,derive,45,DB1_Lumidgm:45:8,DB1_Lumidgm/66_1_4.wsq,impostor,8,19,8,,False,35.3309,0
760,derive,93,DB1_Lumidgm:93:2,DB1_Lumidgm/49_1_3.wsq,impostor,0,19,0,,False,34.227272,0
760,stored,93,DB1_Lumidgm:93:2,DB1_Lumidgm/49_1_3.wsq,impostor,0,19,0,,False,34.618555,0
761,stored,98,DB1_Lumidgm:98:6,DB1_Lumidgm/75_1_6.wsq,impostor,5,19,5,,False,35.357122,0
761,derive,98,DB1_Lumidgm:98:6,DB1_Lumidgm/75_1_6.wsq,impostor,5,19,5,,False,35.015518,0
762,derive,89,DB1_Lumidgm:89:2,DB1_Lumidgm/89_3_2.wsq,genuine,39,19,39,,True,39.082435,1210
762,stored,89,DB1_Lumidgm:89:2,DB1_Lumidgm/89_3_2.wsq,genuine,39,19,39,,True,36.296138,1210
763,stored,56,DB1_Lumidgm:56:2,DB1_Lumidgm/93_1_10.wsq,impostor,5,19,5,,False,36.814061,0
763,derive,56,DB1_Lumidgm:56:2,DB1_Lumidgm/93_1_10.wsq,impostor,5,19,5,,False,38.020267,0
764,derive,43,DB1_Lumidgm:43:9,DB1_Lumidgm/32_1_3.wsq,impostor,14,19,14,,False,38.601252,0
764,stored,43,DB1_Lumidgm:43:9,DB1_Lumidgm/32_1_3.wsq,impostor,14,19,14,,False,39.274358,0
765,stored,30,DB1_Lumidgm:30:5,DB1_Lumidgm/28_1_5.wsq,impostor,9,19,9,,False,37.111328,0
765,derive,30,DB1_Lumidgm:30:5,DB1_Lumidgm/28_1_5.wsq,impostor,9,19,9,,False,36.927043,0
766,derive,42,DB1_Lumidgm:42:6,DB1_Lumidgm/29_1_1.wsq,impostor,6,19,6,,False,38.192946,0
766,stored,42,DB1_Lumidgm:42:6,DB1_Lumidgm/29_1_1.wsq,impostor,6,19,6,,False,37.886817,0
767,stored,32,DB1_Lumidgm:32:2,DB1_Lumidgm/86_1_10.wsq,impostor,8,19,8,,False,36.791266,0
767,derive,32,DB1_Lumidgm:32:2,DB1_Lumidgm/86_1_10.wsq,impostor,8,19,8,,False,36.202687,0
768,derive,35,DB1_Lumidgm:35:6,DB1_Lumidgm/28_1_7.wsq,impostor,4,19,4,,False,38.433192,0
768,stored,35,DB1_Lumidgm:35:6,DB1_Lumidgm/28_1_7.wsq,impostor,4,19,4,,False,38.079222,0
769,stored,50,DB1_Lumidgm:50:4,DB1_Lumidgm/94_1_7.wsq,impostor,5,19,5,,False,39.839252,0
769,derive,50,DB1_Lumidgm:50:4,DB1_Lumidgm/94_1_7.wsq,impostor,5,19,5,,False,39.26787,0
770,derive,95,DB1_Lumidgm:95:3,DB1_Lumidgm/94_1_7.wsq,impostor,8,19,8,,False,41.783258,0
770,stored,95,DB1_Lumidgm:95:3,DB1_Lumidgm/94_1_7.wsq,impostor,8,19,8,,False,43.356388,0
771,stored,83,DB1_Lumidgm:83:2,DB1_Lumidgm/83_3_2.wsq,genuine,84,19,84,,True,56.613912,1210
771,derive,83,DB1_Lumidgm:83:2,DB1_Lumidgm/83_3_2.wsq,genuine,84,19,84,,True,56.512978,1210
772,derive,77,DB1_Lumidgm:77:6,DB1_Lumidgm/77_1_5.wsq,impostor,8,19,8,,False,35.03784,0
772,stored,77,DB1_Lumidgm:77:6,DB1_Lumidgm/77_1_5.wsq,impostor,8,19,8,,False,34.529539,0
773,stored,95,DB1_Lumidgm:95:4,DB1_Lumidgm/81_1_7.wsq,impostor,5,19,5,,False,36.949246,0
773,derive,95,DB1_Lumidgm:95:4,DB1_Lumidgm/81_1_7.wsq,impostor,5,19,5,,False,36.809684,0
774,derive,100,DB1_Lumidgm:100:10,DB1_Lumidgm/97_1_2.wsq,impostor,11,19,11,,False,35.685368,0
774,stored,100,DB1_Lumidgm:100:10,DB1_Lumidgm/97_1_2.wsq,impostor,11,19,11,,False,35.695547,0
775,stored,38,DB1_Lumidgm:38:8,DB1_Lumidgm/50_1_9.wsq,impostor,8,19,8,,False,37.722636,0
775,derive,38,DB1_Lumidgm:38:8,DB1_Lumidgm/50_1_9.wsq,impostor,8,19,8,,False,37.299626,0
776,derive,94,DB1_Lumidgm:94:5,DB1_Lumidgm/94_3_5.wsq,genuine,30,19,30,,True,33.862543,1210
776,stored,94,DB1_Lumidgm:94:5,DB1_Lumidgm/94_3_5.wsq,genuine,30,19,30,,True,33.629637,1210
777,stored,75,DB1_Lumidgm:75:3,DB1_Lumidgm/75_2_3.wsq,genuine,119,19,119,,True,37.210626,1210
777,derive,75,DB1_Lumidgm:75:3,DB1_Lumidgm/75_2_3.wsq,genuine,119,19,119,,True,34.759948,1210
778,derive,57,DB1_Lumidgm:57:5,DB1_Lumidgm/54_1_10.wsq,impostor,6,19,6,,False,34.666593,0
778,stored,57,DB1_Lumidgm:57:5,DB1_Lumidgm/54_1_10.wsq,impostor,6,19,6,,False,34.323326,0
779,stored,34,DB1_Lumidgm:34:9,DB1_Lumidgm/40_1_6.wsq,impostor,6,19,6,,False,34.974948,0
779,derive,34,DB1_Lumidgm:34:9,DB1_Lumidgm/40_1_6.wsq,impostor,6,19,6,,False,35.441222,0
780,derive,64,DB1_Lumidgm:64:10,DB1_Lumidgm/64_2_10.wsq,genuine,66,19,66,,True,38.257073,1211
780,stored,64,DB1_Lumidgm:64:10,DB1_Lumidgm/64_2_10.wsq,genuine,66,19,66,,True,36.726695,1211
781,stored,57,DB1_Lumidgm:57:6,DB1_Lumidgm/55_1_9.wsq,impostor,7,19,7,,False,36.832406,0
781,derive,57,DB1_Lumidgm:57:6,DB1_Lumidgm/55_1_9.wsq,impostor,7,19,7,,False,36.102666,0
782,derive,93,DB1_Lumidgm:93:8,DB1_Lumidgm/35_1_7.wsq,impostor,8,19,8,,False,37.029982,0
782,stored,93,DB1_Lumidgm:93:8,DB1_Lumidgm/35_1_7.wsq,impostor,8,19,8,,False,38.220231,0
783,stored,31,DB1_Lumidgm:31:10,DB1_Lumidgm/73_1_1.wsq,impostor,6,19,6,,False,36.536328,0
783,derive,31,DB1_Lumidgm:31:10,DB1_Lumidgm/73_1_1.wsq,impostor,6,19,6,,False,36.468034,0
784,derive,90,DB1_Lumidgm:90:6,DB1_Lumidgm/61_1_6.wsq,impostor,17,19,17,,False,39.393903,0
784,stored,90,DB1_Lumidgm:90:6,DB1_Lumidgm/61_1_6.wsq,impostor,17,19,17,,False,38.511504,0
785,stored,68,DB1_Lumidgm:68:8,DB1_Lumidgm/47_1_10.wsq,impostor,6,19,6,,False,33.391812,0
785,derive,68,DB1_Lumidgm:68:8,DB1_Lumidgm/47_1_10.wsq,impostor,6,19,6,,False,33.999509,0
786,derive,42,DB1_Lumidgm:42:6,DB1_Lumidgm/42_4_6.wsq,genuine,58,19,58,,True,49.573728,1210
786,stored,42,DB1_Lumidgm:42:6,DB1_Lumidgm/42_4_6.wsq,genuine,58,19,58,,True,47.506151,1210
787,stored,98,DB1_Lumidgm:98:9,DB1_Lumidgm/30_1_7.wsq,impostor,8,19,8,,False,40.55951,0
787,derive,98,DB1_Lumidgm:98:9,DB1_Lumidgm/30_1_7.wsq,impostor,8,19,8,,False,36.680762,0
788,derive,24,DB1_Lumidgm:24:6,DB1_Lumidgm/51_1_7.wsq,impostor,7,19,7,,False,36.927634,0
788,stored,24,DB1_Lumidgm:24:6,DB1_Lumidgm/51_1_7.wsq,impostor,7,19,7,,False,36.368932,0
789,stored,96,DB1_Lumidgm:96:7,DB1_Lumidgm/25_1_8.wsq,impostor,11,19,11,,False,35.802219,0
789,derive,96,DB1_Lumidgm:96:7,DB1_Lumidgm/25_1_8.wsq,impostor,11,19,11,,False,37.094588,0
790,derive,60,DB1_Lumidgm:60:9,DB1_Lumidgm/77_1_9.wsq,impostor,6,19,6,,False,39.417105,0
790,stored,60,DB1_Lumidgm:60:9,DB1_Lumidgm/77_1_9.wsq,impostor,6,19,6,,False,38.887569,0
791,stored,80,DB1_Lumidgm:80:9,DB1_Lumidgm/72_1_6.wsq,impostor,4,19,4,,False,36.983192,0
791,derive,80,DB1_Lumidgm:80:9,DB1_Lumidgm/72_1_6.wsq,impostor,4,19,4,,False,39.477694,0
792,derive,85,DB1_Lumidgm:85:6,DB1_Lumidgm/48_1_4.wsq,impostor,4,19,4,,False,36.4844,0
792,stored,85,DB1_Lumidgm:85:6,DB1_Lumidgm/48_1_4.wsq,impostor,4,19,4,,False,38.454252,0
793,stored,30,DB1_Lumidgm:30:7,DB1_Lumidgm/42_1_1.wsq,impostor,8,19,8,,False,48.901576,0
793,derive,30,DB1_Lumidgm:30:7,DB1_Lumidgm/42_1_1.wsq,impostor,8,19,8,,False,36.994814,0
794,derive,32,DB1_Lumidgm:32:6,DB1_Lumidgm/59_1_4.wsq,impostor,4,19,4,,False,36.548669,0
794,stored,32,DB1_Lumidgm:32:6,DB1_Lumidgm/59_1_4.wsq,impostor,4,19,4,,False,37.14403,0
795,stored,100,DB1_Lumidgm:100:4,DB1_Lumidgm/100_3_4.wsq,genuine,72,19,72,,True,40.223414,1211
795,derive,100,DB1_Lumidgm:100:4,DB1_Lumidgm/100_3_4.wsq,genuine,72,19,72,,True,39.665649,1211
796,derive,42,DB1_Lumidgm:42:4,DB1_Lumidgm/49_1_1.wsq,impostor,9,19,9,,False,38.059824,0
796,stored,42,DB1_Lumidgm:42:4,DB1_Lumidgm/49_1_1.wsq,impostor,9,19,9,,False,37.306896,0
797,stored,67,DB1_Lumidgm:67:8,DB1_Lumidgm/29_1_5.wsq,impostor,10,19,10,,False,34.984257,0
797,derive,67,DB1_Lumidgm:67:8,DB1_Lumidgm/29_1_5.wsq,impostor,10,19,10,,False,34.864368,0
798,derive,77,DB1_Lumidgm:77:4,DB1_Lumidgm/77_3_4.wsq,genuine,67,19,67,,True,44.831258,1210
798,stored,77,DB1_Lumidgm:77:4,DB1_Lumidgm/77_3_4.wsq,genuine,67,19,67,,True,43.837329,1210
799,stored,26,DB1_Lumidgm:26:7,DB1_Lumidgm/71_1_3.wsq,impostor,5,19,5,,False,37.883117,0
799,derive,26,DB1_Lumidgm:26:7,DB1_Lumidgm/71_1_3.wsq,impostor,5,19,5,,False,36.141643,0
800,derive,85,DB1_Lumidgm:85:6,DB1_Lumidgm/94_1_6.wsq,impostor,6,19,6,,False,38.313036,0
800,stored,85,DB1_Lumidgm:85:6,DB1_Lumidgm/94_1_6.wsq,impostor,6,19,6,,False,38.758635,0
801,stored,41,DB1_Lumidgm:41:3,DB1_Lumidgm/61_1_3.wsq,impostor,12,19,12,,False,39.743397,0
801,derive,41,DB1_Lumidgm:41:3,DB1_Lumidgm/61_1_3.wsq,impostor,12,19,12,,False,38.079709,0
802,derive,51,DB1_Lumidgm:51:1,DB1_Lumidgm/58_1_10.wsq,impostor,6,19,6,,False,41.651878,0
802,stored,51,DB1_Lumidgm:51:1,DB1_Lumidgm/58_1_10.wsq,impostor,6,19,6,,False,44.212712,0
803,stored,85,DB1_Lumidgm:85:5,DB1_Lumidgm/39_1_4.wsq,impostor,11,19,11,,False,38.459525,0
803,derive,85,DB1_Lumidgm:85:5,DB1_Lumidgm/39_1_4.wsq,impostor,11,19,11,,False,39.967722,0
804,derive,58,DB1_Lumidgm:58:8,DB1_Lumidgm/77_1_5.wsq,impostor,6,19,6,,False,37.153312,0
804,stored,58,DB1_Lumidgm:58:8,DB1_Lumidgm/77_1_5.wsq,impostor,6,19,6,,False,33.773791,0
805,stored,71,DB1_Lumidgm:71:7,DB1_Lumidgm/82_1_10.wsq,impostor,7,19,7,,False,34.173884,0
805,derive,71,DB1_Lumidgm:71:7,DB1_Lumidgm/82_1_10.wsq,impostor,7,19,7,,False,34.32767,0
806,derive,55,DB1_Lumidgm:55:8,DB1_Lumidgm/56_1_1.wsq,impostor,9,19,9,,False,39.668756,0
806,stored,55,DB1_Lumidgm:55:8,DB1_Lumidgm/56_1_1.wsq,impostor,9,19,9,,False,38.299606,0
807,stored,45,DB1_Lumidgm:45:8,DB1_Lumidgm/28_1_8.wsq,impostor,5,19,5,,False,40.112499,0
807,derive,45,DB1_Lumidgm:45:8,DB1_Lumidgm/28_1_8.wsq,impostor,5,19,5,,False,42.584707,0
808,derive,63,DB1_Lumidgm:63:5,DB1_Lumidgm/80_1_2.wsq,impostor,7,19,7,,False,36.843289,0
808,stored,63,DB1_Lumidgm:63:5,DB1_Lumidgm/80_1_2.wsq,impostor,7,19,7,,False,34.646924,0
809,stored,89,DB1_Lumidgm:89:6,DB1_Lumidgm/52_1_5.wsq,impostor,6,19,6,,False,38.542255,0
809,derive,89,DB1_Lumidgm:89:6,DB1_Lumidgm/52_1_5.wsq,impostor,6,19,6,,False,39.966519,0
810,derive,49,DB1_Lumidgm:49:6,DB1_Lumidgm/79_1_3.wsq,impostor,8,19,8,,False,38.287675,0
810,stored,49,DB1_Lumidgm:49:6,DB1_Lumidgm/79_1_3.wsq,impostor,8,19,8,,False,37.137178,0
811,stored,49,DB1_Lumidgm:49:7,DB1_Lumidgm/56_1_10.wsq,impostor,11,19,11,,False,34.349347,0
811,derive,49,DB1_Lumidgm:49:7,DB1_Lumidgm/56_1_10.wsq,impostor,11,19,11,,False,33.273151,0
812,derive,79,DB1_Lumidgm:79:8,DB1_Lumidgm/63_1_9.wsq,impostor,7,19,7,,False,35.725625,0
812,stored,79,DB1_Lumidgm:79:8,DB1_Lumidgm/63_1_9.wsq,impostor,7,19,7,,False,35.297148,0
813,stored,46,DB1_Lumidgm:46:8,DB1_Lumidgm/96_1_2.wsq,impostor,12,19,12,,False,37.911207,0
813,derive,46,DB1_Lumidgm:46:8,DB1_Lumidgm/96_1_2.wsq,impostor,12,19,12,,False,35.016319,0
814,derive,48,DB1_Lumidgm:48:7,DB1_Lumidgm/95_1_3.wsq,impostor,4,19,4,,False,42.09233,0
814,stored,48,DB1_Lumidgm:48:7,DB1_Lumidgm/95_1_3.wsq,impostor,4,19,4,,False,41.579432,0
815,stored,57,DB1_Lumidgm:57:2,DB1_Lumidgm/57_3_2.wsq,genuine,113,19,113,,True,45.080324,1210
815,derive,57,DB1_Lumidgm:57:2,DB1_Lumidgm/57_3_2.wsq,genuine,113,19,113,,True,43.383247,1210
816,derive,81,DB1_Lumidgm:81:3,DB1_Lumidgm/49_1_1.wsq,impostor,7,19,7,,False,36.6775,0
816,stored,81,DB1_Lumidgm:81:3,DB1_Lumidgm/49_1_1.wsq,impostor,7,19,7,,False,38.540498,0
817,stored,64,DB1_Lumidgm:64:5,DB1_Lumidgm/81_1_3.wsq,impostor,5,19,5,,False,40.082554,0
817,derive,64,DB1_Lumidgm:64:5,DB1_Lumidgm/81_1_3.wsq,impostor,5,19,5,,False,39.828862,0
818,derive,98,DB1_Lumidgm:98:3,DB1_Lumidgm/75_1_5.wsq,impostor,8,19,8,,False,33.373703,0
818,stored,98,DB1_Lumidgm:98:3,DB1_Lumidgm/75_1_5.wsq,impostor,8,19,8,,False,33.012066,0
819,stored,59,DB1_Lumidgm:59:6,DB1_Lumidgm/36_1_4.wsq,impostor,12,19,12,,False,36.037119,0
819,derive,59,DB1_Lumidgm:59:6,DB1_Lumidgm/36_1_4.wsq,impostor,12,19,12,,False,36.639355,0
820,derive,25,DB1_Lumidgm:25:10,DB1_Lumidgm/85_1_1.wsq,impostor,7,19,7,,False,38.093837,0
820,stored,25,DB1_Lumidgm:25:10,DB1_Lumidgm/85_1_1.wsq,impostor,7,19,7,,False,38.229398,0
821,stored,41,DB1_Lumidgm:41:5,DB1_Lumidgm/46_1_5.wsq,impostor,12,19,12,,False,38.474611,0
821,derive,41,DB1_Lumidgm:41:5,DB1_Lumidgm/46_1_5.wsq,impostor,12,19,12,,False,46.730576,0
822,derive,30,DB1_Lumidgm:30:7,DB1_Lumidgm/59_1_4.wsq,impostor,5,19,5,,False,46.001936,0
822,stored,30,DB1_Lumidgm:30:7,DB1_Lumidgm/59_1_4.wsq,impostor,5,19,5,,False,40.76893,0
823,stored,86,DB1_Lumidgm:86:10,DB1_Lumidgm/65_1_10.wsq,impostor,13,19,13,,False,43.900391,0
823,derive,86,DB1_Lumidgm:86:10,DB1_Lumidgm/65_1_10.wsq,impostor,13,19,13,,False,42.50526,0
824,derive,84,DB1_Lumidgm:84:1,DB1_Lumidgm/68_1_10.wsq,impostor,7,19,7,,False,33.533677,0
824,stored,84,DB1_Lumidgm:84:1,DB1_Lumidgm/68_1_10.wsq,impostor,7,19,7,,False,32.300129,0
825,stored,30,DB1_Lumidgm:30:9,DB1_Lumidgm/89_1_1.wsq,impostor,6,19,6,,False,44.514679,0
825,derive,30,DB1_Lumidgm:30:9,DB1_Lumidgm/89_1_1.wsq,impostor,6,19,6,,False,45.995265,0
826,derive,93,DB1_Lumidgm:93:8,DB1_Lumidgm/59_1_8.wsq,impostor,8,19,8,,False,42.192441,0
826,stored,93,DB1_Lumidgm:93:8,DB1_Lumidgm/59_1_8.wsq,impostor,8,19,8,,False,38.184826,0
827,stored,80,DB1_Lumidgm:80:8,DB1_Lumidgm/100_1_4.wsq,impostor,7,19,7,,False,35.429887,0
827,derive,80,DB1_Lumidgm:80:8,DB1_Lumidgm/100_1_4.wsq,impostor,7,19,7,,False,38.807399,0
828,derive,28,DB1_Lumidgm:28:2,DB1_Lumidgm/49_1_3.wsq,impostor,0,19,0,,False,33.642499,0
828,stored,28,DB1_Lumidgm:28:2,DB1_Lumidgm/49_1_3.wsq,impostor,0,19,0,,False,34.672146,0
829,stored,77,DB1_Lumidgm:77:4,DB1_Lumidgm/84_1_9.wsq,impostor,13,19,13,,False,39.284221,0
829,derive,77,DB1_Lumidgm:77:4,DB1_Lumidgm/84_1_9.wsq,impostor,13,19,13,,False,36.913312,0
830,derive,59,DB1_Lumidgm:59:4,DB1_Lumidgm/59_1_7.wsq,impostor,5,19,5,,False,36.984185,0
830,stored,59,DB1_Lumidgm:59:4,DB1_Lumidgm/59_1_7.wsq,impostor,5,19,5,,False,36.383187,0
831,stored,78,DB1_Lumidgm:78:6,DB1_Lumidgm/54_1_4.wsq,impostor,6,19,6,,False,37.151242,0
831,derive,78,DB1_Lumidgm:78:6,DB1_Lumidgm/54_1_4.wsq,impostor,6,19,6,,False,38.018839,0
832,derive,59,DB1_Lumidgm:59:9,DB1_Lumidgm/61_1_7.wsq,impostor,5,19,5,,False,36.693364,0
832,stored,59,DB1_Lumidgm:59:9,DB1_Lumidgm/61_1_7.wsq,impostor,5,19,5,,False,40.787491,0
833,stored,63,DB1_Lumidgm:63:10,DB1_Lumidgm/41_1_5.wsq,impostor,7,19,7,,False,36.771237,0
833,derive,63,DB1_Lumidgm:63:10,DB1_Lumidgm/41_1_5.wsq,impostor,7,19,7,,False,37.407835,0
834,derive,30,DB1_Lumidgm:30:7,DB1_Lumidgm/65_1_9.wsq,impostor,9,19,9,,False,43.094605,0
834,stored,30,DB1_Lumidgm:30:7,DB1_Lumidgm/65_1_9.wsq,impostor,9,19,9,,False,42.002788,0
835,stored,72,DB1_Lumidgm:72:3,DB1_Lumidgm/83_1_2.wsq,impostor,8,19,8,,False,35.511671,0
835,derive,72,DB1_Lumidgm:72:3,DB1_Lumidgm/83_1_2.wsq,impostor,8,19,8,,False,38.456676,0
836,derive,89,DB1_Lumidgm:89:2,DB1_Lumidgm/24_1_8.wsq,impostor,8,19,8,,False,38.610626,0
836,stored,89,DB1_Lumidgm:89:2,DB1_Lumidgm/24_1_8.wsq,impostor,8,19,8,,False,35.456904,0
837,stored,95,DB1_Lumidgm:95:5,DB1_Lumidgm/52_1_3.wsq,impostor,7,19,7,,False,35.527469,0
837,derive,95,DB1_Lumidgm:95:5,DB1_Lumidgm/52_1_3.wsq,impostor,7,19,7,,False,36.436458,0
838,derive,96,DB1_Lumidgm:96:5,DB1_Lumidgm/67_1_5.wsq,impostor,4,19,4,,False,39.950017,0
838,stored,96,DB1_Lumidgm:96:5,DB1_Lumidgm/67_1_5.wsq,impostor,4,19,4,,False,36.472053,0
839,stored,63,DB1_Lumidgm:63:7,DB1_Lumidgm/85_1_4.wsq,impostor,4,19,4,,False,36.152614,0
839,derive,63,DB1_Lumidgm:63:7,DB1_Lumidgm/85_1_4.wsq,impostor,4,19,4,,False,35.782706,0
840,derive,40,DB1_Lumidgm:40:10,DB1_Lumidgm/40_3_10.wsq,genuine,7,19,7,,False,33.580759,0
840,stored,40,DB1_Lumidgm:40:10,DB1_Lumidgm/40_3_10.wsq,genuine,7,19,7,,False,34.789443,0
841,stored,62,DB1_Lumidgm:62:2,DB1_Lumidgm/70_1_4.wsq,impostor,9,19,9,,False,41.761828,0
841,derive,62,DB1_Lumidgm:62:2,DB1_Lumidgm/70_1_4.wsq,impostor,9,19,9,,False,41.204782,0
842,derive,67,DB1_Lumidgm:67:1,DB1_Lumidgm/96_1_3.wsq,impostor,9,19,9,,False,35.356998,0
842,stored,67,DB1_Lumidgm:67:1,DB1_Lumidgm/96_1_3.wsq,impostor,9,19,9,,False,38.234157,0
843,stored,90,DB1_Lumidgm:90:1,DB1_Lumidgm/63_1_5.wsq,impostor,4,19,4,,False,37.936127,0
843,derive,90,DB1_Lumidgm:90:1,DB1_Lumidgm/63_1_5.wsq,impostor,4,19,4,,False,34.108212,0
844,derive,81,DB1_Lumidgm:81:6,DB1_Lumidgm/83_1_10.wsq,impostor,6,19,6,,False,35.320555,0
844,stored,81,DB1_Lumidgm:81:6,DB1_Lumidgm/83_1_10.wsq,impostor,6,19,6,,False,34.845984,0
845,stored,35,DB1_Lumidgm:35:7,DB1_Lumidgm/72_1_1.wsq,impostor,4,19,4,,False,38.753383,0
845,derive,35,DB1_Lumidgm:35:7,DB1_Lumidgm/72_1_1.wsq,impostor,4,19,4,,False,37.257026,0
846,derive,68,DB1_Lumidgm:68:2,DB1_Lumidgm/89_1_1.wsq,impostor,5,19,5,,False,48.349315,0
846,stored,68,DB1_Lumidgm:68:2,DB1_Lumidgm/89_1_1.wsq,impostor,5,19,5,,False,44.765114,0
847,stored,61,DB1_Lumidgm:61:7,DB1_Lumidgm/71_1_6.wsq,impostor,5,19,5,,False,34.785262,0
847,derive,61,DB1_Lumidgm:61:7,DB1_Lumidgm/71_1_6.wsq,impostor,5,19,5,,False,34.719982,0
848,derive,58,DB1_Lumidgm:58:7,DB1_Lumidgm/51_1_5.wsq,impostor,13,19,13,,False,36.881076,0
848,stored,58,DB1_Lumidgm:58:7,DB1_Lumidgm/51_1_5.wsq,impostor,13,19,13,,False,36.839758,0
849,stored,95,DB1_Lumidgm:95:8,DB1_Lumidgm/97_1_10.wsq,impostor,6,19,6,,False,38.957466,0
849,derive,95,DB1_Lumidgm:95:8,DB1_Lumidgm/97_1_10.wsq,impostor,6,19,6,,False,39.243298,0
850,derive,50,DB1_Lumidgm:50:2,DB1_Lumidgm/55_1_7.wsq,impostor,11,19,11,,False,38.277796,0
850,stored,50,DB1_Lumidgm:50:2,DB1_Lumidgm/55_1_7.wsq,impostor,11,19,11,,False,36.678184,0
851,stored,42,DB1_Lumidgm:42:1,DB1_Lumidgm/84_1_10.wsq,impostor,5,19,5,,False,37.090564,0
851,derive,42,DB1_Lumidgm:42:1,DB1_Lumidgm/84_1_10.wsq,impostor,5,19,5,,False,37.535686,0
852,derive,69,DB1_Lumidgm:69:10,DB1_Lumidgm/31_1_9.wsq,impostor,9,19,9,,False,39.256885,0
852,stored,69,DB1_Lumidgm:69:10,DB1_Lumidgm/31_1_9.wsq,impostor,9,19,9,,False,38.189834,0
853,stored,32,DB1_Lumidgm:32:3,DB1_Lumidgm/53_1_4.wsq,impostor,8,19,8,,False,38.155735,0
853,derive,32,DB1_Lumidgm:32:3,DB1_Lumidgm/53_1_4.wsq,impostor,8,19,8,,False,38.064289,0
854,derive,52,DB1_Lumidgm:52:3,DB1_Lumidgm/52_4_3.wsq,genuine,268,19,268,,True,52.810223,1210
854,stored,52,DB1_Lumidgm:52:3,DB1_Lumidgm/52_4_3.wsq,genuine,268,19,268,,True,51.253414,1210
855,stored,29,DB1_Lumidgm:29:4,DB1_Lumidgm/88_1_6.wsq,impostor,6,19,6,,False,45.368117,0
855,derive,29,DB1_Lumidgm:29:4,DB1_Lumidgm/88_1_6.wsq,impostor,6,19,6,,False,44.217863,0
856,derive,26,DB1_Lumidgm:26:10,DB1_Lumidgm/76_1_8.wsq,impostor,11,19,11,,False,36.627695,0
856,stored,26,DB1_Lumidgm:26:10,DB1_Lumidgm/76_1_8.wsq,impostor,11,19,11,,False,37.322056,0
857,stored,27,DB1_Lumidgm:27:1,DB1_Lumidgm/53_1_4.wsq,impostor,11,19,11,,False,38.805215,0
857,derive,27,DB1_Lumidgm:27:1,DB1_Lumidgm/53_1_4.wsq,impostor,11,19,11,,False,37.081227,0
858,derive,33,DB1_Lumidgm:33:5,DB1_Lumidgm/32_1_6.wsq,impostor,3,19,3,,False,38.700626,0
858,stored,33,DB1_Lumidgm:33:5,DB1_Lumidgm/32_1_6.wsq,impostor,3,19,3,,False,37.639967,0
859,stored,30,DB1_Lumidgm:30:10,DB1_Lumidgm/23_1_1.wsq,impostor,5,19,5,,False,38.276249,0
859,derive,30,DB1_Lumidgm:30:10,DB1_Lumidgm/23_1_1.wsq,impostor,5,19,5,,False,41.146022,0
860,derive,41,DB1_Lumidgm:41:9,DB1_Lumidgm/41_4_9.wsq,genuine,42,19,42,,True,39.382966,1210
860,stored,41,DB1_Lumidgm:41:9,DB1_Lumidgm/41_4_9.wsq,genuine,42,19,42,,True,38.658187,1210
861,stored,87,DB1_Lumidgm:87:10,DB1_Lumidgm/32_1_1.wsq,impostor,7,19,7,,False,36.68061,0
861,derive,87,DB1_Lumidgm:87:10,DB1_Lumidgm/32_1_1.wsq,impostor,7,19,7,,False,36.496364,0
862,derive,62,DB1_Lumidgm:62:9,DB1_Lumidgm/62_2_9.wsq,genuine,42,19,42,,True,66.10264,1210
862,stored,62,DB1_Lumidgm:62:9,DB1_Lumidgm/62_2_9.wsq,genuine,42,19,42,,True,65.769544,1210
863,stored,98,DB1_Lumidgm:98:4,DB1_Lumidgm/95_1_9.wsq,impostor,7,19,7,,False,45.259936,0
863,derive,98,DB1_Lumidgm:98:4,DB1_Lumidgm/95_1_9.wsq,impostor,7,19,7,,False,43.841685,0
864,derive,53,DB1_Lumidgm:53:9,DB1_Lumidgm/53_4_9.wsq,genuine,88,19,88,,True,43.846664,1210
864,stored,53,DB1_Lumidgm:53:9,DB1_Lumidgm/53_4_9.wsq,genuine,88,19,88,,True,42.506265,1210
865,stored,96,DB1_Lumidgm:96:4,DB1_Lumidgm/75_1_2.wsq,impostor,10,19,10,,False,36.231868,0
865,derive,96,DB1_Lumidgm:96:4,DB1_Lumidgm/75_1_2.wsq,impostor,10,19,10,,False,35.431278,0
866,derive,21,DB1_Lumidgm:21:4,DB1_Lumidgm/50_1_4.wsq,impostor,6,19,6,,False,37.741205,0
866,stored,21,DB1_Lumidgm:21:4,DB1_Lumidgm/50_1_4.wsq,impostor,6,19,6,,False,37.782779,0
867,stored,63,DB1_Lumidgm:63:4,DB1_Lumidgm/80_1_5.wsq,impostor,6,19,6,,False,34.32487,0
867,derive,63,DB1_Lumidgm:63:4,DB1_Lumidgm/80_1_5.wsq,impostor,6,19,6,,False,34.443748,0
868,derive,62,DB1_Lumidgm:62:9,DB1_Lumidgm/40_1_9.wsq,impostor,7,19,7,,False,36.901599,0
868,stored,62,DB1_Lumidgm:62:9,DB1_Lumidgm/40_1_9.wsq,impostor,7,19,7,,False,37.76751,0
869,stored,58,DB1_Lumidgm:58:3,DB1_Lumidgm/82_1_2.wsq,impostor,3,19,3,,False,39.415146,0
869,derive,58,DB1_Lumidgm:58:3,DB1_Lumidgm/82_1_2.wsq,impostor,3,19,3,,False,39.586369,0
870,derive,38,DB1_Lumidgm:38:1,DB1_Lumidgm/24_1_9.wsq,impostor,7,19,7,,False,34.125953,0
870,stored,38,DB1_Lumidgm:38:1,DB1_Lumidgm/24_1_9.wsq,impostor,7,19,7,,False,35.763902,0
871,stored,49,DB1_Lumidgm:49:9,DB1_Lumidgm/33_1_7.wsq,impostor,3,19,3,,False,38.040354,0
871,derive,49,DB1_Lumidgm:49:9,DB1_Lumidgm/33_1_7.wsq,impostor,3,19,3,,False,35.504258,0
872,derive,81,DB1_Lumidgm:81:3,DB1_Lumidgm/82_1_5.wsq,impostor,9,19,9,,False,35.320216,0
872,stored,81,DB1_Lumidgm:81:3,DB1_Lumidgm/82_1_5.wsq,impostor,9,19,9,,False,34.954645,0
873,stored,89,DB1_Lumidgm:89:3,DB1_Lumidgm/89_4_3.wsq,genuine,65,19,65,,True,40.682824,1210
873,derive,89,DB1_Lumidgm:89:3,DB1_Lumidgm/89_4_3.wsq,genuine,65,19,65,,True,38.56091,1210
874,derive,47,DB1_Lumidgm:47:7,DB1_Lumidgm/44_1_7.wsq,impostor,8,19,8,,False,38.242226,0
874,stored,47,DB1_Lumidgm:47:7,DB1_Lumidgm/44_1_7.wsq,impostor,8,19,8,,False,38.501302,0
875,stored,59,DB1_Lumidgm:59:6,DB1_Lumidgm/60_1_4.wsq,impostor,5,19,5,,False,39.066073,0
875,derive,59,DB1_Lumidgm:59:6,DB1_Lumidgm/60_1_4.wsq,impostor,5,19,5,,False,37.791869,0
876,derive,28,DB1_Lumidgm:28:4,DB1_Lumidgm/28_1_6.wsq,impostor,9,19,9,,False,40.644862,0
876,stored,28,DB1_Lumidgm:28:4,DB1_Lumidgm/28_1_6.wsq,impostor,9,19,9,,False,41.637641,0
877,stored,71,DB1_Lumidgm:71:8,DB1_Lumidgm/83_1_3.wsq,impostor,8,19,8,,False,38.508074,0
877,derive,71,DB1_Lumidgm:71:8,DB1_Lumidgm/83_1_3.wsq,impostor,8,19,8,,False,37.665542,0
878,derive,72,DB1_Lumidgm:72:3,DB1_Lumidgm/72_4_3.wsq,genuine,97,19,97,,True,45.600712,1210
878,stored,72,DB1_Lumidgm:72:3,DB1_Lumidgm/72_4_3.wsq,genuine,97,19,97,,True,44.393748,1210
879,stored,98,DB1_Lumidgm:98:4,DB1_Lumidgm/69_1_1.wsq,impostor,5,19,5,,False,40.626674,0
879,derive,98,DB1_Lumidgm:98:4,DB1_Lumidgm/69_1_1.wsq,impostor,5,19,5,,False,41.494274,0
880,derive,82,DB1_Lumidgm:82:10,DB1_Lumidgm/52_1_4.wsq,impostor,10,19,10,,False,36.88614,0
880,stored,82,DB1_Lumidgm:82:10,DB1_Lumidgm/52_1_4.wsq,impostor,10,19,10,,False,36.9878,0
881,stored,74,DB1_Lumidgm:74:9,DB1_Lumidgm/70_1_10.wsq,impostor,8,19,8,,False,35.009919,0
881,derive,74,DB1_Lumidgm:74:9,DB1_Lumidgm/70_1_10.wsq,impostor,8,19,8,,False,35.051582,0
882,derive,98,DB1_Lumidgm:98:8,DB1_Lumidgm/80_1_2.wsq,impostor,4,19,4,,False,34.151572,0
882,stored,98,DB1_Lumidgm:98:8,DB1_Lumidgm/80_1_2.wsq,impostor,4,19,4,,False,34.470165,0
883,stored,56,DB1_Lumidgm:56:8,DB1_Lumidgm/72_1_4.wsq,impostor,10,19,10,,False,35.894786,0
883,derive,56,DB1_Lumidgm:56:8,DB1_Lumidgm/72_1_4.wsq,impostor,10,19,10,,False,35.708921,0
884,derive,78,DB1_Lumidgm:78:5,DB1_Lumidgm/31_1_6.wsq,impostor,7,19,7,,False,39.411482,0
884,stored,78,DB1_Lumidgm:78:5,DB1_Lumidgm/31_1_6.wsq,impostor,7,19,7,,False,42.637798,0
885,stored,94,DB1_Lumidgm:94:3,DB1_Lumidgm/39_1_6.wsq,impostor,5,19,5,,False,37.583137,0
885,derive,94,DB1_Lumidgm:94:3,DB1_Lumidgm/39_1_6.wsq,impostor,5,19,5,,False,38.890804,0
886,derive,88,DB1_Lumidgm:88:1,DB1_Lumidgm/47_1_9.wsq,impostor,5,19,5,,False,34.24475,0
886,stored,88,DB1_Lumidgm:88:1,DB1_Lumidgm/47_1_9.wsq,impostor,5,19,5,,False,34.326212,0
887,stored,34,DB1_Lumidgm:34:7,DB1_Lumidgm/34_4_7.wsq,genuine,138,19,138,,True,49.31229,1210
887,derive,34,DB1_Lumidgm:34:7,DB1_Lumidgm/34_4_7.wsq,genuine,138,19,138,,True,48.96461,1210
888,derive,61,DB1_Lumidgm:61:9,DB1_Lumidgm/42_1_6.wsq,impostor,9,19,9,,False,38.872656,0
888,stored,61,DB1_Lumidgm:61:9,DB1_Lumidgm/42_1_6.wsq,impostor,9,19,9,,False,38.106443,0
889,stored,32,DB1_Lumidgm:32:6,DB1_Lumidgm/87_1_3.wsq,impostor,7,19,7,,False,37.511308,0
889,derive,32,DB1_Lumidgm:32:6,DB1_Lumidgm/87_1_3.wsq,impostor,7,19,7,,False,39.395075,0
890,derive,39,DB1_Lumidgm:39:9,DB1_Lumidgm/62_1_9.wsq,impostor,6,19,6,,False,47.465863,0
890,stored,39,DB1_Lumidgm:39:9,DB1_Lumidgm/62_1_9.wsq,impostor,6,19,6,,False,46.002954,0
891,stored,68,DB1_Lumidgm:68:1,DB1_Lumidgm/52_1_10.wsq,impostor,5,19,5,,False,35.315141,0
891,derive,68,DB1_Lumidgm:68:1,DB1_Lumidgm/52_1_10.wsq,impostor,5,19,5,,False,35.663391,0
892,derive,74,DB1_Lumidgm:74:2,DB1_Lumidgm/65_1_2.wsq,impostor,5,19,5,,False,42.934336,0
892,stored,74,DB1_Lumidgm:74:2,DB1_Lumidgm/65_1_2.wsq,impostor,5,19,5,,False,43.109992,0
893,stored,25,DB1_Lumidgm:25:7,DB1_Lumidgm/53_1_6.wsq,impostor,8,19,8,,False,37.860141,0
893,derive,25,DB1_Lumidgm:25:7,DB1_Lumidgm/53_1_6.wsq,impostor,8,19,8,,False,37.536846,0
894,derive,85,DB1_Lumidgm:85:10,DB1_Lumidgm/22_1_4.wsq,impostor,6,19,6,,False,38.223834,0
894,stored,85,DB1_Lumidgm:85:10,DB1_Lumidgm/22_1_4.wsq,impostor,6,19,6,,False,37.306329,0
895,stored,39,DB1_Lumidgm:39:2,DB1_Lumidgm/33_1_8.wsq,impostor,4,19,4,,False,38.216731,0
895,derive,39,DB1_Lumidgm:39:2,DB1_Lumidgm/33_1_8.wsq,impostor,4,19,4,,False,38.141998,0
896,derive,94,DB1_Lumidgm:94:4,DB1_Lumidgm/21_1_1.wsq,impostor,10,19,10,,False,38.127011,0
896,stored,94,DB1_Lumidgm:94:4,DB1_Lumidgm/21_1_1.wsq,impostor,10,19,10,,False,39.154026,0
897,stored,45,DB1_Lumidgm:45:5,DB1_Lumidgm/99_1_2.wsq,impostor,5,19,5,,False,38.75772,0
897,derive,45,DB1_Lumidgm:45:5,DB1_Lumidgm/99_1_2.wsq,impostor,5,19,5,,False,36.205698,0
898,derive,44,DB1_Lumidgm:44:8,DB1_Lumidgm/44_3_8.wsq,genuine,55,19,55,,True,49.687298,1210
898,stored,44,DB1_Lumidgm:44:8,DB1_Lumidgm/44_3_8.wsq,genuine,55,19,55,,True,47.919065,1210
899,stored,52,DB1_Lumidgm:52:5,DB1_Lumidgm/52_3_5.wsq,genuine,80,19,80,,True,44.295781,1210
899,derive,52,DB1_Lumidgm:52:5,DB1_Lumidgm/52_3_5.wsq,genuine,80,19,80,,True,44.683435,1210
900,derive,75,DB1_Lumidgm:75:7,DB1_Lumidgm/61_1_10.wsq,impostor,5,19,5,,False,38.887314,0
900,stored,75,DB1_Lumidgm:75:7,DB1_Lumidgm/61_1_10.wsq,impostor,5,19,5,,False,39.197002,0
901,stored,70,DB1_Lumidgm:70:6,DB1_Lumidgm/29_1_1.wsq,impostor,13,19,13,,False,39.346796,0
901,derive,70,DB1_Lumidgm:70:6,DB1_Lumidgm/29_1_1.wsq,impostor,13,19,13,,False,39.854463,0
902,derive,25,DB1_Lumidgm:25:4,DB1_Lumidgm/93_1_8.wsq,impostor,5,19,5,,False,41.387087,0
902,stored,25,DB1_Lumidgm:25:4,DB1_Lumidgm/93_1_8.wsq,impostor,5,19,5,,False,44.739869,0
903,stored,34,DB1_Lumidgm:34:6,DB1_Lumidgm/83_1_5.wsq,impostor,5,19,5,,False,33.186579,0
903,derive,34,DB1_Lumidgm:34:6,DB1_Lumidgm/83_1_5.wsq,impostor,5,19,5,,False,32.936371,0
904,derive,91,DB1_Lumidgm:91:9,DB1_Lumidgm/25_1_8.wsq,impostor,5,19,5,,False,36.405055,0
904,stored,91,DB1_Lumidgm:91:9,DB1_Lumidgm/25_1_8.wsq,impostor,5,19,5,,False,35.745983,0
905,stored,57,DB1_Lumidgm:57:6,DB1_Lumidgm/46_1_3.wsq,impostor,10,19,10,,False,49.856125,0
905,derive,57,DB1_Lumidgm:57:6,DB1_Lumidgm/46_1_3.wsq,impostor,10,19,10,,False,38.47266,0
906,derive,39,DB1_Lumidgm:39:7,DB1_Lumidgm/56_1_1.wsq,impostor,8,19,8,,False,38.465462,0
906,stored,39,DB1_Lumidgm:39:7,DB1_Lumidgm/56_1_1.wsq,impostor,8,19,8,,False,37.76303,0
907,stored,76,DB1_Lumidgm:76:7,DB1_Lumidgm/95_1_6.wsq,impostor,3,19,3,,False,43.567747,0
907,derive,76,DB1_Lumidgm:76:7,DB1_Lumidgm/95_1_6.wsq,impostor,3,19,3,,False,44.164881,0
908,derive,48,DB1_Lumidgm:48:2,DB1_Lumidgm/75_1_5.wsq,impostor,6,19,6,,False,36.095759,0
908,stored,48,DB1_Lumidgm:48:2,DB1_Lumidgm/75_1_5.wsq,impostor,6,19,6,,False,36.183844,0
909,stored,23,DB1_Lumidgm:23:3,DB1_Lumidgm/50_1_7.wsq,impostor,6,19,6,,False,39.928973,0
909,derive,23,DB1_Lumidgm:23:3,DB1_Lumidgm/50_1_7.wsq,impostor,6,19,6,,False,41.632142,0
910,derive,39,DB1_Lumidgm:39:3,DB1_Lumidgm/54_1_4.wsq,impostor,3,19,3,,False,38.629329,0
910,stored,39,DB1_Lumidgm:39:3,DB1_Lumidgm/54_1_4.wsq,impostor,3,19,3,,False,40.629988,0
911,stored,74,DB1_Lumidgm:74:10,DB1_Lumidgm/21_1_9.wsq,impostor,8,19,8,,False,38.521248,0
911,derive,74,DB1_Lumidgm:74:10,DB1_Lumidgm/21_1_9.wsq,impostor,8,19,8,,False,38.539187,0
912,derive,98,DB1_Lumidgm:98:6,DB1_Lumidgm/38_1_7.wsq,impostor,5,19,5,,False,36.297196,0
912,stored,98,DB1_Lumidgm:98:6,DB1_Lumidgm/38_1_7.wsq,impostor,5,19,5,,False,36.497066,0
913,stored,81,DB1_Lumidgm:81:4,DB1_Lumidgm/81_3_4.wsq,genuine,51,19,51,,True,43.848424,1210
913,derive,81,DB1_Lumidgm:81:4,DB1_Lumidgm/81_3_4.wsq,genuine,51,19,51,,True,41.438017,1210
914,derive,59,DB1_Lumidgm:59:8,DB1_Lumidgm/46_1_7.wsq,impostor,5,19,5,,False,44.220849,0
914,stored,59,DB1_Lumidgm:59:8,DB1_Lumidgm/46_1_7.wsq,impostor,5,19,5,,False,52.831501,0
915,stored,23,DB1_Lumidgm:23:8,DB1_Lumidgm/40_1_4.wsq,impostor,8,19,8,,False,38.125061,0
915,derive,23,DB1_Lumidgm:23:8,DB1_Lumidgm/40_1_4.wsq,impostor,8,19,8,,False,37.842886,0
916,derive,37,DB1_Lumidgm:37:7,DB1_Lumidgm/37_2_7.wsq,genuine,268,19,268,,True,44.71306,1210
916,stored,37,DB1_Lumidgm:37:7,DB1_Lumidgm/37_2_7.wsq,genuine,268,19,268,,True,43.507898,1210
917,stored,58,DB1_Lumidgm:58:5,DB1_Lumidgm/60_1_10.wsq,impostor,5,19,5,,False,36.500443,0
917,derive,58,DB1_Lumidgm:58:5,DB1_Lumidgm/60_1_10.wsq,impostor,5,19,5,,False,39.749377,0
918,derive,85,DB1_Lumidgm:85:7,DB1_Lumidgm/96_1_10.wsq,impostor,5,19,5,,False,33.493443,0
918,stored,85,DB1_Lumidgm:85:7,DB1_Lumidgm/96_1_10.wsq,impostor,5,19,5,,False,32.923666,0
919,stored,82,DB1_Lumidgm:82:10,DB1_Lumidgm/54_1_7.wsq,impostor,21,19,21,,True,40.997696,1211
919,derive,82,DB1_Lumidgm:82:10,DB1_Lumidgm/54_1_7.wsq,impostor,21,19,21,,True,39.359821,1211
920,derive,76,DB1_Lumidgm:76:5,DB1_Lumidgm/32_1_7.wsq,impostor,8,19,8,,False,37.143808,0
920,stored,76,DB1_Lumidgm:76:5,DB1_Lumidgm/32_1_7.wsq,impostor,8,19,8,,False,39.162348,0
921,stored,68,DB1_Lumidgm:68:6,DB1_Lumidgm/46_1_7.wsq,impostor,5,19,5,,False,38.065513,0
921,derive,68,DB1_Lumidgm:68:6,DB1_Lumidgm/46_1_7.wsq,impostor,5,19,5,,False,38.081003,0
922,derive,50,DB1_Lumidgm:50:9,DB1_Lumidgm/91_1_2.wsq,impostor,7,19,7,,False,40.757279,0
922,stored,50,DB1_Lumidgm:50:9,DB1_Lumidgm/91_1_2.wsq,impostor,7,19,7,,False,40.393807,0
923,stored,87,DB1_Lumidgm:87:5,DB1_Lumidgm/35_1_5.wsq,impostor,8,19,8,,False,36.940982,0
923,derive,87,DB1_Lumidgm:87:5,DB1_Lumidgm/35_1_5.wsq,impostor,8,19,8,,False,36.215956,0
924,derive,70,DB1_Lumidgm:70:3,DB1_Lumidgm/84_1_5.wsq,impostor,9,19,9,,False,35.077379,0
924,stored,70,DB1_Lumidgm:70:3,DB1_Lumidgm/84_1_5.wsq,impostor,9,19,9,,False,36.163959,0
925,stored,51,DB1_Lumidgm:51:7,DB1_Lumidgm/52_1_5.wsq,impostor,9,19,9,,False,36.731749,0
925,derive,51,DB1_Lumidgm:51:7,DB1_Lumidgm/52_1_5.wsq,impostor,9,19,9,,False,36.812825,0
926,derive,24,DB1_Lumidgm:24:10,DB1_Lumidgm/24_2_10.wsq,genuine,63,19,63,,True,43.0703,1211
926,stored,24,DB1_Lumidgm:24:10,DB1_Lumidgm/24_2_10.wsq,genuine,63,19,63,,True,42.000424,1211
927,stored,69,DB1_Lumidgm:69:3,DB1_Lumidgm/86_1_4.wsq,impostor,6,19,6,,False,35.009388,0
927,derive,69,DB1_Lumidgm:69:3,DB1_Lumidgm/86_1_4.wsq,impostor,6,19,6,,False,34.345289,0
928,derive,32,DB1_Lumidgm:32:7,DB1_Lumidgm/72_1_5.wsq,impostor,9,19,9,,False,36.450848,0
928,stored,32,DB1_Lumidgm:32:7,DB1_Lumidgm/72_1_5.wsq,impostor,9,19,9,,False,37.39828,0
929,stored,89,DB1_Lumidgm:89:6,DB1_Lumidgm/96_1_7.wsq,impostor,3,19,3,,False,36.151168,0
929,derive,89,DB1_Lumidgm:89:6,DB1_Lumidgm/96_1_7.wsq,impostor,3,19,3,,False,34.85626,0
930,derive,89,DB1_Lumidgm:89:4,DB1_Lumidgm/92_1_2.wsq,impostor,6,19,6,,False,41.721745,0
930,stored,89,DB1_Lumidgm:89:4,DB1_Lumidgm/92_1_2.wsq,impostor,6,19,6,,False,40.960082,0
931,stored,86,DB1_Lumidgm:86:3,DB1_Lumidgm/74_1_7.wsq,impostor,5,19,5,,False,37.652806,0
931,derive,86,DB1_Lumidgm:86:3,DB1_Lumidgm/74_1_7.wsq,impostor,5,19,5,,False,36.662662,0
932,derive,23,DB1_Lumidgm:23:7,DB1_Lumidgm/69_1_4.wsq,impostor,11,19,11,,False,34.525602,0
932,stored,23,DB1_Lumidgm:23:7,DB1_Lumidgm/69_1_4.wsq,impostor,11,19,11,,False,35.129204,0
933,stored,70,DB1_Lumidgm:70:7,DB1_Lumidgm/81_1_7.wsq,impostor,16,19,16,,False,38.000851,0
933,derive,70,DB1_Lumidgm:70:7,DB1_Lumidgm/81_1_7.wsq,impostor,16,19,16,,False,38.440313,0
934,derive,55,DB1_Lumidgm:55:6,DB1_Lumidgm/60_1_4.wsq,impostor,4,19,4,,False,37.22767,0
934,stored,55,DB1_Lumidgm:55:6,DB1_Lumidgm/60_1_4.wsq,impostor,4,19,4,,False,39.132703,0
935,stored,80,DB1_Lumidgm:80:7,DB1_Lumidgm/75_1_9.wsq,impostor,4,19,4,,False,33.36227,0
935,derive,80,DB1_Lumidgm:80:7,DB1_Lumidgm/75_1_9.wsq,impostor,4,19,4,,False,33.278052,0
936,derive,58,DB1_Lumidgm:58:6,DB1_Lumidgm/58_2_6.wsq,genuine,103,19,103,,True,46.375308,1210
936,stored,58,DB1_Lumidgm:58:6,DB1_Lumidgm/58_2_6.wsq,genuine,103,19,103,,True,44.698253,1210
937,stored,52,DB1_Lumidgm:52:8,DB1_Lumidgm/52_2_8.wsq,genuine,185,19,185,,True,51.273456,1210
937,derive,52,DB1_Lumidgm:52:8,DB1_Lumidgm/52_2_8.wsq,genuine,185,19,185,,True,48.883397,1210
938,derive,71,DB1_Lumidgm:71:4,DB1_Lumidgm/25_1_3.wsq,impostor,19,19,19,,True,36.87228,1210
938,stored,71,DB1_Lumidgm:71:4,DB1_Lumidgm/25_1_3.wsq,impostor,19,19,19,,True,38.291303,1210
939,stored,22,DB1_Lumidgm:22:6,DB1_Lumidgm/95_1_7.wsq,impostor,5,19,5,,False,45.209917,0
939,derive,22,DB1_Lumidgm:22:6,DB1_Lumidgm/95_1_7.wsq,impostor,5,19,5,,False,43.071509,0
940,derive,53,DB1_Lumidgm:53:10,DB1_Lumidgm/30_1_8.wsq,impostor,5,19,5,,False,37.349365,0
940,stored,53,DB1_Lumidgm:53:10,DB1_Lumidgm/30_1_8.wsq,impostor,5,19,5,,False,40.484446,0
941,stored,61,DB1_Lumidgm:61:2,DB1_Lumidgm/100_1_9.wsq,impostor,6,19,6,,False,39.465145,0
941,derive,61,DB1_Lumidgm:61:2,DB1_Lumidgm/100_1_9.wsq,impostor,6,19,6,,False,36.278281,0
942,derive,32,DB1_Lumidgm:32:3,DB1_Lumidgm/84_1_1.wsq,impostor,5,19,5,,False,35.559288,0
942,stored,32,DB1_Lumidgm:32:3,DB1_Lumidgm/84_1_1.wsq,impostor,5,19,5,,False,39.966242,0
943,stored,76,DB1_Lumidgm:76:1,DB1_Lumidgm/37_1_3.wsq,impostor,6,19,6,,False,38.113268,0
943,derive,76,DB1_Lumidgm:76:1,DB1_Lumidgm/37_1_3.wsq,impostor,6,19,6,,False,37.688112,0
944,derive,27,DB1_Lumidgm:27:10,DB1_Lumidgm/94_1_1.wsq,impostor,6,19,6,,False,41.727265,0
944,stored,27,DB1_Lumidgm:27:10,DB1_Lumidgm/94_1_1.wsq,impostor,6,19,6,,False,42.326204,0
945,stored,33,DB1_Lumidgm:33:9,DB1_Lumidgm/56_1_8.wsq,impostor,4,19,4,,False,37.905952,0
945,derive,33,DB1_Lumidgm:33:9,DB1_Lumidgm/56_1_8.wsq,impostor,4,19,4,,False,38.411816,0
946,derive,42,DB1_Lumidgm:42:3,DB1_Lumidgm/35_1_4.wsq,impostor,9,19,9,,False,39.621105,0
946,stored,42,DB1_Lumidgm:42:3,DB1_Lumidgm/35_1_4.wsq,impostor,9,19,9,,False,38.782812,0
947,stored,97,DB1_Lumidgm:97:8,DB1_Lumidgm/41_1_5.wsq,impostor,5,19,5,,False,35.483308,0
947,derive,97,DB1_Lumidgm:97:8,DB1_Lumidgm/41_1_5.wsq,impostor,5,19,5,,False,34.990034,0
948,derive,48,DB1_Lumidgm:48:5,DB1_Lumidgm/63_1_4.wsq,impostor,6,19,6,,False,33.843485,0
948,stored,48,DB1_Lumidgm:48:5,DB1_Lumidgm/63_1_4.wsq,impostor,6,19,6,,False,33.559014,0
949,stored,48,DB1_Lumidgm:48:8,DB1_Lumidgm/90_1_1.wsq,impostor,6,19,6,,False,37.711571,0
949,derive,48,DB1_Lumidgm:48:8,DB1_Lumidgm/90_1_1.wsq,impostor,6,19,6,,False,37.522798,0
950,derive,45,DB1_Lumidgm:45:6,DB1_Lumidgm/45_3_6.wsq,genuine,138,19,138,,True,53.503878,1210
950,stored,45,DB1_Lumidgm:45:6,DB1_Lumidgm/45_3_6.wsq,genuine,138,19,138,,True,52.399161,1210
951,stored,54,DB1_Lumidgm:54:3,DB1_Lumidgm/58_1_2.wsq,impostor,6,19,6,,False,43.308077,0
951,derive,54,DB1_Lumidgm:54:3,DB1_Lumidgm/58_1_2.wsq,impostor,6,19,6,,False,48.329131,0
952,derive,96,DB1_Lumidgm:96:5,DB1_Lumidgm/50_1_5.wsq,impostor,6,19,6,,False,38.218336,0
952,stored,96,DB1_Lumidgm:96:5,DB1_Lumidgm/50_1_5.wsq,impostor,6,19,6,,False,39.875789,0
953,stored,86,DB1_Lumidgm:86:7,DB1_Lumidgm/70_1_2.wsq,impostor,7,19,7,,False,43.407583,0
953,derive,86,DB1_Lumidgm:86:7,DB1_Lumidgm/70_1_2.wsq,impostor,7,19,7,,False,40.512998,0
954,derive,45,DB1_Lumidgm:45:8,DB1_Lumidgm/30_1_2.wsq,impostor,4,19,4,,False,38.084757,0
954,stored,45,DB1_Lumidgm:45:8,DB1_Lumidgm/30_1_2.wsq,impostor,4,19,4,,False,35.120758,0
955,stored,46,DB1_Lumidgm:46:9,DB1_Lumidgm/38_1_1.wsq,impostor,6,19,6,,False,36.89207,0
955,derive,46,DB1_Lumidgm:46:9,DB1_Lumidgm/38_1_1.wsq,impostor,6,19,6,,False,36.432424,0
956,derive,66,DB1_Lumidgm:66:2,DB1_Lumidgm/66_4_2.wsq,genuine,157,19,157,,True,46.696786,1210
956,stored,66,DB1_Lumidgm:66:2,DB1_Lumidgm/66_4_2.wsq,genuine,157,19,157,,True,44.673173,1210
957,stored,79,DB1_Lumidgm:79:6,DB1_Lumidgm/86_1_9.wsq,impostor,8,19,8,,False,40.072226,0
957,derive,79,DB1_Lumidgm:79:6,DB1_Lumidgm/86_1_9.wsq,impostor,8,19,8,,False,39.499005,0
958,derive,76,DB1_Lumidgm:76:9,DB1_Lumidgm/69_1_4.wsq,impostor,10,19,10,,False,34.360385,0
958,stored,76,DB1_Lumidgm:76:9,DB1_Lumidgm/69_1_4.wsq,impostor,10,19,10,,False,35.169808,0
959,stored,87,DB1_Lumidgm:87:8,DB1_Lumidgm/97_1_6.wsq,impostor,8,19,8,,False,38.090248,0
959,derive,87,DB1_Lumidgm:87:8,DB1_Lumidgm/97_1_6.wsq,impostor,8,19,8,,False,38.216929,0
960,derive,64,DB1_Lumidgm:64:5,DB1_Lumidgm/80_1_7.wsq,impostor,6,19,6,,False,37.678896,0
960,stored,64,DB1_Lumidgm:64:5,DB1_Lumidgm/80_1_7.wsq,impostor,6,19,6,,False,36.712496,0
961,stored,86,DB1_Lumidgm:86:3,DB1_Lumidgm/78_1_1.wsq,impostor,6,19,6,,False,38.295181,0
961,derive,86,DB1_Lumidgm:86:3,DB1_Lumidgm/78_1_1.wsq,impostor,6,19,6,,False,35.508865,0
962,derive,56,DB1_Lumidgm:56:2,DB1_Lumidgm/66_1_3.wsq,impostor,4,19,4,,False,39.208302,0
962,stored,56,DB1_Lumidgm:56:2,DB1_Lumidgm/66_1_3.wsq,impostor,4,19,4,,False,38.43652,0
963,stored,88,DB1_Lumidgm:88:7,DB1_Lumidgm/25_1_2.wsq,impostor,5,19,5,,False,38.091372,0
963,derive,88,DB1_Lumidgm:88:7,DB1_Lumidgm/25_1_2.wsq,impostor,5,19,5,,False,35.497368,0
964,derive,30,DB1_Lumidgm:30:7,DB1_Lumidgm/81_1_6.wsq,impostor,6,19,6,,False,39.110903,0
964,stored,30,DB1_Lumidgm:30:7,DB1_Lumidgm/81_1_6.wsq,impostor,6,19,6,,False,37.559424,0
965,stored,61,DB1_Lumidgm:61:1,DB1_Lumidgm/79_1_10.wsq,impostor,7,19,7,,False,50.904068,0
965,derive,61,DB1_Lumidgm:61:1,DB1_Lumidgm/79_1_10.wsq,impostor,7,19,7,,False,37.346067,0
966,derive,46,DB1_Lumidgm:46:8,DB1_Lumidgm/46_3_8.wsq,genuine,191,19,191,,True,59.631091,1210
966,stored,46,DB1_Lumidgm:46:8,DB1_Lumidgm/46_3_8.wsq,genuine,191,19,191,,True,59.04565,1210
967,stored,95,DB1_Lumidgm:95:6,DB1_Lumidgm/90_1_3.wsq,impostor,3,19,3,,False,37.988978,0
967,derive,95,DB1_Lumidgm:95:6,DB1_Lumidgm/90_1_3.wsq,impostor,3,19,3,,False,36.890661,0
968,derive,61,DB1_Lumidgm:61:4,DB1_Lumidgm/91_1_7.wsq,impostor,4,19,4,,False,44.041138,0
968,stored,61,DB1_Lumidgm:61:4,DB1_Lumidgm/91_1_7.wsq,impostor,4,19,4,,False,39.740389,0
969,stored,98,DB1_Lumidgm:98:1,DB1_Lumidgm/69_1_4.wsq,impostor,7,19,7,,False,36.296696,0
969,derive,98,DB1_Lumidgm:98:1,DB1_Lumidgm/69_1_4.wsq,impostor,7,19,7,,False,35.460478,0
970,derive,53,DB1_Lumidgm:53:9,DB1_Lumidgm/53_3_9.wsq,genuine,49,19,49,,True,38.940567,1210
970,stored,53,DB1_Lumidgm:53:9,DB1_Lumidgm/53_3_9.wsq,genuine,49,19,49,,True,38.907768,1210
971,stored,53,DB1_Lumidgm:53:4,DB1_Lumidgm/53_2_4.wsq,genuine,58,19,58,,True,45.632079,1210
971,derive,53,DB1_Lumidgm:53:4,DB1_Lumidgm/53_2_4.wsq,genuine,58,19,58,,True,42.02856,1210
972,derive,40,DB1_Lumidgm:40:8,DB1_Lumidgm/40_4_8.wsq,genuine,18,19,18,,False,41.193392,0
972,stored,40,DB1_Lumidgm:40:8,DB1_Lumidgm/40_4_8.wsq,genuine,18,19,18,,False,39.104229,0
973,stored,99,DB1_Lumidgm:99:9,DB1_Lumidgm/54_1_8.wsq,impostor,8,19,8,,False,37.247316,0
973,derive,99,DB1_Lumidgm:99:9,DB1_Lumidgm/54_1_8.wsq,impostor,8,19,8,,False,36.423126,0
974,derive,91,DB1_Lumidgm:91:2,DB1_Lumidgm/63_1_10.wsq,impostor,5,19,5,,False,35.6469,0
974,stored,91,DB1_Lumidgm:91:2,DB1_Lumidgm/63_1_10.wsq,impostor,5,19,5,,False,36.359903,0
975,stored,37,DB1_Lumidgm:37:2,DB1_Lumidgm/74_1_1.wsq,impostor,5,19,5,,False,37.311061,0
975,derive,37,DB1_Lumidgm:37:2,DB1_Lumidgm/74_1_1.wsq,impostor,5,19,5,,False,36.09703,0
976,derive,47,DB1_Lumidgm:47:9,DB1_Lumidgm/40_1_7.wsq,impostor,12,19,12,,False,36.608479,0
976,stored,47,DB1_Lumidgm:47:9,DB1_Lumidgm/40_1_7.wsq,impostor,12,19,12,,False,36.870131,0
977,stored,39,DB1_Lumidgm:39:9,DB1_Lumidgm/26_1_1.wsq,impostor,5,19,5,,False,36.838736,0
977,derive,39,DB1_Lumidgm:39:9,DB1_Lumidgm/26_1_1.wsq,impostor,5,19,5,,False,37.377013,0
978,derive,99,DB1_Lumidgm:99:2,DB1_Lumidgm/84_1_8.wsq,impostor,7,19,7,,False,38.718573,0
978,stored,99,DB1_Lumidgm:99:2,DB1_Lumidgm/84_1_8.wsq,impostor,7,19,7,,False,37.211358,0
979,stored,99,DB1_Lumidgm:99:7,DB1_Lumidgm/63_1_6.wsq,impostor,18,19,18,,False,40.911203,0
979,derive,99,DB1_Lumidgm:99:7,DB1_Lumidgm/63_1_6.wsq,impostor,18,19,18,,False,40.814554,0
980,derive,55,DB1_Lumidgm:55:7,DB1_Lumidgm/70_1_5.wsq,impostor,14,19,14,,False,37.109063,0
980,stored,55,DB1_Lumidgm:55:7,DB1_Lumidgm/70_1_5.wsq,impostor,14,19,14,,False,36.762408,0
981,stored,44,DB1_Lumidgm:44:8,DB1_Lumidgm/73_1_4.wsq,impostor,10,19,10,,False,36.991245,0
981,derive,44,DB1_Lumidgm:44:8,DB1_Lumidgm/73_1_4.wsq,impostor,10,19,10,,False,37.303799,0
982,derive,33,DB1_Lumidgm:33:2,DB1_Lumidgm/95_1_3.wsq,impostor,3,19,3,,False,40.929752,0
982,stored,33,DB1_Lumidgm:33:2,DB1_Lumidgm/95_1_3.wsq,impostor,3,19,3,,False,41.132401,0
983,stored,80,DB1_Lumidgm:80:3,DB1_Lumidgm/96_1_10.wsq,impostor,4,19,4,,False,33.036548,0
983,derive,80,DB1_Lumidgm:80:3,DB1_Lumidgm/96_1_10.wsq,impostor,4,19,4,,False,33.168287,0
984,derive,53,DB1_Lumidgm:53:5,DB1_Lumidgm/83_1_1.wsq,impostor,4,19,4,,False,39.52694,0
984,stored,53,DB1_Lumidgm:53:5,DB1_Lumidgm/83_1_1.wsq,impostor,4,19,4,,False,38.444993,0
985,stored,70,DB1_Lumidgm:70:4,DB1_Lumidgm/31_1_2.wsq,impostor,6,19,6,,False,37.148204,0
985,derive,70,DB1_Lumidgm:70:4,DB1_Lumidgm/31_1_2.wsq,impostor,6,19,6,,False,36.515703,0
986,derive,45,DB1_Lumidgm:45:4,DB1_Lumidgm/67_1_3.wsq,impostor,7,19,7,,False,35.256209,0
986,stored,45,DB1_Lumidgm:45:4,DB1_Lumidgm/67_1_3.wsq,impostor,7,19,7,,False,34.912041,0
987,stored,57,DB1_Lumidgm:57:8,DB1_Lumidgm/63_1_6.wsq,impostor,8,19,8,,False,36.861106,0
987,derive,57,DB1_Lumidgm:57:8,DB1_Lumidgm/63_1_6.wsq,impostor,8,19,8,,False,37.93652,0
988,derive,21,DB1_Lumidgm:21:7,DB1_Lumidgm/72_1_8.wsq,impostor,6,19,6,,False,36.077052,0
988,stored,21,DB1_Lumidgm:21:7,DB1_Lumidgm/72_1_8.wsq,impostor,6,19,6,,False,34.854704,0
989,stored,57,DB1_Lumidgm:57:7,DB1_Lumidgm/45_1_7.wsq,impostor,5,19,5,,False,37.491366,0
989,derive,57,DB1_Lumidgm:57:7,DB1_Lumidgm/45_1_7.wsq,impostor,5,19,5,,False,37.2895,0
990,derive,39,DB1_Lumidgm:39:5,DB1_Lumidgm/34_1_6.wsq,impostor,6,19,6,,False,37.195559,0
990,stored,39,DB1_Lumidgm:39:5,DB1_Lumidgm/34_1_6.wsq,impostor,6,19,6,,False,36.964754,0
991,stored,55,DB1_Lumidgm:55:7,DB1_Lumidgm/41_1_9.wsq,impostor,4,19,4,,False,37.291317,0
991,derive,55,DB1_Lumidgm:55:7,DB1_Lumidgm/41_1_9.wsq,impostor,4,19,4,,False,37.669343,0
992,derive,27,DB1_Lumidgm:27:8,DB1_Lumidgm/37_1_1.wsq,impostor,5,19,5,,False,38.735718,0
992,stored,27,DB1_Lumidgm:27:8,DB1_Lumidgm/37_1_1.wsq,impostor,5,19,5,,False,37.968579,0
993,stored,40,DB1_Lumidgm:40:5,DB1_Lumidgm/83_1_6.wsq,impostor,10,19,10,,False,37.152392,0
993,derive,40,DB1_Lumidgm:40:5,DB1_Lumidgm/83_1_6.wsq,impostor,10,19,10,,False,37.442622,0
994,derive,36,DB1_Lumidgm:36:5,DB1_Lumidgm/59_1_6.wsq,impostor,6,19,6,,False,37.78704,0
994,stored,36,DB1_Lumidgm:36:5,DB1_Lumidgm/59_1_6.wsq,impostor,6,19,6,,False,38.012866,0
995,stored,85,DB1_Lumidgm:85:6,DB1_Lumidgm/48_1_7.wsq,impostor,7,19,7,,False,39.390051,0
995,derive,85,DB1_Lumidgm:85:6,DB1_Lumidgm/48_1_7.wsq,impostor,7,19,7,,False,37.614153,0
996,derive,89,DB1_Lumidgm:89:7,DB1_Lumidgm/61_1_5.wsq,impostor,8,19,8,,False,38.383589,0
996,stored,89,DB1_Lumidgm:89:7,DB1_Lumidgm/61_1_5.wsq,impostor,8,19,8,,False,37.269942,0
997,stored,45,DB1_Lumidgm:45:1,DB1_Lumidgm/83_1_8.wsq,impostor,8,19,8,,False,36.192782,0
997,derive,45,DB1_Lumidgm:45:1,DB1_Lumidgm/83_1_8.wsq,impostor,8,19,8,,False,36.519255,0
998,derive,94,DB1_Lumidgm:94:1,DB1_Lumidgm/84_1_4.wsq,impostor,7,19,7,,False,36.342773,0
998,stored,94,DB1_Lumidgm:94:1,DB1_Lumidgm/84_1_4.wsq,impostor,7,19,7,,False,35.86936,0
999,stored,34,DB1_Lumidgm:34:7,DB1_Lumidgm/48_1_4.wsq,impostor,9,19,9,,False,37.2644,0
999,derive,34,DB1_Lumidgm:34:7,DB1_Lumidgm/48_1_4.wsq,impostor,9,19,9,,False,37.573321,0
1000,derive,79,DB1_Lumidgm:79:10,DB1_Lumidgm/79_2_10.wsq,genuine,49,19,49,,True,40.729627,1211
1000,stored,79,DB1_Lumidgm:79:10,DB1_Lumidgm/79_2_10.wsq,genuine,49,19,49,,True,39.258568,1211
1001,stored,93,DB1_Lumidgm:93:4,DB1_Lumidgm/45_1_10.wsq,impostor,10,19,10,,False,38.07598,0
1001,derive,93,DB1_Lumidgm:93:4,DB1_Lumidgm/45_1_10.wsq,impostor,10,19,10,,False,37.902252,0
1002,derive,49,DB1_Lumidgm:49:7,DB1_Lumidgm/46_1_4.wsq,impostor,7,19,7,,False,37.127095,0
1002,stored,49,DB1_Lumidgm:49:7,DB1_Lumidgm/46_1_4.wsq,impostor,7,19,7,,False,37.472027,0
1003,stored,31,DB1_Lumidgm:31:2,DB1_Lumidgm/58_1_8.wsq,impostor,4,19,4,,False,42.783178,0
1003,derive,31,DB1_Lumidgm:31:2,DB1_Lumidgm/58_1_8.wsq,impostor,4,19,4,,False,42.237704,0
1004,derive,84,DB1_Lumidgm:84:10,DB1_Lumidgm/84_2_10.wsq,genuine,79,19,79,,True,110.197232,1211
1004,stored,84,DB1_Lumidgm:84:10,DB1_Lumidgm/84_2_10.wsq,genuine,79,19,79,,True,109.413433,1211
1005,stored,38,DB1_Lumidgm:38:7,DB1_Lumidgm/58_1_6.wsq,impostor,6,19,6,,False,47.397186,0
1005,derive,38,DB1_Lumidgm:38:7,DB1_Lumidgm/58_1_6.wsq,impostor,6,19,6,,False,45.327547,0
1006,derive,36,DB1_Lumidgm:36:4,DB1_Lumidgm/83_1_1.wsq,impostor,6,19,6,,False,37.327154,0
1006,stored,36,DB1_Lumidgm:36:4,DB1_Lumidgm/83_1_1.wsq,impostor,6,19,6,,False,36.654717,0
1007,stored,43,DB1_Lumidgm:43:6,DB1_Lumidgm/43_2_6.wsq,genuine,119,19,119,,True,48.39759,1210
1007,derive,43,DB1_Lumidgm:43:6,DB1_Lumidgm/43_2_6.wsq,genuine,119,19,119,,True,47.080756,1210
1008,derive,51,DB1_Lumidgm:51:9,DB1_Lumidgm/51_4_9.wsq,genuine,21,19,21,,True,37.743391,1210
1008,stored,51,DB1_Lumidgm:51:9,DB1_Lumidgm/51_4_9.wsq,genuine,21,19,21,,True,36.763377,1210
1009,stored,22,DB1_Lumidgm:22:7,DB1_Lumidgm/57_1_5.wsq,impostor,7,19,7,,False,34.329397,0
1009,derive,22,DB1_Lumidgm:22:7,DB1_Lumidgm/57_1_5.wsq,impostor,7,19,7,,False,35.154049,0
1010,derive,80,DB1_Lumidgm:80:8,DB1_Lumidgm/83_1_6.wsq,impostor,6,19,6,,False,36.933518,0
1010,stored,80,DB1_Lumidgm:80:8,DB1_Lumidgm/83_1_6.wsq,impostor,6,19,6,,False,36.441233,0
1011,stored,39,DB1_Lumidgm:39:10,DB1_Lumidgm/87_1_2.wsq,impostor,4,19,4,,False,33.982306,0
1011,derive,39,DB1_Lumidgm:39:10,DB1_Lumidgm/87_1_2.wsq,impostor,4,19,4,,False,34.668825,0
1012,derive,21,DB1_Lumidgm:21:7,DB1_Lumidgm/79_1_2.wsq,impostor,10,19,10,,False,36.029474,0
1012,stored,21,DB1_Lumidgm:21:7,DB1_Lumidgm/79_1_2.wsq,impostor,10,19,10,,False,35.666894,0
1013,stored,76,DB1_Lumidgm:76:10,DB1_Lumidgm/40_1_1.wsq,impostor,4,19,4,,False,39.295305,0
1013,derive,76,DB1_Lumidgm:76:10,DB1_Lumidgm/40_1_1.wsq,impostor,4,19,4,,False,40.599444,0
1014,derive,37,DB1_Lumidgm:37:3,DB1_Lumidgm/21_1_4.wsq,impostor,3,19,3,,False,36.731522,0
1014,stored,37,DB1_Lumidgm:37:3,DB1_Lumidgm/21_1_4.wsq,impostor,3,19,3,,False,36.584658,0
1015,stored,94,DB1_Lumidgm:94:1,DB1_Lumidgm/94_3_1.wsq,genuine,50,19,50,,True,37.345994,1210
1015,derive,94,DB1_Lumidgm:94:1,DB1_Lumidgm/94_3_1.wsq,genuine,50,19,50,,True,35.210212,1210
1016,derive,85,DB1_Lumidgm:85:2,DB1_Lumidgm/100_1_9.wsq,impostor,11,19,11,,False,36.575927,0
1016,stored,85,DB1_Lumidgm:85:2,DB1_Lumidgm/100_1_9.wsq,impostor,11,19,11,,False,37.437292,0
1017,stored,71,DB1_Lumidgm:71:9,DB1_Lumidgm/62_1_3.wsq,impostor,6,19,6,,False,44.608457,0
1017,derive,71,DB1_Lumidgm:71:9,DB1_Lumidgm/62_1_3.wsq,impostor,6,19,6,,False,43.946303,0
1018,derive,59,DB1_Lumidgm:59:5,DB1_Lumidgm/26_1_1.wsq,impostor,6,19,6,,False,37.383823,0
1018,stored,59,DB1_Lumidgm:59:5,DB1_Lumidgm/26_1_1.wsq,impostor,6,19,6,,False,37.186548,0
1019,stored,67,DB1_Lumidgm:67:8,DB1_Lumidgm/96_1_5.wsq,impostor,4,19,4,,False,33.401851,0
1019,derive,67,DB1_Lumidgm:67:8,DB1_Lumidgm/96_1_5.wsq,impostor,4,19,4,,False,34.571955,0
1020,derive,54,DB1_Lumidgm:54:7,DB1_Lumidgm/90_1_1.wsq,impostor,5,19,5,,False,39.314763,0
1020,stored,54,DB1_Lumidgm:54:7,DB1_Lumidgm/90_1_1.wsq,impostor,5,19,5,,False,37.062565,0
1021,stored,83,DB1_Lumidgm:83:10,DB1_Lumidgm/72_1_5.wsq,impostor,8,19,8,,False,36.537453,0
1021,derive,83,DB1_Lumidgm:83:10,DB1_Lumidgm/72_1_5.wsq,impostor,8,19,8,,False,48.648332,0
1022,derive,44,DB1_Lumidgm:44:6,DB1_Lumidgm/25_1_9.wsq,impostor,7,19,7,,False,35.838695,0
1022,stored,44,DB1_Lumidgm:44:6,DB1_Lumidgm/25_1_9.wsq,impostor,7,19,7,,False,36.29618,0
1023,stored,43,DB1_Lumidgm:43:4,DB1_Lumidgm/26_1_3.wsq,impostor,21,19,21,,True,39.585467,1210
1023,derive,43,DB1_Lumidgm:43:4,DB1_Lumidgm/26_1_3.wsq,impostor,21,19,21,,True,39.433234,1210
1024,derive,71,DB1_Lumidgm:71:5,DB1_Lumidgm/68_1_9.wsq,impostor,7,19,7,,False,37.274964,0
1024,stored,71,DB1_Lumidgm:71:5,DB1_Lumidgm/68_1_9.wsq,impostor,7,19,7,,False,37.549867,0
1025,stored,67,DB1_Lumidgm:67:2,DB1_Lumidgm/67_2_2.wsq,genuine,48,19,48,,True,37.780164,1210
1025,derive,67,DB1_Lumidgm:67:2,DB1_Lumidgm/67_2_2.wsq,genuine,48,19,48,,True,37.071637,1210
1026,derive,52,DB1_Lumidgm:52:8,DB1_Lumidgm/31_1_3.wsq,impostor,9,19,9,,False,38.677832,0
1026,stored,52,DB1_Lumidgm:52:8,DB1_Lumidgm/31_1_3.wsq,impostor,9,19,9,,False,36.302516,0
1027,stored,46,DB1_Lumidgm:46:4,DB1_Lumidgm/95_1_4.wsq,impostor,6,19,6,,False,38.039349,0
1027,derive,46,DB1_Lumidgm:46:4,DB1_Lumidgm/95_1_4.wsq,impostor,6,19,6,,False,39.201436,0
1028,derive,68,DB1_Lumidgm:68:9,DB1_Lumidgm/25_1_6.wsq,impostor,5,19,5,,False,37.226561,0
1028,stored,68,DB1_Lumidgm:68:9,DB1_Lumidgm/25_1_6.wsq,impostor,5,19,5,,False,37.279544,0
1029,stored,80,DB1_Lumidgm:80:3,DB1_Lumidgm/80_4_3.wsq,genuine,19,19,19,,True,37.751004,1210
1029,derive,80,DB1_Lumidgm:80:3,DB1_Lumidgm/80_4_3.wsq,genuine,19,19,19,,True,36.818877,1210
1030,derive,36,DB1_Lumidgm:36:6,DB1_Lumidgm/55_1_4.wsq,impostor,6,19,6,,False,36.510143,0
1030,stored,36,DB1_Lumidgm:36:6,DB1_Lumidgm/55_1_4.wsq,impostor,6,19,6,,False,35.943049,0
1031,stored,78,DB1_Lumidgm:78:7,DB1_Lumidgm/46_1_3.wsq,impostor,9,19,9,,False,37.214371,0
1031,derive,78,DB1_Lumidgm:78:7,DB1_Lumidgm/46_1_3.wsq,impostor,9,19,9,,False,38.22472,0
1032,derive,82,DB1_Lumidgm:82:8,DB1_Lumidgm/38_1_4.wsq,impostor,4,19,4,,False,37.970936,0
1032,stored,82,DB1_Lumidgm:82:8,DB1_Lumidgm/38_1_4.wsq,impostor,4,19,4,,False,35.836411,0
1033,stored,26,DB1_Lumidgm:26:9,DB1_Lumidgm/76_1_6.wsq,impostor,9,19,9,,False,38.916389,0
1033,derive,26,DB1_Lumidgm:26:9,DB1_Lumidgm/76_1_6.wsq,impostor,9,19,9,,False,38.590455,0
1034,derive,21,DB1_Lumidgm:21:3,DB1_Lumidgm/80_1_8.wsq,impostor,6,19,6,,False,33.784751,0
1034,stored,21,DB1_Lumidgm:21:3,DB1_Lumidgm/80_1_8.wsq,impostor,6,19,6,,False,34.081768,0
1035,stored,72,DB1_Lumidgm:72:7,DB1_Lumidgm/53_1_4.wsq,impostor,6,19,6,,False,37.234282,0
1035,derive,72,DB1_Lumidgm:72:7,DB1_Lumidgm/53_1_4.wsq,impostor,6,19,6,,False,36.710795,0
1036,derive,50,DB1_Lumidgm:50:5,DB1_Lumidgm/51_1_6.wsq,impostor,7,19,7,,False,37.759391,0
1036,stored,50,DB1_Lumidgm:50:5,DB1_Lumidgm/51_1_6.wsq,impostor,7,19,7,,False,37.662208,0
1037,stored,96,DB1_Lumidgm:96:10,DB1_Lumidgm/45_1_5.wsq,impostor,4,19,4,,False,34.666942,0
1037,derive,96,DB1_Lumidgm:96:10,DB1_Lumidgm/45_1_5.wsq,impostor,4,19,4,,False,35.122803,0
1038,derive,32,DB1_Lumidgm:32:9,DB1_Lumidgm/26_1_7.wsq,impostor,9,19,9,,False,35.741669,0
1038,stored,32,DB1_Lumidgm:32:9,DB1_Lumidgm/26_1_7.wsq,impostor,9,19,9,,False,36.451817,0
1039,stored,53,DB1_Lumidgm:53:6,DB1_Lumidgm/90_1_3.wsq,impostor,9,19,9,,False,37.275352,0
1039,derive,53,DB1_Lumidgm:53:6,DB1_Lumidgm/90_1_3.wsq,impostor,9,19,9,,False,37.375821,0
1040,derive,64,DB1_Lumidgm:64:3,DB1_Lumidgm/22_1_3.wsq,impostor,6,19,6,,False,36.719019,0
1040,stored,64,DB1_Lumidgm:64:3,DB1_Lumidgm/22_1_3.wsq,impostor,6,19,6,,False,38.801723,0
1041,stored,79,DB1_Lumidgm:79:1,DB1_Lumidgm/76_1_5.wsq,impostor,7,19,7,,False,34.521982,0
1041,derive,79,DB1_Lumidgm:79:1,DB1_Lumidgm/76_1_5.wsq,impostor,7,19,7,,False,34.410375,0
1042,derive,51,DB1_Lumidgm:51:10,DB1_Lumidgm/50_1_2.wsq,impostor,18,19,18,,False,39.25506,0
1042,stored,51,DB1_Lumidgm:51:10,DB1_Lumidgm/50_1_2.wsq,impostor,18,19,18,,False,37.909085,0
1043,stored,86,DB1_Lumidgm:86:7,DB1_Lumidgm/86_3_7.wsq,genuine,69,19,69,,True,40.750435,1210
1043,derive,86,DB1_Lumidgm:86:7,DB1_Lumidgm/86_3_7.wsq,genuine,69,19,69,,True,39.400215,1210
1044,derive,78,DB1_Lumidgm:78:7,DB1_Lumidgm/52_1_9.wsq,impostor,4,19,4,,False,38.459072,0
1044,stored,78,DB1_Lumidgm:78:7,DB1_Lumidgm/52_1_9.wsq,impostor,4,19,4,,False,38.673279,0
1045,stored,73,DB1_Lumidgm:73:2,DB1_Lumidgm/88_1_1.wsq,impostor,8,19,8,,False,43.578136,0
1045,derive,73,DB1_Lumidgm:73:2,DB1_Lumidgm/88_1_1.wsq,impostor,8,19,8,,False,45.517128,0
1046,derive,29,DB1_Lumidgm:29:7,DB1_Lumidgm/41_1_7.wsq,impostor,10,19,10,,False,37.012593,0
1046,stored,29,DB1_Lumidgm:29:7,DB1_Lumidgm/41_1_7.wsq,impostor,10,19,10,,False,37.051354,0
1047,stored,39,DB1_Lumidgm:39:9,DB1_Lumidgm/91_1_9.wsq,impostor,10,19,10,,False,40.171478,0
1047,derive,39,DB1_Lumidgm:39:9,DB1_Lumidgm/91_1_9.wsq,impostor,10,19,10,,False,38.908396,0
1048,derive,28,DB1_Lumidgm:28:6,DB1_Lumidgm/47_1_10.wsq,impostor,6,19,6,,False,35.341346,0
1048,stored,28,DB1_Lumidgm:28:6,DB1_Lumidgm/47_1_10.wsq,impostor,6,19,6,,False,34.214216,0
1049,stored,83,DB1_Lumidgm:83:3,DB1_Lumidgm/90_1_7.wsq,impostor,5,19,5,,False,36.67404,0
1049,derive,83,DB1_Lumidgm:83:3,DB1_Lumidgm/90_1_7.wsq,impostor,5,19,5,,False,37.274561,0
1050,derive,52,DB1_Lumidgm:52:4,DB1_Lumidgm/98_1_4.wsq,impostor,5,19,5,,False,36.608248,0
1050,stored,52,DB1_Lumidgm:52:4,DB1_Lumidgm/98_1_4.wsq,impostor,5,19,5,,False,36.47128,0
1051,stored,61,DB1_Lumidgm:61:7,DB1_Lumidgm/26_1_4.wsq,impostor,7,19,7,,False,36.108951,0
1051,derive,61,DB1_Lumidgm:61:7,DB1_Lumidgm/26_1_4.wsq,impostor,7,19,7,,False,36.331863,0
1052,derive,56,DB1_Lumidgm:56:9,DB1_Lumidgm/74_1_9.wsq,impostor,20,19,20,,True,41.558876,1210
1052,stored,56,DB1_Lumidgm:56:9,DB1_Lumidgm/74_1_9.wsq,impostor,20,19,20,,True,41.308579,1210
1053,stored,35,DB1_Lumidgm:35:2,DB1_Lumidgm/88_1_4.wsq,impostor,4,19,4,,False,41.741987,0
1053,derive,35,DB1_Lumidgm:35:2,DB1_Lumidgm/88_1_4.wsq,impostor,4,19,4,,False,41.766954,0
1054,derive,41,DB1_Lumidgm:41:10,DB1_Lumidgm/94_1_4.wsq,impostor,5,19,5,,False,43.688171,0
1054,stored,41,DB1_Lumidgm:41:10,DB1_Lumidgm/94_1_4.wsq,impostor,5,19,5,,False,43.316403,0
1055,stored,36,DB1_Lumidgm:36:8,DB1_Lumidgm/36_4_8.wsq,genuine,53,19,53,,True,40.233529,1210
1055,derive,36,DB1_Lumidgm:36:8,DB1_Lumidgm/36_4_8.wsq,genuine,53,19,53,,True,40.585158,1210
1056,derive,50,DB1_Lumidgm:50:9,DB1_Lumidgm/50_1_10.wsq,impostor,11,19,11,,False,36.827215,0
1056,stored,50,DB1_Lumidgm:50:9,DB1_Lumidgm/50_1_10.wsq,impostor,11,19,11,,False,35.780847,0
1057,stored,57,DB1_Lumidgm:57:1,DB1_Lumidgm/34_1_3.wsq,impostor,8,19,8,,False,37.478994,0
1057,derive,57,DB1_Lumidgm:57:1,DB1_Lumidgm/34_1_3.wsq,impostor,8,19,8,,False,38.545519,0
1058,derive,30,DB1_Lumidgm:30:4,DB1_Lumidgm/36_1_3.wsq,impostor,6,19,6,,False,37.221624,0
1058,stored,30,DB1_Lumidgm:30:4,DB1_Lumidgm/36_1_3.wsq,impostor,6,19,6,,False,37.389852,0
1059,stored,79,DB1_Lumidgm:79:9,DB1_Lumidgm/79_4_9.wsq,genuine,48,19,48,,True,52.417107,1210
1059,derive,79,DB1_Lumidgm:79:9,DB1_Lumidgm/79_4_9.wsq,genuine,48,19,48,,True,50.79766,1210
1060,derive,54,DB1_Lumidgm:54:1,DB1_Lumidgm/97_1_6.wsq,impostor,5,19,5,,False,37.101869,0
1060,stored,54,DB1_Lumidgm:54:1,DB1_Lumidgm/97_1_6.wsq,impostor,5,19,5,,False,39.204484,0
1061,stored,95,DB1_Lumidgm:95:8,DB1_Lumidgm/95_4_8.wsq,genuine,58,19,58,,True,35.898946,1210
1061,derive,95,DB1_Lumidgm:95:8,DB1_Lumidgm/95_4_8.wsq,genuine,58,19,58,,True,34.999717,1210
1062,derive,70,DB1_Lumidgm:70:5,DB1_Lumidgm/67_1_1.wsq,impostor,10,19,10,,False,35.277564,0
1062,stored,70,DB1_Lumidgm:70:5,DB1_Lumidgm/67_1_1.wsq,impostor,10,19,10,,False,35.472051,0
1063,stored,70,DB1_Lumidgm:70:7,DB1_Lumidgm/33_1_4.wsq,impostor,8,19,8,,False,34.437907,0
1063,derive,70,DB1_Lumidgm:70:7,DB1_Lumidgm/33_1_4.wsq,impostor,8,19,8,,False,34.425438,0
1064,derive,89,DB1_Lumidgm:89:3,DB1_Lumidgm/60_1_5.wsq,impostor,5,19,5,,False,35.663851,0
1064,stored,89,DB1_Lumidgm:89:3,DB1_Lumidgm/60_1_5.wsq,impostor,5,19,5,,False,37.210097,0
1065,stored,22,DB1_Lumidgm:22:4,DB1_Lumidgm/45_1_1.wsq,impostor,10,19,10,,False,38.520397,0
1065,derive,22,DB1_Lumidgm:22:4,DB1_Lumidgm/45_1_1.wsq,impostor,10,19,10,,False,38.12643,0
1066,derive,83,DB1_Lumidgm:83:10,DB1_Lumidgm/39_1_3.wsq,impostor,5,19,5,,False,36.272936,0
1066,stored,83,DB1_Lumidgm:83:10,DB1_Lumidgm/39_1_3.wsq,impostor,5,19,5,,False,35.993855,0
1067,stored,48,DB1_Lumidgm:48:10,DB1_Lumidgm/99_1_7.wsq,impostor,9,19,9,,False,37.68715,0
1067,derive,48,DB1_Lumidgm:48:10,DB1_Lumidgm/99_1_7.wsq,impostor,9,19,9,,False,39.013917,0
1068,derive,31,DB1_Lumidgm:31:8,DB1_Lumidgm/31_4_8.wsq,genuine,58,19,58,,True,41.555398,1210
1068,stored,31,DB1_Lumidgm:31:8,DB1_Lumidgm/31_4_8.wsq,genuine,58,19,58,,True,40.929147,1210
1069,stored,96,DB1_Lumidgm:96:1,DB1_Lumidgm/42_1_2.wsq,impostor,4,19,4,,False,36.127893,0
1069,derive,96,DB1_Lumidgm:96:1,DB1_Lumidgm/42_1_2.wsq,impostor,4,19,4,,False,35.438521,0
1070,derive,87,DB1_Lumidgm:87:1,DB1_Lumidgm/53_1_7.wsq,impostor,5,19,5,,False,36.589361,0
1070,stored,87,DB1_Lumidgm:87:1,DB1_Lumidgm/53_1_7.wsq,impostor,5,19,5,,False,37.437228,0
1071,stored,43,DB1_Lumidgm:43:1,DB1_Lumidgm/72_1_10.wsq,impostor,6,19,6,,False,38.77859,0
1071,derive,43,DB1_Lumidgm:43:1,DB1_Lumidgm/72_1_10.wsq,impostor,6,19,6,,False,34.817277,0
1072,derive,76,DB1_Lumidgm:76:4,DB1_Lumidgm/75_1_2.wsq,impostor,7,19,7,,False,36.319239,0
1072,stored,76,DB1_Lumidgm:76:4,DB1_Lumidgm/75_1_2.wsq,impostor,7,19,7,,False,35.419344,0
1073,stored,61,DB1_Lumidgm:61:4,DB1_Lumidgm/87_1_6.wsq,impostor,4,19,4,,False,38.378627,0
1073,derive,61,DB1_Lumidgm:61:4,DB1_Lumidgm/87_1_6.wsq,impostor,4,19,4,,False,36.873284,0
1074,derive,96,DB1_Lumidgm:96:7,DB1_Lumidgm/97_1_1.wsq,impostor,3,19,3,,False,36.829973,0
1074,stored,96,DB1_Lumidgm:96:7,DB1_Lumidgm/97_1_1.wsq,impostor,3,19,3,,False,36.929772,0
1075,stored,78,DB1_Lumidgm:78:7,DB1_Lumidgm/49_1_10.wsq,impostor,11,19,11,,False,32.907077,0
1075,derive,78,DB1_Lumidgm:78:7,DB1_Lumidgm/49_1_10.wsq,impostor,11,19,11,,False,33.72499,0
1076,derive,37,DB1_Lumidgm:37:5,DB1_Lumidgm/37_2_5.wsq,genuine,31,19,31,,True,32.463472,1210
1076,stored,37,DB1_Lumidgm:37:5,DB1_Lumidgm/37_2_5.wsq,genuine,31,19,31,,True,32.663128,1210
1077,stored,38,DB1_Lumidgm:38:10,DB1_Lumidgm/59_1_7.wsq,impostor,0,19,0,,False,36.927781,0
1077,derive,38,DB1_Lumidgm:38:10,DB1_Lumidgm/59_1_7.wsq,impostor,0,19,0,,False,37.003692,0
1078,derive,21,DB1_Lumidgm:21:7,DB1_Lumidgm/26_1_7.wsq,impostor,5,19,5,,False,35.663569,0
1078,stored,21,DB1_Lumidgm:21:7,DB1_Lumidgm/26_1_7.wsq,impostor,5,19,5,,False,35.504239,0
1079,stored,36,DB1_Lumidgm:36:9,DB1_Lumidgm/98_1_7.wsq,impostor,13,19,13,,False,45.935379,0
1079,derive,36,DB1_Lumidgm:36:9,DB1_Lumidgm/98_1_7.wsq,impostor,13,19,13,,False,36.869491,0
1080,derive,31,DB1_Lumidgm:31:3,DB1_Lumidgm/82_1_3.wsq,impostor,11,19,11,,False,38.156922,0
1080,stored,31,DB1_Lumidgm:31:3,DB1_Lumidgm/82_1_3.wsq,impostor,11,19,11,,False,37.372316,0
1081,stored,49,DB1_Lumidgm:49:1,DB1_Lumidgm/25_1_1.wsq,impostor,9,19,9,,False,38.954951,0
1081,derive,49,DB1_Lumidgm:49:1,DB1_Lumidgm/25_1_1.wsq,impostor,9,19,9,,False,38.674485,0
1082,derive,83,DB1_Lumidgm:83:7,DB1_Lumidgm/50_1_1.wsq,impostor,14,19,14,,False,39.940678,0
1082,stored,83,DB1_Lumidgm:83:7,DB1_Lumidgm/50_1_1.wsq,impostor,14,19,14,,False,38.61916,0
1083,stored,77,DB1_Lumidgm:77:7,DB1_Lumidgm/78_1_4.wsq,impostor,6,19,6,,False,38.734415,0
1083,derive,77,DB1_Lumidgm:77:7,DB1_Lumidgm/78_1_4.wsq,impostor,6,19,6,,False,38.151224,0
1084,derive,59,DB1_Lumidgm:59:4,DB1_Lumidgm/59_3_4.wsq,genuine,62,19,62,,True,38.028964,1210
1084,stored,59,DB1_Lumidgm:59:4,DB1_Lumidgm/59_3_4.wsq,genuine,62,19,62,,True,40.940807,1210
1085,stored,89,DB1_Lumidgm:89:8,DB1_Lumidgm/90_1_1.wsq,impostor,4,19,4,,False,40.71154,0
1085,derive,89,DB1_Lumidgm:89:8,DB1_Lumidgm/90_1_1.wsq,impostor,4,19,4,,False,40.321489,0
1086,derive,95,DB1_Lumidgm:95:10,DB1_Lumidgm/87_1_9.wsq,impostor,5,19,5,,False,36.907773,0
1086,stored,95,DB1_Lumidgm:95:10,DB1_Lumidgm/87_1_9.wsq,impostor,5,19,5,,False,36.906145,0
1087,stored,41,DB1_Lumidgm:41:10,DB1_Lumidgm/60_1_6.wsq,impostor,4,19,4,,False,39.611691,0
1087,derive,41,DB1_Lumidgm:41:10,DB1_Lumidgm/60_1_6.wsq,impostor,4,19,4,,False,37.901605,0
1088,derive,80,DB1_Lumidgm:80:2,DB1_Lumidgm/63_1_1.wsq,impostor,8,19,8,,False,36.738206,0
1088,stored,80,DB1_Lumidgm:80:2,DB1_Lumidgm/63_1_1.wsq,impostor,8,19,8,,False,37.842422,0
1089,stored,46,DB1_Lumidgm:46:8,DB1_Lumidgm/23_1_10.wsq,impostor,11,19,11,,False,33.719198,0
1089,derive,46,DB1_Lumidgm:46:8,DB1_Lumidgm/23_1_10.wsq,impostor,11,19,11,,False,32.187918,0
1090,derive,36,DB1_Lumidgm:36:10,DB1_Lumidgm/46_1_7.wsq,impostor,5,19,5,,False,38.143211,0
1090,stored,36,DB1_Lumidgm:36:10,DB1_Lumidgm/46_1_7.wsq,impostor,5,19,5,,False,39.212772,0
1091,stored,34,DB1_Lumidgm:34:7,DB1_Lumidgm/42_1_8.wsq,impostor,9,19,9,,False,37.189052,0
1091,derive,34,DB1_Lumidgm:34:7,DB1_Lumidgm/42_1_8.wsq,impostor,9,19,9,,False,37.281658,0
1092,derive,74,DB1_Lumidgm:74:9,DB1_Lumidgm/42_1_10.wsq,impostor,8,19,8,,False,37.878213,0
1092,stored,74,DB1_Lumidgm:74:9,DB1_Lumidgm/42_1_10.wsq,impostor,8,19,8,,False,36.287256,0
1093,stored,96,DB1_Lumidgm:96:7,DB1_Lumidgm/74_1_5.wsq,impostor,8,19,8,,False,37.01859,0
1093,derive,96,DB1_Lumidgm:96:7,DB1_Lumidgm/74_1_5.wsq,impostor,8,19,8,,False,35.865507,0
1094,derive,56,DB1_Lumidgm:56:7,DB1_Lumidgm/27_1_6.wsq,impostor,9,19,9,,False,37.72341,0
1094,stored,56,DB1_Lumidgm:56:7,DB1_Lumidgm/27_1_6.wsq,impostor,9,19,9,,False,39.93375,0
1095,stored,83,DB1_Lumidgm:83:10,DB1_Lumidgm/67_1_5.wsq,impostor,7,19,7,,False,36.007682,0
1095,derive,83,DB1_Lumidgm:83:10,DB1_Lumidgm/67_1_5.wsq,impostor,7,19,7,,False,36.977596,0
1096,derive,78,DB1_Lumidgm:78:5,DB1_Lumidgm/78_3_5.wsq,genuine,30,19,30,,True,40.583227,1210
1096,stored,78,DB1_Lumidgm:78:5,DB1_Lumidgm/78_3_5.wsq,genuine,30,19,30,,True,40.001505,1210
1097,stored,31,DB1_Lumidgm:31:6,DB1_Lumidgm/75_1_8.wsq,impostor,7,19,7,,False,36.436937,0
1097,derive,31,DB1_Lumidgm:31:6,DB1_Lumidgm/75_1_8.wsq,impostor,7,19,7,,False,35.246982,0
1098,derive,96,DB1_Lumidgm:96:8,DB1_Lumidgm/96_3_8.wsq,genuine,124,19,124,,True,38.185555,1210
1098,stored,96,DB1_Lumidgm:96:8,DB1_Lumidgm/96_3_8.wsq,genuine,124,19,124,,True,37.185465,1210
1099,stored,68,DB1_Lumidgm:68:3,DB1_Lumidgm/36_1_6.wsq,impostor,8,19,8,,False,38.54743,0
1099,derive,68,DB1_Lumidgm:68:3,DB1_Lumidgm/36_1_6.wsq,impostor,8,19,8,,False,37.707941,0
1100,derive,40,DB1_Lumidgm:40:9,DB1_Lumidgm/90_1_9.wsq,impostor,17,19,17,,False,37.229673,0
1100,stored,40,DB1_Lumidgm:40:9,DB1_Lumidgm/90_1_9.wsq,impostor,17,19,17,,False,37.208311,0
1101,stored,73,DB1_Lumidgm:73:10,DB1_Lumidgm/31_1_3.wsq,impostor,18,19,18,,False,38.052839,0
1101,derive,73,DB1_Lumidgm:73:10,DB1_Lumidgm/31_1_3.wsq,impostor,18,19,18,,False,37.609462,0
1102,derive,32,DB1_Lumidgm:32:7,DB1_Lumidgm/21_1_5.wsq,impostor,7,19,7,,False,39.049011,0
1102,stored,32,DB1_Lumidgm:32:7,DB1_Lumidgm/21_1_5.wsq,impostor,7,19,7,,False,40.513933,0
1103,stored,61,DB1_Lumidgm:61:5,DB1_Lumidgm/87_1_4.wsq,impostor,5,19,5,,False,36.494747,0
1103,derive,61,DB1_Lumidgm:61:5,DB1_Lumidgm/87_1_4.wsq,impostor,5,19,5,,False,38.765012,0
1104,derive,62,DB1_Lumidgm:62:3,DB1_Lumidgm/87_1_3.wsq,impostor,6,19,6,,False,37.683728,0
1104,stored,62,DB1_Lumidgm:62:3,DB1_Lumidgm/87_1_3.wsq,impostor,6,19,6,,False,38.370518,0
1105,stored,61,DB1_Lumidgm:61:3,DB1_Lumidgm/28_1_5.wsq,impostor,6,19,6,,False,37.612375,0
1105,derive,61,DB1_Lumidgm:61:3,DB1_Lumidgm/28_1_5.wsq,impostor,6,19,6,,False,37.770885,0
1106,derive,59,DB1_Lumidgm:59:3,DB1_Lumidgm/100_1_1.wsq,impostor,6,19,6,,False,37.171067,0
1106,stored,59,DB1_Lumidgm:59:3,DB1_Lumidgm/100_1_1.wsq,impostor,6,19,6,,False,37.158288,0
1107,stored,51,DB1_Lumidgm:51:2,DB1_Lumidgm/47_1_8.wsq,impostor,9,19,9,,False,37.526547,0
1107,derive,51,DB1_Lumidgm:51:2,DB1_Lumidgm/47_1_8.wsq,impostor,9,19,9,,False,39.515754,0
1108,derive,85,DB1_Lumidgm:85:3,DB1_Lumidgm/96_1_6.wsq,impostor,3,19,3,,False,38.369835,0
1108,stored,85,DB1_Lumidgm:85:3,DB1_Lumidgm/96_1_6.wsq,impostor,3,19,3,,False,37.556135,0
1109,stored,27,DB1_Lumidgm:27:4,DB1_Lumidgm/27_4_4.wsq,genuine,19,19,19,,True,40.842249,1210
1109,derive,27,DB1_Lumidgm:27:4,DB1_Lumidgm/27_4_4.wsq,genuine,19,19,19,,True,40.287445,1210
1110,derive,81,DB1_Lumidgm:81:2,DB1_Lumidgm/75_1_1.wsq,impostor,3,19,3,,False,36.092356,0
1110,stored,81,DB1_Lumidgm:81:2,DB1_Lumidgm/75_1_1.wsq,impostor,3,19,3,,False,37.858675,0
1111,stored,43,DB1_Lumidgm:43:7,DB1_Lumidgm/33_1_3.wsq,impostor,6,19,6,,False,39.991095,0
1111,derive,43,DB1_Lumidgm:43:7,DB1_Lumidgm/33_1_3.wsq,impostor,6,19,6,,False,39.492154,0
1112,derive,63,DB1_Lumidgm:63:5,DB1_Lumidgm/69_1_3.wsq,impostor,5,19,5,,False,37.65317,0
1112,stored,63,DB1_Lumidgm:63:5,DB1_Lumidgm/69_1_3.wsq,impostor,5,19,5,,False,38.716792,0
1113,stored,100,DB1_Lumidgm:100:5,DB1_Lumidgm/27_1_9.wsq,impostor,6,19,6,,False,41.903832,0
1113,derive,100,DB1_Lumidgm:100:5,DB1_Lumidgm/27_1_9.wsq,impostor,6,19,6,,False,39.742768,0
1114,derive,70,DB1_Lumidgm:70:10,DB1_Lumidgm/23_1_8.wsq,impostor,12,19,12,,False,36.667683,0
1114,stored,70,DB1_Lumidgm:70:10,DB1_Lumidgm/23_1_8.wsq,impostor,12,19,12,,False,37.864131,0
1115,stored,85,DB1_Lumidgm:85:1,DB1_Lumidgm/88_1_2.wsq,impostor,5,19,5,,False,44.876022,0
1115,derive,85,DB1_Lumidgm:85:1,DB1_Lumidgm/88_1_2.wsq,impostor,5,19,5,,False,44.186707,0
1116,derive,54,DB1_Lumidgm:54:7,DB1_Lumidgm/77_1_9.wsq,impostor,15,19,15,,False,36.671681,0
1116,stored,54,DB1_Lumidgm:54:7,DB1_Lumidgm/77_1_9.wsq,impostor,15,19,15,,False,36.540063,0
1117,stored,100,DB1_Lumidgm:100:2,DB1_Lumidgm/100_2_2.wsq,genuine,175,19,175,,True,43.495594,1211
1117,derive,100,DB1_Lumidgm:100:2,DB1_Lumidgm/100_2_2.wsq,genuine,175,19,175,,True,42.28844,1211
1118,derive,33,DB1_Lumidgm:33:1,DB1_Lumidgm/41_1_3.wsq,impostor,6,19,6,,False,36.637423,0
1118,stored,33,DB1_Lumidgm:33:1,DB1_Lumidgm/41_1_3.wsq,impostor,6,19,6,,False,38.806917,0
1119,stored,82,DB1_Lumidgm:82:1,DB1_Lumidgm/79_1_9.wsq,impostor,8,19,8,,False,38.759571,0
1119,derive,82,DB1_Lumidgm:82:1,DB1_Lumidgm/79_1_9.wsq,impostor,8,19,8,,False,37.879593,0
1120,derive,36,DB1_Lumidgm:36:3,DB1_Lumidgm/30_1_4.wsq,impostor,6,19,6,,False,35.524978,0
1120,stored,36,DB1_Lumidgm:36:3,DB1_Lumidgm/30_1_4.wsq,impostor,6,19,6,,False,35.696285,0
1121,stored,67,DB1_Lumidgm:67:7,DB1_Lumidgm/67_3_7.wsq,genuine,78,19,78,,True,43.308507,1210
1121,derive,67,DB1_Lumidgm:67:7,DB1_Lumidgm/67_3_7.wsq,genuine,78,19,78,,True,43.845916,1210
1122,derive,95,DB1_Lumidgm:95:10,DB1_Lumidgm/95_3_10.wsq,genuine,13,19,13,,False,34.928955,0
1122,stored,95,DB1_Lumidgm:95:10,DB1_Lumidgm/95_3_10.wsq,genuine,13,19,13,,False,35.116588,0
1123,stored,92,DB1_Lumidgm:92:1,DB1_Lumidgm/64_1_7.wsq,impostor,5,19,5,,False,36.050925,0
1123,derive,92,DB1_Lumidgm:92:1,DB1_Lumidgm/64_1_7.wsq,impostor,5,19,5,,False,38.633303,0
1124,derive,34,DB1_Lumidgm:34:1,DB1_Lumidgm/88_1_1.wsq,impostor,3,19,3,,False,43.179417,0
1124,stored,34,DB1_Lumidgm:34:1,DB1_Lumidgm/88_1_1.wsq,impostor,3,19,3,,False,42.375669,0
1125,stored,82,DB1_Lumidgm:82:4,DB1_Lumidgm/21_1_8.wsq,impostor,5,19,5,,False,36.684733,0
1125,derive,82,DB1_Lumidgm:82:4,DB1_Lumidgm/21_1_8.wsq,impostor,5,19,5,,False,36.163964,0
1126,derive,70,DB1_Lumidgm:70:9,DB1_Lumidgm/84_1_9.wsq,impostor,9,19,9,,False,36.921508,0
1126,stored,70,DB1_Lumidgm:70:9,DB1_Lumidgm/84_1_9.wsq,impostor,9,19,9,,False,35.662885,0
1127,stored,47,DB1_Lumidgm:47:1,DB1_Lumidgm/44_1_5.wsq,impostor,6,19,6,,False,38.277825,0
1127,derive,47,DB1_Lumidgm:47:1,DB1_Lumidgm/44_1_5.wsq,impostor,6,19,6,,False,40.461673,0
1128,derive,49,DB1_Lumidgm:49:1,DB1_Lumidgm/84_1_8.wsq,impostor,11,19,11,,False,39.285881,0
1128,stored,49,DB1_Lumidgm:49:1,DB1_Lumidgm/84_1_8.wsq,impostor,11,19,11,,False,39.96675,0
1129,stored,93,DB1_Lumidgm:93:6,DB1_Lumidgm/42_1_6.wsq,impostor,6,19,6,,False,37.979369,0
1129,derive,93,DB1_Lumidgm:93:6,DB1_Lumidgm/42_1_6.wsq,impostor,6,19,6,,False,39.292412,0
1130,derive,65,DB1_Lumidgm:65:4,DB1_Lumidgm/25_1_3.wsq,impostor,7,19,7,,False,35.711643,0
1130,stored,65,DB1_Lumidgm:65:4,DB1_Lumidgm/25_1_3.wsq,impostor,7,19,7,,False,35.658197,0
1131,stored,47,DB1_Lumidgm:47:7,DB1_Lumidgm/86_1_4.wsq,impostor,5,19,5,,False,33.527165,0
1131,derive,47,DB1_Lumidgm:47:7,DB1_Lumidgm/86_1_4.wsq,impostor,5,19,5,,False,34.008207,0
1132,derive,36,DB1_Lumidgm:36:3,DB1_Lumidgm/98_1_4.wsq,impostor,5,19,5,,False,36.347124,0
1132,stored,36,DB1_Lumidgm:36:3,DB1_Lumidgm/98_1_4.wsq,impostor,5,19,5,,False,37.594581,0
1133,stored,46,DB1_Lumidgm:46:4,DB1_Lumidgm/65_1_9.wsq,impostor,7,19,7,,False,43.33498,0
1133,derive,46,DB1_Lumidgm:46:4,DB1_Lumidgm/65_1_9.wsq,impostor,7,19,7,,False,42.178384,0
1134,derive,38,DB1_Lumidgm:38:2,DB1_Lumidgm/87_1_3.wsq,impostor,11,19,11,,False,39.575843,0
1134,stored,38,DB1_Lumidgm:38:2,DB1_Lumidgm/87_1_3.wsq,impostor,11,19,11,,False,38.23556,0
1135,stored,84,DB1_Lumidgm:84:4,DB1_Lumidgm/84_2_4.wsq,genuine,7,19,7,,False,36.886733,0
1135,derive,84,DB1_Lumidgm:84:4,DB1_Lumidgm/84_2_4.wsq,genuine,7,19,7,,False,36.440258,0
1136,derive,89,DB1_Lumidgm:89:1,DB1_Lumidgm/93_1_9.wsq,impostor,15,19,15,,False,49.22958,0
1136,stored,89,DB1_Lumidgm:89:1,DB1_Lumidgm/93_1_9.wsq,impostor,15,19,15,,False,44.445782,0
1137,stored,98,DB1_Lumidgm:98:3,DB1_Lumidgm/98_4_3.wsq,genuine,50,19,50,,True,40.960343,1210
1137,derive,98,DB1_Lumidgm:98:3,DB1_Lumidgm/98_4_3.wsq,genuine,50,19,50,,True,39.48756,1210
1138,derive,42,DB1_Lumidgm:42:8,DB1_Lumidgm/93_1_5.wsq,impostor,5,19,5,,False,40.289408,0
1138,stored,42,DB1_Lumidgm:42:8,DB1_Lumidgm/93_1_5.wsq,impostor,5,19,5,,False,39.024936,0
1139,stored,39,DB1_Lumidgm:39:6,DB1_Lumidgm/93_1_10.wsq,impostor,9,19,9,,False,37.27597,0
1139,derive,39,DB1_Lumidgm:39:6,DB1_Lumidgm/93_1_10.wsq,impostor,9,19,9,,False,36.973518,0
1140,derive,41,DB1_Lumidgm:41:4,DB1_Lumidgm/63_1_5.wsq,impostor,9,19,9,,False,34.151208,0
1140,stored,41,DB1_Lumidgm:41:4,DB1_Lumidgm/63_1_5.wsq,impostor,9,19,9,,False,34.854124,0
1141,stored,31,DB1_Lumidgm:31:8,DB1_Lumidgm/77_1_3.wsq,impostor,8,19,8,,False,36.167555,0
1141,derive,31,DB1_Lumidgm:31:8,DB1_Lumidgm/77_1_3.wsq,impostor,8,19,8,,False,36.548286,0
1142,derive,39,DB1_Lumidgm:39:9,DB1_Lumidgm/39_2_9.wsq,genuine,215,19,215,,True,46.201481,1210
1142,stored,39,DB1_Lumidgm:39:9,DB1_Lumidgm/39_2_9.wsq,genuine,215,19,215,,True,45.35535,1210
1143,stored,91,DB1_Lumidgm:91:9,DB1_Lumidgm/63_1_2.wsq,impostor,6,19,6,,False,33.019018,0
1143,derive,91,DB1_Lumidgm:91:9,DB1_Lumidgm/63_1_2.wsq,impostor,6,19,6,,False,33.220549,0
1144,derive,91,DB1_Lumidgm:91:2,DB1_Lumidgm/73_1_5.wsq,impostor,7,19,7,,False,36.590531,0
1144,stored,91,DB1_Lumidgm:91:2,DB1_Lumidgm/73_1_5.wsq,impostor,7,19,7,,False,37.057436,0
1145,stored,94,DB1_Lumidgm:94:10,DB1_Lumidgm/94_2_10.wsq,genuine,61,19,61,,True,49.806022,1211
1145,derive,94,DB1_Lumidgm:94:10,DB1_Lumidgm/94_2_10.wsq,genuine,61,19,61,,True,46.79447,1211
1146,derive,31,DB1_Lumidgm:31:10,DB1_Lumidgm/35_1_8.wsq,impostor,17,19,17,,False,38.411545,0
1146,stored,31,DB1_Lumidgm:31:10,DB1_Lumidgm/35_1_8.wsq,impostor,17,19,17,,False,37.757738,0
1147,stored,40,DB1_Lumidgm:40:9,DB1_Lumidgm/60_1_3.wsq,impostor,6,19,6,,False,36.66695,0
1147,derive,40,DB1_Lumidgm:40:9,DB1_Lumidgm/60_1_3.wsq,impostor,6,19,6,,False,36.145761,0
1148,derive,42,DB1_Lumidgm:42:9,DB1_Lumidgm/82_1_8.wsq,impostor,7,19,7,,False,34.375014,0
1148,stored,42,DB1_Lumidgm:42:9,DB1_Lumidgm/82_1_8.wsq,impostor,7,19,7,,False,36.408335,0
1149,stored,78,DB1_Lumidgm:78:8,DB1_Lumidgm/56_1_8.wsq,impostor,9,19,9,,False,36.529683,0
1149,derive,78,DB1_Lumidgm:78:8,DB1_Lumidgm/56_1_8.wsq,impostor,9,19,9,,False,37.443191,0
1150,derive,35,DB1_Lumidgm:35:7,DB1_Lumidgm/72_1_3.wsq,impostor,11,19,11,,False,36.782743,0
1150,stored,35,DB1_Lumidgm:35:7,DB1_Lumidgm/72_1_3.wsq,impostor,11,19,11,,False,36.192388,0
1151,stored,58,DB1_Lumidgm:58:3,DB1_Lumidgm/37_1_10.wsq,impostor,6,19,6,,False,34.876463,0
1151,derive,58,DB1_Lumidgm:58:3,DB1_Lumidgm/37_1_10.wsq,impostor,6,19,6,,False,32.811252,0
1152,derive,56,DB1_Lumidgm:56:2,DB1_Lumidgm/56_4_2.wsq,genuine,204,19,204,,True,47.276939,1210
1152,stored,56,DB1_Lumidgm:56:2,DB1_Lumidgm/56_4_2.wsq,genuine,204,19,204,,True,46.432681,1210
1153,stored,93,DB1_Lumidgm:93:5,DB1_Lumidgm/83_1_5.wsq,impostor,7,19,7,,False,32.355298,0
1153,derive,93,DB1_Lumidgm:93:5,DB1_Lumidgm/83_1_5.wsq,impostor,7,19,7,,False,32.512871,0
1154,derive,48,DB1_Lumidgm:48:1,DB1_Lumidgm/50_1_10.wsq,impostor,7,19,7,,False,38.356359,0
1154,stored,48,DB1_Lumidgm:48:1,DB1_Lumidgm/50_1_10.wsq,impostor,7,19,7,,False,36.807446,0
1155,stored,81,DB1_Lumidgm:81:4,DB1_Lumidgm/46_1_7.wsq,impostor,5,19,5,,False,38.843237,0
1155,derive,81,DB1_Lumidgm:81:4,DB1_Lumidgm/46_1_7.wsq,impostor,5,19,5,,False,38.932992,0
1156,derive,56,DB1_Lumidgm:56:1,DB1_Lumidgm/52_1_7.wsq,impostor,5,19,5,,False,41.462905,0
1156,stored,56,DB1_Lumidgm:56:1,DB1_Lumidgm/52_1_7.wsq,impostor,5,19,5,,False,37.73888,0
1157,stored,83,DB1_Lumidgm:83:7,DB1_Lumidgm/76_1_9.wsq,impostor,6,19,6,,False,35.57635,0
1157,derive,83,DB1_Lumidgm:83:7,DB1_Lumidgm/76_1_9.wsq,impostor,6,19,6,,False,34.312722,0
1158,derive,54,DB1_Lumidgm:54:3,DB1_Lumidgm/54_2_3.wsq,genuine,103,19,103,,True,51.526271,1210
1158,stored,54,DB1_Lumidgm:54:3,DB1_Lumidgm/54_2_3.wsq,genuine,103,19,103,,True,50.258681,1210
1159,stored,98,DB1_Lumidgm:98:3,DB1_Lumidgm/35_1_5.wsq,impostor,4,19,4,,False,36.236951,0
1159,derive,98,DB1_Lumidgm:98:3,DB1_Lumidgm/35_1_5.wsq,impostor,4,19,4,,False,37.36197,0
1160,derive,75,DB1_Lumidgm:75:9,DB1_Lumidgm/75_2_9.wsq,genuine,58,19,58,,True,37.932933,1210
1160,stored,75,DB1_Lumidgm:75:9,DB1_Lumidgm/75_2_9.wsq,genuine,58,19,58,,True,37.747304,1210
1161,stored,88,DB1_Lumidgm:88:6,DB1_Lumidgm/73_1_10.wsq,impostor,4,19,4,,False,34.700525,0
1161,derive,88,DB1_Lumidgm:88:6,DB1_Lumidgm/73_1_10.wsq,impostor,4,19,4,,False,35.058561,0
1162,derive,78,DB1_Lumidgm:78:6,DB1_Lumidgm/35_1_8.wsq,impostor,6,19,6,,False,38.283873,0
1162,stored,78,DB1_Lumidgm:78:6,DB1_Lumidgm/35_1_8.wsq,impostor,6,19,6,,False,36.287163,0
1163,stored,51,DB1_Lumidgm:51:1,DB1_Lumidgm/51_4_1.wsq,genuine,141,19,141,,True,44.541858,1210
1163,derive,51,DB1_Lumidgm:51:1,DB1_Lumidgm/51_4_1.wsq,genuine,141,19,141,,True,42.953849,1210
1164,derive,26,DB1_Lumidgm:26:2,DB1_Lumidgm/47_1_1.wsq,impostor,10,19,10,,False,36.20258,0
1164,stored,26,DB1_Lumidgm:26:2,DB1_Lumidgm/47_1_1.wsq,impostor,10,19,10,,False,36.339585,0
1165,stored,85,DB1_Lumidgm:85:10,DB1_Lumidgm/78_1_5.wsq,impostor,9,19,9,,False,33.749613,0
1165,derive,85,DB1_Lumidgm:85:10,DB1_Lumidgm/78_1_5.wsq,impostor,9,19,9,,False,33.669275,0
1166,derive,24,DB1_Lumidgm:24:3,DB1_Lumidgm/75_1_5.wsq,impostor,8,19,8,,False,33.415786,0
1166,stored,24,DB1_Lumidgm:24:3,DB1_Lumidgm/75_1_5.wsq,impostor,8,19,8,,False,33.632045,0
1167,stored,58,DB1_Lumidgm:58:7,DB1_Lumidgm/58_4_7.wsq,genuine,20,19,20,,True,36.31026,1210
1167,derive,58,DB1_Lumidgm:58:7,DB1_Lumidgm/58_4_7.wsq,genuine,20,19,20,,True,35.169514,1210
1168,derive,25,DB1_Lumidgm:25:2,DB1_Lumidgm/99_1_8.wsq,impostor,9,19,9,,False,38.780431,0
1168,stored,25,DB1_Lumidgm:25:2,DB1_Lumidgm/99_1_8.wsq,impostor,9,19,9,,False,39.7489,0
1169,stored,87,DB1_Lumidgm:87:2,DB1_Lumidgm/30_1_4.wsq,impostor,8,19,8,,False,35.553016,0
1169,derive,87,DB1_Lumidgm:87:2,DB1_Lumidgm/30_1_4.wsq,impostor,8,19,8,,False,36.296149,0
1170,derive,89,DB1_Lumidgm:89:2,DB1_Lumidgm/48_1_10.wsq,impostor,4,19,4,,False,37.968341,0
1170,stored,89,DB1_Lumidgm:89:2,DB1_Lumidgm/48_1_10.wsq,impostor,4,19,4,,False,36.053409,0
1171,stored,31,DB1_Lumidgm:31:9,DB1_Lumidgm/83_1_8.wsq,impostor,12,19,12,,False,37.331858,0
1171,derive,31,DB1_Lumidgm:31:9,DB1_Lumidgm/83_1_8.wsq,impostor,12,19,12,,False,36.903958,0
1172,derive,69,DB1_Lumidgm:69:4,DB1_Lumidgm/79_1_1.wsq,impostor,8,19,8,,False,36.215811,0
1172,stored,69,DB1_Lumidgm:69:4,DB1_Lumidgm/79_1_1.wsq,impostor,8,19,8,,False,36.580636,0
1173,stored,40,DB1_Lumidgm:40:2,DB1_Lumidgm/94_1_2.wsq,impostor,7,19,7,,False,39.155876,0
1173,derive,40,DB1_Lumidgm:40:2,DB1_Lumidgm/94_1_2.wsq,impostor,7,19,7,,False,41.445501,0
1174,derive,37,DB1_Lumidgm:37:6,DB1_Lumidgm/41_1_10.wsq,impostor,9,19,9,,False,36.150287,0
1174,stored,37,DB1_Lumidgm:37:6,DB1_Lumidgm/41_1_10.wsq,impostor,9,19,9,,False,37.139125,0
1175,stored,96,DB1_Lumidgm:96:2,DB1_Lumidgm/28_1_2.wsq,impostor,4,19,4,,False,37.957787,0
1175,derive,96,DB1_Lumidgm:96:2,DB1_Lumidgm/28_1_2.wsq,impostor,4,19,4,,False,36.912305,0
1176,derive,95,DB1_Lumidgm:95:3,DB1_Lumidgm/89_1_10.wsq,impostor,11,19,11,,False,44.449019,0
1176,stored,95,DB1_Lumidgm:95:3,DB1_Lumidgm/89_1_10.wsq,impostor,11,19,11,,False,44.419173,0
1177,stored,74,DB1_Lumidgm:74:5,DB1_Lumidgm/27_1_6.wsq,impostor,6,19,6,,False,36.570959,0
1177,derive,74,DB1_Lumidgm:74:5,DB1_Lumidgm/27_1_6.wsq,impostor,6,19,6,,False,38.045189,0
1178,derive,78,DB1_Lumidgm:78:10,DB1_Lumidgm/21_1_10.wsq,impostor,9,19,9,,False,36.634382,0
1178,stored,78,DB1_Lumidgm:78:10,DB1_Lumidgm/21_1_10.wsq,impostor,9,19,9,,False,36.807659,0
1179,stored,74,DB1_Lumidgm:74:10,DB1_Lumidgm/87_1_1.wsq,impostor,9,19,9,,False,37.408242,0
1179,derive,74,DB1_Lumidgm:74:10,DB1_Lumidgm/87_1_1.wsq,impostor,9,19,9,,False,37.300145,0
1180,derive,97,DB1_Lumidgm:97:6,DB1_Lumidgm/84_1_9.wsq,impostor,4,19,4,,False,36.05083,0
1180,stored,97,DB1_Lumidgm:97:6,DB1_Lumidgm/84_1_9.wsq,impostor,4,19,4,,False,35.896002,0
1181,stored,29,DB1_Lumidgm:29:2,DB1_Lumidgm/47_1_8.wsq,impostor,5,19,5,,False,36.032629,0
1181,derive,29,DB1_Lumidgm:29:2,DB1_Lumidgm/47_1_8.wsq,impostor,5,19,5,,False,36.283602,0
1182,derive,61,DB1_Lumidgm:61:4,DB1_Lumidgm/35_1_4.wsq,impostor,4,19,4,,False,36.910042,0
1182,stored,61,DB1_Lumidgm:61:4,DB1_Lumidgm/35_1_4.wsq,impostor,4,19,4,,False,37.046265,0
1183,stored,45,DB1_Lumidgm:45:1,DB1_Lumidgm/94_1_1.wsq,impostor,6,19,6,,False,41.596764,0
1183,derive,45,DB1_Lumidgm:45:1,DB1_Lumidgm/94_1_1.wsq,impostor,6,19,6,,False,41.714718,0
1184,derive,54,DB1_Lumidgm:54:10,DB1_Lumidgm/88_1_7.wsq,impostor,4,19,4,,False,43.551032,0
1184,stored,54,DB1_Lumidgm:54:10,DB1_Lumidgm/88_1_7.wsq,impostor,4,19,4,,False,44.643853,0
1185,stored,78,DB1_Lumidgm:78:2,DB1_Lumidgm/78_2_2.wsq,genuine,142,19,142,,True,35.368697,1210
1185,derive,78,DB1_Lumidgm:78:2,DB1_Lumidgm/78_2_2.wsq,genuine,142,19,142,,True,34.452854,1210
1186,derive,54,DB1_Lumidgm:54:5,DB1_Lumidgm/55_1_10.wsq,impostor,10,19,10,,False,36.978972,0
1186,stored,54,DB1_Lumidgm:54:5,DB1_Lumidgm/55_1_10.wsq,impostor,10,19,10,,False,36.771592,0
1187,stored,42,DB1_Lumidgm:42:9,DB1_Lumidgm/26_1_1.wsq,impostor,5,19,5,,False,36.803047,0
1187,derive,42,DB1_Lumidgm:42:9,DB1_Lumidgm/26_1_1.wsq,impostor,5,19,5,,False,38.082207,0
1188,derive,46,DB1_Lumidgm:46:5,DB1_Lumidgm/57_1_3.wsq,impostor,8,19,8,,False,37.262385,0
1188,stored,46,DB1_Lumidgm:46:5,DB1_Lumidgm/57_1_3.wsq,impostor,8,19,8,,False,36.367338,0
1189,stored,60,DB1_Lumidgm:60:5,DB1_Lumidgm/82_1_8.wsq,impostor,6,19,6,,False,35.21952,0
1189,derive,60,DB1_Lumidgm:60:5,DB1_Lumidgm/82_1_8.wsq,impostor,6,19,6,,False,34.275783,0
1190,derive,28,DB1_Lumidgm:28:1,DB1_Lumidgm/75_1_6.wsq,impostor,4,19,4,,False,35.274899,0
1190,stored,28,DB1_Lumidgm:28:1,DB1_Lumidgm/75_1_6.wsq,impostor,4,19,4,,False,36.132216,0
1191,stored,78,DB1_Lumidgm:78:5,DB1_Lumidgm/73_1_7.wsq,impostor,8,19,8,,False,35.648291,0
1191,derive,78,DB1_Lumidgm:78:5,DB1_Lumidgm/73_1_7.wsq,impostor,8,19,8,,False,34.896925,0
1192,derive,81,DB1_Lumidgm:81:4,DB1_Lumidgm/42_1_9.wsq,impostor,6,19,6,,False,37.811061,0
1192,stored,81,DB1_Lumidgm:81:4,DB1_Lumidgm/42_1_9.wsq,impostor,6,19,6,,False,37.451812,0
1193,stored,45,DB1_Lumidgm:45:7,DB1_Lumidgm/44_1_4.wsq,impostor,7,19,7,,False,36.586737,0
1193,derive,45,DB1_Lumidgm:45:7,DB1_Lumidgm/44_1_4.wsq,impostor,7,19,7,,False,36.913072,0
1194,derive,26,DB1_Lumidgm:26:2,DB1_Lumidgm/94_1_8.wsq,impostor,5,19,5,,False,41.527444,0
1194,stored,26,DB1_Lumidgm:26:2,DB1_Lumidgm/94_1_8.wsq,impostor,5,19,5,,False,41.802604,0
1195,stored,78,DB1_Lumidgm:78:5,DB1_Lumidgm/79_1_9.wsq,impostor,8,19,8,,False,39.135909,0
1195,derive,78,DB1_Lumidgm:78:5,DB1_Lumidgm/79_1_9.wsq,impostor,8,19,8,,False,37.557214,0
1196,derive,44,DB1_Lumidgm:44:10,DB1_Lumidgm/42_1_7.wsq,impostor,6,19,6,,False,36.909366,0
1196,stored,44,DB1_Lumidgm:44:10,DB1_Lumidgm/42_1_7.wsq,impostor,6,19,6,,False,37.098206,0
1197,stored,64,DB1_Lumidgm:64:8,DB1_Lumidgm/35_1_4.wsq,impostor,4,19,4,,False,37.618102,0
1197,derive,64,DB1_Lumidgm:64:8,DB1_Lumidgm/35_1_4.wsq,impostor,4,19,4,,False,37.076594,0
1198,derive,79,DB1_Lumidgm:79:8,DB1_Lumidgm/85_1_4.wsq,impostor,7,19,7,,False,34.516268,0
1198,stored,79,DB1_Lumidgm:79:8,DB1_Lumidgm/85_1_4.wsq,impostor,7,19,7,,False,35.306846,0
1199,stored,89,DB1_Lumidgm:89:10,DB1_Lumidgm/50_1_2.wsq,impostor,12,19,12,,False,38.832392,0
1199,derive,89,DB1_Lumidgm:89:10,DB1_Lumidgm/50_1_2.wsq,impostor,12,19,12,,False,39.502319,0
1200,derive,82,DB1_Lumidgm:82:5,DB1_Lumidgm/79_1_1.wsq,impostor,14,19,14,,False,41.205578,0
1200,stored,82,DB1_Lumidgm:82:5,DB1_Lumidgm/79_1_1.wsq,impostor,14,19,14,,False,37.714661,0
1201,stored,58,DB1_Lumidgm:58:1,DB1_Lumidgm/68_1_5.wsq,impostor,4,19,4,,False,33.429059,0
1201,derive,58,DB1_Lumidgm:58:1,DB1_Lumidgm/68_1_5.wsq,impostor,4,19,4,,False,33.761584,0
1202,derive,28,DB1_Lumidgm:28:10,DB1_Lumidgm/57_1_7.wsq,impostor,5,19,5,,False,41.350125,0
1202,stored,28,DB1_Lumidgm:28:10,DB1_Lumidgm/57_1_7.wsq,impostor,5,19,5,,False,62.46252,0
1203,stored,85,DB1_Lumidgm:85:8,DB1_Lumidgm/94_1_1.wsq,impostor,7,19,7,,False,42.212392,0
1203,derive,85,DB1_Lumidgm:85:8,DB1_Lumidgm/94_1_1.wsq,impostor,7,19,7,,False,41.484522,0
1204,derive,80,DB1_Lumidgm:80:2,DB1_Lumidgm/83_1_1.wsq,impostor,5,19,5,,False,37.115896,0
1204,stored,80,DB1_Lumidgm:80:2,DB1_Lumidgm/83_1_1.wsq,impostor,5,19,5,,False,34.895921,0
1205,stored,94,DB1_Lumidgm:94:7,DB1_Lumidgm/95_1_3.wsq,impostor,7,19,7,,False,41.889232,0
1205,derive,94,DB1_Lumidgm:94:7,DB1_Lumidgm/95_1_3.wsq,impostor,7,19,7,,False,42.658188,0
1206,derive,68,DB1_Lumidgm:68:7,DB1_Lumidgm/23_1_8.wsq,impostor,11,19,11,,False,34.797735,0
1206,stored,68,DB1_Lumidgm:68:7,DB1_Lumidgm/23_1_8.wsq,impostor,11,19,11,,False,36.811016,0
1207,stored,73,DB1_Lumidgm:73:1,DB1_Lumidgm/55_1_8.wsq,impostor,5,19,5,,False,37.828632,0
1207,derive,73,DB1_Lumidgm:73:1,DB1_Lumidgm/55_1_8.wsq,impostor,5,19,5,,False,36.774431,0
1208,derive,81,DB1_Lumidgm:81:3,DB1_Lumidgm/59_1_5.wsq,impostor,7,19,7,,False,36.871582,0
1208,stored,81,DB1_Lumidgm:81:3,DB1_Lumidgm/59_1_5.wsq,impostor,7,19,7,,False,36.341821,0
1209,stored,27,DB1_Lumidgm:27:6,DB1_Lumidgm/57_1_3.wsq,impostor,4,19,4,,False,35.794356,0
1209,derive,27,DB1_Lumidgm:27:6,DB1_Lumidgm/57_1_3.wsq,impostor,4,19,4,,False,35.807665,0
1210,derive,77,DB1_Lumidgm:77:7,DB1_Lumidgm/75_1_10.wsq,impostor,8,19,8,,False,33.512572,0
1210,stored,77,DB1_Lumidgm:77:7,DB1_Lumidgm/75_1_10.wsq,impostor,8,19,8,,False,34.607986,0
1211,stored,86,DB1_Lumidgm:86:7,DB1_Lumidgm/92_1_7.wsq,impostor,4,19,4,,False,38.76076,0
1211,derive,86,DB1_Lumidgm:86:7,DB1_Lumidgm/92_1_7.wsq,impostor,4,19,4,,False,39.246705,0
1212,derive,94,DB1_Lumidgm:94:7,DB1_Lumidgm/83_1_7.wsq,impostor,6,19,6,,False,35.96673,0
1212,stored,94,DB1_Lumidgm:94:7,DB1_Lumidgm/83_1_7.wsq,impostor,6,19,6,,False,36.707535,0
1213,stored,26,DB1_Lumidgm:26:3,DB1_Lumidgm/26_2_3.wsq,genuine,10,19,10,,False,38.70747,0
1213,derive,26,DB1_Lumidgm:26:3,DB1_Lumidgm/26_2_3.wsq,genuine,10,19,10,,False,36.091916,0
1214,derive,30,DB1_Lumidgm:30:4,DB1_Lumidgm/21_1_6.wsq,impostor,7,19,7,,False,37.151254,0
1214,stored,30,DB1_Lumidgm:30:4,DB1_Lumidgm/21_1_6.wsq,impostor,7,19,7,,False,35.974417,0
1215,stored,66,DB1_Lumidgm:66:5,DB1_Lumidgm/87_1_3.wsq,impostor,17,19,17,,False,39.655158,0
1215,derive,66,DB1_Lumidgm:66:5,DB1_Lumidgm/87_1_3.wsq,impostor,17,19,17,,False,42.080444,0
1216,derive,24,DB1_Lumidgm:24:4,DB1_Lumidgm/24_3_4.wsq,genuine,192,19,192,,True,68.248581,1210
1216,stored,24,DB1_Lumidgm:24:4,DB1_Lumidgm/24_3_4.wsq,genuine,192,19,192,,True,68.290964,1210
1217,stored,64,DB1_Lumidgm:64:8,DB1_Lumidgm/65_1_7.wsq,impostor,4,19,4,,False,47.731604,0
1217,derive,64,DB1_Lumidgm:64:8,DB1_Lumidgm/65_1_7.wsq,impostor,4,19,4,,False,44.760973,0
1218,derive,97,DB1_Lumidgm:97:5,DB1_Lumidgm/96_1_3.wsq,impostor,8,19,8,,False,37.963853,0
1218,stored,97,DB1_Lumidgm:97:5,DB1_Lumidgm/96_1_3.wsq,impostor,8,19,8,,False,37.527259,0
1219,stored,43,DB1_Lumidgm:43:3,DB1_Lumidgm/77_1_9.wsq,impostor,7,19,7,,False,39.753461,0
1219,derive,43,DB1_Lumidgm:43:3,DB1_Lumidgm/77_1_9.wsq,impostor,7,19,7,,False,39.973933,0
1220,derive,45,DB1_Lumidgm:45:6,DB1_Lumidgm/68_1_10.wsq,impostor,16,19,16,,False,35.833471,0
1220,stored,45,DB1_Lumidgm:45:6,DB1_Lumidgm/68_1_10.wsq,impostor,16,19,16,,False,33.407858,0
1221,stored,28,DB1_Lumidgm:28:1,DB1_Lumidgm/32_1_8.wsq,impostor,9,19,9,,False,35.429459,0
1221,derive,28,DB1_Lumidgm:28:1,DB1_Lumidgm/32_1_8.wsq,impostor,9,19,9,,False,35.760077,0
1222,derive,51,DB1_Lumidgm:51:8,DB1_Lumidgm/68_1_4.wsq,impostor,7,19,7,,False,32.538227,0
1222,stored,51,DB1_Lumidgm:51:8,DB1_Lumidgm/68_1_4.wsq,impostor,7,19,7,,False,34.751438,0
1223,stored,78,DB1_Lumidgm:78:6,DB1_Lumidgm/25_1_9.wsq,impostor,3,19,3,,False,39.005632,0
1223,derive,78,DB1_Lumidgm:78:6,DB1_Lumidgm/25_1_9.wsq,impostor,3,19,3,,False,38.189674,0
1224,derive,26,DB1_Lumidgm:26:8,DB1_Lumidgm/93_1_10.wsq,impostor,7,19,7,,False,40.169846,0
1224,stored,26,DB1_Lumidgm:26:8,DB1_Lumidgm/93_1_10.wsq,impostor,7,19,7,,False,40.108886,0
1225,stored,89,DB1_Lumidgm:89:6,DB1_Lumidgm/58_1_9.wsq,impostor,11,19,11,,False,44.757426,0
1225,derive,89,DB1_Lumidgm:89:6,DB1_Lumidgm/58_1_9.wsq,impostor,11,19,11,,False,41.456275,0
1226,derive,51,DB1_Lumidgm:51:7,DB1_Lumidgm/34_1_6.wsq,impostor,5,19,5,,False,36.908234,0
1226,stored,51,DB1_Lumidgm:51:7,DB1_Lumidgm/34_1_6.wsq,impostor,5,19,5,,False,36.386728,0
1227,stored,42,DB1_Lumidgm:42:5,DB1_Lumidgm/46_1_2.wsq,impostor,9,19,9,,False,39.81675,0
1227,derive,42,DB1_Lumidgm:42:5,DB1_Lumidgm/46_1_2.wsq,impostor,9,19,9,,False,40.052343,0
1228,derive,96,DB1_Lumidgm:96:5,DB1_Lumidgm/83_1_1.wsq,impostor,11,19,11,,False,35.272694,0
1228,stored,96,DB1_Lumidgm:96:5,DB1_Lumidgm/83_1_1.wsq,impostor,11,19,11,,False,35.2694,0
1229,stored,91,DB1_Lumidgm:91:1,DB1_Lumidgm/40_1_9.wsq,impostor,8,19,8,,False,35.135104,0
1229,derive,91,DB1_Lumidgm:91:1,DB1_Lumidgm/40_1_9.wsq,impostor,8,19,8,,False,35.916698,0
1230,derive,58,DB1_Lumidgm:58:4,DB1_Lumidgm/43_1_9.wsq,impostor,5,19,5,,False,49.243792,0
1230,stored,58,DB1_Lumidgm:58:4,DB1_Lumidgm/43_1_9.wsq,impostor,5,19,5,,False,37.932961,0
1231,stored,50,DB1_Lumidgm:50:6,DB1_Lumidgm/50_2_6.wsq,genuine,73,19,73,,True,39.762815,1210
1231,derive,50,DB1_Lumidgm:50:6,DB1_Lumidgm/50_2_6.wsq,genuine,73,19,73,,True,40.66434,1210
1232,derive,43,DB1_Lumidgm:43:10,DB1_Lumidgm/93_1_4.wsq,impostor,6,19,6,,False,41.846337,0
1232,stored,43,DB1_Lumidgm:43:10,DB1_Lumidgm/93_1_4.wsq,impostor,6,19,6,,False,41.57667,0
1233,stored,65,DB1_Lumidgm:65:5,DB1_Lumidgm/51_1_2.wsq,impostor,10,19,10,,False,36.871212,0
1233,derive,65,DB1_Lumidgm:65:5,DB1_Lumidgm/51_1_2.wsq,impostor,10,19,10,,False,36.321309,0
1234,derive,97,DB1_Lumidgm:97:5,DB1_Lumidgm/58_1_10.wsq,impostor,7,19,7,,False,42.408069,0
1234,stored,97,DB1_Lumidgm:97:5,DB1_Lumidgm/58_1_10.wsq,impostor,7,19,7,,False,44.378007,0
1235,stored,82,DB1_Lumidgm:82:8,DB1_Lumidgm/82_2_8.wsq,genuine,19,19,19,,True,39.703697,1210
1235,derive,82,DB1_Lumidgm:82:8,DB1_Lumidgm/82_2_8.wsq,genuine,19,19,19,,True,38.763221,1210
1236,derive,84,DB1_Lumidgm:84:8,DB1_Lumidgm/58_1_1.wsq,impostor,7,19,7,,False,43.217972,0
1236,stored,84,DB1_Lumidgm:84:8,DB1_Lumidgm/58_1_1.wsq,impostor,7,19,7,,False,42.412632,0
1237,stored,92,DB1_Lumidgm:92:3,DB1_Lumidgm/32_1_3.wsq,impostor,5,19,5,,False,37.598021,0
1237,derive,92,DB1_Lumidgm:92:3,DB1_Lumidgm/32_1_3.wsq,impostor,5,19,5,,False,37.679228,0
1238,derive,87,DB1_Lumidgm:87:5,DB1_Lumidgm/81_1_10.wsq,impostor,6,19,6,,False,35.850247,0
1238,stored,87,DB1_Lumidgm:87:5,DB1_Lumidgm/81_1_10.wsq,impostor,6,19,6,,False,37.304025,0
1239,stored,35,DB1_Lumidgm:35:8,DB1_Lumidgm/35_2_8.wsq,genuine,142,19,142,,True,59.72595,1210
1239,derive,35,DB1_Lumidgm:35:8,DB1_Lumidgm/35_2_8.wsq,genuine,142,19,142,,True,62.092581,1210
1240,derive,81,DB1_Lumidgm:81:1,DB1_Lumidgm/88_1_10.wsq,impostor,4,19,4,,False,39.159613,0
1240,stored,81,DB1_Lumidgm:81:1,DB1_Lumidgm/88_1_10.wsq,impostor,4,19,4,,False,38.991499,0
1241,stored,82,DB1_Lumidgm:82:1,DB1_Lumidgm/96_1_2.wsq,impostor,11,19,11,,False,34.925926,0
1241,derive,82,DB1_Lumidgm:82:1,DB1_Lumidgm/96_1_2.wsq,impostor,11,19,11,,False,35.810985,0
1242,derive,100,DB1_Lumidgm:100:3,DB1_Lumidgm/99_1_3.wsq,impostor,5,19,5,,False,37.535762,0
1242,stored,100,DB1_Lumidgm:100:3,DB1_Lumidgm/99_1_3.wsq,impostor,5,19,5,,False,35.988923,0
1243,stored,99,DB1_Lumidgm:99:6,DB1_Lumidgm/53_1_2.wsq,impostor,4,19,4,,False,34.709829,0
1243,derive,99,DB1_Lumidgm:99:6,DB1_Lumidgm/53_1_2.wsq,impostor,4,19,4,,False,34.009941,0
1244,derive,72,DB1_Lumidgm:72:6,DB1_Lumidgm/66_1_8.wsq,impostor,4,19,4,,False,36.843236,0
1244,stored,72,DB1_Lumidgm:72:6,DB1_Lumidgm/66_1_8.wsq,impostor,4,19,4,,False,36.811427,0
1245,stored,92,DB1_Lumidgm:92:3,DB1_Lumidgm/66_1_9.wsq,impostor,6,19,6,,False,35.16872,0
1245,derive,92,DB1_Lumidgm:92:3,DB1_Lumidgm/66_1_9.wsq,impostor,6,19,6,,False,35.699698,0
1246,derive,55,DB1_Lumidgm:55:2,DB1_Lumidgm/83_1_4.wsq,impostor,6,19,6,,False,34.546158,0
1246,stored,55,DB1_Lumidgm:55:2,DB1_Lumidgm/83_1_4.wsq,impostor,6,19,6,,False,34.48807,0
1247,stored,27,DB1_Lumidgm:27:8,DB1_Lumidgm/80_1_7.wsq,impostor,10,19,10,,False,35.579652,0
1247,derive,27,DB1_Lumidgm:27:8,DB1_Lumidgm/80_1_7.wsq,impostor,10,19,10,,False,34.833858,0
1248,derive,51,DB1_Lumidgm:51:4,DB1_Lumidgm/86_1_7.wsq,impostor,6,19,6,,False,36.237813,0
1248,stored,51,DB1_Lumidgm:51:4,DB1_Lumidgm/86_1_7.wsq,impostor,6,19,6,,False,37.07336,0
1249,stored,22,DB1_Lumidgm:22:4,DB1_Lumidgm/22_1_7.wsq,impostor,7,19,7,,False,35.908632,0
1249,derive,22,DB1_Lumidgm:22:4,DB1_Lumidgm/22_1_7.wsq,impostor,7,19,7,,False,36.120886,0
1250,derive,55,DB1_Lumidgm:55:9,DB1_Lumidgm/55_2_9.wsq,genuine,124,19,124,,True,45.74642,1210
1250,stored,55,DB1_Lumidgm:55:9,DB1_Lumidgm/55_2_9.wsq,genuine,124,19,124,,True,43.042192,1210
1251,stored,46,DB1_Lumidgm:46:6,DB1_Lumidgm/36_1_4.wsq,impostor,7,19,7,,False,35.554136,0
1251,derive,46,DB1_Lumidgm:46:6,DB1_Lumidgm/36_1_4.wsq,impostor,7,19,7,,False,35.209765,0
1252,derive,54,DB1_Lumidgm:54:8,DB1_Lumidgm/23_1_10.wsq,impostor,9,19,9,,False,32.069931,0
1252,stored,54,DB1_Lumidgm:54:8,DB1_Lumidgm/23_1_10.wsq,impostor,9,19,9,,False,31.406335,0
1253,stored,89,DB1_Lumidgm:89:10,DB1_Lumidgm/90_1_10.wsq,impostor,8,19,8,,False,39.249648,0
1253,derive,89,DB1_Lumidgm:89:10,DB1_Lumidgm/90_1_10.wsq,impostor,8,19,8,,False,38.917775,0
1254,derive,40,DB1_Lumidgm:40:2,DB1_Lumidgm/76_1_3.wsq,impostor,7,19,7,,False,37.740934,0
1254,stored,40,DB1_Lumidgm:40:2,DB1_Lumidgm/76_1_3.wsq,impostor,7,19,7,,False,38.899145,0
1255,stored,96,DB1_Lumidgm:96:3,DB1_Lumidgm/100_1_5.wsq,impostor,7,19,7,,False,34.175977,0
1255,derive,96,DB1_Lumidgm:96:3,DB1_Lumidgm/100_1_5.wsq,impostor,7,19,7,,False,35.794605,0
1256,derive,78,DB1_Lumidgm:78:3,DB1_Lumidgm/99_1_6.wsq,impostor,8,19,8,,False,37.252411,0
1256,stored,78,DB1_Lumidgm:78:3,DB1_Lumidgm/99_1_6.wsq,impostor,8,19,8,,False,37.858206,0
1257,stored,27,DB1_Lumidgm:27:8,DB1_Lumidgm/49_1_3.wsq,impostor,0,19,0,,False,35.524504,0
1257,derive,27,DB1_Lumidgm:27:8,DB1_Lumidgm/49_1_3.wsq,impostor,0,19,0,,False,35.128324,0
1258,derive,71,DB1_Lumidgm:71:1,DB1_Lumidgm/52_1_8.wsq,impostor,5,19,5,,False,39.236404,0
1258,stored,71,DB1_Lumidgm:71:1,DB1_Lumidgm/52_1_8.wsq,impostor,5,19,5,,False,38.920655,0
1259,stored,35,DB1_Lumidgm:35:5,DB1_Lumidgm/53_1_8.wsq,impostor,5,19,5,,False,39.755161,0
1259,derive,35,DB1_Lumidgm:35:5,DB1_Lumidgm/53_1_8.wsq,impostor,5,19,5,,False,38.228016,0
1260,derive,42,DB1_Lumidgm:42:7,DB1_Lumidgm/38_1_3.wsq,impostor,8,19,8,,False,37.245196,0
1260,stored,42,DB1_Lumidgm:42:7,DB1_Lumidgm/38_1_3.wsq,impostor,8,19,8,,False,37.259626,0
1261,stored,99,DB1_Lumidgm:99:9,DB1_Lumidgm/99_3_9.wsq,genuine,72,19,72,,True,46.09156,1210
1261,derive,99,DB1_Lumidgm:99:9,DB1_Lumidgm/99_3_9.wsq,genuine,72,19,72,,True,43.18944,1210
1262,derive,65,DB1_Lumidgm:65:9,DB1_Lumidgm/64_1_7.wsq,impostor,6,19,6,,False,38.033158,0
1262,stored,65,DB1_Lumidgm:65:9,DB1_Lumidgm/64_1_7.wsq,impostor,6,19,6,,False,37.79009,0
1263,stored,99,DB1_Lumidgm:99:5,DB1_Lumidgm/99_3_5.wsq,genuine,10,19,10,,False,34.817868,0
1263,derive,99,DB1_Lumidgm:99:5,DB1_Lumidgm/99_3_5.wsq,genuine,10,19,10,,False,35.676197,0
1264,derive,45,DB1_Lumidgm:45:3,DB1_Lumidgm/53_1_10.wsq,impostor,5,19,5,,False,36.771525,0
1264,stored,45,DB1_Lumidgm:45:3,DB1_Lumidgm/53_1_10.wsq,impostor,5,19,5,,False,36.430794,0
1265,stored,97,DB1_Lumidgm:97:7,DB1_Lumidgm/97_4_7.wsq,genuine,95,19,95,,True,40.419353,1210
1265,derive,97,DB1_Lumidgm:97:7,DB1_Lumidgm/97_4_7.wsq,genuine,95,19,95,,True,40.238741,1210
1266,derive,55,DB1_Lumidgm:55:4,DB1_Lumidgm/72_1_7.wsq,impostor,13,19,13,,False,40.171971,0
1266,stored,55,DB1_Lumidgm:55:4,DB1_Lumidgm/72_1_7.wsq,impostor,13,19,13,,False,39.612151,0
1267,stored,92,DB1_Lumidgm:92:6,DB1_Lumidgm/92_4_6.wsq,genuine,36,19,36,,True,38.895193,1210
1267,derive,92,DB1_Lumidgm:92:6,DB1_Lumidgm/92_4_6.wsq,genuine,36,19,36,,True,37.785683,1210
1268,derive,87,DB1_Lumidgm:87:2,DB1_Lumidgm/29_1_2.wsq,impostor,5,19,5,,False,37.830264,0
1268,stored,87,DB1_Lumidgm:87:2,DB1_Lumidgm/29_1_2.wsq,impostor,5,19,5,,False,38.715877,0
1269,stored,60,DB1_Lumidgm:60:1,DB1_Lumidgm/71_1_10.wsq,impostor,6,19,6,,False,36.853853,0
1269,derive,60,DB1_Lumidgm:60:1,DB1_Lumidgm/71_1_10.wsq,impostor,6,19,6,,False,38.004102,0
1270,derive,91,DB1_Lumidgm:91:8,DB1_Lumidgm/74_1_6.wsq,impostor,3,19,3,,False,37.680057,0
1270,stored,91,DB1_Lumidgm:91:8,DB1_Lumidgm/74_1_6.wsq,impostor,3,19,3,,False,37.025915,0
1271,stored,27,DB1_Lumidgm:27:8,DB1_Lumidgm/87_1_9.wsq,impostor,6,19,6,,False,37.103087,0
1271,derive,27,DB1_Lumidgm:27:8,DB1_Lumidgm/87_1_9.wsq,impostor,6,19,6,,False,37.184856,0
1272,derive,35,DB1_Lumidgm:35:4,DB1_Lumidgm/68_1_8.wsq,impostor,5,19,5,,False,36.365037,0
1272,stored,35,DB1_Lumidgm:35:4,DB1_Lumidgm/68_1_8.wsq,impostor,5,19,5,,False,37.375932,0
1273,stored,94,DB1_Lumidgm:94:9,DB1_Lumidgm/95_1_9.wsq,impostor,7,19,7,,False,42.831756,0
1273,derive,94,DB1_Lumidgm:94:9,DB1_Lumidgm/95_1_9.wsq,impostor,7,19,7,,False,43.27472,0
1274,derive,98,DB1_Lumidgm:98:1,DB1_Lumidgm/60_1_2.wsq,impostor,5,19,5,,False,38.787116,0
1274,stored,98,DB1_Lumidgm:98:1,DB1_Lumidgm/60_1_2.wsq,impostor,5,19,5,,False,38.653565,0
1275,stored,75,DB1_Lumidgm:75:7,DB1_Lumidgm/48_1_3.wsq,impostor,11,19,11,,False,37.531207,0
1275,derive,75,DB1_Lumidgm:75:7,DB1_Lumidgm/48_1_3.wsq,impostor,11,19,11,,False,37.668536,0
1276,derive,93,DB1_Lumidgm:93:9,DB1_Lumidgm/73_1_3.wsq,impostor,11,19,11,,False,39.666766,0
1276,stored,93,DB1_Lumidgm:93:9,DB1_Lumidgm/73_1_3.wsq,impostor,11,19,11,,False,39.908223,0
1277,stored,53,DB1_Lumidgm:53:1,DB1_Lumidgm/44_1_4.wsq,impostor,3,19,3,,False,37.273899,0
1277,derive,53,DB1_Lumidgm:53:1,DB1_Lumidgm/44_1_4.wsq,impostor,3,19,3,,False,37.124308,0
1278,derive,67,DB1_Lumidgm:67:1,DB1_Lumidgm/83_1_8.wsq,impostor,5,19,5,,False,36.621409,0
1278,stored,67,DB1_Lumidgm:67:1,DB1_Lumidgm/83_1_8.wsq,impostor,5,19,5,,False,36.656597,0
1279,stored,96,DB1_Lumidgm:96:5,DB1_Lumidgm/90_1_1.wsq,impostor,4,19,4,,False,38.939675,0
1279,derive,96,DB1_Lumidgm:96:5,DB1_Lumidgm/90_1_1.wsq,impostor,4,19,4,,False,38.150853,0
1280,derive,74,DB1_Lumidgm:74:4,DB1_Lumidgm/41_1_7.wsq,impostor,10,19,10,,False,37.559461,0
1280,stored,74,DB1_Lumidgm:74:4,DB1_Lumidgm/41_1_7.wsq,impostor,10,19,10,,False,38.171323,0
1281,stored,54,DB1_Lumidgm:54:5,DB1_Lumidgm/38_1_6.wsq,impostor,7,19,7,,False,38.324767,0
1281,derive,54,DB1_Lumidgm:54:5,DB1_Lumidgm/38_1_6.wsq,impostor,7,19,7,,False,38.018823,0
1282,derive,62,DB1_Lumidgm:62:1,DB1_Lumidgm/59_1_6.wsq,impostor,7,19,7,,False,38.858847,0
1282,stored,62,DB1_Lumidgm:62:1,DB1_Lumidgm/59_1_6.wsq,impostor,7,19,7,,False,38.465783,0
1283,stored,84,DB1_Lumidgm:84:2,DB1_Lumidgm/40_1_2.wsq,impostor,8,19,8,,False,38.320657,0
1283,derive,84,DB1_Lumidgm:84:2,DB1_Lumidgm/40_1_2.wsq,impostor,8,19,8,,False,38.287639,0
1284,derive,39,DB1_Lumidgm:39:3,DB1_Lumidgm/93_1_9.wsq,impostor,6,19,6,,False,40.752641,0
1284,stored,39,DB1_Lumidgm:39:3,DB1_Lumidgm/93_1_9.wsq,impostor,6,19,6,,False,40.526005,0
1285,stored,42,DB1_Lumidgm:42:9,DB1_Lumidgm/34_1_3.wsq,impostor,5,19,5,,False,37.99788,0
1285,derive,42,DB1_Lumidgm:42:9,DB1_Lumidgm/34_1_3.wsq,impostor,5,19,5,,False,38.171092,0
1286,derive,53,DB1_Lumidgm:53:10,DB1_Lumidgm/53_4_10.wsq,genuine,133,19,133,,True,41.220212,1211
1286,stored,53,DB1_Lumidgm:53:10,DB1_Lumidgm/53_4_10.wsq,genuine,133,19,133,,True,40.102433,1211
1287,stored,45,DB1_Lumidgm:45:6,DB1_Lumidgm/67_1_4.wsq,impostor,9,19,9,,False,33.85296,0
1287,derive,45,DB1_Lumidgm:45:6,DB1_Lumidgm/67_1_4.wsq,impostor,9,19,9,,False,34.157326,0
1288,derive,27,DB1_Lumidgm:27:10,DB1_Lumidgm/74_1_4.wsq,impostor,6,19,6,,False,37.582462,0
1288,stored,27,DB1_Lumidgm:27:10,DB1_Lumidgm/74_1_4.wsq,impostor,6,19,6,,False,39.480489,0
1289,stored,69,DB1_Lumidgm:69:2,DB1_Lumidgm/91_1_7.wsq,impostor,5,19,5,,False,42.471624,0
1289,derive,69,DB1_Lumidgm:69:2,DB1_Lumidgm/91_1_7.wsq,impostor,5,19,5,,False,40.717843,0
1290,derive,85,DB1_Lumidgm:85:1,DB1_Lumidgm/87_1_6.wsq,impostor,7,19,7,,False,37.472039,0
1290,stored,85,DB1_Lumidgm:85:1,DB1_Lumidgm/87_1_6.wsq,impostor,7,19,7,,False,38.673097,0
1291,stored,99,DB1_Lumidgm:99:7,DB1_Lumidgm/71_1_5.wsq,impostor,5,19,5,,False,35.899825,0
1291,derive,99,DB1_Lumidgm:99:7,DB1_Lumidgm/71_1_5.wsq,impostor,5,19,5,,False,35.825625,0
1292,derive,61,DB1_Lumidgm:61:9,DB1_Lumidgm/35_1_8.wsq,impostor,4,19,4,,False,41.781735,0
1292,stored,61,DB1_Lumidgm:61:9,DB1_Lumidgm/35_1_8.wsq,impostor,4,19,4,,False,37.293361,0
1293,stored,94,DB1_Lumidgm:94:8,DB1_Lumidgm/89_1_3.wsq,impostor,7,19,7,,False,46.515824,0
1293,derive,94,DB1_Lumidgm:94:8,DB1_Lumidgm/89_1_3.wsq,impostor,7,19,7,,False,47.012812,0
1294,derive,42,DB1_Lumidgm:42:9,DB1_Lumidgm/42_1_3.wsq,impostor,4,19,4,,False,36.800443,0
1294,stored,42,DB1_Lumidgm:42:9,DB1_Lumidgm/42_1_3.wsq,impostor,4,19,4,,False,37.759832,0
1295,stored,43,DB1_Lumidgm:43:2,DB1_Lumidgm/54_1_8.wsq,impostor,8,19,8,,False,38.334054,0
1295,derive,43,DB1_Lumidgm:43:2,DB1_Lumidgm/54_1_8.wsq,impostor,8,19,8,,False,37.624435,0
1296,derive,79,DB1_Lumidgm:79:7,DB1_Lumidgm/56_1_10.wsq,impostor,4,19,4,,False,33.99431,0
1296,stored,79,DB1_Lumidgm:79:7,DB1_Lumidgm/56_1_10.wsq,impostor,4,19,4,,False,36.533349,0
1297,stored,39,DB1_Lumidgm:39:9,DB1_Lumidgm/98_1_9.wsq,impostor,5,19,5,,False,38.092254,0
1297,derive,39,DB1_Lumidgm:39:9,DB1_Lumidgm/98_1_9.wsq,impostor,5,19,5,,False,38.182617,0
1298,derive,23,DB1_Lumidgm:23:10,DB1_Lumidgm/35_1_9.wsq,impostor,9,19,9,,False,38.397852,0
1298,stored,23,DB1_Lumidgm:23:10,DB1_Lumidgm/35_1_9.wsq,impostor,9,19,9,,False,36.430101,0
1299,stored,52,DB1_Lumidgm:52:3,DB1_Lumidgm/52_3_3.wsq,genuine,285,19,285,,True,50.84542,1210
1299,derive,52,DB1_Lumidgm:52:3,DB1_Lumidgm/52_3_3.wsq,genuine,285,19,285,,True,49.352107,1210
1300,derive,96,DB1_Lumidgm:96:4,DB1_Lumidgm/52_1_10.wsq,impostor,9,19,9,,False,36.563215,0
1300,stored,96,DB1_Lumidgm:96:4,DB1_Lumidgm/52_1_10.wsq,impostor,9,19,9,,False,38.498164,0
1301,stored,81,DB1_Lumidgm:81:8,DB1_Lumidgm/92_1_2.wsq,impostor,6,19,6,,False,43.473424,0
1301,derive,81,DB1_Lumidgm:81:8,DB1_Lumidgm/92_1_2.wsq,impostor,6,19,6,,False,41.375902,0
1302,derive,61,DB1_Lumidgm:61:6,DB1_Lumidgm/66_1_2.wsq,impostor,6,19,6,,False,37.779793,0
1302,stored,61,DB1_Lumidgm:61:6,DB1_Lumidgm/66_1_2.wsq,impostor,6,19,6,,False,38.033764,0
1303,stored,75,DB1_Lumidgm:75:9,DB1_Lumidgm/75_3_9.wsq,genuine,25,19,25,,True,50.643722,1210
1303,derive,75,DB1_Lumidgm:75:9,DB1_Lumidgm/75_3_9.wsq,genuine,25,19,25,,True,41.077383,1210
1304,derive,88,DB1_Lumidgm:88:5,DB1_Lumidgm/78_1_3.wsq,impostor,7,19,7,,False,36.570775,0
1304,stored,88,DB1_Lumidgm:88:5,DB1_Lumidgm/78_1_3.wsq,impostor,7,19,7,,False,37.916491,0
1305,stored,50,DB1_Lumidgm:50:1,DB1_Lumidgm/56_1_4.wsq,impostor,8,19,8,,False,37.948082,0
1305,derive,50,DB1_Lumidgm:50:1,DB1_Lumidgm/56_1_4.wsq,impostor,8,19,8,,False,38.297028,0
1306,derive,99,DB1_Lumidgm:99:7,DB1_Lumidgm/81_1_6.wsq,impostor,9,19,9,,False,37.879869,0
1306,stored,99,DB1_Lumidgm:99:7,DB1_Lumidgm/81_1_6.wsq,impostor,9,19,9,,False,38.527208,0
1307,stored,41,DB1_Lumidgm:41:3,DB1_Lumidgm/41_4_3.wsq,genuine,118,19,118,,True,58.953238,1210
1307,derive,41,DB1_Lumidgm:41:3,DB1_Lumidgm/41_4_3.wsq,genuine,118,19,118,,True,64.281218,1210
1308,derive,69,DB1_Lumidgm:69:3,DB1_Lumidgm/76_1_2.wsq,impostor,7,19,7,,False,37.026217,0
1308,stored,69,DB1_Lumidgm:69:3,DB1_Lumidgm/76_1_2.wsq,impostor,7,19,7,,False,36.978401,0
1309,stored,40,DB1_Lumidgm:40:8,DB1_Lumidgm/31_1_9.wsq,impostor,9,19,9,,False,38.913638,0
1309,derive,40,DB1_Lumidgm:40:8,DB1_Lumidgm/31_1_9.wsq,impostor,9,19,9,,False,38.35309,0
1310,derive,58,DB1_Lumidgm:58:9,DB1_Lumidgm/92_1_5.wsq,impostor,12,19,12,,False,37.8633,0
1310,stored,58,DB1_Lumidgm:58:9,DB1_Lumidgm/92_1_5.wsq,impostor,12,19,12,,False,37.75649,0
1311,stored,28,DB1_Lumidgm:28:4,DB1_Lumidgm/83_1_8.wsq,impostor,7,19,7,,False,38.837532,0
1311,derive,28,DB1_Lumidgm:28:4,DB1_Lumidgm/83_1_8.wsq,impostor,7,19,7,,False,38.129261,0
1312,derive,24,DB1_Lumidgm:24:7,DB1_Lumidgm/96_1_4.wsq,impostor,6,19,6,,False,35.031738,0
1312,stored,24,DB1_Lumidgm:24:7,DB1_Lumidgm/96_1_4.wsq,impostor,6,19,6,,False,34.747146,0
1313,stored,87,DB1_Lumidgm:87:4,DB1_Lumidgm/43_1_9.wsq,impostor,7,19,7,,False,37.914259,0
1313,derive,87,DB1_Lumidgm:87:4,DB1_Lumidgm/43_1_9.wsq,impostor,7,19,7,,False,38.626021,0
1314,derive,88,DB1_Lumidgm:88:5,DB1_Lumidgm/70_1_4.wsq,impostor,6,19,6,,False,38.215839,0
1314,stored,88,DB1_Lumidgm:88:5,DB1_Lumidgm/70_1_4.wsq,impostor,6,19,6,,False,38.551831,0
1315,stored,40,DB1_Lumidgm:40:7,DB1_Lumidgm/40_3_7.wsq,genuine,68,19,68,,True,40.375798,1210
1315,derive,40,DB1_Lumidgm:40:7,DB1_Lumidgm/40_3_7.wsq,genuine,68,19,68,,True,39.246621,1210
1316,derive,83,DB1_Lumidgm:83:3,DB1_Lumidgm/83_1_7.wsq,impostor,5,19,5,,False,35.663574,0
1316,stored,83,DB1_Lumidgm:83:3,DB1_Lumidgm/83_1_7.wsq,impostor,5,19,5,,False,34.694615,0
1317,stored,77,DB1_Lumidgm:77:4,DB1_Lumidgm/53_1_4.wsq,impostor,7,19,7,,False,39.185714,0
1317,derive,77,DB1_Lumidgm:77:4,DB1_Lumidgm/53_1_4.wsq,impostor,7,19,7,,False,37.590311,0
1318,derive,29,DB1_Lumidgm:29:4,DB1_Lumidgm/70_1_5.wsq,impostor,6,19,6,,False,78.160086,0
1318,stored,29,DB1_Lumidgm:29:4,DB1_Lumidgm/70_1_5.wsq,impostor,6,19,6,,False,56.749829,0
1319,stored,76,DB1_Lumidgm:76:1,DB1_Lumidgm/62_1_6.wsq,impostor,9,19,9,,False,81.104772,0
1319,derive,76,DB1_Lumidgm:76:1,DB1_Lumidgm/62_1_6.wsq,impostor,9,19,9,,False,51.344347,0
1320,derive,60,DB1_Lumidgm:60:3,DB1_Lumidgm/29_1_7.wsq,impostor,9,19,9,,False,39.914275,0
1320,stored,60,DB1_Lumidgm:60:3,DB1_Lumidgm/29_1_7.wsq,impostor,9,19,9,,False,39.496268,0
1321,stored,82,DB1_Lumidgm:82:1,DB1_Lumidgm/27_1_10.wsq,impostor,7,19,7,,False,40.98401,0
1321,derive,82,DB1_Lumidgm:82:1,DB1_Lumidgm/27_1_10.wsq,impostor,7,19,7,,False,39.926802,0
1322,derive,71,DB1_Lumidgm:71:3,DB1_Lumidgm/23_1_4.wsq,impostor,6,19,6,,False,38.429835,0
1322,stored,71,DB1_Lumidgm:71:3,DB1_Lumidgm/23_1_4.wsq,impostor,6,19,6,,False,37.998234,0
1323,stored,25,DB1_Lumidgm:25:2,DB1_Lumidgm/25_3_2.wsq,genuine,198,19,198,,True,49.706281,1210
1323,derive,25,DB1_Lumidgm:25:2,DB1_Lumidgm/25_3_2.wsq,genuine,198,19,198,,True,50.029354,1210
1324,derive,48,DB1_Lumidgm:48:10,DB1_Lumidgm/49_1_10.wsq,impostor,13,19,13,,False,38.043629,0
1324,stored,48,DB1_Lumidgm:48:10,DB1_Lumidgm/49_1_10.wsq,impostor,13,19,13,,False,37.579994,0
1325,stored,45,DB1_Lumidgm:45:10,DB1_Lumidgm/62_1_3.wsq,impostor,7,19,7,,False,61.320791,0
1325,derive,45,DB1_Lumidgm:45:10,DB1_Lumidgm/62_1_3.wsq,impostor,7,19,7,,False,49.416797,0
1326,derive,62,DB1_Lumidgm:62:7,DB1_Lumidgm/28_1_10.wsq,impostor,8,19,8,,False,43.274075,0
1326,stored,62,DB1_Lumidgm:62:7,DB1_Lumidgm/28_1_10.wsq,impostor,8,19,8,,False,40.77801,0
1327,stored,38,DB1_Lumidgm:38:7,DB1_Lumidgm/86_1_5.wsq,impostor,6,19,6,,False,36.159138,0
1327,derive,38,DB1_Lumidgm:38:7,DB1_Lumidgm/86_1_5.wsq,impostor,6,19,6,,False,41.247301,0
1328,derive,75,DB1_Lumidgm:75:10,DB1_Lumidgm/47_1_8.wsq,impostor,7,19,7,,False,41.16185,0
1328,stored,75,DB1_Lumidgm:75:10,DB1_Lumidgm/47_1_8.wsq,impostor,7,19,7,,False,38.454173,0
1329,stored,57,DB1_Lumidgm:57:3,DB1_Lumidgm/76_1_9.wsq,impostor,5,19,5,,False,35.184622,0
1329,derive,57,DB1_Lumidgm:57:3,DB1_Lumidgm/76_1_9.wsq,impostor,5,19,5,,False,35.743011,0
1330,derive,92,DB1_Lumidgm:92:3,DB1_Lumidgm/71_1_7.wsq,impostor,5,19,5,,False,37.438589,0
1330,stored,92,DB1_Lumidgm:92:3,DB1_Lumidgm/71_1_7.wsq,impostor,5,19,5,,False,37.040879,0
1331,stored,65,DB1_Lumidgm:65:7,DB1_Lumidgm/65_4_7.wsq,genuine,93,19,93,,True,52.016775,1210
1331,derive,65,DB1_Lumidgm:65:7,DB1_Lumidgm/65_4_7.wsq,genuine,93,19,93,,True,52.064217,1210
1332,derive,33,DB1_Lumidgm:33:2,DB1_Lumidgm/57_1_8.wsq,impostor,7,19,7,,False,39.642447,0
1332,stored,33,DB1_Lumidgm:33:2,DB1_Lumidgm/57_1_8.wsq,impostor,7,19,7,,False,39.371436,0
1333,stored,30,DB1_Lumidgm:30:8,DB1_Lumidgm/90_1_6.wsq,impostor,6,19,6,,False,37.772323,0
1333,derive,30,DB1_Lumidgm:30:8,DB1_Lumidgm/90_1_6.wsq,impostor,6,19,6,,False,38.477785,0
1334,derive,59,DB1_Lumidgm:59:4,DB1_Lumidgm/62_1_4.wsq,impostor,15,19,15,,False,46.948112,0
1334,stored,59,DB1_Lumidgm:59:4,DB1_Lumidgm/62_1_4.wsq,impostor,15,19,15,,False,46.606279,0
1335,stored,58,DB1_Lumidgm:58:6,DB1_Lumidgm/33_1_7.wsq,impostor,8,19,8,,False,35.74758,0
1335,derive,58,DB1_Lumidgm:58:6,DB1_Lumidgm/33_1_7.wsq,impostor,8,19,8,,False,37.021416,0
1336,derive,32,DB1_Lumidgm:32:4,DB1_Lumidgm/49_1_9.wsq,impostor,5,19,5,,False,34.322601,0
1336,stored,32,DB1_Lumidgm:32:4,DB1_Lumidgm/49_1_9.wsq,impostor,5,19,5,,False,34.19417,0
1337,stored,54,DB1_Lumidgm:54:9,DB1_Lumidgm/34_1_6.wsq,impostor,13,19,13,,False,37.939465,0
1337,derive,54,DB1_Lumidgm:54:9,DB1_Lumidgm/34_1_6.wsq,impostor,13,19,13,,False,37.116528,0
1338,derive,33,DB1_Lumidgm:33:5,DB1_Lumidgm/87_1_4.wsq,impostor,6,19,6,,False,36.748778,0
1338,stored,33,DB1_Lumidgm:33:5,DB1_Lumidgm/87_1_4.wsq,impostor,6,19,6,,False,36.795082,0
1339,stored,56,DB1_Lumidgm:56:2,DB1_Lumidgm/51_1_6.wsq,impostor,4,19,4,,False,46.96803,0
1339,derive,56,DB1_Lumidgm:56:2,DB1_Lumidgm/51_1_6.wsq,impostor,4,19,4,,False,46.27581,0
1340,derive,33,DB1_Lumidgm:33:9,DB1_Lumidgm/43_1_9.wsq,impostor,11,19,11,,False,40.844135,0
1340,stored,33,DB1_Lumidgm:33:9,DB1_Lumidgm/43_1_9.wsq,impostor,11,19,11,,False,43.343951,0
1341,stored,41,DB1_Lumidgm:41:6,DB1_Lumidgm/89_1_7.wsq,impostor,6,19,6,,False,43.223255,0
1341,derive,41,DB1_Lumidgm:41:6,DB1_Lumidgm/89_1_7.wsq,impostor,6,19,6,,False,43.133213,0
1342,derive,55,DB1_Lumidgm:55:9,DB1_Lumidgm/88_1_8.wsq,impostor,4,19,4,,False,44.729093,0
1342,stored,55,DB1_Lumidgm:55:9,DB1_Lumidgm/88_1_8.wsq,impostor,4,19,4,,False,45.476583,0
1343,stored,84,DB1_Lumidgm:84:6,DB1_Lumidgm/95_1_10.wsq,impostor,6,19,6,,False,40.993067,0
1343,derive,84,DB1_Lumidgm:84:6,DB1_Lumidgm/95_1_10.wsq,impostor,6,19,6,,False,42.950628,0
1344,derive,26,DB1_Lumidgm:26:1,DB1_Lumidgm/37_1_4.wsq,impostor,7,19,7,,False,36.69143,0
1344,stored,26,DB1_Lumidgm:26:1,DB1_Lumidgm/37_1_4.wsq,impostor,7,19,7,,False,37.907349,0
1345,stored,96,DB1_Lumidgm:96:5,DB1_Lumidgm/65_1_7.wsq,impostor,3,19,3,,False,43.478825,0
1345,derive,96,DB1_Lumidgm:96:5,DB1_Lumidgm/65_1_7.wsq,impostor,3,19,3,,False,45.957081,0
1346,derive,66,DB1_Lumidgm:66:6,DB1_Lumidgm/81_1_10.wsq,impostor,4,19,4,,False,41.379964,0
1346,stored,66,DB1_Lumidgm:66:6,DB1_Lumidgm/81_1_10.wsq,impostor,4,19,4,,False,36.18421,0
1347,stored,32,DB1_Lumidgm:32:4,DB1_Lumidgm/95_1_4.wsq,impostor,5,19,5,,False,38.697582,0
1347,derive,32,DB1_Lumidgm:32:4,DB1_Lumidgm/95_1_4.wsq,impostor,5,19,5,,False,37.406097,0
1348,derive,92,DB1_Lumidgm:92:3,DB1_Lumidgm/83_1_9.wsq,impostor,5,19,5,,False,33.739966,0
1348,stored,92,DB1_Lumidgm:92:3,DB1_Lumidgm/83_1_9.wsq,impostor,5,19,5,,False,33.786605,0
1349,stored,36,DB1_Lumidgm:36:8,DB1_Lumidgm/54_1_1.wsq,impostor,6,19,6,,False,38.196615,0
1349,derive,36,DB1_Lumidgm:36:8,DB1_Lumidgm/54_1_1.wsq,impostor,6,19,6,,False,37.561872,0
1350,derive,31,DB1_Lumidgm:31:7,DB1_Lumidgm/52_1_6.wsq,impostor,4,19,4,,False,38.966719,0
1350,stored,31,DB1_Lumidgm:31:7,DB1_Lumidgm/52_1_6.wsq,impostor,4,19,4,,False,37.823177,0
1351,stored,56,DB1_Lumidgm:56:3,DB1_Lumidgm/62_1_10.wsq,impostor,6,19,6,,False,37.338077,0
1351,derive,56,DB1_Lumidgm:56:3,DB1_Lumidgm/62_1_10.wsq,impostor,6,19,6,,False,40.075332,0
1352,derive,58,DB1_Lumidgm:58:5,DB1_Lumidgm/90_1_4.wsq,impostor,3,19,3,,False,37.075136,0
1352,stored,58,DB1_Lumidgm:58:5,DB1_Lumidgm/90_1_4.wsq,impostor,3,19,3,,False,38.077677,0
1353,stored,62,DB1_Lumidgm:62:4,DB1_Lumidgm/92_1_5.wsq,impostor,14,19,14,,False,40.680347,0
1353,derive,62,DB1_Lumidgm:62:4,DB1_Lumidgm/92_1_5.wsq,impostor,14,19,14,,False,39.362521,0
1354,derive,33,DB1_Lumidgm:33:6,DB1_Lumidgm/92_1_10.wsq,impostor,6,19,6,,False,41.343721,0
1354,stored,33,DB1_Lumidgm:33:6,DB1_Lumidgm/92_1_10.wsq,impostor,6,19,6,,False,41.38762,0
1355,stored,21,DB1_Lumidgm:21:2,DB1_Lumidgm/56_1_1.wsq,impostor,7,19,7,,False,37.6711,0
1355,derive,21,DB1_Lumidgm:21:2,DB1_Lumidgm/56_1_1.wsq,impostor,7,19,7,,False,39.225237,0
1356,derive,87,DB1_Lumidgm:87:5,DB1_Lumidgm/28_1_5.wsq,impostor,6,19,6,,False,36.932753,0
1356,stored,87,DB1_Lumidgm:87:5,DB1_Lumidgm/28_1_5.wsq,impostor,6,19,6,,False,37.755845,0
1357,stored,38,DB1_Lumidgm:38:3,DB1_Lumidgm/38_3_3.wsq,genuine,164,19,164,,True,39.574029,1210
1357,derive,38,DB1_Lumidgm:38:3,DB1_Lumidgm/38_3_3.wsq,genuine,164,19,164,,True,38.94942,1210
1358,derive,24,DB1_Lumidgm:24:2,DB1_Lumidgm/24_3_2.wsq,genuine,129,19,129,,True,42.266449,1210
1358,stored,24,DB1_Lumidgm:24:2,DB1_Lumidgm/24_3_2.wsq,genuine,129,19,129,,True,40.115282,1210
1359,stored,59,DB1_Lumidgm:59:7,DB1_Lumidgm/57_1_6.wsq,impostor,4,19,4,,False,40.658037,0
1359,derive,59,DB1_Lumidgm:59:7,DB1_Lumidgm/57_1_6.wsq,impostor,4,19,4,,False,38.138744,0
1360,derive,89,DB1_Lumidgm:89:5,DB1_Lumidgm/89_2_5.wsq,genuine,47,19,47,,True,43.838901,1210
1360,stored,89,DB1_Lumidgm:89:5,DB1_Lumidgm/89_2_5.wsq,genuine,47,19,47,,True,42.547608,1210
1361,stored,82,DB1_Lumidgm:82:9,DB1_Lumidgm/26_1_9.wsq,impostor,12,19,12,,False,36.601681,0
1361,derive,82,DB1_Lumidgm:82:9,DB1_Lumidgm/26_1_9.wsq,impostor,12,19,12,,False,36.063596,0
1362,derive,92,DB1_Lumidgm:92:2,DB1_Lumidgm/100_1_6.wsq,impostor,5,19,5,,False,37.089115,0
1362,stored,92,DB1_Lumidgm:92:2,DB1_Lumidgm/100_1_6.wsq,impostor,5,19,5,,False,38.144257,0
1363,stored,82,DB1_Lumidgm:82:8,DB1_Lumidgm/86_1_2.wsq,impostor,4,19,4,,False,36.039105,0
1363,derive,82,DB1_Lumidgm:82:8,DB1_Lumidgm/86_1_2.wsq,impostor,4,19,4,,False,34.817944,0
1364,derive,47,DB1_Lumidgm:47:9,DB1_Lumidgm/47_3_9.wsq,genuine,64,19,64,,True,37.682091,1210
1364,stored,47,DB1_Lumidgm:47:9,DB1_Lumidgm/47_3_9.wsq,genuine,64,19,64,,True,37.315568,1210
1365,stored,77,DB1_Lumidgm:77:4,DB1_Lumidgm/59_1_3.wsq,impostor,10,19,10,,False,39.693863,0
1365,derive,77,DB1_Lumidgm:77:4,DB1_Lumidgm/59_1_3.wsq,impostor,10,19,10,,False,39.778933,0
1366,derive,88,DB1_Lumidgm:88:1,DB1_Lumidgm/54_1_8.wsq,impostor,8,19,8,,False,38.273725,0
1366,stored,88,DB1_Lumidgm:88:1,DB1_Lumidgm/54_1_8.wsq,impostor,8,19,8,,False,37.85061,0
1367,stored,98,DB1_Lumidgm:98:7,DB1_Lumidgm/98_4_7.wsq,genuine,128,19,128,,True,42.101728,1210
1367,derive,98,DB1_Lumidgm:98:7,DB1_Lumidgm/98_4_7.wsq,genuine,128,19,128,,True,43.174116,1210
1368,derive,74,DB1_Lumidgm:74:7,DB1_Lumidgm/73_1_3.wsq,impostor,5,19,5,,False,37.375451,0
1368,stored,74,DB1_Lumidgm:74:7,DB1_Lumidgm/73_1_3.wsq,impostor,5,19,5,,False,38.627763,0
1369,stored,32,DB1_Lumidgm:32:3,DB1_Lumidgm/99_1_10.wsq,impostor,4,19,4,,False,33.804313,0
1369,derive,32,DB1_Lumidgm:32:3,DB1_Lumidgm/99_1_10.wsq,impostor,4,19,4,,False,34.349732,0
1370,derive,23,DB1_Lumidgm:23:5,DB1_Lumidgm/81_1_8.wsq,impostor,7,19,7,,False,36.314921,0
1370,stored,23,DB1_Lumidgm:23:5,DB1_Lumidgm/81_1_8.wsq,impostor,7,19,7,,False,36.68774,0
1371,stored,34,DB1_Lumidgm:34:2,DB1_Lumidgm/34_4_2.wsq,genuine,117,19,117,,True,50.292238,1210
1371,derive,34,DB1_Lumidgm:34:2,DB1_Lumidgm/34_4_2.wsq,genuine,117,19,117,,True,47.561617,1210
1372,derive,90,DB1_Lumidgm:90:1,DB1_Lumidgm/80_1_1.wsq,impostor,9,19,9,,False,36.912995,0
1372,stored,90,DB1_Lumidgm:90:1,DB1_Lumidgm/80_1_1.wsq,impostor,9,19,9,,False,35.655265,0
1373,stored,97,DB1_Lumidgm:97:8,DB1_Lumidgm/50_1_4.wsq,impostor,5,19,5,,False,36.952865,0
1373,derive,97,DB1_Lumidgm:97:8,DB1_Lumidgm/50_1_4.wsq,impostor,5,19,5,,False,37.532615,0
1374,derive,48,DB1_Lumidgm:48:3,DB1_Lumidgm/55_1_5.wsq,impostor,6,19,6,,False,35.612673,0
1374,stored,48,DB1_Lumidgm:48:3,DB1_Lumidgm/55_1_5.wsq,impostor,6,19,6,,False,35.846457,0
1375,stored,67,DB1_Lumidgm:67:3,DB1_Lumidgm/27_1_6.wsq,impostor,5,19,5,,False,37.269087,0
1375,derive,67,DB1_Lumidgm:67:3,DB1_Lumidgm/27_1_6.wsq,impostor,5,19,5,,False,37.730688,0
1376,derive,60,DB1_Lumidgm:60:7,DB1_Lumidgm/70_1_9.wsq,impostor,8,19,8,,False,37.196099,0
1376,stored,60,DB1_Lumidgm:60:7,DB1_Lumidgm/70_1_9.wsq,impostor,8,19,8,,False,37.262639,0
1377,stored,58,DB1_Lumidgm:58:6,DB1_Lumidgm/68_1_2.wsq,impostor,3,19,3,,False,36.729032,0
1377,derive,58,DB1_Lumidgm:58:6,DB1_Lumidgm/68_1_2.wsq,impostor,3,19,3,,False,37.500035,0
1378,derive,48,DB1_Lumidgm:48:8,DB1_Lumidgm/80_1_8.wsq,impostor,4,19,4,,False,35.133514,0
1378,stored,48,DB1_Lumidgm:48:8,DB1_Lumidgm/80_1_8.wsq,impostor,4,19,4,,False,34.606942,0
1379,stored,38,DB1_Lumidgm:38:4,DB1_Lumidgm/93_1_2.wsq,impostor,11,19,11,,False,42.062738,0
1379,derive,38,DB1_Lumidgm:38:4,DB1_Lumidgm/93_1_2.wsq,impostor,11,19,11,,False,41.285581,0
1380,derive,97,DB1_Lumidgm:97:2,DB1_Lumidgm/92_1_7.wsq,impostor,11,19,11,,False,38.746402,0
1380,stored,97,DB1_Lumidgm:97:2,DB1_Lumidgm/92_1_7.wsq,impostor,11,19,11,,False,39.799632,0
1381,stored,49,DB1_Lumidgm:49:4,DB1_Lumidgm/45_1_8.wsq,impostor,5,19,5,,False,37.615886,0
1381,derive,49,DB1_Lumidgm:49:4,DB1_Lumidgm/45_1_8.wsq,impostor,5,19,5,,False,38.741772,0
1382,derive,79,DB1_Lumidgm:79:10,DB1_Lumidgm/68_1_5.wsq,impostor,5,19,5,,False,32.612851,0
1382,stored,79,DB1_Lumidgm:79:10,DB1_Lumidgm/68_1_5.wsq,impostor,5,19,5,,False,33.426759,0
1383,stored,64,DB1_Lumidgm:64:3,DB1_Lumidgm/37_1_5.wsq,impostor,4,19,4,,False,34.892789,0
1383,derive,64,DB1_Lumidgm:64:3,DB1_Lumidgm/37_1_5.wsq,impostor,4,19,4,,False,34.710283,0
1384,derive,46,DB1_Lumidgm:46:3,DB1_Lumidgm/46_4_3.wsq,genuine,108,19,108,,True,55.236977,1210
1384,stored,46,DB1_Lumidgm:46:3,DB1_Lumidgm/46_4_3.wsq,genuine,108,19,108,,True,55.612202,1210
1385,stored,57,DB1_Lumidgm:57:8,DB1_Lumidgm/63_1_9.wsq,impostor,7,19,7,,False,37.07642,0
1385,derive,57,DB1_Lumidgm:57:8,DB1_Lumidgm/63_1_9.wsq,impostor,7,19,7,,False,35.536888,0
1386,derive,44,DB1_Lumidgm:44:4,DB1_Lumidgm/21_1_2.wsq,impostor,3,19,3,,False,38.296013,0
1386,stored,44,DB1_Lumidgm:44:4,DB1_Lumidgm/21_1_2.wsq,impostor,3,19,3,,False,38.609949,0
1387,stored,63,DB1_Lumidgm:63:9,DB1_Lumidgm/98_1_5.wsq,impostor,7,19,7,,False,35.670928,0
1387,derive,63,DB1_Lumidgm:63:9,DB1_Lumidgm/98_1_5.wsq,impostor,7,19,7,,False,35.908271,0
1388,derive,83,DB1_Lumidgm:83:8,DB1_Lumidgm/83_4_8.wsq,genuine,83,19,83,,True,41.777986,1210
1388,stored,83,DB1_Lumidgm:83:8,DB1_Lumidgm/83_4_8.wsq,genuine,83,19,83,,True,41.147182,1210
1389,stored,71,DB1_Lumidgm:71:3,DB1_Lumidgm/27_1_4.wsq,impostor,7,19,7,,False,37.245667,0
1389,derive,71,DB1_Lumidgm:71:3,DB1_Lumidgm/27_1_4.wsq,impostor,7,19,7,,False,36.879574,0
1390,derive,67,DB1_Lumidgm:67:10,DB1_Lumidgm/23_1_6.wsq,impostor,5,19,5,,False,37.849388,0
1390,stored,67,DB1_Lumidgm:67:10,DB1_Lumidgm/23_1_6.wsq,impostor,5,19,5,,False,35.655419,0
1391,stored,76,DB1_Lumidgm:76:4,DB1_Lumidgm/51_1_7.wsq,impostor,9,19,9,,False,37.227723,0
1391,derive,76,DB1_Lumidgm:76:4,DB1_Lumidgm/51_1_7.wsq,impostor,9,19,9,,False,40.528417,0
1392,derive,85,DB1_Lumidgm:85:2,DB1_Lumidgm/33_1_9.wsq,impostor,8,19,8,,False,43.939121,0
1392,stored,85,DB1_Lumidgm:85:2,DB1_Lumidgm/33_1_9.wsq,impostor,8,19,8,,False,39.533433,0
1393,stored,47,DB1_Lumidgm:47:2,DB1_Lumidgm/85_1_3.wsq,impostor,5,19,5,,False,37.505757,0
1393,derive,47,DB1_Lumidgm:47:2,DB1_Lumidgm/85_1_3.wsq,impostor,5,19,5,,False,36.303131,0
1394,derive,33,DB1_Lumidgm:33:4,DB1_Lumidgm/33_2_4.wsq,genuine,48,19,48,,True,44.201524,1210
1394,stored,33,DB1_Lumidgm:33:4,DB1_Lumidgm/33_2_4.wsq,genuine,48,19,48,,True,43.510453,1210
1395,stored,48,DB1_Lumidgm:48:7,DB1_Lumidgm/48_2_7.wsq,genuine,108,19,108,,True,43.241061,1210
1395,derive,48,DB1_Lumidgm:48:7,DB1_Lumidgm/48_2_7.wsq,genuine,108,19,108,,True,42.834297,1210
1396,derive,81,DB1_Lumidgm:81:7,DB1_Lumidgm/63_1_7.wsq,impostor,7,19,7,,False,32.8604,0
1396,stored,81,DB1_Lumidgm:81:7,DB1_Lumidgm/63_1_7.wsq,impostor,7,19,7,,False,32.991397,0
1397,stored,45,DB1_Lumidgm:45:6,DB1_Lumidgm/77_1_2.wsq,impostor,9,19,9,,False,36.131916,0
1397,derive,45,DB1_Lumidgm:45:6,DB1_Lumidgm/77_1_2.wsq,impostor,9,19,9,,False,37.29468,0
1398,derive,23,DB1_Lumidgm:23:3,DB1_Lumidgm/52_1_10.wsq,impostor,11,19,11,,False,35.447369,0
1398,stored,23,DB1_Lumidgm:23:3,DB1_Lumidgm/52_1_10.wsq,impostor,11,19,11,,False,35.242813,0
1399,stored,60,DB1_Lumidgm:60:9,DB1_Lumidgm/57_1_5.wsq,impostor,8,19,8,,False,34.852461,0
1399,derive,60,DB1_Lumidgm:60:9,DB1_Lumidgm/57_1_5.wsq,impostor,8,19,8,,False,34.81247,0
1400,derive,84,DB1_Lumidgm:84:10,DB1_Lumidgm/87_1_5.wsq,impostor,5,19,5,,False,36.04442,0
1400,stored,84,DB1_Lumidgm:84:10,DB1_Lumidgm/87_1_5.wsq,impostor,5,19,5,,False,35.884771,0
1401,stored,54,DB1_Lumidgm:54:4,DB1_Lumidgm/88_1_10.wsq,impostor,8,19,8,,False,38.902691,0
1401,derive,54,DB1_Lumidgm:54:4,DB1_Lumidgm/88_1_10.wsq,impostor,8,19,8,,False,39.085402,0
1402,derive,28,DB1_Lumidgm:28:6,DB1_Lumidgm/28_4_6.wsq,genuine,33,19,33,,True,39.178559,1210
1402,stored,28,DB1_Lumidgm:28:6,DB1_Lumidgm/28_4_6.wsq,genuine,33,19,33,,True,38.486221,1210
1403,stored,24,DB1_Lumidgm:24:5,DB1_Lumidgm/24_2_5.wsq,genuine,184,19,184,,True,54.356633,1210
1403,derive,24,DB1_Lumidgm:24:5,DB1_Lumidgm/24_2_5.wsq,genuine,184,19,184,,True,58.565089,1210
1404,derive,77,DB1_Lumidgm:77:6,DB1_Lumidgm/60_1_4.wsq,impostor,9,19,9,,False,38.629429,0
1404,stored,77,DB1_Lumidgm:77:6,DB1_Lumidgm/60_1_4.wsq,impostor,9,19,9,,False,39.554205,0
1405,stored,46,DB1_Lumidgm:46:7,DB1_Lumidgm/40_1_6.wsq,impostor,6,19,6,,False,34.591495,0
1405,derive,46,DB1_Lumidgm:46:7,DB1_Lumidgm/40_1_6.wsq,impostor,6,19,6,,False,35.084871,0
1406,derive,97,DB1_Lumidgm:97:6,DB1_Lumidgm/97_3_6.wsq,genuine,109,19,109,,True,37.681374,1210
1406,stored,97,DB1_Lumidgm:97:6,DB1_Lumidgm/97_3_6.wsq,genuine,109,19,109,,True,39.743514,1210
1407,stored,50,DB1_Lumidgm:50:2,DB1_Lumidgm/31_1_10.wsq,impostor,11,19,11,,False,34.491028,0
1407,derive,50,DB1_Lumidgm:50:2,DB1_Lumidgm/31_1_10.wsq,impostor,11,19,11,,False,33.826645,0
1408,derive,40,DB1_Lumidgm:40:3,DB1_Lumidgm/80_1_5.wsq,impostor,4,19,4,,False,32.816427,0
1408,stored,40,DB1_Lumidgm:40:3,DB1_Lumidgm/80_1_5.wsq,impostor,4,19,4,,False,34.662423,0
1409,stored,79,DB1_Lumidgm:79:5,DB1_Lumidgm/33_1_3.wsq,impostor,11,19,11,,False,36.454863,0
1409,derive,79,DB1_Lumidgm:79:5,DB1_Lumidgm/33_1_3.wsq,impostor,11,19,11,,False,36.83957,0
1410,derive,26,DB1_Lumidgm:26:2,DB1_Lumidgm/68_1_8.wsq,impostor,3,19,3,,False,37.84513,0
1410,stored,26,DB1_Lumidgm:26:2,DB1_Lumidgm/68_1_8.wsq,impostor,3,19,3,,False,35.703159,0
1411,stored,89,DB1_Lumidgm:89:9,DB1_Lumidgm/40_1_6.wsq,impostor,9,19,9,,False,36.64192,0
1411,derive,89,DB1_Lumidgm:89:9,DB1_Lumidgm/40_1_6.wsq,impostor,9,19,9,,False,36.569188,0
1412,derive,81,DB1_Lumidgm:81:6,DB1_Lumidgm/52_1_8.wsq,impostor,6,19,6,,False,38.28974,0
1412,stored,81,DB1_Lumidgm:81:6,DB1_Lumidgm/52_1_8.wsq,impostor,6,19,6,,False,37.948729,0
1413,stored,29,DB1_Lumidgm:29:5,DB1_Lumidgm/29_3_5.wsq,genuine,124,19,124,,True,44.969918,1210
1413,derive,29,DB1_Lumidgm:29:5,DB1_Lumidgm/29_3_5.wsq,genuine,124,19,124,,True,44.734577,1210
1414,derive,99,DB1_Lumidgm:99:3,DB1_Lumidgm/43_1_2.wsq,impostor,6,19,6,,False,34.975845,0
1414,stored,99,DB1_Lumidgm:99:3,DB1_Lumidgm/43_1_2.wsq,impostor,6,19,6,,False,35.872498,0
1415,stored,80,DB1_Lumidgm:80:8,DB1_Lumidgm/24_1_10.wsq,impostor,5,19,5,,False,33.314159,0
1415,derive,80,DB1_Lumidgm:80:8,DB1_Lumidgm/24_1_10.wsq,impostor,5,19,5,,False,33.859755,0
1416,derive,48,DB1_Lumidgm:48:9,DB1_Lumidgm/98_1_2.wsq,impostor,8,19,8,,False,36.706366,0
1416,stored,48,DB1_Lumidgm:48:9,DB1_Lumidgm/98_1_2.wsq,impostor,8,19,8,,False,36.378072,0
1417,stored,77,DB1_Lumidgm:77:5,DB1_Lumidgm/86_1_7.wsq,impostor,5,19,5,,False,35.985044,0
1417,derive,77,DB1_Lumidgm:77:5,DB1_Lumidgm/86_1_7.wsq,impostor,5,19,5,,False,36.831825,0
1418,derive,30,DB1_Lumidgm:30:3,DB1_Lumidgm/44_1_2.wsq,impostor,10,19,10,,False,36.989143,0
1418,stored,30,DB1_Lumidgm:30:3,DB1_Lumidgm/44_1_2.wsq,impostor,10,19,10,,False,37.177409,0
1419,stored,84,DB1_Lumidgm:84:2,DB1_Lumidgm/23_1_1.wsq,impostor,7,19,7,,False,36.873491,0
1419,derive,84,DB1_Lumidgm:84:2,DB1_Lumidgm/23_1_1.wsq,impostor,7,19,7,,False,38.097273,0
1420,derive,94,DB1_Lumidgm:94:3,DB1_Lumidgm/89_1_10.wsq,impostor,10,19,10,,False,46.370455,0
1420,stored,94,DB1_Lumidgm:94:3,DB1_Lumidgm/89_1_10.wsq,impostor,10,19,10,,False,46.806817,0
1421,stored,85,DB1_Lumidgm:85:9,DB1_Lumidgm/96_1_10.wsq,impostor,5,19,5,,False,35.285905,0
1421,derive,85,DB1_Lumidgm:85:9,DB1_Lumidgm/96_1_10.wsq,impostor,5,19,5,,False,33.435858,0
1422,derive,60,DB1_Lumidgm:60:5,DB1_Lumidgm/95_1_3.wsq,impostor,5,19,5,,False,41.019908,0
1422,stored,60,DB1_Lumidgm:60:5,DB1_Lumidgm/95_1_3.wsq,impostor,5,19,5,,False,42.359325,0
1423,stored,48,DB1_Lumidgm:48:8,DB1_Lumidgm/37_1_5.wsq,impostor,3,19,3,,False,33.497494,0
1423,derive,48,DB1_Lumidgm:48:8,DB1_Lumidgm/37_1_5.wsq,impostor,3,19,3,,False,33.605151,0
1424,derive,86,DB1_Lumidgm:86:3,DB1_Lumidgm/88_1_10.wsq,impostor,7,19,7,,False,38.234194,0
1424,stored,86,DB1_Lumidgm:86:3,DB1_Lumidgm/88_1_10.wsq,impostor,7,19,7,,False,39.504057,0
1425,stored,32,DB1_Lumidgm:32:3,DB1_Lumidgm/32_4_3.wsq,genuine,31,19,31,,True,38.542161,1210
1425,derive,32,DB1_Lumidgm:32:3,DB1_Lumidgm/32_4_3.wsq,genuine,31,19,31,,True,37.239917,1210
1426,derive,77,DB1_Lumidgm:77:5,DB1_Lumidgm/71_1_6.wsq,impostor,6,19,6,,False,34.733492,0
1426,stored,77,DB1_Lumidgm:77:5,DB1_Lumidgm/71_1_6.wsq,impostor,6,19,6,,False,35.563795,0
1427,stored,73,DB1_Lumidgm:73:5,DB1_Lumidgm/37_1_2.wsq,impostor,4,19,4,,False,35.12024,0
1427,derive,73,DB1_Lumidgm:73:5,DB1_Lumidgm/37_1_2.wsq,impostor,4,19,4,,False,34.630723,0
1428,derive,56,DB1_Lumidgm:56:9,DB1_Lumidgm/71_1_5.wsq,impostor,9,19,9,,False,35.747675,0
1428,stored,56,DB1_Lumidgm:56:9,DB1_Lumidgm/71_1_5.wsq,impostor,9,19,9,,False,37.124287,0
1429,stored,72,DB1_Lumidgm:72:4,DB1_Lumidgm/71_1_10.wsq,impostor,12,19,12,,False,36.420696,0
1429,derive,72,DB1_Lumidgm:72:4,DB1_Lumidgm/71_1_10.wsq,impostor,12,19,12,,False,38.222672,0
1430,derive,53,DB1_Lumidgm:53:10,DB1_Lumidgm/68_1_3.wsq,impostor,9,19,9,,False,37.184419,0
1430,stored,53,DB1_Lumidgm:53:10,DB1_Lumidgm/68_1_3.wsq,impostor,9,19,9,,False,36.170887,0
1431,stored,34,DB1_Lumidgm:34:9,DB1_Lumidgm/34_4_9.wsq,genuine,54,19,54,,True,43.000242,1210
1431,derive,34,DB1_Lumidgm:34:9,DB1_Lumidgm/34_4_9.wsq,genuine,54,19,54,,True,45.573036,1210
1432,derive,90,DB1_Lumidgm:90:1,DB1_Lumidgm/90_2_1.wsq,genuine,130,19,130,,True,44.503346,1210
1432,stored,90,DB1_Lumidgm:90:1,DB1_Lumidgm/90_2_1.wsq,genuine,130,19,130,,True,42.410109,1210
1433,stored,39,DB1_Lumidgm:39:4,DB1_Lumidgm/93_1_1.wsq,impostor,6,19,6,,False,43.900773,0
1433,derive,39,DB1_Lumidgm:39:4,DB1_Lumidgm/93_1_1.wsq,impostor,6,19,6,,False,42.97563,0
1434,derive,38,DB1_Lumidgm:38:10,DB1_Lumidgm/23_1_8.wsq,impostor,5,19,5,,False,34.315042,0
1434,stored,38,DB1_Lumidgm:38:10,DB1_Lumidgm/23_1_8.wsq,impostor,5,19,5,,False,35.29126,0
1435,stored,32,DB1_Lumidgm:32:5,DB1_Lumidgm/60_1_10.wsq,impostor,8,19,8,,False,36.590735,0
1435,derive,32,DB1_Lumidgm:32:5,DB1_Lumidgm/60_1_10.wsq,impostor,8,19,8,,False,37.322498,0
1436,derive,32,DB1_Lumidgm:32:4,DB1_Lumidgm/67_1_2.wsq,impostor,5,19,5,,False,37.505198,0
1436,stored,32,DB1_Lumidgm:32:4,DB1_Lumidgm/67_1_2.wsq,impostor,5,19,5,,False,36.025506,0
1437,stored,91,DB1_Lumidgm:91:4,DB1_Lumidgm/98_1_3.wsq,impostor,5,19,5,,False,37.424295,0
1437,derive,91,DB1_Lumidgm:91:4,DB1_Lumidgm/98_1_3.wsq,impostor,5,19,5,,False,38.192725,0
1438,derive,84,DB1_Lumidgm:84:2,DB1_Lumidgm/37_1_9.wsq,impostor,7,19,7,,False,36.990965,0
1438,stored,84,DB1_Lumidgm:84:2,DB1_Lumidgm/37_1_9.wsq,impostor,7,19,7,,False,36.007573,0
1439,stored,23,DB1_Lumidgm:23:5,DB1_Lumidgm/91_1_6.wsq,impostor,6,19,6,,False,42.853688,0
1439,derive,23,DB1_Lumidgm:23:5,DB1_Lumidgm/91_1_6.wsq,impostor,6,19,6,,False,44.048506,0
1440,derive,96,DB1_Lumidgm:96:10,DB1_Lumidgm/55_1_9.wsq,impostor,12,19,12,,False,37.001555,0
1440,stored,96,DB1_Lumidgm:96:10,DB1_Lumidgm/55_1_9.wsq,impostor,12,19,12,,False,36.50362,0
1441,stored,78,DB1_Lumidgm:78:9,DB1_Lumidgm/90_1_3.wsq,impostor,7,19,7,,False,37.49346,0
1441,derive,78,DB1_Lumidgm:78:9,DB1_Lumidgm/90_1_3.wsq,impostor,7,19,7,,False,36.796314,0
1442,derive,52,DB1_Lumidgm:52:1,DB1_Lumidgm/60_1_2.wsq,impostor,5,19,5,,False,37.108011,0
1442,stored,52,DB1_Lumidgm:52:1,DB1_Lumidgm/60_1_2.wsq,impostor,5,19,5,,False,38.195129,0
1443,stored,66,DB1_Lumidgm:66:4,DB1_Lumidgm/76_1_7.wsq,impostor,10,19,10,,False,35.847161,0
1443,derive,66,DB1_Lumidgm:66:4,DB1_Lumidgm/76_1_7.wsq,impostor,10,19,10,,False,37.666612,0
1444,derive,62,DB1_Lumidgm:62:7,DB1_Lumidgm/62_4_7.wsq,genuine,124,19,124,,True,53.905453,1210
1444,stored,62,DB1_Lumidgm:62:7,DB1_Lumidgm/62_4_7.wsq,genuine,124,19,124,,True,56.135736,1210
1445,stored,25,DB1_Lumidgm:25:6,DB1_Lumidgm/55_1_9.wsq,impostor,6,19,6,,False,37.162842,0
1445,derive,25,DB1_Lumidgm:25:6,DB1_Lumidgm/55_1_9.wsq,impostor,6,19,6,,False,36.419262,0
1446,derive,21,DB1_Lumidgm:21:2,DB1_Lumidgm/45_1_10.wsq,impostor,6,19,6,,False,36.463602,0
1446,stored,21,DB1_Lumidgm:21:2,DB1_Lumidgm/45_1_10.wsq,impostor,6,19,6,,False,38.12432,0
1447,stored,93,DB1_Lumidgm:93:4,DB1_Lumidgm/26_1_4.wsq,impostor,11,19,11,,False,37.218651,0
1447,derive,93,DB1_Lumidgm:93:4,DB1_Lumidgm/26_1_4.wsq,impostor,11,19,11,,False,37.341727,0
1448,derive,49,DB1_Lumidgm:49:2,DB1_Lumidgm/49_4_2.wsq,genuine,105,19,105,,True,35.202791,1210
1448,stored,49,DB1_Lumidgm:49:2,DB1_Lumidgm/49_4_2.wsq,genuine,105,19,105,,True,34.044011,1210
1449,stored,75,DB1_Lumidgm:75:8,DB1_Lumidgm/75_2_8.wsq,genuine,123,19,123,,True,59.1724,1210
1449,derive,75,DB1_Lumidgm:75:8,DB1_Lumidgm/75_2_8.wsq,genuine,123,19,123,,True,60.016446,1210
1450,derive,28,DB1_Lumidgm:28:7,DB1_Lumidgm/44_1_1.wsq,impostor,4,19,4,,False,37.306917,0
1450,stored,28,DB1_Lumidgm:28:7,DB1_Lumidgm/44_1_1.wsq,impostor,4,19,4,,False,37.713849,0
1451,stored,21,DB1_Lumidgm:21:3,DB1_Lumidgm/71_1_4.wsq,impostor,11,19,11,,False,34.383168,0
1451,derive,21,DB1_Lumidgm:21:3,DB1_Lumidgm/71_1_4.wsq,impostor,11,19,11,,False,35.266009,0
1452,derive,30,DB1_Lumidgm:30:1,DB1_Lumidgm/58_1_8.wsq,impostor,5,19,5,,False,43.988447,0
1452,stored,30,DB1_Lumidgm:30:1,DB1_Lumidgm/58_1_8.wsq,impostor,5,19,5,,False,42.192692,0
1453,stored,90,DB1_Lumidgm:90:10,DB1_Lumidgm/23_1_3.wsq,impostor,6,19,6,,False,36.822526,0
1453,derive,90,DB1_Lumidgm:90:10,DB1_Lumidgm/23_1_3.wsq,impostor,6,19,6,,False,35.448261,0
1454,derive,43,DB1_Lumidgm:43:9,DB1_Lumidgm/43_4_9.wsq,genuine,91,19,91,,True,52.287142,1210
1454,stored,43,DB1_Lumidgm:43:9,DB1_Lumidgm/43_4_9.wsq,genuine,91,19,91,,True,52.448999,1210
1455,stored,96,DB1_Lumidgm:96:4,DB1_Lumidgm/77_1_10.wsq,impostor,6,19,6,,False,35.790903,0
1455,derive,96,DB1_Lumidgm:96:4,DB1_Lumidgm/77_1_10.wsq,impostor,6,19,6,,False,35.958057,0
1456,derive,66,DB1_Lumidgm:66:8,DB1_Lumidgm/99_1_7.wsq,impostor,6,19,6,,False,41.630918,0
1456,stored,66,DB1_Lumidgm:66:8,DB1_Lumidgm/99_1_7.wsq,impostor,6,19,6,,False,39.909125,0
1457,stored,96,DB1_Lumidgm:96:3,DB1_Lumidgm/66_1_9.wsq,impostor,5,19,5,,False,35.957986,0
1457,derive,96,DB1_Lumidgm:96:3,DB1_Lumidgm/66_1_9.wsq,impostor,5,19,5,,False,34.803079,0
1458,derive,49,DB1_Lumidgm:49:9,DB1_Lumidgm/76_1_2.wsq,impostor,11,19,11,,False,38.158505,0
1458,stored,49,DB1_Lumidgm:49:9,DB1_Lumidgm/76_1_2.wsq,impostor,11,19,11,,False,35.806644,0
1459,stored,82,DB1_Lumidgm:82:1,DB1_Lumidgm/79_1_4.wsq,impostor,7,19,7,,False,36.734835,0
1459,derive,82,DB1_Lumidgm:82:1,DB1_Lumidgm/79_1_4.wsq,impostor,7,19,7,,False,38.226001,0
1460,derive,55,DB1_Lumidgm:55:1,DB1_Lumidgm/24_1_2.wsq,impostor,6,19,6,,False,34.515519,0
1460,stored,55,DB1_Lumidgm:55:1,DB1_Lumidgm/24_1_2.wsq,impostor,6,19,6,,False,36.440155,0
1461,stored,49,DB1_Lumidgm:49:9,DB1_Lumidgm/66_1_7.wsq,impostor,4,19,4,,False,40.153469,0
1461,derive,49,DB1_Lumidgm:49:9,DB1_Lumidgm/66_1_7.wsq,impostor,4,19,4,,False,39.368699,0
1462,derive,63,DB1_Lumidgm:63:8,DB1_Lumidgm/26_1_3.wsq,impostor,8,19,8,,False,41.425485,0
1462,stored,63,DB1_Lumidgm:63:8,DB1_Lumidgm/26_1_3.wsq,impostor,8,19,8,,False,37.151738,0
1463,stored,50,DB1_Lumidgm:50:10,DB1_Lumidgm/50_4_10.wsq,genuine,72,19,72,,True,39.403381,1211
1463,derive,50,DB1_Lumidgm:50:10,DB1_Lumidgm/50_4_10.wsq,genuine,72,19,72,,True,39.461245,1211
1464,derive,80,DB1_Lumidgm:80:8,DB1_Lumidgm/97_1_4.wsq,impostor,8,19,8,,False,37.699924,0
1464,stored,80,DB1_Lumidgm:80:8,DB1_Lumidgm/97_1_4.wsq,impostor,8,19,8,,False,37.17351,0
1465,stored,57,DB1_Lumidgm:57:4,DB1_Lumidgm/63_1_3.wsq,impostor,6,19,6,,False,32.95993,0
1465,derive,57,DB1_Lumidgm:57:4,DB1_Lumidgm/63_1_3.wsq,impostor,6,19,6,,False,32.579745,0
1466,derive,100,DB1_Lumidgm:100:6,DB1_Lumidgm/46_1_1.wsq,impostor,6,19,6,,False,36.874557,0
1466,stored,100,DB1_Lumidgm:100:6,DB1_Lumidgm/46_1_1.wsq,impostor,6,19,6,,False,36.258377,0
1467,stored,42,DB1_Lumidgm:42:3,DB1_Lumidgm/55_1_9.wsq,impostor,11,19,11,,False,36.271761,0
1467,derive,42,DB1_Lumidgm:42:3,DB1_Lumidgm/55_1_9.wsq,impostor,11,19,11,,False,37.709006,0
1468,derive,37,DB1_Lumidgm:37:9,DB1_Lumidgm/37_3_9.wsq,genuine,46,19,46,,True,39.226182,1210
1468,stored,37,DB1_Lumidgm:37:9,DB1_Lumidgm/37_3_9.wsq,genuine,46,19,46,,True,38.057843,1210
1469,stored,21,DB1_Lumidgm:21:10,DB1_Lumidgm/55_1_10.wsq,impostor,10,19,10,,False,36.321615,0
1469,derive,21,DB1_Lumidgm:21:10,DB1_Lumidgm/55_1_10.wsq,impostor,10,19,10,,False,36.918245,0
1470,derive,21,DB1_Lumidgm:21:9,DB1_Lumidgm/93_1_8.wsq,impostor,9,19,9,,False,41.529202,0
1470,stored,21,DB1_Lumidgm:21:9,DB1_Lumidgm/93_1_8.wsq,impostor,9,19,9,,False,42.758545,0
1471,stored,72,DB1_Lumidgm:72:10,DB1_Lumidgm/100_1_4.wsq,impostor,8,19,8,,False,35.657117,0
1471,derive,72,DB1_Lumidgm:72:10,DB1_Lumidgm/100_1_4.wsq,impostor,8,19,8,,False,35.614887,0
1472,derive,54,DB1_Lumidgm:54:3,DB1_Lumidgm/22_1_5.wsq,impostor,7,19,7,,False,33.693094,0
1472,stored,54,DB1_Lumidgm:54:3,DB1_Lumidgm/22_1_5.wsq,impostor,7,19,7,,False,33.741997,0
1473,stored,28,DB1_Lumidgm:28:8,DB1_Lumidgm/91_1_10.wsq,impostor,10,19,10,,False,42.801973,0
1473,derive,28,DB1_Lumidgm:28:8,DB1_Lumidgm/91_1_10.wsq,impostor,10,19,10,,False,42.892432,0
1474,derive,100,DB1_Lumidgm:100:1,DB1_Lumidgm/32_1_10.wsq,impostor,8,19,8,,False,44.479188,0
1474,stored,100,DB1_Lumidgm:100:1,DB1_Lumidgm/32_1_10.wsq,impostor,8,19,8,,False,36.894601,0
1475,stored,78,DB1_Lumidgm:78:3,DB1_Lumidgm/85_1_8.wsq,impostor,7,19,7,,False,35.088979,0
1475,derive,78,DB1_Lumidgm:78:3,DB1_Lumidgm/85_1_8.wsq,impostor,7,19,7,,False,37.60894,0
1476,derive,84,DB1_Lumidgm:84:8,DB1_Lumidgm/92_1_4.wsq,impostor,7,19,7,,False,50.806152,0
1476,stored,84,DB1_Lumidgm:84:8,DB1_Lumidgm/92_1_4.wsq,impostor,7,19,7,,False,44.391325,0
1477,stored,34,DB1_Lumidgm:34:1,DB1_Lumidgm/27_1_1.wsq,impostor,9,19,9,,False,39.974746,0
1477,derive,34,DB1_Lumidgm:34:1,DB1_Lumidgm/27_1_1.wsq,impostor,9,19,9,,False,39.49425,0
1478,derive,91,DB1_Lumidgm:91:10,DB1_Lumidgm/76_1_9.wsq,impostor,5,19,5,,False,34.961108,0
1478,stored,91,DB1_Lumidgm:91:10,DB1_Lumidgm/76_1_9.wsq,impostor,5,19,5,,False,34.577994,0
1479,stored,88,DB1_Lumidgm:88:1,DB1_Lumidgm/84_1_1.wsq,impostor,4,19,4,,False,36.337427,0
1479,derive,88,DB1_Lumidgm:88:1,DB1_Lumidgm/84_1_1.wsq,impostor,4,19,4,,False,36.188011,0
1480,derive,73,DB1_Lumidgm:73:3,DB1_Lumidgm/27_1_9.wsq,impostor,7,19,7,,False,38.103349,0
1480,stored,73,DB1_Lumidgm:73:3,DB1_Lumidgm/27_1_9.wsq,impostor,7,19,7,,False,39.060186,0
1481,stored,98,DB1_Lumidgm:98:7,DB1_Lumidgm/63_1_9.wsq,impostor,8,19,8,,False,34.765297,0
1481,derive,98,DB1_Lumidgm:98:7,DB1_Lumidgm/63_1_9.wsq,impostor,8,19,8,,False,36.904402,0
1482,derive,52,DB1_Lumidgm:52:3,DB1_Lumidgm/82_1_7.wsq,impostor,8,19,8,,False,36.897231,0
1482,stored,52,DB1_Lumidgm:52:3,DB1_Lumidgm/82_1_7.wsq,impostor,8,19,8,,False,36.547356,0
1483,stored,87,DB1_Lumidgm:87:3,DB1_Lumidgm/42_1_10.wsq,impostor,7,19,7,,False,40.479967,0
1483,derive,87,DB1_Lumidgm:87:3,DB1_Lumidgm/42_1_10.wsq,impostor,7,19,7,,False,37.156798,0
1484,derive,45,DB1_Lumidgm:45:7,DB1_Lumidgm/45_2_7.wsq,genuine,214,19,214,,True,69.763127,1210
1484,stored,45,DB1_Lumidgm:45:7,DB1_Lumidgm/45_2_7.wsq,genuine,214,19,214,,True,67.232302,1210
1485,stored,93,DB1_Lumidgm:93:8,DB1_Lumidgm/50_1_9.wsq,impostor,7,19,7,,False,37.924137,0
1485,derive,93,DB1_Lumidgm:93:8,DB1_Lumidgm/50_1_9.wsq,impostor,7,19,7,,False,37.581277,0
1486,derive,88,DB1_Lumidgm:88:3,DB1_Lumidgm/92_1_7.wsq,impostor,6,19,6,,False,39.725487,0
1486,stored,88,DB1_Lumidgm:88:3,DB1_Lumidgm/92_1_7.wsq,impostor,6,19,6,,False,39.750666,0
1487,stored,61,DB1_Lumidgm:61:4,DB1_Lumidgm/65_1_8.wsq,impostor,7,19,7,,False,44.264152,0
1487,derive,61,DB1_Lumidgm:61:4,DB1_Lumidgm/65_1_8.wsq,impostor,7,19,7,,False,44.570169,0
1488,derive,23,DB1_Lumidgm:23:3,DB1_Lumidgm/39_1_7.wsq,impostor,3,19,3,,False,35.194352,0
1488,stored,23,DB1_Lumidgm:23:3,DB1_Lumidgm/39_1_7.wsq,impostor,3,19,3,,False,34.978142,0
1489,stored,87,DB1_Lumidgm:87:10,DB1_Lumidgm/97_1_6.wsq,impostor,5,19,5,,False,36.613653,0
1489,derive,87,DB1_Lumidgm:87:10,DB1_Lumidgm/97_1_6.wsq,impostor,5,19,5,,False,37.139694,0
1490,derive,79,DB1_Lumidgm:79:5,DB1_Lumidgm/92_1_3.wsq,impostor,8,19,8,,False,41.908937,0
1490,stored,79,DB1_Lumidgm:79:5,DB1_Lumidgm/92_1_3.wsq,impostor,8,19,8,,False,40.530462,0
1491,stored,29,DB1_Lumidgm:29:8,DB1_Lumidgm/54_1_7.wsq,impostor,17,19,17,,False,37.576319,0
1491,derive,29,DB1_Lumidgm:29:8,DB1_Lumidgm/54_1_7.wsq,impostor,17,19,17,,False,37.748815,0
1492,derive,27,DB1_Lumidgm:27:6,DB1_Lumidgm/36_1_4.wsq,impostor,4,19,4,,False,35.745256,0
1492,stored,27,DB1_Lumidgm:27:6,DB1_Lumidgm/36_1_4.wsq,impostor,4,19,4,,False,36.257576,0
1493,stored,61,DB1_Lumidgm:61:9,DB1_Lumidgm/72_1_5.wsq,impostor,13,19,13,,False,37.199475,0
1493,derive,61,DB1_Lumidgm:61:9,DB1_Lumidgm/72_1_5.wsq,impostor,13,19,13,,False,37.38812,0
1494,derive,72,DB1_Lumidgm:72:6,DB1_Lumidgm/37_1_4.wsq,impostor,7,19,7,,False,33.993422,0
1494,stored,72,DB1_Lumidgm:72:6,DB1_Lumidgm/37_1_4.wsq,impostor,7,19,7,,False,38.488619,0
1495,stored,79,DB1_Lumidgm:79:9,DB1_Lumidgm/76_1_6.wsq,impostor,8,19,8,,False,38.548542,0
1495,derive,79,DB1_Lumidgm:79:9,DB1_Lumidgm/76_1_6.wsq,impostor,8,19,8,,False,38.078651,0
1496,derive,52,DB1_Lumidgm:52:4,DB1_Lumidgm/52_2_4.wsq,genuine,135,19,135,,True,58.894824,1210
1496,stored,52,DB1_Lumidgm:52:4,DB1_Lumidgm/52_2_4.wsq,genuine,135,19,135,,True,58.306303,1210
1497,stored,82,DB1_Lumidgm:82:6,DB1_Lumidgm/75_1_7.wsq,impostor,6,19,6,,False,35.29419,0
1497,derive,82,DB1_Lumidgm:82:6,DB1_Lumidgm/75_1_7.wsq,impostor,6,19,6,,False,36.182076,0
1498,derive,77,DB1_Lumidgm:77:9,DB1_Lumidgm/77_2_9.wsq,genuine,23,19,23,,True,37.101272,1210
1498,stored,77,DB1_Lumidgm:77:9,DB1_Lumidgm/77_2_9.wsq,genuine,23,19,23,,True,36.161276,1210
1499,stored,30,DB1_Lumidgm:30:9,DB1_Lumidgm/30_2_9.wsq,genuine,79,19,79,,True,40.624012,1210
1499,derive,30,DB1_Lumidgm:30:9,DB1_Lumidgm/30_2_9.wsq,genuine,79,19,79,,True,39.625513,1210
1500,derive,75,DB1_Lumidgm:75:6,DB1_Lumidgm/48_1_1.wsq,impostor,6,19,6,,False,38.920786,0
1500,stored,75,DB1_Lumidgm:75:6,DB1_Lumidgm/48_1_1.wsq,impostor,6,19,6,,False,37.713802,0
1501,stored,89,DB1_Lumidgm:89:8,DB1_Lumidgm/89_4_8.wsq,genuine,46,19,46,,True,45.779127,1210
1501,derive,89,DB1_Lumidgm:89:8,DB1_Lumidgm/89_4_8.wsq,genuine,46,19,46,,True,43.227076,1210
1502,derive,91,DB1_Lumidgm:91:5,DB1_Lumidgm/98_1_1.wsq,impostor,5,19,5,,False,38.336397,0
1502,stored,91,DB1_Lumidgm:91:5,DB1_Lumidgm/98_1_1.wsq,impostor,5,19,5,,False,37.560215,0
1503,stored,65,DB1_Lumidgm:65:3,DB1_Lumidgm/65_2_3.wsq,genuine,87,19,87,,True,42.908879,1210
1503,derive,65,DB1_Lumidgm:65:3,DB1_Lumidgm/65_2_3.wsq,genuine,87,19,87,,True,42.511587,1210
1504,derive,25,DB1_Lumidgm:25:2,DB1_Lumidgm/81_1_2.wsq,impostor,6,19,6,,False,35.460685,0
1504,stored,25,DB1_Lumidgm:25:2,DB1_Lumidgm/81_1_2.wsq,impostor,6,19,6,,False,35.774629,0
1505,stored,84,DB1_Lumidgm:84:10,DB1_Lumidgm/61_1_9.wsq,impostor,12,19,12,,False,41.517226,0
1505,derive,84,DB1_Lumidgm:84:10,DB1_Lumidgm/61_1_9.wsq,impostor,12,19,12,,False,40.590436,0
1506,derive,25,DB1_Lumidgm:25:4,DB1_Lumidgm/76_1_2.wsq,impostor,7,19,7,,False,36.017209,0
1506,stored,25,DB1_Lumidgm:25:4,DB1_Lumidgm/76_1_2.wsq,impostor,7,19,7,,False,36.392816,0
1507,stored,69,DB1_Lumidgm:69:4,DB1_Lumidgm/69_3_4.wsq,genuine,38,19,38,,True,35.248654,1210
1507,derive,69,DB1_Lumidgm:69:4,DB1_Lumidgm/69_3_4.wsq,genuine,38,19,38,,True,34.293959,1210
1508,derive,92,DB1_Lumidgm:92:8,DB1_Lumidgm/93_1_1.wsq,impostor,9,19,9,,False,42.839728,0
1508,stored,92,DB1_Lumidgm:92:8,DB1_Lumidgm/93_1_1.wsq,impostor,9,19,9,,False,45.224491,0
1509,stored,49,DB1_Lumidgm:49:7,DB1_Lumidgm/96_1_6.wsq,impostor,4,19,4,,False,37.620597,0
1509,derive,49,DB1_Lumidgm:49:7,DB1_Lumidgm/96_1_6.wsq,impostor,4,19,4,,False,36.690447,0
1510,derive,65,DB1_Lumidgm:65:9,DB1_Lumidgm/36_1_7.wsq,impostor,5,19,5,,False,36.429185,0
1510,stored,65,DB1_Lumidgm:65:9,DB1_Lumidgm/36_1_7.wsq,impostor,5,19,5,,False,37.565747,0
1511,stored,79,DB1_Lumidgm:79:9,DB1_Lumidgm/37_1_6.wsq,impostor,5,19,5,,False,39.592467,0
1511,derive,79,DB1_Lumidgm:79:9,DB1_Lumidgm/37_1_6.wsq,impostor,5,19,5,,False,37.13873,0
1512,derive,45,DB1_Lumidgm:45:1,DB1_Lumidgm/65_1_10.wsq,impostor,4,19,4,,False,39.266626,0
1512,stored,45,DB1_Lumidgm:45:1,DB1_Lumidgm/65_1_10.wsq,impostor,4,19,4,,False,39.109227,0
1513,stored,72,DB1_Lumidgm:72:9,DB1_Lumidgm/75_1_10.wsq,impostor,6,19,6,,False,32.62895,0
1513,derive,72,DB1_Lumidgm:72:9,DB1_Lumidgm/75_1_10.wsq,impostor,6,19,6,,False,32.825543,0
1514,derive,55,DB1_Lumidgm:55:7,DB1_Lumidgm/94_1_1.wsq,impostor,4,19,4,,False,41.025009,0
1514,stored,55,DB1_Lumidgm:55:7,DB1_Lumidgm/94_1_1.wsq,impostor,4,19,4,,False,41.426337,0
1515,stored,39,DB1_Lumidgm:39:6,DB1_Lumidgm/39_4_6.wsq,genuine,141,19,141,,True,59.425355,1210
1515,derive,39,DB1_Lumidgm:39:6,DB1_Lumidgm/39_4_6.wsq,genuine,141,19,141,,True,56.676896,1210
1516,derive,86,DB1_Lumidgm:86:9,DB1_Lumidgm/90_1_3.wsq,impostor,8,19,8,,False,38.57484,0
1516,stored,86,DB1_Lumidgm:86:9,DB1_Lumidgm/90_1_3.wsq,impostor,8,19,8,,False,37.611292,0
1517,stored,63,DB1_Lumidgm:63:6,DB1_Lumidgm/82_1_2.wsq,impostor,8,19,8,,False,35.908882,0
1517,derive,63,DB1_Lumidgm:63:6,DB1_Lumidgm/82_1_2.wsq,impostor,8,19,8,,False,36.601652,0
1518,derive,61,DB1_Lumidgm:61:3,DB1_Lumidgm/31_1_2.wsq,impostor,23,19,23,,True,41.846286,1210
1518,stored,61,DB1_Lumidgm:61:3,DB1_Lumidgm/31_1_2.wsq,impostor,23,19,23,,True,41.675469,1210
1519,stored,73,DB1_Lumidgm:73:4,DB1_Lumidgm/24_1_5.wsq,impostor,10,19,10,,False,32.41651,0
1519,derive,73,DB1_Lumidgm:73:4,DB1_Lumidgm/24_1_5.wsq,impostor,10,19,10,,False,35.247547,0
1520,derive,26,DB1_Lumidgm:26:8,DB1_Lumidgm/54_1_2.wsq,impostor,13,19,13,,False,40.553472,0
1520,stored,26,DB1_Lumidgm:26:8,DB1_Lumidgm/54_1_2.wsq,impostor,13,19,13,,False,37.915136,0
1521,stored,36,DB1_Lumidgm:36:4,DB1_Lumidgm/95_1_6.wsq,impostor,5,19,5,,False,43.657768,0
1521,derive,36,DB1_Lumidgm:36:4,DB1_Lumidgm/95_1_6.wsq,impostor,5,19,5,,False,55.966749,0
1522,derive,63,DB1_Lumidgm:63:5,DB1_Lumidgm/61_1_6.wsq,impostor,5,19,5,,False,40.677188,0
1522,stored,63,DB1_Lumidgm:63:5,DB1_Lumidgm/61_1_6.wsq,impostor,5,19,5,,False,37.343101,0
1523,stored,70,DB1_Lumidgm:70:4,DB1_Lumidgm/61_1_9.wsq,impostor,6,19,6,,False,40.480798,0
1523,derive,70,DB1_Lumidgm:70:4,DB1_Lumidgm/61_1_9.wsq,impostor,6,19,6,,False,39.475984,0
1524,derive,24,DB1_Lumidgm:24:2,DB1_Lumidgm/50_1_5.wsq,impostor,14,19,14,,False,37.442084,0
1524,stored,24,DB1_Lumidgm:24:2,DB1_Lumidgm/50_1_5.wsq,impostor,14,19,14,,False,35.652548,0
1525,stored,48,DB1_Lumidgm:48:3,DB1_Lumidgm/47_1_9.wsq,impostor,8,19,8,,False,33.035378,0
1525,derive,48,DB1_Lumidgm:48:3,DB1_Lumidgm/47_1_9.wsq,impostor,8,19,8,,False,33.187064,0
1526,derive,38,DB1_Lumidgm:38:2,DB1_Lumidgm/40_1_1.wsq,impostor,8,19,8,,False,41.131197,0
1526,stored,38,DB1_Lumidgm:38:2,DB1_Lumidgm/40_1_1.wsq,impostor,8,19,8,,False,38.906659,0
1527,stored,32,DB1_Lumidgm:32:2,DB1_Lumidgm/39_1_10.wsq,impostor,5,19,5,,False,32.356084,0
1527,derive,32,DB1_Lumidgm:32:2,DB1_Lumidgm/39_1_10.wsq,impostor,5,19,5,,False,32.566928,0
1528,derive,62,DB1_Lumidgm:62:2,DB1_Lumidgm/99_1_3.wsq,impostor,3,19,3,,False,36.725825,0
1528,stored,62,DB1_Lumidgm:62:2,DB1_Lumidgm/99_1_3.wsq,impostor,3,19,3,,False,35.88003,0
1529,stored,49,DB1_Lumidgm:49:8,DB1_Lumidgm/37_1_4.wsq,impostor,8,19,8,,False,35.554728,0
1529,derive,49,DB1_Lumidgm:49:8,DB1_Lumidgm/37_1_4.wsq,impostor,8,19,8,,False,33.933321,0
1530,derive,38,DB1_Lumidgm:38:7,DB1_Lumidgm/36_1_7.wsq,impostor,7,19,7,,False,34.465013,0
1530,stored,38,DB1_Lumidgm:38:7,DB1_Lumidgm/36_1_7.wsq,impostor,7,19,7,,False,34.593219,0
1531,stored,77,DB1_Lumidgm:77:4,DB1_Lumidgm/64_1_4.wsq,impostor,5,19,5,,False,36.217759,0
1531,derive,77,DB1_Lumidgm:77:4,DB1_Lumidgm/64_1_4.wsq,impostor,5,19,5,,False,36.34782,0
1532,derive,74,DB1_Lumidgm:74:5,DB1_Lumidgm/72_1_5.wsq,impostor,9,19,9,,False,36.101969,0
1532,stored,74,DB1_Lumidgm:74:5,DB1_Lumidgm/72_1_5.wsq,impostor,9,19,9,,False,36.976464,0
1533,stored,38,DB1_Lumidgm:38:6,DB1_Lumidgm/34_1_10.wsq,impostor,15,19,15,,False,34.940892,0
1533,derive,38,DB1_Lumidgm:38:6,DB1_Lumidgm/34_1_10.wsq,impostor,15,19,15,,False,34.604942,0
1534,derive,86,DB1_Lumidgm:86:6,DB1_Lumidgm/32_1_6.wsq,impostor,3,19,3,,False,36.279278,0
1534,stored,86,DB1_Lumidgm:86:6,DB1_Lumidgm/32_1_6.wsq,impostor,3,19,3,,False,35.857628,0
1535,stored,36,DB1_Lumidgm:36:9,DB1_Lumidgm/36_2_9.wsq,genuine,148,19,148,,True,44.812396,1210
1535,derive,36,DB1_Lumidgm:36:9,DB1_Lumidgm/36_2_9.wsq,genuine,148,19,148,,True,44.62203,1210
1536,derive,79,DB1_Lumidgm:79:7,DB1_Lumidgm/84_1_3.wsq,impostor,10,19,10,,False,37.008098,0
1536,stored,79,DB1_Lumidgm:79:7,DB1_Lumidgm/84_1_3.wsq,impostor,10,19,10,,False,36.519618,0
1537,stored,26,DB1_Lumidgm:26:5,DB1_Lumidgm/98_1_7.wsq,impostor,5,19,5,,False,37.855495,0
1537,derive,26,DB1_Lumidgm:26:5,DB1_Lumidgm/98_1_7.wsq,impostor,5,19,5,,False,37.402466,0
1538,derive,84,DB1_Lumidgm:84:4,DB1_Lumidgm/51_1_4.wsq,impostor,5,19,5,,False,35.304635,0
1538,stored,84,DB1_Lumidgm:84:4,DB1_Lumidgm/51_1_4.wsq,impostor,5,19,5,,False,34.979589,0
1539,stored,47,DB1_Lumidgm:47:7,DB1_Lumidgm/76_1_7.wsq,impostor,7,19,7,,False,35.766934,0
1539,derive,47,DB1_Lumidgm:47:7,DB1_Lumidgm/76_1_7.wsq,impostor,7,19,7,,False,35.463904,0
1540,derive,91,DB1_Lumidgm:91:1,DB1_Lumidgm/43_1_10.wsq,impostor,7,19,7,,False,34.157154,0
1540,stored,91,DB1_Lumidgm:91:1,DB1_Lumidgm/43_1_10.wsq,impostor,7,19,7,,False,34.445614,0
1541,stored,25,DB1_Lumidgm:25:7,DB1_Lumidgm/90_1_2.wsq,impostor,4,19,4,,False,36.174481,0
1541,derive,25,DB1_Lumidgm:25:7,DB1_Lumidgm/90_1_2.wsq,impostor,4,19,4,,False,36.124641,0
1542,derive,93,DB1_Lumidgm:93:10,DB1_Lumidgm/98_1_3.wsq,impostor,8,19,8,,False,40.611929,0
1542,stored,93,DB1_Lumidgm:93:10,DB1_Lumidgm/98_1_3.wsq,impostor,8,19,8,,False,41.355908,0
1543,stored,42,DB1_Lumidgm:42:3,DB1_Lumidgm/42_4_3.wsq,genuine,24,19,24,,True,38.054431,1210
1543,derive,42,DB1_Lumidgm:42:3,DB1_Lumidgm/42_4_3.wsq,genuine,24,19,24,,True,36.0524,1210
1544,derive,21,DB1_Lumidgm:21:7,DB1_Lumidgm/64_1_5.wsq,impostor,6,19,6,,False,36.602237,0
1544,stored,21,DB1_Lumidgm:21:7,DB1_Lumidgm/64_1_5.wsq,impostor,6,19,6,,False,37.270135,0
1545,stored,21,DB1_Lumidgm:21:6,DB1_Lumidgm/82_1_6.wsq,impostor,8,19,8,,False,37.56473,0
1545,derive,21,DB1_Lumidgm:21:6,DB1_Lumidgm/82_1_6.wsq,impostor,8,19,8,,False,36.580575,0
1546,derive,70,DB1_Lumidgm:70:1,DB1_Lumidgm/44_1_4.wsq,impostor,5,19,5,,False,36.088261,0
1546,stored,70,DB1_Lumidgm:70:1,DB1_Lumidgm/44_1_4.wsq,impostor,5,19,5,,False,36.519106,0
1547,stored,58,DB1_Lumidgm:58:3,DB1_Lumidgm/50_1_2.wsq,impostor,6,19,6,,False,37.146153,0
1547,derive,58,DB1_Lumidgm:58:3,DB1_Lumidgm/50_1_2.wsq,impostor,6,19,6,,False,37.385803,0
1548,derive,67,DB1_Lumidgm:67:3,DB1_Lumidgm/97_1_1.wsq,impostor,4,19,4,,False,36.484904,0
1548,stored,67,DB1_Lumidgm:67:3,DB1_Lumidgm/97_1_1.wsq,impostor,4,19,4,,False,38.767312,0
1549,stored,95,DB1_Lumidgm:95:4,DB1_Lumidgm/91_1_9.wsq,impostor,17,19,17,,False,39.629271,0
1549,derive,95,DB1_Lumidgm:95:4,DB1_Lumidgm/91_1_9.wsq,impostor,17,19,17,,False,42.39521,0
1550,derive,55,DB1_Lumidgm:55:7,DB1_Lumidgm/45_1_4.wsq,impostor,8,19,8,,False,37.687085,0
1550,stored,55,DB1_Lumidgm:55:7,DB1_Lumidgm/45_1_4.wsq,impostor,8,19,8,,False,36.168699,0
1551,stored,62,DB1_Lumidgm:62:10,DB1_Lumidgm/97_1_5.wsq,impostor,4,19,4,,False,35.564933,0
1551,derive,62,DB1_Lumidgm:62:10,DB1_Lumidgm/97_1_5.wsq,impostor,4,19,4,,False,35.56388,0
1552,derive,35,DB1_Lumidgm:35:1,DB1_Lumidgm/71_1_5.wsq,impostor,9,19,9,,False,35.733776,0
1552,stored,35,DB1_Lumidgm:35:1,DB1_Lumidgm/71_1_5.wsq,impostor,9,19,9,,False,34.919896,0
1553,stored,26,DB1_Lumidgm:26:10,DB1_Lumidgm/55_1_2.wsq,impostor,9,19,9,,False,37.804298,0
1553,derive,26,DB1_Lumidgm:26:10,DB1_Lumidgm/55_1_2.wsq,impostor,9,19,9,,False,38.571947,0
1554,derive,37,DB1_Lumidgm:37:7,DB1_Lumidgm/61_1_6.wsq,impostor,11,19,11,,False,39.255449,0
1554,stored,37,DB1_Lumidgm:37:7,DB1_Lumidgm/61_1_6.wsq,impostor,11,19,11,,False,40.33237,0
1555,stored,39,DB1_Lumidgm:39:7,DB1_Lumidgm/39_2_7.wsq,genuine,73,19,73,,True,40.216513,1210
1555,derive,39,DB1_Lumidgm:39:7,DB1_Lumidgm/39_2_7.wsq,genuine,73,19,73,,True,37.750251,1210
1556,derive,25,DB1_Lumidgm:25:3,DB1_Lumidgm/87_1_5.wsq,impostor,24,19,24,,True,37.064114,1210
1556,stored,25,DB1_Lumidgm:25:3,DB1_Lumidgm/87_1_5.wsq,impostor,24,19,24,,True,37.914766,1210
1557,stored,88,DB1_Lumidgm:88:8,DB1_Lumidgm/95_1_5.wsq,impostor,8,19,8,,False,39.372844,0
1557,derive,88,DB1_Lumidgm:88:8,DB1_Lumidgm/95_1_5.wsq,impostor,8,19,8,,False,39.365117,0
1558,derive,68,DB1_Lumidgm:68:9,DB1_Lumidgm/27_1_8.wsq,impostor,10,19,10,,False,36.603041,0
1558,stored,68,DB1_Lumidgm:68:9,DB1_Lumidgm/27_1_8.wsq,impostor,10,19,10,,False,38.45366,0
1559,stored,40,DB1_Lumidgm:40:3,DB1_Lumidgm/82_1_1.wsq,impostor,5,19,5,,False,40.405125,0
1559,derive,40,DB1_Lumidgm:40:3,DB1_Lumidgm/82_1_1.wsq,impostor,5,19,5,,False,37.768727,0
1560,derive,59,DB1_Lumidgm:59:5,DB1_Lumidgm/67_1_6.wsq,impostor,11,19,11,,False,37.291573,0
1560,stored,59,DB1_Lumidgm:59:5,DB1_Lumidgm/67_1_6.wsq,impostor,11,19,11,,False,37.963341,0
1561,stored,61,DB1_Lumidgm:61:4,DB1_Lumidgm/61_3_4.wsq,genuine,13,19,13,,False,41.845469,0
1561,derive,61,DB1_Lumidgm:61:4,DB1_Lumidgm/61_3_4.wsq,genuine,13,19,13,,False,43.882329,0
1562,derive,43,DB1_Lumidgm:43:2,DB1_Lumidgm/54_1_1.wsq,impostor,10,19,10,,False,37.462271,0
1562,stored,43,DB1_Lumidgm:43:2,DB1_Lumidgm/54_1_1.wsq,impostor,10,19,10,,False,37.386039,0
1563,stored,29,DB1_Lumidgm:29:7,DB1_Lumidgm/64_1_7.wsq,impostor,8,19,8,,False,37.829198,0
1563,derive,29,DB1_Lumidgm:29:7,DB1_Lumidgm/64_1_7.wsq,impostor,8,19,8,,False,36.16181,0
1564,derive,66,DB1_Lumidgm:66:1,DB1_Lumidgm/91_1_5.wsq,impostor,8,19,8,,False,38.928871,0
1564,stored,66,DB1_Lumidgm:66:1,DB1_Lumidgm/91_1_5.wsq,impostor,8,19,8,,False,38.363395,0
1565,stored,44,DB1_Lumidgm:44:9,DB1_Lumidgm/24_1_4.wsq,impostor,4,19,4,,False,35.328207,0
1565,derive,44,DB1_Lumidgm:44:9,DB1_Lumidgm/24_1_4.wsq,impostor,4,19,4,,False,34.587074,0
1566,derive,52,DB1_Lumidgm:52:2,DB1_Lumidgm/52_3_2.wsq,genuine,101,19,101,,True,42.257187,1210
1566,stored,52,DB1_Lumidgm:52:2,DB1_Lumidgm/52_3_2.wsq,genuine,101,19,101,,True,38.601017,1210
1567,stored,44,DB1_Lumidgm:44:9,DB1_Lumidgm/81_1_7.wsq,impostor,5,19,5,,False,37.581608,0
1567,derive,44,DB1_Lumidgm:44:9,DB1_Lumidgm/81_1_7.wsq,impostor,5,19,5,,False,37.838419,0
1568,derive,32,DB1_Lumidgm:32:9,DB1_Lumidgm/81_1_7.wsq,impostor,6,19,6,,False,37.4214,0
1568,stored,32,DB1_Lumidgm:32:9,DB1_Lumidgm/81_1_7.wsq,impostor,6,19,6,,False,37.582207,0
1569,stored,73,DB1_Lumidgm:73:8,DB1_Lumidgm/41_1_7.wsq,impostor,7,19,7,,False,37.706576,0
1569,derive,73,DB1_Lumidgm:73:8,DB1_Lumidgm/41_1_7.wsq,impostor,7,19,7,,False,37.812952,0
1570,derive,32,DB1_Lumidgm:32:8,DB1_Lumidgm/40_1_8.wsq,impostor,4,19,4,,False,36.084522,0
1570,stored,32,DB1_Lumidgm:32:8,DB1_Lumidgm/40_1_8.wsq,impostor,4,19,4,,False,36.245871,0
1571,stored,46,DB1_Lumidgm:46:2,DB1_Lumidgm/83_1_1.wsq,impostor,4,19,4,,False,35.124488,0
1571,derive,46,DB1_Lumidgm:46:2,DB1_Lumidgm/83_1_1.wsq,impostor,4,19,4,,False,35.47963,0
1572,derive,33,DB1_Lumidgm:33:6,DB1_Lumidgm/36_1_10.wsq,impostor,5,19,5,,False,36.595536,0
1572,stored,33,DB1_Lumidgm:33:6,DB1_Lumidgm/36_1_10.wsq,impostor,5,19,5,,False,36.080633,0
1573,stored,50,DB1_Lumidgm:50:4,DB1_Lumidgm/50_3_4.wsq,genuine,56,19,56,,True,42.935201,1210
1573,derive,50,DB1_Lumidgm:50:4,DB1_Lumidgm/50_3_4.wsq,genuine,56,19,56,,True,40.387941,1210
1574,derive,100,DB1_Lumidgm:100:8,DB1_Lumidgm/79_1_3.wsq,impostor,7,19,7,,False,34.938823,0
1574,stored,100,DB1_Lumidgm:100:8,DB1_Lumidgm/79_1_3.wsq,impostor,7,19,7,,False,35.338321,0
1575,stored,33,DB1_Lumidgm:33:3,DB1_Lumidgm/33_2_3.wsq,genuine,13,19,13,,False,38.014851,0
1575,derive,33,DB1_Lumidgm:33:3,DB1_Lumidgm/33_2_3.wsq,genuine,13,19,13,,False,36.145166,0
1576,derive,23,DB1_Lumidgm:23:9,DB1_Lumidgm/66_1_8.wsq,impostor,9,19,9,,False,37.860268,0
1576,stored,23,DB1_Lumidgm:23:9,DB1_Lumidgm/66_1_8.wsq,impostor,9,19,9,,False,38.922964,0
1577,stored,23,DB1_Lumidgm:23:6,DB1_Lumidgm/23_2_6.wsq,genuine,224,19,224,,True,58.740127,1210
1577,derive,23,DB1_Lumidgm:23:6,DB1_Lumidgm/23_2_6.wsq,genuine,224,19,224,,True,56.958123,1210
1578,derive,91,DB1_Lumidgm:91:9,DB1_Lumidgm/55_1_8.wsq,impostor,5,19,5,,False,37.445843,0
1578,stored,91,DB1_Lumidgm:91:9,DB1_Lumidgm/55_1_8.wsq,impostor,5,19,5,,False,36.896465,0
1579,stored,72,DB1_Lumidgm:72:1,DB1_Lumidgm/51_1_1.wsq,impostor,6,19,6,,False,36.460995,0
1579,derive,72,DB1_Lumidgm:72:1,DB1_Lumidgm/51_1_1.wsq,impostor,6,19,6,,False,37.183512,0
1580,derive,36,DB1_Lumidgm:36:7,DB1_Lumidgm/23_1_5.wsq,impostor,8,19,8,,False,32.198152,0
1580,stored,36,DB1_Lumidgm:36:7,DB1_Lumidgm/23_1_5.wsq,impostor,8,19,8,,False,34.109639,0
1581,stored,41,DB1_Lumidgm:41:9,DB1_Lumidgm/34_1_9.wsq,impostor,9,19,9,,False,37.172417,0
1581,derive,41,DB1_Lumidgm:41:9,DB1_Lumidgm/34_1_9.wsq,impostor,9,19,9,,False,37.583559,0
1582,derive,35,DB1_Lumidgm:35:10,DB1_Lumidgm/35_2_10.wsq,genuine,150,19,150,,True,41.229541,1211
1582,stored,35,DB1_Lumidgm:35:10,DB1_Lumidgm/35_2_10.wsq,genuine,150,19,150,,True,46.197313,1211
1583,stored,46,DB1_Lumidgm:46:5,DB1_Lumidgm/46_4_5.wsq,genuine,71,19,71,,True,41.777273,1210
1583,derive,46,DB1_Lumidgm:46:5,DB1_Lumidgm/46_4_5.wsq,genuine,71,19,71,,True,40.376601,1210
1584,derive,87,DB1_Lumidgm:87:4,DB1_Lumidgm/91_1_2.wsq,impostor,5,19,5,,False,39.951793,0
1584,stored,87,DB1_Lumidgm:87:4,DB1_Lumidgm/91_1_2.wsq,impostor,5,19,5,,False,40.813611,0
1585,stored,66,DB1_Lumidgm:66:9,DB1_Lumidgm/49_1_9.wsq,impostor,7,19,7,,False,36.997953,0
1585,derive,66,DB1_Lumidgm:66:9,DB1_Lumidgm/49_1_9.wsq,impostor,7,19,7,,False,42.87278,0
1586,derive,86,DB1_Lumidgm:86:2,DB1_Lumidgm/36_1_2.wsq,impostor,7,19,7,,False,37.717001,0
1586,stored,86,DB1_Lumidgm:86:2,DB1_Lumidgm/36_1_2.wsq,impostor,7,19,7,,False,36.825816,0
1587,stored,73,DB1_Lumidgm:73:4,DB1_Lumidgm/73_4_4.wsq,genuine,9,19,9,,False,37.820325,0
1587,derive,73,DB1_Lumidgm:73:4,DB1_Lumidgm/73_4_4.wsq,genuine,9,19,9,,False,36.525348,0
1588,derive,92,DB1_Lumidgm:92:7,DB1_Lumidgm/92_2_7.wsq,genuine,101,19,101,,True,53.047254,1210
1588,stored,92,DB1_Lumidgm:92:7,DB1_Lumidgm/92_2_7.wsq,genuine,101,19,101,,True,48.920967,1210
1589,stored,22,DB1_Lumidgm:22:8,DB1_Lumidgm/22_3_8.wsq,genuine,57,19,57,,True,61.508793,1210
1589,derive,22,DB1_Lumidgm:22:8,DB1_Lumidgm/22_3_8.wsq,genuine,57,19,57,,True,60.122652,1210
1590,derive,98,DB1_Lumidgm:98:9,DB1_Lumidgm/68_1_3.wsq,impostor,8,19,8,,False,36.793811,0
1590,stored,98,DB1_Lumidgm:98:9,DB1_Lumidgm/68_1_3.wsq,impostor,8,19,8,,False,36.047061,0
1591,stored,87,DB1_Lumidgm:87:8,DB1_Lumidgm/28_1_8.wsq,impostor,6,19,6,,False,38.141746,0
1591,derive,87,DB1_Lumidgm:87:8,DB1_Lumidgm/28_1_8.wsq,impostor,6,19,6,,False,38.556374,0
1592,derive,77,DB1_Lumidgm:77:3,DB1_Lumidgm/55_1_6.wsq,impostor,5,19,5,,False,36.651934,0
1592,stored,77,DB1_Lumidgm:77:3,DB1_Lumidgm/55_1_6.wsq,impostor,5,19,5,,False,36.256455,0
1593,stored,35,DB1_Lumidgm:35:7,DB1_Lumidgm/99_1_8.wsq,impostor,9,19,9,,False,36.008825,0
1593,derive,35,DB1_Lumidgm:35:7,DB1_Lumidgm/99_1_8.wsq,impostor,9,19,9,,False,38.15456,0
1594,derive,72,DB1_Lumidgm:72:7,DB1_Lumidgm/50_1_1.wsq,impostor,5,19,5,,False,37.84888,0
1594,stored,72,DB1_Lumidgm:72:7,DB1_Lumidgm/50_1_1.wsq,impostor,5,19,5,,False,37.562761,0
1595,stored,61,DB1_Lumidgm:61:8,DB1_Lumidgm/61_4_8.wsq,genuine,89,19,89,,True,44.992665,1210
1595,derive,61,DB1_Lumidgm:61:8,DB1_Lumidgm/61_4_8.wsq,genuine,89,19,89,,True,43.278889,1210
1596,derive,70,DB1_Lumidgm:70:3,DB1_Lumidgm/33_1_3.wsq,impostor,11,19,11,,False,38.169391,0
1596,stored,70,DB1_Lumidgm:70:3,DB1_Lumidgm/33_1_3.wsq,impostor,11,19,11,,False,40.003627,0
1597,stored,37,DB1_Lumidgm:37:8,DB1_Lumidgm/90_1_2.wsq,impostor,9,19,9,,False,39.21059,0
1597,derive,37,DB1_Lumidgm:37:8,DB1_Lumidgm/90_1_2.wsq,impostor,9,19,9,,False,37.548676,0
1598,derive,83,DB1_Lumidgm:83:8,DB1_Lumidgm/43_1_10.wsq,impostor,11,19,11,,False,35.192898,0
1598,stored,83,DB1_Lumidgm:83:8,DB1_Lumidgm/43_1_10.wsq,impostor,11,19,11,,False,34.579155,0
1599,stored,57,DB1_Lumidgm:57:10,DB1_Lumidgm/29_1_9.wsq,impostor,5,19,5,,False,36.250082,0
1599,derive,57,DB1_Lumidgm:57:10,DB1_Lumidgm/29_1_9.wsq,impostor,5,19,5,,False,35.990853,0
1600,derive,82,DB1_Lumidgm:82:7,DB1_Lumidgm/82_4_7.wsq,genuine,44,19,44,,True,46.450467,1210
1600,stored,82,DB1_Lumidgm:82:7,DB1_Lumidgm/82_4_7.wsq,genuine,44,19,44,,True,48.237139,1210
1601,stored,54,DB1_Lumidgm:54:8,DB1_Lumidgm/61_1_7.wsq,impostor,9,19,9,,False,41.909104,0
1601,derive,54,DB1_Lumidgm:54:8,DB1_Lumidgm/61_1_7.wsq,impostor,9,19,9,,False,37.792253,0
1602,derive,84,DB1_Lumidgm:84:9,DB1_Lumidgm/47_1_10.wsq,impostor,8,19,8,,False,35.289609,0
1602,stored,84,DB1_Lumidgm:84:9,DB1_Lumidgm/47_1_10.wsq,impostor,8,19,8,,False,33.903361,0
1603,stored,50,DB1_Lumidgm:50:2,DB1_Lumidgm/49_1_1.wsq,impostor,16,19,16,,False,37.578382,0
1603,derive,50,DB1_Lumidgm:50:2,DB1_Lumidgm/49_1_1.wsq,impostor,16,19,16,,False,37.979945,0
1604,derive,54,DB1_Lumidgm:54:8,DB1_Lumidgm/54_3_8.wsq,genuine,97,19,97,,True,39.512205,1210
1604,stored,54,DB1_Lumidgm:54:8,DB1_Lumidgm/54_3_8.wsq,genuine,97,19,97,,True,38.768048,1210
1605,stored,69,DB1_Lumidgm:69:6,DB1_Lumidgm/83_1_5.wsq,impostor,6,19,6,,False,33.412954,0
1605,derive,69,DB1_Lumidgm:69:6,DB1_Lumidgm/83_1_5.wsq,impostor,6,19,6,,False,47.059761,0
1606,derive,25,DB1_Lumidgm:25:9,DB1_Lumidgm/67_1_10.wsq,impostor,6,19,6,,False,50.138432,0
1606,stored,25,DB1_Lumidgm:25:9,DB1_Lumidgm/67_1_10.wsq,impostor,6,19,6,,False,41.659952,0
1607,stored,35,DB1_Lumidgm:35:9,DB1_Lumidgm/35_2_9.wsq,genuine,114,19,114,,True,41.338365,1210
1607,derive,35,DB1_Lumidgm:35:9,DB1_Lumidgm/35_2_9.wsq,genuine,114,19,114,,True,40.295809,1210
1608,derive,63,DB1_Lumidgm:63:3,DB1_Lumidgm/37_1_3.wsq,impostor,5,19,5,,False,35.714045,0
1608,stored,63,DB1_Lumidgm:63:3,DB1_Lumidgm/37_1_3.wsq,impostor,5,19,5,,False,34.612156,0
1609,stored,100,DB1_Lumidgm:100:4,DB1_Lumidgm/98_1_3.wsq,impostor,6,19,6,,False,37.617638,0
1609,derive,100,DB1_Lumidgm:100:4,DB1_Lumidgm/98_1_3.wsq,impostor,6,19,6,,False,37.343831,0
1610,derive,95,DB1_Lumidgm:95:9,DB1_Lumidgm/45_1_3.wsq,impostor,10,19,10,,False,38.094136,0
1610,stored,95,DB1_Lumidgm:95:9,DB1_Lumidgm/45_1_3.wsq,impostor,10,19,10,,False,37.166497,0
1611,stored,25,DB1_Lumidgm:25:6,DB1_Lumidgm/95_1_6.wsq,impostor,3,19,3,,False,42.100334,0
1611,derive,25,DB1_Lumidgm:25:6,DB1_Lumidgm/95_1_6.wsq,impostor,3,19,3,,False,43.19736,0
1612,derive,43,DB1_Lumidgm:43:4,DB1_Lumidgm/79_1_9.wsq,impostor,13,19,13,,False,39.766495,0
1612,stored,43,DB1_Lumidgm:43:4,DB1_Lumidgm/79_1_9.wsq,impostor,13,19,13,,False,40.339011,0
1613,stored,48,DB1_Lumidgm:48:6,DB1_Lumidgm/39_1_2.wsq,impostor,3,19,3,,False,34.369209,0
1613,derive,48,DB1_Lumidgm:48:6,DB1_Lumidgm/39_1_2.wsq,impostor,3,19,3,,False,34.680193,0
1614,derive,83,DB1_Lumidgm:83:9,DB1_Lumidgm/82_1_9.wsq,impostor,7,19,7,,False,39.975661,0
1614,stored,83,DB1_Lumidgm:83:9,DB1_Lumidgm/82_1_9.wsq,impostor,7,19,7,,False,37.728843,0
1615,stored,34,DB1_Lumidgm:34:10,DB1_Lumidgm/24_1_4.wsq,impostor,7,19,7,,False,34.423919,0
1615,derive,34,DB1_Lumidgm:34:10,DB1_Lumidgm/24_1_4.wsq,impostor,7,19,7,,False,34.725106,0
1616,derive,43,DB1_Lumidgm:43:7,DB1_Lumidgm/43_4_7.wsq,genuine,80,19,80,,True,45.95758,1210
1616,stored,43,DB1_Lumidgm:43:7,DB1_Lumidgm/43_4_7.wsq,genuine,80,19,80,,True,46.407726,1210
1617,stored,71,DB1_Lumidgm:71:9,DB1_Lumidgm/73_1_3.wsq,impostor,4,19,4,,False,36.962521,0
1617,derive,71,DB1_Lumidgm:71:9,DB1_Lumidgm/73_1_3.wsq,impostor,4,19,4,,False,37.187258,0
1618,derive,25,DB1_Lumidgm:25:9,DB1_Lumidgm/21_1_1.wsq,impostor,9,19,9,,False,37.990586,0
1618,stored,25,DB1_Lumidgm:25:9,DB1_Lumidgm/21_1_1.wsq,impostor,9,19,9,,False,38.074046,0
1619,stored,28,DB1_Lumidgm:28:4,DB1_Lumidgm/84_1_5.wsq,impostor,19,19,19,,True,39.597741,1210
1619,derive,28,DB1_Lumidgm:28:4,DB1_Lumidgm/84_1_5.wsq,impostor,19,19,19,,True,40.209481,1210
1620,derive,71,DB1_Lumidgm:71:4,DB1_Lumidgm/36_1_2.wsq,impostor,8,19,8,,False,36.817063,0
1620,stored,71,DB1_Lumidgm:71:4,DB1_Lumidgm/36_1_2.wsq,impostor,8,19,8,,False,37.800038,0
1621,stored,58,DB1_Lumidgm:58:1,DB1_Lumidgm/58_3_1.wsq,genuine,30,19,30,,True,37.752073,1210
1621,derive,58,DB1_Lumidgm:58:1,DB1_Lumidgm/58_3_1.wsq,genuine,30,19,30,,True,36.955138,1210
1622,derive,33,DB1_Lumidgm:33:7,DB1_Lumidgm/43_1_8.wsq,impostor,7,19,7,,False,36.319107,0
1622,stored,33,DB1_Lumidgm:33:7,DB1_Lumidgm/43_1_8.wsq,impostor,7,19,7,,False,35.335563,0
1623,stored,99,DB1_Lumidgm:99:3,DB1_Lumidgm/50_1_2.wsq,impostor,6,19,6,,False,36.979543,0
1623,derive,99,DB1_Lumidgm:99:3,DB1_Lumidgm/50_1_2.wsq,impostor,6,19,6,,False,36.491565,0
1624,derive,86,DB1_Lumidgm:86:2,DB1_Lumidgm/93_1_6.wsq,impostor,8,19,8,,False,39.344408,0
1624,stored,86,DB1_Lumidgm:86:2,DB1_Lumidgm/93_1_6.wsq,impostor,8,19,8,,False,39.728249,0
1625,stored,54,DB1_Lumidgm:54:3,DB1_Lumidgm/27_1_8.wsq,impostor,9,19,9,,False,36.067539,0
1625,derive,54,DB1_Lumidgm:54:3,DB1_Lumidgm/27_1_8.wsq,impostor,9,19,9,,False,35.569596,0
1626,derive,53,DB1_Lumidgm:53:10,DB1_Lumidgm/40_1_10.wsq,impostor,6,19,6,,False,35.115007,0
1626,stored,53,DB1_Lumidgm:53:10,DB1_Lumidgm/40_1_10.wsq,impostor,6,19,6,,False,35.235987,0
1627,stored,75,DB1_Lumidgm:75:3,DB1_Lumidgm/71_1_1.wsq,impostor,8,19,8,,False,39.611365,0
1627,derive,75,DB1_Lumidgm:75:3,DB1_Lumidgm/71_1_1.wsq,impostor,8,19,8,,False,38.376924,0
1628,derive,38,DB1_Lumidgm:38:6,DB1_Lumidgm/38_3_6.wsq,genuine,210,19,210,,True,52.688281,1210
1628,stored,38,DB1_Lumidgm:38:6,DB1_Lumidgm/38_3_6.wsq,genuine,210,19,210,,True,52.07084,1210
1629,stored,25,DB1_Lumidgm:25:3,DB1_Lumidgm/78_1_1.wsq,impostor,8,19,8,,False,35.812512,0
1629,derive,25,DB1_Lumidgm:25:3,DB1_Lumidgm/78_1_1.wsq,impostor,8,19,8,,False,35.576747,0
1630,derive,37,DB1_Lumidgm:37:8,DB1_Lumidgm/58_1_7.wsq,impostor,5,19,5,,False,42.398818,0
1630,stored,37,DB1_Lumidgm:37:8,DB1_Lumidgm/58_1_7.wsq,impostor,5,19,5,,False,42.255153,0
1631,stored,96,DB1_Lumidgm:96:6,DB1_Lumidgm/58_1_3.wsq,impostor,4,19,4,,False,43.664778,0
1631,derive,96,DB1_Lumidgm:96:6,DB1_Lumidgm/58_1_3.wsq,impostor,4,19,4,,False,43.202136,0
1632,derive,50,DB1_Lumidgm:50:5,DB1_Lumidgm/77_1_6.wsq,impostor,5,19,5,,False,36.613453,0
1632,stored,50,DB1_Lumidgm:50:5,DB1_Lumidgm/77_1_6.wsq,impostor,5,19,5,,False,37.103417,0
1633,stored,58,DB1_Lumidgm:58:3,DB1_Lumidgm/86_1_3.wsq,impostor,9,19,9,,False,37.563698,0
1633,derive,58,DB1_Lumidgm:58:3,DB1_Lumidgm/86_1_3.wsq,impostor,9,19,9,,False,36.649727,0
1634,derive,21,DB1_Lumidgm:21:6,DB1_Lumidgm/49_1_5.wsq,impostor,5,19,5,,False,32.800066,0
1634,stored,21,DB1_Lumidgm:21:6,DB1_Lumidgm/49_1_5.wsq,impostor,5,19,5,,False,34.533576,0
1635,stored,70,DB1_Lumidgm:70:5,DB1_Lumidgm/33_1_5.wsq,impostor,5,19,5,,False,36.863014,0
1635,derive,70,DB1_Lumidgm:70:5,DB1_Lumidgm/33_1_5.wsq,impostor,5,19,5,,False,34.876639,0
1636,derive,76,DB1_Lumidgm:76:10,DB1_Lumidgm/46_1_7.wsq,impostor,8,19,8,,False,37.393361,0
1636,stored,76,DB1_Lumidgm:76:10,DB1_Lumidgm/46_1_7.wsq,impostor,8,19,8,,False,39.927551,0
1637,stored,27,DB1_Lumidgm:27:3,DB1_Lumidgm/70_1_2.wsq,impostor,7,19,7,,False,37.865277,0
1637,derive,27,DB1_Lumidgm:27:3,DB1_Lumidgm/70_1_2.wsq,impostor,7,19,7,,False,38.523833,0
1638,derive,68,DB1_Lumidgm:68:8,DB1_Lumidgm/71_1_8.wsq,impostor,11,19,11,,False,36.40631,0
1638,stored,68,DB1_Lumidgm:68:8,DB1_Lumidgm/71_1_8.wsq,impostor,11,19,11,,False,36.333013,0
1639,stored,99,DB1_Lumidgm:99:6,DB1_Lumidgm/91_1_10.wsq,impostor,3,19,3,,False,41.547573,0
1639,derive,99,DB1_Lumidgm:99:6,DB1_Lumidgm/91_1_10.wsq,impostor,3,19,3,,False,40.908925,0
1640,derive,76,DB1_Lumidgm:76:5,DB1_Lumidgm/59_1_3.wsq,impostor,4,19,4,,False,40.345962,0
1640,stored,76,DB1_Lumidgm:76:5,DB1_Lumidgm/59_1_3.wsq,impostor,4,19,4,,False,39.925812,0
1641,stored,57,DB1_Lumidgm:57:4,DB1_Lumidgm/92_1_6.wsq,impostor,6,19,6,,False,44.13943,0
1641,derive,57,DB1_Lumidgm:57:4,DB1_Lumidgm/92_1_6.wsq,impostor,6,19,6,,False,47.327629,0
1642,derive,25,DB1_Lumidgm:25:1,DB1_Lumidgm/47_1_4.wsq,impostor,5,19,5,,False,34.202167,0
1642,stored,25,DB1_Lumidgm:25:1,DB1_Lumidgm/47_1_4.wsq,impostor,5,19,5,,False,34.058163,0
1643,stored,37,DB1_Lumidgm:37:6,DB1_Lumidgm/93_1_1.wsq,impostor,3,19,3,,False,42.81894,0
1643,derive,37,DB1_Lumidgm:37:6,DB1_Lumidgm/93_1_1.wsq,impostor,3,19,3,,False,45.016659,0
1644,derive,76,DB1_Lumidgm:76:10,DB1_Lumidgm/64_1_4.wsq,impostor,7,19,7,,False,38.121338,0
1644,stored,76,DB1_Lumidgm:76:10,DB1_Lumidgm/64_1_4.wsq,impostor,7,19,7,,False,37.669501,0
1645,stored,22,DB1_Lumidgm:22:7,DB1_Lumidgm/22_2_7.wsq,genuine,55,19,55,,True,44.292772,1210
1645,derive,22,DB1_Lumidgm:22:7,DB1_Lumidgm/22_2_7.wsq,genuine,55,19,55,,True,44.740097,1210
1646,derive,98,DB1_Lumidgm:98:9,DB1_Lumidgm/98_4_9.wsq,genuine,40,19,40,,True,44.615806,1210
1646,stored,98,DB1_Lumidgm:98:9,DB1_Lumidgm/98_4_9.wsq,genuine,40,19,40,,True,42.764456,1210
1647,stored,53,DB1_Lumidgm:53:2,DB1_Lumidgm/41_1_7.wsq,impostor,7,19,7,,False,36.887516,0
1647,derive,53,DB1_Lumidgm:53:2,DB1_Lumidgm/41_1_7.wsq,impostor,7,19,7,,False,36.242143,0
1648,derive,49,DB1_Lumidgm:49:6,DB1_Lumidgm/79_1_5.wsq,impostor,7,19,7,,False,34.676482,0
1648,stored,49,DB1_Lumidgm:49:6,DB1_Lumidgm/79_1_5.wsq,impostor,7,19,7,,False,39.792414,0
1649,stored,71,DB1_Lumidgm:71:10,DB1_Lumidgm/86_1_10.wsq,impostor,9,19,9,,False,40.203192,0
1649,derive,71,DB1_Lumidgm:71:10,DB1_Lumidgm/86_1_10.wsq,impostor,9,19,9,,False,38.164774,0
1650,derive,93,DB1_Lumidgm:93:9,DB1_Lumidgm/54_1_1.wsq,impostor,5,19,5,,False,38.363702,0
1650,stored,93,DB1_Lumidgm:93:9,DB1_Lumidgm/54_1_1.wsq,impostor,5,19,5,,False,38.798891,0
1651,stored,57,DB1_Lumidgm:57:8,DB1_Lumidgm/48_1_1.wsq,impostor,8,19,8,,False,37.875411,0
1651,derive,57,DB1_Lumidgm:57:8,DB1_Lumidgm/48_1_1.wsq,impostor,8,19,8,,False,37.837245,0
1652,derive,67,DB1_Lumidgm:67:2,DB1_Lumidgm/57_1_2.wsq,impostor,18,19,18,,False,39.079368,0
1652,stored,67,DB1_Lumidgm:67:2,DB1_Lumidgm/57_1_2.wsq,impostor,18,19,18,,False,40.139659,0
1653,stored,26,DB1_Lumidgm:26:3,DB1_Lumidgm/83_1_10.wsq,impostor,6,19,6,,False,34.323705,0
1653,derive,26,DB1_Lumidgm:26:3,DB1_Lumidgm/83_1_10.wsq,impostor,6,19,6,,False,32.929344,0
1654,derive,96,DB1_Lumidgm:96:10,DB1_Lumidgm/45_1_8.wsq,impostor,5,19,5,,False,38.366159,0
1654,stored,96,DB1_Lumidgm:96:10,DB1_Lumidgm/45_1_8.wsq,impostor,5,19,5,,False,37.552929,0
1655,stored,72,DB1_Lumidgm:72:6,DB1_Lumidgm/72_4_6.wsq,genuine,67,19,67,,True,36.681538,1210
1655,derive,72,DB1_Lumidgm:72:6,DB1_Lumidgm/72_4_6.wsq,genuine,67,19,67,,True,36.067688,1210
1656,derive,23,DB1_Lumidgm:23:1,DB1_Lumidgm/34_1_8.wsq,impostor,5,19,5,,False,38.514552,0
1656,stored,23,DB1_Lumidgm:23:1,DB1_Lumidgm/34_1_8.wsq,impostor,5,19,5,,False,38.089396,0
1657,stored,26,DB1_Lumidgm:26:9,DB1_Lumidgm/36_1_1.wsq,impostor,5,19,5,,False,36.547996,0
1657,derive,26,DB1_Lumidgm:26:9,DB1_Lumidgm/36_1_1.wsq,impostor,5,19,5,,False,37.195969,0
1658,derive,22,DB1_Lumidgm:22:6,DB1_Lumidgm/22_1_5.wsq,impostor,8,19,8,,False,34.245388,0
1658,stored,22,DB1_Lumidgm:22:6,DB1_Lumidgm/22_1_5.wsq,impostor,8,19,8,,False,34.848807,0
1659,stored,26,DB1_Lumidgm:26:2,DB1_Lumidgm/68_1_1.wsq,impostor,4,19,4,,False,36.969754,0
1659,derive,26,DB1_Lumidgm:26:2,DB1_Lumidgm/68_1_1.wsq,impostor,4,19,4,,False,37.467859,0
1660,derive,29,DB1_Lumidgm:29:9,DB1_Lumidgm/75_1_2.wsq,impostor,6,19,6,,False,35.145342,0
1660,stored,29,DB1_Lumidgm:29:9,DB1_Lumidgm/75_1_2.wsq,impostor,6,19,6,,False,34.887942,0
1661,stored,85,DB1_Lumidgm:85:10,DB1_Lumidgm/98_1_10.wsq,impostor,7,19,7,,False,37.930124,0
1661,derive,85,DB1_Lumidgm:85:10,DB1_Lumidgm/98_1_10.wsq,impostor,7,19,7,,False,37.681442,0
1662,derive,78,DB1_Lumidgm:78:10,DB1_Lumidgm/62_1_6.wsq,impostor,6,19,6,,False,44.197066,0
1662,stored,78,DB1_Lumidgm:78:10,DB1_Lumidgm/62_1_6.wsq,impostor,6,19,6,,False,43.943306,0
1663,stored,55,DB1_Lumidgm:55:1,DB1_Lumidgm/43_1_4.wsq,impostor,5,19,5,,False,36.385732,0
1663,derive,55,DB1_Lumidgm:55:1,DB1_Lumidgm/43_1_4.wsq,impostor,5,19,5,,False,36.48868,0
1664,derive,99,DB1_Lumidgm:99:8,DB1_Lumidgm/44_1_6.wsq,impostor,8,19,8,,False,36.936603,0
1664,stored,99,DB1_Lumidgm:99:8,DB1_Lumidgm/44_1_6.wsq,impostor,8,19,8,,False,37.575785,0
1665,stored,34,DB1_Lumidgm:34:4,DB1_Lumidgm/60_1_10.wsq,impostor,7,19,7,,False,35.378888,0
1665,derive,34,DB1_Lumidgm:34:4,DB1_Lumidgm/60_1_10.wsq,impostor,7,19,7,,False,35.573777,0
1666,derive,34,DB1_Lumidgm:34:8,DB1_Lumidgm/36_1_10.wsq,impostor,9,19,9,,False,36.931996,0
1666,stored,34,DB1_Lumidgm:34:8,DB1_Lumidgm/36_1_10.wsq,impostor,9,19,9,,False,36.613925,0
1667,stored,50,DB1_Lumidgm:50:8,DB1_Lumidgm/61_1_1.wsq,impostor,4,19,4,,False,37.929865,0
1667,derive,50,DB1_Lumidgm:50:8,DB1_Lumidgm/61_1_1.wsq,impostor,4,19,4,,False,37.963599,0
1668,derive,61,DB1_Lumidgm:61:9,DB1_Lumidgm/50_1_2.wsq,impostor,6,19,6,,False,37.390523,0
1668,stored,61,DB1_Lumidgm:61:9,DB1_Lumidgm/50_1_2.wsq,impostor,6,19,6,,False,37.864108,0
1669,stored,70,DB1_Lumidgm:70:8,DB1_Lumidgm/73_1_8.wsq,impostor,7,19,7,,False,37.477569,0
1669,derive,70,DB1_Lumidgm:70:8,DB1_Lumidgm/73_1_8.wsq,impostor,7,19,7,,False,37.483533,0
1670,derive,96,DB1_Lumidgm:96:4,DB1_Lumidgm/95_1_9.wsq,impostor,5,19,5,,False,44.253123,0
1670,stored,96,DB1_Lumidgm:96:4,DB1_Lumidgm/95_1_9.wsq,impostor,5,19,5,,False,41.700919,0
1671,stored,52,DB1_Lumidgm:52:7,DB1_Lumidgm/30_1_7.wsq,impostor,8,19,8,,False,37.725829,0
1671,derive,52,DB1_Lumidgm:52:7,DB1_Lumidgm/30_1_7.wsq,impostor,8,19,8,,False,36.904902,0
1672,derive,95,DB1_Lumidgm:95:3,DB1_Lumidgm/85_1_5.wsq,impostor,5,19,5,,False,33.314246,0
1672,stored,95,DB1_Lumidgm:95:3,DB1_Lumidgm/85_1_5.wsq,impostor,5,19,5,,False,33.63204,0
1673,stored,53,DB1_Lumidgm:53:7,DB1_Lumidgm/53_3_7.wsq,genuine,184,19,184,,True,53.985059,1210
1673,derive,53,DB1_Lumidgm:53:7,DB1_Lumidgm/53_3_7.wsq,genuine,184,19,184,,True,52.548181,1210
1674,derive,51,DB1_Lumidgm:51:2,DB1_Lumidgm/98_1_8.wsq,impostor,9,19,9,,False,37.917351,0
1674,stored,51,DB1_Lumidgm:51:2,DB1_Lumidgm/98_1_8.wsq,impostor,9,19,9,,False,37.687254,0
1675,stored,96,DB1_Lumidgm:96:10,DB1_Lumidgm/96_4_10.wsq,genuine,77,19,77,,True,37.424461,1211
1675,derive,96,DB1_Lumidgm:96:10,DB1_Lumidgm/96_4_10.wsq,genuine,77,19,77,,True,33.992472,1211
1676,derive,81,DB1_Lumidgm:81:10,DB1_Lumidgm/97_1_6.wsq,impostor,4,19,4,,False,37.768546,0
1676,stored,81,DB1_Lumidgm:81:10,DB1_Lumidgm/97_1_6.wsq,impostor,4,19,4,,False,39.229399,0
1677,stored,95,DB1_Lumidgm:95:9,DB1_Lumidgm/95_4_9.wsq,genuine,34,19,34,,True,62.925158,1210
1677,derive,95,DB1_Lumidgm:95:9,DB1_Lumidgm/95_4_9.wsq,genuine,34,19,34,,True,35.566409,1210
1678,derive,58,DB1_Lumidgm:58:8,DB1_Lumidgm/29_1_10.wsq,impostor,8,19,8,,False,38.433169,0
1678,stored,58,DB1_Lumidgm:58:8,DB1_Lumidgm/29_1_10.wsq,impostor,8,19,8,,False,37.862346,0
1679,stored,93,DB1_Lumidgm:93:5,DB1_Lumidgm/100_1_7.wsq,impostor,6,19,6,,False,39.097581,0
1679,derive,93,DB1_Lumidgm:93:5,DB1_Lumidgm/100_1_7.wsq,impostor,6,19,6,,False,36.823426,0
1680,derive,58,DB1_Lumidgm:58:7,DB1_Lumidgm/83_1_9.wsq,impostor,8,19,8,,False,34.959473,0
1680,stored,58,DB1_Lumidgm:58:7,DB1_Lumidgm/83_1_9.wsq,impostor,8,19,8,,False,34.993957,0
1681,stored,23,DB1_Lumidgm:23:6,DB1_Lumidgm/78_1_5.wsq,impostor,7,19,7,,False,35.160646,0
1681,derive,23,DB1_Lumidgm:23:6,DB1_Lumidgm/78_1_5.wsq,impostor,7,19,7,,False,35.703331,0
1682,derive,37,DB1_Lumidgm:37:8,DB1_Lumidgm/37_2_8.wsq,genuine,101,19,101,,True,44.030601,1210
1682,stored,37,DB1_Lumidgm:37:8,DB1_Lumidgm/37_2_8.wsq,genuine,101,19,101,,True,41.734096,1210
1683,stored,25,DB1_Lumidgm:25:1,DB1_Lumidgm/59_1_3.wsq,impostor,7,19,7,,False,39.756378,0
1683,derive,25,DB1_Lumidgm:25:1,DB1_Lumidgm/59_1_3.wsq,impostor,7,19,7,,False,39.988107,0
1684,derive,76,DB1_Lumidgm:76:1,DB1_Lumidgm/74_1_5.wsq,impostor,6,19,6,,False,37.238662,0
1684,stored,76,DB1_Lumidgm:76:1,DB1_Lumidgm/74_1_5.wsq,impostor,6,19,6,,False,38.726012,0
1685,stored,70,DB1_Lumidgm:70:1,DB1_Lumidgm/37_1_9.wsq,impostor,7,19,7,,False,38.969368,0
1685,derive,70,DB1_Lumidgm:70:1,DB1_Lumidgm/37_1_9.wsq,impostor,7,19,7,,False,37.404976,0
1686,derive,88,DB1_Lumidgm:88:8,DB1_Lumidgm/88_3_8.wsq,genuine,17,19,17,,False,43.778762,0
1686,stored,88,DB1_Lumidgm:88:8,DB1_Lumidgm/88_3_8.wsq,genuine,17,19,17,,False,43.456506,0
1687,stored,63,DB1_Lumidgm:63:5,DB1_Lumidgm/82_1_7.wsq,impostor,5,19,5,,False,38.509427,0
1687,derive,63,DB1_Lumidgm:63:5,DB1_Lumidgm/82_1_7.wsq,impostor,5,19,5,,False,38.468415,0
1688,derive,88,DB1_Lumidgm:88:1,DB1_Lumidgm/91_1_2.wsq,impostor,4,19,4,,False,41.70051,0
1688,stored,88,DB1_Lumidgm:88:1,DB1_Lumidgm/91_1_2.wsq,impostor,4,19,4,,False,41.678518,0
1689,stored,51,DB1_Lumidgm:51:4,DB1_Lumidgm/79_1_5.wsq,impostor,7,19,7,,False,35.488372,0
1689,derive,51,DB1_Lumidgm:51:4,DB1_Lumidgm/79_1_5.wsq,impostor,7,19,7,,False,35.862096,0
1690,derive,63,DB1_Lumidgm:63:4,DB1_Lumidgm/79_1_8.wsq,impostor,11,19,11,,False,37.833372,0
1690,stored,63,DB1_Lumidgm:63:4,DB1_Lumidgm/79_1_8.wsq,impostor,11,19,11,,False,38.270408,0
1691,stored,58,DB1_Lumidgm:58:3,DB1_Lumidgm/60_1_1.wsq,impostor,5,19,5,,False,39.17509,0
1691,derive,58,DB1_Lumidgm:58:3,DB1_Lumidgm/60_1_1.wsq,impostor,5,19,5,,False,40.07605,0
1692,derive,47,DB1_Lumidgm:47:8,DB1_Lumidgm/47_4_8.wsq,genuine,143,19,143,,True,43.011085,1210
1692,stored,47,DB1_Lumidgm:47:8,DB1_Lumidgm/47_4_8.wsq,genuine,143,19,143,,True,40.907341,1210
1693,stored,37,DB1_Lumidgm:37:2,DB1_Lumidgm/56_1_2.wsq,impostor,6,19,6,,False,38.473148,0
1693,derive,37,DB1_Lumidgm:37:2,DB1_Lumidgm/56_1_2.wsq,impostor,6,19,6,,False,40.396173,0
1694,derive,62,DB1_Lumidgm:62:10,DB1_Lumidgm/65_1_7.wsq,impostor,7,19,7,,False,42.67202,0
1694,stored,62,DB1_Lumidgm:62:10,DB1_Lumidgm/65_1_7.wsq,impostor,7,19,7,,False,43.773892,0
1695,stored,81,DB1_Lumidgm:81:1,DB1_Lumidgm/22_1_3.wsq,impostor,4,19,4,,False,37.296371,0
1695,derive,81,DB1_Lumidgm:81:1,DB1_Lumidgm/22_1_3.wsq,impostor,4,19,4,,False,37.961987,0
1696,derive,67,DB1_Lumidgm:67:3,DB1_Lumidgm/62_1_3.wsq,impostor,9,19,9,,False,45.792211,0
1696,stored,67,DB1_Lumidgm:67:3,DB1_Lumidgm/62_1_3.wsq,impostor,9,19,9,,False,45.826507,0
1697,stored,82,DB1_Lumidgm:82:5,DB1_Lumidgm/92_1_2.wsq,impostor,7,19,7,,False,41.250153,0
1697,derive,82,DB1_Lumidgm:82:5,DB1_Lumidgm/92_1_2.wsq,impostor,7,19,7,,False,40.923679,0
1698,derive,63,DB1_Lumidgm:63:10,DB1_Lumidgm/63_3_10.wsq,genuine,30,19,30,,True,39.190967,1211
1698,stored,63,DB1_Lumidgm:63:10,DB1_Lumidgm/63_3_10.wsq,genuine,30,19,30,,True,36.475276,1211
1699,stored,28,DB1_Lumidgm:28:9,DB1_Lumidgm/28_3_9.wsq,genuine,40,19,40,,True,62.546842,1210
1699,derive,28,DB1_Lumidgm:28:9,DB1_Lumidgm/28_3_9.wsq,genuine,40,19,40,,True,61.04729,1210
1700,derive,24,DB1_Lumidgm:24:9,DB1_Lumidgm/24_2_9.wsq,genuine,60,19,60,,True,35.736032,1210
1700,stored,24,DB1_Lumidgm:24:9,DB1_Lumidgm/24_2_9.wsq,genuine,60,19,60,,True,34.175107,1210
1701,stored,68,DB1_Lumidgm:68:10,DB1_Lumidgm/31_1_6.wsq,impostor,9,19,9,,False,41.091086,0
1701,derive,68,DB1_Lumidgm:68:10,DB1_Lumidgm/31_1_6.wsq,impostor,9,19,9,,False,40.660229,0
1702,derive,85,DB1_Lumidgm:85:4,DB1_Lumidgm/85_1_1.wsq,impostor,6,19,6,,False,40.672282,0
1702,stored,85,DB1_Lumidgm:85:4,DB1_Lumidgm/85_1_1.wsq,impostor,6,19,6,,False,38.650504,0
1703,stored,85,DB1_Lumidgm:85:10,DB1_Lumidgm/27_1_2.wsq,impostor,14,19,14,,False,38.297788,0
1703,derive,85,DB1_Lumidgm:85:10,DB1_Lumidgm/27_1_2.wsq,impostor,14,19,14,,False,36.652339,0
1704,derive,86,DB1_Lumidgm:86:9,DB1_Lumidgm/86_4_9.wsq,genuine,66,19,66,,True,49.394401,1210
1704,stored,86,DB1_Lumidgm:86:9,DB1_Lumidgm/86_4_9.wsq,genuine,66,19,66,,True,49.883914,1210
1705,stored,30,DB1_Lumidgm:30:3,DB1_Lumidgm/96_1_7.wsq,impostor,5,19,5,,False,35.292156,0
1705,derive,30,DB1_Lumidgm:30:3,DB1_Lumidgm/96_1_7.wsq,impostor,5,19,5,,False,35.127129,0
1706,derive,68,DB1_Lumidgm:68:10,DB1_Lumidgm/68_4_10.wsq,genuine,120,19,120,,True,44.664223,1211
1706,stored,68,DB1_Lumidgm:68:10,DB1_Lumidgm/68_4_10.wsq,genuine,120,19,120,,True,44.822081,1211
1707,stored,33,DB1_Lumidgm:33:3,DB1_Lumidgm/77_1_9.wsq,impostor,6,19,6,,False,36.845854,0
1707,derive,33,DB1_Lumidgm:33:3,DB1_Lumidgm/77_1_9.wsq,impostor,6,19,6,,False,37.204357,0
1708,derive,95,DB1_Lumidgm:95:10,DB1_Lumidgm/48_1_4.wsq,impostor,4,19,4,,False,37.837904,0
1708,stored,95,DB1_Lumidgm:95:10,DB1_Lumidgm/48_1_4.wsq,impostor,4,19,4,,False,37.718537,0
1709,stored,25,DB1_Lumidgm:25:4,DB1_Lumidgm/39_1_3.wsq,impostor,15,19,15,,False,38.030749,0
1709,derive,25,DB1_Lumidgm:25:4,DB1_Lumidgm/39_1_3.wsq,impostor,15,19,15,,False,38.867242,0
1710,derive,92,DB1_Lumidgm:92:2,DB1_Lumidgm/78_1_1.wsq,impostor,6,19,6,,False,36.872129,0
1710,stored,92,DB1_Lumidgm:92:2,DB1_Lumidgm/78_1_1.wsq,impostor,6,19,6,,False,36.755204,0
1711,stored,37,DB1_Lumidgm:37:3,DB1_Lumidgm/80_1_8.wsq,impostor,5,19,5,,False,33.50799,0
1711,derive,37,DB1_Lumidgm:37:3,DB1_Lumidgm/80_1_8.wsq,impostor,5,19,5,,False,34.722199,0
1712,derive,38,DB1_Lumidgm:38:4,DB1_Lumidgm/86_1_7.wsq,impostor,8,19,8,,False,40.962706,0
1712,stored,38,DB1_Lumidgm:38:4,DB1_Lumidgm/86_1_7.wsq,impostor,8,19,8,,False,40.75495,0
1713,stored,79,DB1_Lumidgm:79:2,DB1_Lumidgm/59_1_7.wsq,impostor,7,19,7,,False,38.986558,0
1713,derive,79,DB1_Lumidgm:79:2,DB1_Lumidgm/59_1_7.wsq,impostor,7,19,7,,False,37.882131,0
1714,derive,51,DB1_Lumidgm:51:6,DB1_Lumidgm/56_1_3.wsq,impostor,6,19,6,,False,38.359045,0
1714,stored,51,DB1_Lumidgm:51:6,DB1_Lumidgm/56_1_3.wsq,impostor,6,19,6,,False,41.636523,0
1715,stored,64,DB1_Lumidgm:64:9,DB1_Lumidgm/80_1_9.wsq,impostor,9,19,9,,False,36.304445,0
1715,derive,64,DB1_Lumidgm:64:9,DB1_Lumidgm/80_1_9.wsq,impostor,9,19,9,,False,36.750196,0
1716,derive,88,DB1_Lumidgm:88:3,DB1_Lumidgm/88_4_3.wsq,genuine,43,19,43,,True,48.126951,1210
1716,stored,88,DB1_Lumidgm:88:3,DB1_Lumidgm/88_4_3.wsq,genuine,43,19,43,,True,48.37986,1210
1717,stored,80,DB1_Lumidgm:80:1,DB1_Lumidgm/80_3_1.wsq,genuine,76,19,76,,True,38.651413,1210
1717,derive,80,DB1_Lumidgm:80:1,DB1_Lumidgm/80_3_1.wsq,genuine,76,19,76,,True,51.420278,1210
1718,derive,71,DB1_Lumidgm:71:4,DB1_Lumidgm/53_1_6.wsq,impostor,11,19,11,,False,40.528965,0
1718,stored,71,DB1_Lumidgm:71:4,DB1_Lumidgm/53_1_6.wsq,impostor,11,19,11,,False,38.969893,0
1719,stored,48,DB1_Lumidgm:48:1,DB1_Lumidgm/59_1_4.wsq,impostor,6,19,6,,False,38.468291,0
1719,derive,48,DB1_Lumidgm:48:1,DB1_Lumidgm/59_1_4.wsq,impostor,6,19,6,,False,41.207067,0
1720,derive,50,DB1_Lumidgm:50:10,DB1_Lumidgm/60_1_2.wsq,impostor,11,19,11,,False,38.777305,0
1720,stored,50,DB1_Lumidgm:50:10,DB1_Lumidgm/60_1_2.wsq,impostor,11,19,11,,False,39.424183,0
1721,stored,62,DB1_Lumidgm:62:5,DB1_Lumidgm/29_1_6.wsq,impostor,9,19,9,,False,42.928787,0
1721,derive,62,DB1_Lumidgm:62:5,DB1_Lumidgm/29_1_6.wsq,impostor,9,19,9,,False,40.814738,0
1722,derive,21,DB1_Lumidgm:21:5,DB1_Lumidgm/56_1_7.wsq,impostor,9,19,9,,False,37.360996,0
1722,stored,21,DB1_Lumidgm:21:5,DB1_Lumidgm/56_1_7.wsq,impostor,9,19,9,,False,37.708792,0
1723,stored,38,DB1_Lumidgm:38:9,DB1_Lumidgm/38_2_9.wsq,genuine,8,19,8,,False,40.265495,0
1723,derive,38,DB1_Lumidgm:38:9,DB1_Lumidgm/38_2_9.wsq,genuine,8,19,8,,False,39.064718,0
1724,derive,84,DB1_Lumidgm:84:7,DB1_Lumidgm/38_1_3.wsq,impostor,7,19,7,,False,37.377664,0
1724,stored,84,DB1_Lumidgm:84:7,DB1_Lumidgm/38_1_3.wsq,impostor,7,19,7,,False,37.040947,0
1725,stored,61,DB1_Lumidgm:61:10,DB1_Lumidgm/61_1_7.wsq,impostor,6,19,6,,False,37.866767,0
1725,derive,61,DB1_Lumidgm:61:10,DB1_Lumidgm/61_1_7.wsq,impostor,6,19,6,,False,38.766005,0
1726,derive,47,DB1_Lumidgm:47:10,DB1_Lumidgm/63_1_6.wsq,impostor,14,19,14,,False,37.93455,0
1726,stored,47,DB1_Lumidgm:47:10,DB1_Lumidgm/63_1_6.wsq,impostor,14,19,14,,False,37.213835,0
1727,stored,91,DB1_Lumidgm:91:9,DB1_Lumidgm/23_1_1.wsq,impostor,5,19,5,,False,40.487837,0
1727,derive,91,DB1_Lumidgm:91:9,DB1_Lumidgm/23_1_1.wsq,impostor,5,19,5,,False,38.025775,0
1728,derive,33,DB1_Lumidgm:33:4,DB1_Lumidgm/78_1_4.wsq,impostor,6,19,6,,False,37.021655,0
1728,stored,33,DB1_Lumidgm:33:4,DB1_Lumidgm/78_1_4.wsq,impostor,6,19,6,,False,37.181943,0
1729,stored,97,DB1_Lumidgm:97:2,DB1_Lumidgm/88_1_2.wsq,impostor,9,19,9,,False,47.462993,0
1729,derive,97,DB1_Lumidgm:97:2,DB1_Lumidgm/88_1_2.wsq,impostor,9,19,9,,False,45.66978,0
1730,derive,40,DB1_Lumidgm:40:1,DB1_Lumidgm/33_1_7.wsq,impostor,6,19,6,,False,35.873595,0
1730,stored,40,DB1_Lumidgm:40:1,DB1_Lumidgm/33_1_7.wsq,impostor,6,19,6,,False,38.636601,0
1731,stored,73,DB1_Lumidgm:73:10,DB1_Lumidgm/77_1_4.wsq,impostor,9,19,9,,False,36.260087,0
1731,derive,73,DB1_Lumidgm:73:10,DB1_Lumidgm/77_1_4.wsq,impostor,9,19,9,,False,35.68648,0
1732,derive,33,DB1_Lumidgm:33:1,DB1_Lumidgm/49_1_4.wsq,impostor,10,19,10,,False,33.313948,0
1732,stored,33,DB1_Lumidgm:33:1,DB1_Lumidgm/49_1_4.wsq,impostor,10,19,10,,False,33.508247,0
1733,stored,91,DB1_Lumidgm:91:1,DB1_Lumidgm/42_1_1.wsq,impostor,5,19,5,,False,37.719733,0
1733,derive,91,DB1_Lumidgm:91:1,DB1_Lumidgm/42_1_1.wsq,impostor,5,19,5,,False,41.266795,0
1734,derive,41,DB1_Lumidgm:41:3,DB1_Lumidgm/94_1_5.wsq,impostor,9,19,9,,False,40.935938,0
1734,stored,41,DB1_Lumidgm:41:3,DB1_Lumidgm/94_1_5.wsq,impostor,9,19,9,,False,40.412759,0
1735,stored,21,DB1_Lumidgm:21:4,DB1_Lumidgm/50_1_10.wsq,impostor,6,19,6,,False,43.130717,0
1735,derive,21,DB1_Lumidgm:21:4,DB1_Lumidgm/50_1_10.wsq,impostor,6,19,6,,False,37.309811,0
1736,derive,69,DB1_Lumidgm:69:9,DB1_Lumidgm/82_1_10.wsq,impostor,10,19,10,,False,36.825218,0
1736,stored,69,DB1_Lumidgm:69:9,DB1_Lumidgm/82_1_10.wsq,impostor,10,19,10,,False,37.965062,0
1737,stored,92,DB1_Lumidgm:92:1,DB1_Lumidgm/99_1_4.wsq,impostor,3,19,3,,False,40.239296,0
1737,derive,92,DB1_Lumidgm:92:1,DB1_Lumidgm/99_1_4.wsq,impostor,3,19,3,,False,40.343284,0
1738,derive,52,DB1_Lumidgm:52:2,DB1_Lumidgm/52_4_2.wsq,genuine,159,19,159,,True,70.116248,1210
1738,stored,52,DB1_Lumidgm:52:2,DB1_Lumidgm/52_4_2.wsq,genuine,159,19,159,,True,68.819783,1210
1739,stored,44,DB1_Lumidgm:44:5,DB1_Lumidgm/44_4_5.wsq,genuine,63,19,63,,True,90.697297,1210
1739,derive,44,DB1_Lumidgm:44:5,DB1_Lumidgm/44_4_5.wsq,genuine,63,19,63,,True,85.637198,1210
1740,derive,25,DB1_Lumidgm:25:1,DB1_Lumidgm/96_1_7.wsq,impostor,5,19,5,,False,35.093739,0
1740,stored,25,DB1_Lumidgm:25:1,DB1_Lumidgm/96_1_7.wsq,impostor,5,19,5,,False,35.498962,0
1741,stored,51,DB1_Lumidgm:51:8,DB1_Lumidgm/39_1_5.wsq,impostor,6,19,6,,False,35.806658,0
1741,derive,51,DB1_Lumidgm:51:8,DB1_Lumidgm/39_1_5.wsq,impostor,6,19,6,,False,36.127083,0
1742,derive,52,DB1_Lumidgm:52:8,DB1_Lumidgm/66_1_4.wsq,impostor,5,19,5,,False,35.900109,0
1742,stored,52,DB1_Lumidgm:52:8,DB1_Lumidgm/66_1_4.wsq,impostor,5,19,5,,False,37.026067,0
1743,stored,49,DB1_Lumidgm:49:1,DB1_Lumidgm/70_1_7.wsq,impostor,11,19,11,,False,36.273614,0
1743,derive,49,DB1_Lumidgm:49:1,DB1_Lumidgm/70_1_7.wsq,impostor,11,19,11,,False,36.049469,0
1744,derive,73,DB1_Lumidgm:73:9,DB1_Lumidgm/62_1_6.wsq,impostor,6,19,6,,False,46.45689,0
1744,stored,73,DB1_Lumidgm:73:9,DB1_Lumidgm/62_1_6.wsq,impostor,6,19,6,,False,45.470954,0
1745,stored,47,DB1_Lumidgm:47:1,DB1_Lumidgm/24_1_10.wsq,impostor,8,19,8,,False,32.8804,0
1745,derive,47,DB1_Lumidgm:47:1,DB1_Lumidgm/24_1_10.wsq,impostor,8,19,8,,False,34.554108,0
1746,derive,82,DB1_Lumidgm:82:7,DB1_Lumidgm/49_1_10.wsq,impostor,5,19,5,,False,33.328238,0
1746,stored,82,DB1_Lumidgm:82:7,DB1_Lumidgm/49_1_10.wsq,impostor,5,19,5,,False,33.245813,0
1747,stored,31,DB1_Lumidgm:31:6,DB1_Lumidgm/37_1_9.wsq,impostor,12,19,12,,False,37.915745,0
1747,derive,31,DB1_Lumidgm:31:6,DB1_Lumidgm/37_1_9.wsq,impostor,12,19,12,,False,37.436518,0
1748,derive,47,DB1_Lumidgm:47:2,DB1_Lumidgm/39_1_8.wsq,impostor,5,19,5,,False,35.612199,0
1748,stored,47,DB1_Lumidgm:47:2,DB1_Lumidgm/39_1_8.wsq,impostor,5,19,5,,False,35.730532,0
1749,stored,40,DB1_Lumidgm:40:4,DB1_Lumidgm/79_1_3.wsq,impostor,10,19,10,,False,37.485159,0
1749,derive,40,DB1_Lumidgm:40:4,DB1_Lumidgm/79_1_3.wsq,impostor,10,19,10,,False,35.845465,0
1750,derive,35,DB1_Lumidgm:35:10,DB1_Lumidgm/70_1_10.wsq,impostor,10,19,10,,False,35.396622,0
1750,stored,35,DB1_Lumidgm:35:10,DB1_Lumidgm/70_1_10.wsq,impostor,10,19,10,,False,36.916241,0
1751,stored,32,DB1_Lumidgm:32:7,DB1_Lumidgm/29_1_1.wsq,impostor,8,19,8,,False,38.656068,0
1751,derive,32,DB1_Lumidgm:32:7,DB1_Lumidgm/29_1_1.wsq,impostor,8,19,8,,False,39.273759,0
1752,derive,53,DB1_Lumidgm:53:2,DB1_Lumidgm/61_1_3.wsq,impostor,10,19,10,,False,36.487664,0
1752,stored,53,DB1_Lumidgm:53:2,DB1_Lumidgm/61_1_3.wsq,impostor,10,19,10,,False,37.18342,0
1753,stored,74,DB1_Lumidgm:74:7,DB1_Lumidgm/31_1_5.wsq,impostor,5,19,5,,False,34.601519,0
1753,derive,74,DB1_Lumidgm:74:7,DB1_Lumidgm/31_1_5.wsq,impostor,5,19,5,,False,35.5303,0
1754,derive,43,DB1_Lumidgm:43:4,DB1_Lumidgm/99_1_9.wsq,impostor,5,19,5,,False,35.82115,0
1754,stored,43,DB1_Lumidgm:43:4,DB1_Lumidgm/99_1_9.wsq,impostor,5,19,5,,False,35.935181,0
1755,stored,36,DB1_Lumidgm:36:3,DB1_Lumidgm/71_1_10.wsq,impostor,5,19,5,,False,37.693375,0
1755,derive,36,DB1_Lumidgm:36:3,DB1_Lumidgm/71_1_10.wsq,impostor,5,19,5,,False,37.040961,0
1756,derive,68,DB1_Lumidgm:68:3,DB1_Lumidgm/42_1_10.wsq,impostor,8,19,8,,False,39.949688,0
1756,stored,68,DB1_Lumidgm:68:3,DB1_Lumidgm/42_1_10.wsq,impostor,8,19,8,,False,39.170199,0
1757,stored,78,DB1_Lumidgm:78:1,DB1_Lumidgm/80_1_4.wsq,impostor,5,19,5,,False,36.133273,0
1757,derive,78,DB1_Lumidgm:78:1,DB1_Lumidgm/80_1_4.wsq,impostor,5,19,5,,False,33.914469,0
1758,derive,71,DB1_Lumidgm:71:1,DB1_Lumidgm/93_1_9.wsq,impostor,4,19,4,,False,40.565963,0
1758,stored,71,DB1_Lumidgm:71:1,DB1_Lumidgm/93_1_9.wsq,impostor,4,19,4,,False,40.395773,0
1759,stored,81,DB1_Lumidgm:81:1,DB1_Lumidgm/89_1_6.wsq,impostor,5,19,5,,False,45.344064,0
1759,derive,81,DB1_Lumidgm:81:1,DB1_Lumidgm/89_1_6.wsq,impostor,5,19,5,,False,44.821177,0
1760,derive,30,DB1_Lumidgm:30:5,DB1_Lumidgm/92_1_4.wsq,impostor,5,19,5,,False,41.904274,0
1760,stored,30,DB1_Lumidgm:30:5,DB1_Lumidgm/92_1_4.wsq,impostor,5,19,5,,False,44.161274,0
1761,stored,87,DB1_Lumidgm:87:7,DB1_Lumidgm/53_1_4.wsq,impostor,7,19,7,,False,37.425844,0
1761,derive,87,DB1_Lumidgm:87:7,DB1_Lumidgm/53_1_4.wsq,impostor,7,19,7,,False,37.707738,0
1762,derive,30,DB1_Lumidgm:30:8,DB1_Lumidgm/45_1_10.wsq,impostor,5,19,5,,False,37.133079,0
1762,stored,30,DB1_Lumidgm:30:8,DB1_Lumidgm/45_1_10.wsq,impostor,5,19,5,,False,37.845255,0
1763,stored,54,DB1_Lumidgm:54:4,DB1_Lumidgm/35_1_2.wsq,impostor,4,19,4,,False,35.690347,0
1763,derive,54,DB1_Lumidgm:54:4,DB1_Lumidgm/35_1_2.wsq,impostor,4,19,4,,False,35.130695,0
1764,derive,72,DB1_Lumidgm:72:6,DB1_Lumidgm/69_1_10.wsq,impostor,3,19,3,,False,33.52075,0
1764,stored,72,DB1_Lumidgm:72:6,DB1_Lumidgm/69_1_10.wsq,impostor,3,19,3,,False,32.791911,0
1765,stored,47,DB1_Lumidgm:47:5,DB1_Lumidgm/61_1_9.wsq,impostor,5,19,5,,False,41.388865,0
1765,derive,47,DB1_Lumidgm:47:5,DB1_Lumidgm/61_1_9.wsq,impostor,5,19,5,,False,40.320447,0
1766,derive,21,DB1_Lumidgm:21:1,DB1_Lumidgm/25_1_10.wsq,impostor,9,19,9,,False,38.13164,0
1766,stored,21,DB1_Lumidgm:21:1,DB1_Lumidgm/25_1_10.wsq,impostor,9,19,9,,False,35.639449,0
1767,stored,26,DB1_Lumidgm:26:5,DB1_Lumidgm/36_1_1.wsq,impostor,14,19,14,,False,36.71858,0
1767,derive,26,DB1_Lumidgm:26:5,DB1_Lumidgm/36_1_1.wsq,impostor,14,19,14,,False,37.018715,0
1768,derive,39,DB1_Lumidgm:39:7,DB1_Lumidgm/72_1_10.wsq,impostor,9,19,9,,False,34.317714,0
1768,stored,39,DB1_Lumidgm:39:7,DB1_Lumidgm/72_1_10.wsq,impostor,9,19,9,,False,34.187879,0
1769,stored,74,DB1_Lumidgm:74:7,DB1_Lumidgm/86_1_4.wsq,impostor,10,19,10,,False,33.777448,0
1769,derive,74,DB1_Lumidgm:74:7,DB1_Lumidgm/86_1_4.wsq,impostor,10,19,10,,False,34.110492,0
1770,derive,85,DB1_Lumidgm:85:7,DB1_Lumidgm/80_1_9.wsq,impostor,10,19,10,,False,35.645586,0
1770,stored,85,DB1_Lumidgm:85:7,DB1_Lumidgm/80_1_9.wsq,impostor,10,19,10,,False,35.449185,0
1771,stored,93,DB1_Lumidgm:93:3,DB1_Lumidgm/21_1_1.wsq,impostor,7,19,7,,False,37.44301,0
1771,derive,93,DB1_Lumidgm:93:3,DB1_Lumidgm/21_1_1.wsq,impostor,7,19,7,,False,38.302589,0
1772,derive,79,DB1_Lumidgm:79:9,DB1_Lumidgm/28_1_2.wsq,impostor,6,19,6,,False,39.221615,0
1772,stored,79,DB1_Lumidgm:79:9,DB1_Lumidgm/28_1_2.wsq,impostor,6,19,6,,False,37.737763,0
1773,stored,83,DB1_Lumidgm:83:3,DB1_Lumidgm/100_1_3.wsq,impostor,5,19,5,,False,36.903259,0
1773,derive,83,DB1_Lumidgm:83:3,DB1_Lumidgm/100_1_3.wsq,impostor,5,19,5,,False,36.717143,0
1774,derive,76,DB1_Lumidgm:76:9,DB1_Lumidgm/56_1_5.wsq,impostor,5,19,5,,False,34.559341,0
1774,stored,76,DB1_Lumidgm:76:9,DB1_Lumidgm/56_1_5.wsq,impostor,5,19,5,,False,34.122932,0
1775,stored,32,DB1_Lumidgm:32:9,DB1_Lumidgm/90_1_2.wsq,impostor,6,19,6,,False,37.136295,0
1775,derive,32,DB1_Lumidgm:32:9,DB1_Lumidgm/90_1_2.wsq,impostor,6,19,6,,False,39.920344,0
1776,derive,78,DB1_Lumidgm:78:7,DB1_Lumidgm/66_1_3.wsq,impostor,5,19,5,,False,40.325826,0
1776,stored,78,DB1_Lumidgm:78:7,DB1_Lumidgm/66_1_3.wsq,impostor,5,19,5,,False,37.670722,0
1777,stored,60,DB1_Lumidgm:60:10,DB1_Lumidgm/72_1_2.wsq,impostor,11,19,11,,False,38.10884,0
1777,derive,60,DB1_Lumidgm:60:10,DB1_Lumidgm/72_1_2.wsq,impostor,11,19,11,,False,37.523056,0
1778,derive,58,DB1_Lumidgm:58:2,DB1_Lumidgm/71_1_5.wsq,impostor,5,19,5,,False,35.814565,0
1778,stored,58,DB1_Lumidgm:58:2,DB1_Lumidgm/71_1_5.wsq,impostor,5,19,5,,False,34.84787,0
1779,stored,86,DB1_Lumidgm:86:6,DB1_Lumidgm/71_1_1.wsq,impostor,3,19,3,,False,37.417109,0
1779,derive,86,DB1_Lumidgm:86:6,DB1_Lumidgm/71_1_1.wsq,impostor,3,19,3,,False,39.002735,0
1780,derive,66,DB1_Lumidgm:66:9,DB1_Lumidgm/85_1_6.wsq,impostor,13,19,13,,False,40.004782,0
1780,stored,66,DB1_Lumidgm:66:9,DB1_Lumidgm/85_1_6.wsq,impostor,13,19,13,,False,39.490274,0
1781,stored,28,DB1_Lumidgm:28:7,DB1_Lumidgm/98_1_5.wsq,impostor,5,19,5,,False,35.886538,0
1781,derive,28,DB1_Lumidgm:28:7,DB1_Lumidgm/98_1_5.wsq,impostor,5,19,5,,False,36.204852,0
1782,derive,93,DB1_Lumidgm:93:6,DB1_Lumidgm/94_1_6.wsq,impostor,9,19,9,,False,38.622425,0
1782,stored,93,DB1_Lumidgm:93:6,DB1_Lumidgm/94_1_6.wsq,impostor,9,19,9,,False,40.664512,0
1783,stored,68,DB1_Lumidgm:68:10,DB1_Lumidgm/73_1_2.wsq,impostor,11,19,11,,False,34.672392,0
1783,derive,68,DB1_Lumidgm:68:10,DB1_Lumidgm/73_1_2.wsq,impostor,11,19,11,,False,34.760721,0
1784,derive,34,DB1_Lumidgm:34:10,DB1_Lumidgm/47_1_5.wsq,impostor,10,19,10,,False,32.680584,0
1784,stored,34,DB1_Lumidgm:34:10,DB1_Lumidgm/47_1_5.wsq,impostor,10,19,10,,False,33.048118,0
1785,stored,36,DB1_Lumidgm:36:5,DB1_Lumidgm/97_1_6.wsq,impostor,4,19,4,,False,37.14767,0
1785,derive,36,DB1_Lumidgm:36:5,DB1_Lumidgm/97_1_6.wsq,impostor,4,19,4,,False,36.960352,0
1786,derive,52,DB1_Lumidgm:52:2,DB1_Lumidgm/35_1_5.wsq,impostor,10,19,10,,False,36.110524,0
1786,stored,52,DB1_Lumidgm:52:2,DB1_Lumidgm/35_1_5.wsq,impostor,10,19,10,,False,36.304613,0
1787,stored,38,DB1_Lumidgm:38:5,DB1_Lumidgm/77_1_1.wsq,impostor,6,19,6,,False,38.607183,0
1787,derive,38,DB1_Lumidgm:38:5,DB1_Lumidgm/77_1_1.wsq,impostor,6,19,6,,False,38.434931,0
1788,derive,41,DB1_Lumidgm:41:8,DB1_Lumidgm/51_1_6.wsq,impostor,10,19,10,,False,39.122994,0
1788,stored,41,DB1_Lumidgm:41:8,DB1_Lumidgm/51_1_6.wsq,impostor,10,19,10,,False,37.787304,0
1789,stored,21,DB1_Lumidgm:21:6,DB1_Lumidgm/30_1_5.wsq,impostor,6,19,6,,False,37.235957,0
1789,derive,21,DB1_Lumidgm:21:6,DB1_Lumidgm/30_1_5.wsq,impostor,6,19,6,,False,35.286518,0
1790,derive,30,DB1_Lumidgm:30:5,DB1_Lumidgm/34_1_5.wsq,impostor,16,19,16,,False,35.747589,0
1790,stored,30,DB1_Lumidgm:30:5,DB1_Lumidgm/34_1_5.wsq,impostor,16,19,16,,False,35.279885,0
1791,stored,85,DB1_Lumidgm:85:8,DB1_Lumidgm/25_1_10.wsq,impostor,7,19,7,,False,35.876289,0
1791,derive,85,DB1_Lumidgm:85:8,DB1_Lumidgm/25_1_10.wsq,impostor,7,19,7,,False,35.49754,0
1792,derive,94,DB1_Lumidgm:94:5,DB1_Lumidgm/34_1_2.wsq,impostor,4,19,4,,False,36.736428,0
1792,stored,94,DB1_Lumidgm:94:5,DB1_Lumidgm/34_1_2.wsq,impostor,4,19,4,,False,36.998829,0
1793,stored,27,DB1_Lumidgm:27:9,DB1_Lumidgm/33_1_1.wsq,impostor,7,19,7,,False,38.632564,0
1793,derive,27,DB1_Lumidgm:27:9,DB1_Lumidgm/33_1_1.wsq,impostor,7,19,7,,False,37.78574,0
1794,derive,21,DB1_Lumidgm:21:6,DB1_Lumidgm/56_1_6.wsq,impostor,7,19,7,,False,38.024571,0
1794,stored,21,DB1_Lumidgm:21:6,DB1_Lumidgm/56_1_6.wsq,impostor,7,19,7,,False,38.748941,0
1795,stored,48,DB1_Lumidgm:48:9,DB1_Lumidgm/69_1_8.wsq,impostor,9,19,9,,False,36.979096,0
1795,derive,48,DB1_Lumidgm:48:9,DB1_Lumidgm/69_1_8.wsq,impostor,9,19,9,,False,36.163149,0
1796,derive,53,DB1_Lumidgm:53:7,DB1_Lumidgm/55_1_6.wsq,impostor,10,19,10,,False,37.478686,0
1796,stored,53,DB1_Lumidgm:53:7,DB1_Lumidgm/55_1_6.wsq,impostor,10,19,10,,False,36.84412,0
1797,stored,59,DB1_Lumidgm:59:8,DB1_Lumidgm/52_1_6.wsq,impostor,6,19,6,,False,38.075977,0
1797,derive,59,DB1_Lumidgm:59:8,DB1_Lumidgm/52_1_6.wsq,impostor,6,19,6,,False,37.999044,0
1798,derive,55,DB1_Lumidgm:55:9,DB1_Lumidgm/74_1_4.wsq,impostor,10,19,10,,False,37.37591,0
1798,stored,55,DB1_Lumidgm:55:9,DB1_Lumidgm/74_1_4.wsq,impostor,10,19,10,,False,37.378265,0
1799,stored,66,DB1_Lumidgm:66:10,DB1_Lumidgm/66_4_10.wsq,genuine,27,19,27,,True,35.500027,1211
1799,derive,66,DB1_Lumidgm:66:10,DB1_Lumidgm/66_4_10.wsq,genuine,27,19,27,,True,33.914474,1211
1800,derive,50,DB1_Lumidgm:50:2,DB1_Lumidgm/50_2_2.wsq,genuine,207,19,207,,True,44.69631,1210
1800,stored,50,DB1_Lumidgm:50:2,DB1_Lumidgm/50_2_2.wsq,genuine,207,19,207,,True,43.429502,1210
1801,stored,82,DB1_Lumidgm:82:7,DB1_Lumidgm/42_1_6.wsq,impostor,7,19,7,,False,38.928626,0
1801,derive,82,DB1_Lumidgm:82:7,DB1_Lumidgm/42_1_6.wsq,impostor,7,19,7,,False,38.249389,0
1802,derive,51,DB1_Lumidgm:51:1,DB1_Lumidgm/51_1_7.wsq,impostor,8,19,8,,False,37.271182,0
1802,stored,51,DB1_Lumidgm:51:1,DB1_Lumidgm/51_1_7.wsq,impostor,8,19,8,,False,36.180378,0
1803,stored,64,DB1_Lumidgm:64:3,DB1_Lumidgm/36_1_7.wsq,impostor,7,19,7,,False,36.274087,0
1803,derive,64,DB1_Lumidgm:64:3,DB1_Lumidgm/36_1_7.wsq,impostor,7,19,7,,False,37.212837,0
1804,derive,61,DB1_Lumidgm:61:8,DB1_Lumidgm/77_1_1.wsq,impostor,5,19,5,,False,37.607494,0
1804,stored,61,DB1_Lumidgm:61:8,DB1_Lumidgm/77_1_1.wsq,impostor,5,19,5,,False,37.645765,0
1805,stored,32,DB1_Lumidgm:32:2,DB1_Lumidgm/68_1_4.wsq,impostor,5,19,5,,False,32.423778,0
1805,derive,32,DB1_Lumidgm:32:2,DB1_Lumidgm/68_1_4.wsq,impostor,5,19,5,,False,32.938386,0
1806,derive,71,DB1_Lumidgm:71:6,DB1_Lumidgm/31_1_10.wsq,impostor,6,19,6,,False,32.920605,0
1806,stored,71,DB1_Lumidgm:71:6,DB1_Lumidgm/31_1_10.wsq,impostor,6,19,6,,False,33.53399,0
1807,stored,73,DB1_Lumidgm:73:8,DB1_Lumidgm/73_3_8.wsq,genuine,8,19,8,,False,38.841706,0
1807,derive,73,DB1_Lumidgm:73:8,DB1_Lumidgm/73_3_8.wsq,genuine,8,19,8,,False,38.670165,0
1808,derive,60,DB1_Lumidgm:60:5,DB1_Lumidgm/83_1_8.wsq,impostor,9,19,9,,False,37.398808,0
1808,stored,60,DB1_Lumidgm:60:5,DB1_Lumidgm/83_1_8.wsq,impostor,9,19,9,,False,36.081254,0
1809,stored,31,DB1_Lumidgm:31:9,DB1_Lumidgm/80_1_5.wsq,impostor,9,19,9,,False,33.878228,0
1809,derive,31,DB1_Lumidgm:31:9,DB1_Lumidgm/80_1_5.wsq,impostor,9,19,9,,False,36.030075,0
1810,derive,81,DB1_Lumidgm:81:9,DB1_Lumidgm/54_1_3.wsq,impostor,14,19,14,,False,40.193272,0
1810,stored,81,DB1_Lumidgm:81:9,DB1_Lumidgm/54_1_3.wsq,impostor,14,19,14,,False,37.5137,0
1811,stored,60,DB1_Lumidgm:60:8,DB1_Lumidgm/84_1_7.wsq,impostor,5,19,5,,False,36.491883,0
1811,derive,60,DB1_Lumidgm:60:8,DB1_Lumidgm/84_1_7.wsq,impostor,5,19,5,,False,36.650193,0
1812,derive,63,DB1_Lumidgm:63:6,DB1_Lumidgm/63_4_6.wsq,genuine,123,19,123,,True,43.946621,1210
1812,stored,63,DB1_Lumidgm:63:6,DB1_Lumidgm/63_4_6.wsq,genuine,123,19,123,,True,43.185411,1210
1813,stored,43,DB1_Lumidgm:43:9,DB1_Lumidgm/49_1_9.wsq,impostor,6,19,6,,False,33.943076,0
1813,derive,43,DB1_Lumidgm:43:9,DB1_Lumidgm/49_1_9.wsq,impostor,6,19,6,,False,34.578691,0
1814,derive,63,DB1_Lumidgm:63:3,DB1_Lumidgm/68_1_6.wsq,impostor,6,19,6,,False,36.434307,0
1814,stored,63,DB1_Lumidgm:63:3,DB1_Lumidgm/68_1_6.wsq,impostor,6,19,6,,False,37.474025,0
1815,stored,80,DB1_Lumidgm:80:4,DB1_Lumidgm/100_1_4.wsq,impostor,6,19,6,,False,37.308564,0
1815,derive,80,DB1_Lumidgm:80:4,DB1_Lumidgm/100_1_4.wsq,impostor,6,19,6,,False,36.171208,0
1816,derive,83,DB1_Lumidgm:83:10,DB1_Lumidgm/42_1_5.wsq,impostor,5,19,5,,False,33.816577,0
1816,stored,83,DB1_Lumidgm:83:10,DB1_Lumidgm/42_1_5.wsq,impostor,5,19,5,,False,34.321037,0
1817,stored,34,DB1_Lumidgm:34:5,DB1_Lumidgm/47_1_8.wsq,impostor,10,19,10,,False,36.568149,0
1817,derive,34,DB1_Lumidgm:34:5,DB1_Lumidgm/47_1_8.wsq,impostor,10,19,10,,False,36.398606,0
1818,derive,44,DB1_Lumidgm:44:5,DB1_Lumidgm/44_1_10.wsq,impostor,14,19,14,,False,41.363067,0
1818,stored,44,DB1_Lumidgm:44:5,DB1_Lumidgm/44_1_10.wsq,impostor,14,19,14,,False,42.553796,0
1819,stored,40,DB1_Lumidgm:40:3,DB1_Lumidgm/40_2_3.wsq,genuine,81,19,81,,True,49.866302,1210
1819,derive,40,DB1_Lumidgm:40:3,DB1_Lumidgm/40_2_3.wsq,genuine,81,19,81,,True,49.749577,1210
1820,derive,22,DB1_Lumidgm:22:1,DB1_Lumidgm/61_1_8.wsq,impostor,8,19,8,,False,39.392162,0
1820,stored,22,DB1_Lumidgm:22:1,DB1_Lumidgm/61_1_8.wsq,impostor,8,19,8,,False,40.329587,0
1821,stored,64,DB1_Lumidgm:64:8,DB1_Lumidgm/59_1_4.wsq,impostor,8,19,8,,False,36.668226,0
1821,derive,64,DB1_Lumidgm:64:8,DB1_Lumidgm/59_1_4.wsq,impostor,8,19,8,,False,37.424926,0
1822,derive,88,DB1_Lumidgm:88:9,DB1_Lumidgm/35_1_6.wsq,impostor,7,19,7,,False,37.73435,0
1822,stored,88,DB1_Lumidgm:88:9,DB1_Lumidgm/35_1_6.wsq,impostor,7,19,7,,False,38.256288,0
1823,stored,25,DB1_Lumidgm:25:5,DB1_Lumidgm/25_3_5.wsq,genuine,55,19,55,,True,39.397104,1210
1823,derive,25,DB1_Lumidgm:25:5,DB1_Lumidgm/25_3_5.wsq,genuine,55,19,55,,True,36.082266,1210
1824,derive,58,DB1_Lumidgm:58:5,DB1_Lumidgm/58_3_5.wsq,genuine,8,19,8,,False,38.918921,0
1824,stored,58,DB1_Lumidgm:58:5,DB1_Lumidgm/58_3_5.wsq,genuine,8,19,8,,False,33.565425,0
1825,stored,49,DB1_Lumidgm:49:4,DB1_Lumidgm/55_1_5.wsq,impostor,4,19,4,,False,36.215774,0
1825,derive,49,DB1_Lumidgm:49:4,DB1_Lumidgm/55_1_5.wsq,impostor,4,19,4,,False,36.540204,0
1826,derive,77,DB1_Lumidgm:77:6,DB1_Lumidgm/38_1_2.wsq,impostor,8,19,8,,False,35.694404,0
1826,stored,77,DB1_Lumidgm:77:6,DB1_Lumidgm/38_1_2.wsq,impostor,8,19,8,,False,35.476211,0
1827,stored,79,DB1_Lumidgm:79:10,DB1_Lumidgm/83_1_2.wsq,impostor,8,19,8,,False,37.097038,0
1827,derive,79,DB1_Lumidgm:79:10,DB1_Lumidgm/83_1_2.wsq,impostor,8,19,8,,False,37.396974,0
1828,derive,85,DB1_Lumidgm:85:1,DB1_Lumidgm/67_1_8.wsq,impostor,12,19,12,,False,37.614517,0
1828,stored,85,DB1_Lumidgm:85:1,DB1_Lumidgm/67_1_8.wsq,impostor,12,19,12,,False,37.468552,0
1829,stored,100,DB1_Lumidgm:100:10,DB1_Lumidgm/57_1_3.wsq,impostor,8,19,8,,False,36.0814,0
1829,derive,100,DB1_Lumidgm:100:10,DB1_Lumidgm/57_1_3.wsq,impostor,8,19,8,,False,36.655926,0
1830,derive,54,DB1_Lumidgm:54:9,DB1_Lumidgm/95_1_4.wsq,impostor,6,19,6,,False,37.797929,0
1830,stored,54,DB1_Lumidgm:54:9,DB1_Lumidgm/95_1_4.wsq,impostor,6,19,6,,False,37.761375,0
1831,stored,48,DB1_Lumidgm:48:9,DB1_Lumidgm/26_1_2.wsq,impostor,6,19,6,,False,34.96151,0
1831,derive,48,DB1_Lumidgm:48:9,DB1_Lumidgm/26_1_2.wsq,impostor,6,19,6,,False,34.854576,0
1832,derive,68,DB1_Lumidgm:68:1,DB1_Lumidgm/68_1_7.wsq,impostor,5,19,5,,False,34.968586,0
1832,stored,68,DB1_Lumidgm:68:1,DB1_Lumidgm/68_1_7.wsq,impostor,5,19,5,,False,34.794394,0
1833,stored,65,DB1_Lumidgm:65:4,DB1_Lumidgm/88_1_6.wsq,impostor,12,19,12,,False,45.160264,0
1833,derive,65,DB1_Lumidgm:65:4,DB1_Lumidgm/88_1_6.wsq,impostor,12,19,12,,False,44.571477,0
1834,derive,80,DB1_Lumidgm:80:10,DB1_Lumidgm/63_1_1.wsq,impostor,5,19,5,,False,37.204672,0
1834,stored,80,DB1_Lumidgm:80:10,DB1_Lumidgm/63_1_1.wsq,impostor,5,19,5,,False,36.882041,0
1835,stored,32,DB1_Lumidgm:32:2,DB1_Lumidgm/91_1_7.wsq,impostor,3,19,3,,False,39.239558,0
1835,derive,32,DB1_Lumidgm:32:2,DB1_Lumidgm/91_1_7.wsq,impostor,3,19,3,,False,39.683983,0
1836,derive,72,DB1_Lumidgm:72:6,DB1_Lumidgm/72_2_6.wsq,genuine,108,19,108,,True,42.838763,1210
1836,stored,72,DB1_Lumidgm:72:6,DB1_Lumidgm/72_2_6.wsq,genuine,108,19,108,,True,41.60537,1210
1837,stored,99,DB1_Lumidgm:99:5,DB1_Lumidgm/39_1_10.wsq,impostor,7,19,7,,False,33.462922,0
1837,derive,99,DB1_Lumidgm:99:5,DB1_Lumidgm/39_1_10.wsq,impostor,7,19,7,,False,34.6281,0
1838,derive,36,DB1_Lumidgm:36:5,DB1_Lumidgm/94_1_3.wsq,impostor,9,19,9,,False,38.988804,0
1838,stored,36,DB1_Lumidgm:36:5,DB1_Lumidgm/94_1_3.wsq,impostor,9,19,9,,False,39.131158,0
1839,stored,96,DB1_Lumidgm:96:7,DB1_Lumidgm/33_1_2.wsq,impostor,5,19,5,,False,37.609784,0
1839,derive,96,DB1_Lumidgm:96:7,DB1_Lumidgm/33_1_2.wsq,impostor,5,19,5,,False,34.655462,0
1840,derive,82,DB1_Lumidgm:82:1,DB1_Lumidgm/55_1_10.wsq,impostor,8,19,8,,False,36.985493,0
1840,stored,82,DB1_Lumidgm:82:1,DB1_Lumidgm/55_1_10.wsq,impostor,8,19,8,,False,36.707591,0
1841,stored,65,DB1_Lumidgm:65:5,DB1_Lumidgm/64_1_10.wsq,impostor,7,19,7,,False,37.493005,0
1841,derive,65,DB1_Lumidgm:65:5,DB1_Lumidgm/64_1_10.wsq,impostor,7,19,7,,False,37.636958,0
1842,derive,81,DB1_Lumidgm:81:9,DB1_Lumidgm/81_4_9.wsq,genuine,52,19,52,,True,42.823341,1210
1842,stored,81,DB1_Lumidgm:81:9,DB1_Lumidgm/81_4_9.wsq,genuine,52,19,52,,True,43.614888,1210
1843,stored,97,DB1_Lumidgm:97:8,DB1_Lumidgm/46_1_9.wsq,impostor,4,19,4,,False,38.204338,0
1843,derive,97,DB1_Lumidgm:97:8,DB1_Lumidgm/46_1_9.wsq,impostor,4,19,4,,False,40.39865,0
1844,derive,87,DB1_Lumidgm:87:6,DB1_Lumidgm/70_1_2.wsq,impostor,4,19,4,,False,37.581468,0
1844,stored,87,DB1_Lumidgm:87:6,DB1_Lumidgm/70_1_2.wsq,impostor,4,19,4,,False,37.728566,0
1845,stored,76,DB1_Lumidgm:76:8,DB1_Lumidgm/28_1_9.wsq,impostor,6,19,6,,False,37.662038,0
1845,derive,76,DB1_Lumidgm:76:8,DB1_Lumidgm/28_1_9.wsq,impostor,6,19,6,,False,37.491181,0
1846,derive,80,DB1_Lumidgm:80:3,DB1_Lumidgm/87_1_7.wsq,impostor,4,19,4,,False,39.516872,0
1846,stored,80,DB1_Lumidgm:80:3,DB1_Lumidgm/87_1_7.wsq,impostor,4,19,4,,False,37.75708,0
1847,stored,100,DB1_Lumidgm:100:5,DB1_Lumidgm/65_1_2.wsq,impostor,7,19,7,,False,43.474346,0
1847,derive,100,DB1_Lumidgm:100:5,DB1_Lumidgm/65_1_2.wsq,impostor,7,19,7,,False,45.696038,0
1848,derive,55,DB1_Lumidgm:55:8,DB1_Lumidgm/63_1_10.wsq,impostor,9,19,9,,False,35.577027,0
1848,stored,55,DB1_Lumidgm:55:8,DB1_Lumidgm/63_1_10.wsq,impostor,9,19,9,,False,36.786464,0
1849,stored,86,DB1_Lumidgm:86:4,DB1_Lumidgm/58_1_2.wsq,impostor,5,19,5,,False,46.136935,0
1849,derive,86,DB1_Lumidgm:86:4,DB1_Lumidgm/58_1_2.wsq,impostor,5,19,5,,False,46.371688,0
1850,derive,31,DB1_Lumidgm:31:8,DB1_Lumidgm/57_1_9.wsq,impostor,6,19,6,,False,40.633033,0
1850,stored,31,DB1_Lumidgm:31:8,DB1_Lumidgm/57_1_9.wsq,impostor,6,19,6,,False,37.655007,0
1851,stored,33,DB1_Lumidgm:33:9,DB1_Lumidgm/40_1_4.wsq,impostor,9,19,9,,False,36.642994,0
1851,derive,33,DB1_Lumidgm:33:9,DB1_Lumidgm/40_1_4.wsq,impostor,9,19,9,,False,37.070915,0
1852,derive,41,DB1_Lumidgm:41:10,DB1_Lumidgm/47_1_2.wsq,impostor,10,19,10,,False,38.287121,0
1852,stored,41,DB1_Lumidgm:41:10,DB1_Lumidgm/47_1_2.wsq,impostor,10,19,10,,False,36.802173,0
1853,stored,39,DB1_Lumidgm:39:10,DB1_Lumidgm/84_1_1.wsq,impostor,4,19,4,,False,35.92809,0
1853,derive,39,DB1_Lumidgm:39:10,DB1_Lumidgm/84_1_1.wsq,impostor,4,19,4,,False,37.388544,0
1854,derive,41,DB1_Lumidgm:41:4,DB1_Lumidgm/24_1_4.wsq,impostor,7,19,7,,False,36.549307,0
1854,stored,41,DB1_Lumidgm:41:4,DB1_Lumidgm/24_1_4.wsq,impostor,7,19,7,,False,37.640175,0
1855,stored,67,DB1_Lumidgm:67:6,DB1_Lumidgm/24_1_8.wsq,impostor,9,19,9,,False,34.819504,0
1855,derive,67,DB1_Lumidgm:67:6,DB1_Lumidgm/24_1_8.wsq,impostor,9,19,9,,False,35.793768,0
1856,derive,99,DB1_Lumidgm:99:7,DB1_Lumidgm/57_1_6.wsq,impostor,6,19,6,,False,38.934108,0
1856,stored,99,DB1_Lumidgm:99:7,DB1_Lumidgm/57_1_6.wsq,impostor,6,19,6,,False,37.390118,0
1857,stored,53,DB1_Lumidgm:53:1,DB1_Lumidgm/79_1_2.wsq,impostor,3,19,3,,False,35.04259,0
1857,derive,53,DB1_Lumidgm:53:1,DB1_Lumidgm/79_1_2.wsq,impostor,3,19,3,,False,36.924558,0
1858,derive,65,DB1_Lumidgm:65:4,DB1_Lumidgm/67_1_5.wsq,impostor,9,19,9,,False,36.206437,0
1858,stored,65,DB1_Lumidgm:65:4,DB1_Lumidgm/67_1_5.wsq,impostor,9,19,9,,False,38.152433,0
1859,stored,28,DB1_Lumidgm:28:1,DB1_Lumidgm/96_1_2.wsq,impostor,8,19,8,,False,35.433193,0
1859,derive,28,DB1_Lumidgm:28:1,DB1_Lumidgm/96_1_2.wsq,impostor,8,19,8,,False,34.704106,0
1860,derive,30,DB1_Lumidgm:30:8,DB1_Lumidgm/30_3_8.wsq,genuine,61,19,61,,True,40.72744,1210
1860,stored,30,DB1_Lumidgm:30:8,DB1_Lumidgm/30_3_8.wsq,genuine,61,19,61,,True,39.504089,1210
1861,stored,93,DB1_Lumidgm:93:1,DB1_Lumidgm/40_1_2.wsq,impostor,6,19,6,,False,39.404477,0
1861,derive,93,DB1_Lumidgm:93:1,DB1_Lumidgm/40_1_2.wsq,impostor,6,19,6,,False,38.321069,0
1862,derive,78,DB1_Lumidgm:78:9,DB1_Lumidgm/66_1_7.wsq,impostor,4,19,4,,False,37.69122,0
1862,stored,78,DB1_Lumidgm:78:9,DB1_Lumidgm/66_1_7.wsq,impostor,4,19,4,,False,37.299231,0
1863,stored,41,DB1_Lumidgm:41:6,DB1_Lumidgm/61_1_2.wsq,impostor,6,19,6,,False,39.085643,0
1863,derive,41,DB1_Lumidgm:41:6,DB1_Lumidgm/61_1_2.wsq,impostor,6,19,6,,False,38.471397,0
1864,derive,83,DB1_Lumidgm:83:8,DB1_Lumidgm/88_1_10.wsq,impostor,7,19,7,,False,39.152977,0
1864,stored,83,DB1_Lumidgm:83:8,DB1_Lumidgm/88_1_10.wsq,impostor,7,19,7,,False,38.77976,0
1865,stored,90,DB1_Lumidgm:90:5,DB1_Lumidgm/99_1_10.wsq,impostor,5,19,5,,False,34.417523,0
1865,derive,90,DB1_Lumidgm:90:5,DB1_Lumidgm/99_1_10.wsq,impostor,5,19,5,,False,33.721148,0
1866,derive,56,DB1_Lumidgm:56:4,DB1_Lumidgm/27_1_3.wsq,impostor,7,19,7,,False,39.852655,0
1866,stored,56,DB1_Lumidgm:56:4,DB1_Lumidgm/27_1_3.wsq,impostor,7,19,7,,False,37.236621,0
1867,stored,81,DB1_Lumidgm:81:4,DB1_Lumidgm/31_1_1.wsq,impostor,5,19,5,,False,36.66395,0
1867,derive,81,DB1_Lumidgm:81:4,DB1_Lumidgm/31_1_1.wsq,impostor,5,19,5,,False,38.148318,0
1868,derive,21,DB1_Lumidgm:21:2,DB1_Lumidgm/91_1_9.wsq,impostor,5,19,5,,False,40.282459,0
1868,stored,21,DB1_Lumidgm:21:2,DB1_Lumidgm/91_1_9.wsq,impostor,5,19,5,,False,39.804748,0
1869,stored,47,DB1_Lumidgm:47:10,DB1_Lumidgm/44_1_8.wsq,impostor,10,19,10,,False,37.893911,0
1869,derive,47,DB1_Lumidgm:47:10,DB1_Lumidgm/44_1_8.wsq,impostor,10,19,10,,False,37.045672,0
1870,derive,69,DB1_Lumidgm:69:3,DB1_Lumidgm/36_1_5.wsq,impostor,5,19,5,,False,36.411572,0
1870,stored,69,DB1_Lumidgm:69:3,DB1_Lumidgm/36_1_5.wsq,impostor,5,19,5,,False,37.110636,0
1871,stored,70,DB1_Lumidgm:70:6,DB1_Lumidgm/92_1_4.wsq,impostor,5,19,5,,False,46.876623,0
1871,derive,70,DB1_Lumidgm:70:6,DB1_Lumidgm/92_1_4.wsq,impostor,5,19,5,,False,45.909373,0
1872,derive,46,DB1_Lumidgm:46:3,DB1_Lumidgm/46_3_3.wsq,genuine,152,19,152,,True,52.159872,1210
1872,stored,46,DB1_Lumidgm:46:3,DB1_Lumidgm/46_3_3.wsq,genuine,152,19,152,,True,51.724858,1210
1873,stored,56,DB1_Lumidgm:56:5,DB1_Lumidgm/43_1_1.wsq,impostor,4,19,4,,False,39.186605,0
1873,derive,56,DB1_Lumidgm:56:5,DB1_Lumidgm/43_1_1.wsq,impostor,4,19,4,,False,37.870726,0
1874,derive,83,DB1_Lumidgm:83:10,DB1_Lumidgm/83_4_10.wsq,genuine,8,19,8,,False,38.370914,0
1874,stored,83,DB1_Lumidgm:83:10,DB1_Lumidgm/83_4_10.wsq,genuine,8,19,8,,False,38.087797,0
1875,stored,81,DB1_Lumidgm:81:9,DB1_Lumidgm/48_1_7.wsq,impostor,5,19,5,,False,37.994453,0
1875,derive,81,DB1_Lumidgm:81:9,DB1_Lumidgm/48_1_7.wsq,impostor,5,19,5,,False,37.319733,0
1876,derive,47,DB1_Lumidgm:47:4,DB1_Lumidgm/71_1_10.wsq,impostor,8,19,8,,False,36.65128,0
1876,stored,47,DB1_Lumidgm:47:4,DB1_Lumidgm/71_1_10.wsq,impostor,8,19,8,,False,36.254849,0
1877,stored,77,DB1_Lumidgm:77:5,DB1_Lumidgm/30_1_8.wsq,impostor,7,19,7,,False,35.540666,0
1877,derive,77,DB1_Lumidgm:77:5,DB1_Lumidgm/30_1_8.wsq,impostor,7,19,7,,False,35.823443,0
1878,derive,67,DB1_Lumidgm:67:8,DB1_Lumidgm/25_1_6.wsq,impostor,8,19,8,,False,39.388734,0
1878,stored,67,DB1_Lumidgm:67:8,DB1_Lumidgm/25_1_6.wsq,impostor,8,19,8,,False,37.175489,0
1879,stored,98,DB1_Lumidgm:98:7,DB1_Lumidgm/80_1_10.wsq,impostor,6,19,6,,False,33.240719,0
1879,derive,98,DB1_Lumidgm:98:7,DB1_Lumidgm/80_1_10.wsq,impostor,6,19,6,,False,32.889432,0
1880,derive,41,DB1_Lumidgm:41:4,DB1_Lumidgm/57_1_4.wsq,impostor,13,19,13,,False,38.220069,0
1880,stored,41,DB1_Lumidgm:41:4,DB1_Lumidgm/57_1_4.wsq,impostor,13,19,13,,False,38.34007,0
1881,stored,22,DB1_Lumidgm:22:5,DB1_Lumidgm/26_1_2.wsq,impostor,6,19,6,,False,34.367047,0
1881,derive,22,DB1_Lumidgm:22:5,DB1_Lumidgm/26_1_2.wsq,impostor,6,19,6,,False,35.664188,0
1882,derive,92,DB1_Lumidgm:92:1,DB1_Lumidgm/92_4_1.wsq,genuine,46,19,46,,True,39.733927,1210
1882,stored,92,DB1_Lumidgm:92:1,DB1_Lumidgm/92_4_1.wsq,genuine,46,19,46,,True,38.070749,1210
1883,stored,95,DB1_Lumidgm:95:4,DB1_Lumidgm/56_1_1.wsq,impostor,4,19,4,,False,38.064365,0
1883,derive,95,DB1_Lumidgm:95:4,DB1_Lumidgm/56_1_1.wsq,impostor,4,19,4,,False,38.688937,0
1884,derive,49,DB1_Lumidgm:49:5,DB1_Lumidgm/75_1_2.wsq,impostor,8,19,8,,False,34.937368,0
1884,stored,49,DB1_Lumidgm:49:5,DB1_Lumidgm/75_1_2.wsq,impostor,8,19,8,,False,35.093441,0
1885,stored,21,DB1_Lumidgm:21:3,DB1_Lumidgm/47_1_6.wsq,impostor,12,19,12,,False,36.407777,0
1885,derive,21,DB1_Lumidgm:21:3,DB1_Lumidgm/47_1_6.wsq,impostor,12,19,12,,False,36.437296,0
1886,derive,44,DB1_Lumidgm:44:1,DB1_Lumidgm/70_1_10.wsq,impostor,12,19,12,,False,35.661979,0
1886,stored,44,DB1_Lumidgm:44:1,DB1_Lumidgm/70_1_10.wsq,impostor,12,19,12,,False,35.250846,0
1887,stored,49,DB1_Lumidgm:49:6,DB1_Lumidgm/80_1_2.wsq,impostor,6,19,6,,False,34.870412,0
1887,derive,49,DB1_Lumidgm:49:6,DB1_Lumidgm/80_1_2.wsq,impostor,6,19,6,,False,34.339432,0
1888,derive,25,DB1_Lumidgm:25:8,DB1_Lumidgm/63_1_1.wsq,impostor,10,19,10,,False,36.606939,0
1888,stored,25,DB1_Lumidgm:25:8,DB1_Lumidgm/63_1_1.wsq,impostor,10,19,10,,False,36.9358,0
1889,stored,58,DB1_Lumidgm:58:8,DB1_Lumidgm/84_1_1.wsq,impostor,4,19,4,,False,35.555836,0
1889,derive,58,DB1_Lumidgm:58:8,DB1_Lumidgm/84_1_1.wsq,impostor,4,19,4,,False,35.792873,0
1890,derive,48,DB1_Lumidgm:48:8,DB1_Lumidgm/94_1_7.wsq,impostor,4,19,4,,False,38.662871,0
1890,stored,48,DB1_Lumidgm:48:8,DB1_Lumidgm/94_1_7.wsq,impostor,4,19,4,,False,39.409375,0
1891,stored,53,DB1_Lumidgm:53:4,DB1_Lumidgm/82_1_3.wsq,impostor,4,19,4,,False,36.499603,0
1891,derive,53,DB1_Lumidgm:53:4,DB1_Lumidgm/82_1_3.wsq,impostor,4,19,4,,False,36.722291,0
1892,derive,46,DB1_Lumidgm:46:6,DB1_Lumidgm/70_1_1.wsq,impostor,6,19,6,,False,36.876119,0
1892,stored,46,DB1_Lumidgm:46:6,DB1_Lumidgm/70_1_1.wsq,impostor,6,19,6,,False,37.504559,0
1893,stored,95,DB1_Lumidgm:95:8,DB1_Lumidgm/49_1_6.wsq,impostor,5,19,5,,False,37.58381,0
1893,derive,95,DB1_Lumidgm:95:8,DB1_Lumidgm/49_1_6.wsq,impostor,5,19,5,,False,37.633359,0
1894,derive,70,DB1_Lumidgm:70:2,DB1_Lumidgm/96_1_2.wsq,impostor,6,19,6,,False,35.885531,0
1894,stored,70,DB1_Lumidgm:70:2,DB1_Lumidgm/96_1_2.wsq,impostor,6,19,6,,False,35.636181,0
1895,stored,80,DB1_Lumidgm:80:9,DB1_Lumidgm/29_1_10.wsq,impostor,15,19,15,,False,38.476139,0
1895,derive,80,DB1_Lumidgm:80:9,DB1_Lumidgm/29_1_10.wsq,impostor,15,19,15,,False,37.249269,0
1896,derive,44,DB1_Lumidgm:44:7,DB1_Lumidgm/43_1_1.wsq,impostor,5,19,5,,False,38.755247,0
1896,stored,44,DB1_Lumidgm:44:7,DB1_Lumidgm/43_1_1.wsq,impostor,5,19,5,,False,39.543592,0
1897,stored,21,DB1_Lumidgm:21:9,DB1_Lumidgm/54_1_2.wsq,impostor,8,19,8,,False,35.923109,0
1897,derive,21,DB1_Lumidgm:21:9,DB1_Lumidgm/54_1_2.wsq,impostor,8,19,8,,False,36.050648,0
1898,derive,62,DB1_Lumidgm:62:5,DB1_Lumidgm/62_4_5.wsq,genuine,51,19,51,,True,47.068867,1210
1898,stored,62,DB1_Lumidgm:62:5,DB1_Lumidgm/62_4_5.wsq,genuine,51,19,51,,True,45.399504,1210
1899,stored,25,DB1_Lumidgm:25:4,DB1_Lumidgm/25_4_4.wsq,genuine,139,19,139,,True,44.685931,1210
1899,derive,25,DB1_Lumidgm:25:4,DB1_Lumidgm/25_4_4.wsq,genuine,139,19,139,,True,44.033086,1210
1900,derive,34,DB1_Lumidgm:34:4,DB1_Lumidgm/92_1_10.wsq,impostor,5,19,5,,False,39.908331,0
1900,stored,34,DB1_Lumidgm:34:4,DB1_Lumidgm/92_1_10.wsq,impostor,5,19,5,,False,40.460258,0
1901,stored,55,DB1_Lumidgm:55:4,DB1_Lumidgm/85_1_2.wsq,impostor,9,19,9,,False,39.177402,0
1901,derive,55,DB1_Lumidgm:55:4,DB1_Lumidgm/85_1_2.wsq,impostor,9,19,9,,False,37.258601,0
1902,derive,29,DB1_Lumidgm:29:6,DB1_Lumidgm/29_4_6.wsq,genuine,189,19,189,,True,50.188476,1210
1902,stored,29,DB1_Lumidgm:29:6,DB1_Lumidgm/29_4_6.wsq,genuine,189,19,189,,True,48.478758,1210
1903,stored,26,DB1_Lumidgm:26:2,DB1_Lumidgm/64_1_8.wsq,impostor,8,19,8,,False,36.468191,0
1903,derive,26,DB1_Lumidgm:26:2,DB1_Lumidgm/64_1_8.wsq,impostor,8,19,8,,False,36.335514,0
1904,derive,52,DB1_Lumidgm:52:3,DB1_Lumidgm/52_2_3.wsq,genuine,264,19,264,,True,69.113057,1210
1904,stored,52,DB1_Lumidgm:52:3,DB1_Lumidgm/52_2_3.wsq,genuine,264,19,264,,True,67.862488,1210
1905,stored,68,DB1_Lumidgm:68:8,DB1_Lumidgm/47_1_8.wsq,impostor,9,19,9,,False,36.369389,0
1905,derive,68,DB1_Lumidgm:68:8,DB1_Lumidgm/47_1_8.wsq,impostor,9,19,9,,False,36.190569,0
1906,derive,49,DB1_Lumidgm:49:5,DB1_Lumidgm/60_1_3.wsq,impostor,13,19,13,,False,39.923203,0
1906,stored,49,DB1_Lumidgm:49:5,DB1_Lumidgm/60_1_3.wsq,impostor,13,19,13,,False,42.585595,0
1907,stored,52,DB1_Lumidgm:52:2,DB1_Lumidgm/55_1_9.wsq,impostor,11,19,11,,False,36.763884,0
1907,derive,52,DB1_Lumidgm:52:2,DB1_Lumidgm/55_1_9.wsq,impostor,11,19,11,,False,37.5063,0
1908,derive,56,DB1_Lumidgm:56:10,DB1_Lumidgm/57_1_8.wsq,impostor,3,19,3,,False,38.433507,0
1908,stored,56,DB1_Lumidgm:56:10,DB1_Lumidgm/57_1_8.wsq,impostor,3,19,3,,False,38.473153,0
1909,stored,27,DB1_Lumidgm:27:7,DB1_Lumidgm/79_1_1.wsq,impostor,5,19,5,,False,36.26106,0
1909,derive,27,DB1_Lumidgm:27:7,DB1_Lumidgm/79_1_1.wsq,impostor,5,19,5,,False,35.943629,0
1910,derive,54,DB1_Lumidgm:54:3,DB1_Lumidgm/99_1_3.wsq,impostor,6,19,6,,False,36.334493,0
1910,stored,54,DB1_Lumidgm:54:3,DB1_Lumidgm/99_1_3.wsq,impostor,6,19,6,,False,38.015677,0
1911,stored,54,DB1_Lumidgm:54:6,DB1_Lumidgm/57_1_4.wsq,impostor,4,19,4,,False,37.400657,0
1911,derive,54,DB1_Lumidgm:54:6,DB1_Lumidgm/57_1_4.wsq,impostor,4,19,4,,False,38.56842,0
1912,derive,38,DB1_Lumidgm:38:3,DB1_Lumidgm/44_1_10.wsq,impostor,6,19,6,,False,36.938644,0
1912,stored,38,DB1_Lumidgm:38:3,DB1_Lumidgm/44_1_10.wsq,impostor,6,19,6,,False,37.949012,0
1913,stored,55,DB1_Lumidgm:55:2,DB1_Lumidgm/64_1_5.wsq,impostor,9,19,9,,False,38.270822,0
1913,derive,55,DB1_Lumidgm:55:2,DB1_Lumidgm/64_1_5.wsq,impostor,9,19,9,,False,39.871461,0
1914,derive,72,DB1_Lumidgm:72:4,DB1_Lumidgm/72_4_4.wsq,genuine,67,19,67,,True,42.361466,1210
1914,stored,72,DB1_Lumidgm:72:4,DB1_Lumidgm/72_4_4.wsq,genuine,67,19,67,,True,42.405765,1210
1915,stored,69,DB1_Lumidgm:69:9,DB1_Lumidgm/74_1_6.wsq,impostor,5,19,5,,False,36.118371,0
1915,derive,69,DB1_Lumidgm:69:9,DB1_Lumidgm/74_1_6.wsq,impostor,5,19,5,,False,35.649822,0
1916,derive,57,DB1_Lumidgm:57:10,DB1_Lumidgm/89_1_3.wsq,impostor,7,19,7,,False,44.812604,0
1916,stored,57,DB1_Lumidgm:57:10,DB1_Lumidgm/89_1_3.wsq,impostor,7,19,7,,False,44.994987,0
1917,stored,75,DB1_Lumidgm:75:7,DB1_Lumidgm/44_1_7.wsq,impostor,9,19,9,,False,39.87195,0
1917,derive,75,DB1_Lumidgm:75:7,DB1_Lumidgm/44_1_7.wsq,impostor,9,19,9,,False,37.380223,0
1918,derive,87,DB1_Lumidgm:87:3,DB1_Lumidgm/27_1_2.wsq,impostor,12,19,12,,False,34.63711,0
1918,stored,87,DB1_Lumidgm:87:3,DB1_Lumidgm/27_1_2.wsq,impostor,12,19,12,,False,34.581798,0
1919,stored,65,DB1_Lumidgm:65:4,DB1_Lumidgm/81_1_8.wsq,impostor,8,19,8,,False,36.791406,0
1919,derive,65,DB1_Lumidgm:65:4,DB1_Lumidgm/81_1_8.wsq,impostor,8,19,8,,False,36.842695,0
1920,derive,33,DB1_Lumidgm:33:6,DB1_Lumidgm/79_1_1.wsq,impostor,8,19,8,,False,36.501888,0
1920,stored,33,DB1_Lumidgm:33:6,DB1_Lumidgm/79_1_1.wsq,impostor,8,19,8,,False,36.01162,0
1921,stored,38,DB1_Lumidgm:38:4,DB1_Lumidgm/38_4_4.wsq,genuine,41,19,41,,True,39.178593,1210
1921,derive,38,DB1_Lumidgm:38:4,DB1_Lumidgm/38_4_4.wsq,genuine,41,19,41,,True,39.787947,1210
1922,derive,25,DB1_Lumidgm:25:2,DB1_Lumidgm/25_4_2.wsq,genuine,111,19,111,,True,41.203169,1210
1922,stored,25,DB1_Lumidgm:25:2,DB1_Lumidgm/25_4_2.wsq,genuine,111,19,111,,True,51.858277,1210
1923,stored,22,DB1_Lumidgm:22:10,DB1_Lumidgm/92_1_9.wsq,impostor,5,19,5,,False,41.399264,0
1923,derive,22,DB1_Lumidgm:22:10,DB1_Lumidgm/92_1_9.wsq,impostor,5,19,5,,False,41.888318,0
1924,derive,22,DB1_Lumidgm:22:2,DB1_Lumidgm/87_1_7.wsq,impostor,10,19,10,,False,37.96404,0
1924,stored,22,DB1_Lumidgm:22:2,DB1_Lumidgm/87_1_7.wsq,impostor,10,19,10,,False,38.330288,0
1925,stored,80,DB1_Lumidgm:80:6,DB1_Lumidgm/80_3_6.wsq,genuine,87,19,87,,True,47.92326,1210
1925,derive,80,DB1_Lumidgm:80:6,DB1_Lumidgm/80_3_6.wsq,genuine,87,19,87,,True,47.972385,1210
1926,derive,65,DB1_Lumidgm:65:6,DB1_Lumidgm/65_4_6.wsq,genuine,75,19,75,,True,48.237884,1210
1926,stored,65,DB1_Lumidgm:65:6,DB1_Lumidgm/65_4_6.wsq,genuine,75,19,75,,True,46.46929,1210
1927,stored,95,DB1_Lumidgm:95:9,DB1_Lumidgm/99_1_2.wsq,impostor,5,19,5,,False,35.863139,0
1927,derive,95,DB1_Lumidgm:95:9,DB1_Lumidgm/99_1_2.wsq,impostor,5,19,5,,False,35.947564,0
1928,derive,97,DB1_Lumidgm:97:9,DB1_Lumidgm/35_1_4.wsq,impostor,7,19,7,,False,37.278556,0
1928,stored,97,DB1_Lumidgm:97:9,DB1_Lumidgm/35_1_4.wsq,impostor,7,19,7,,False,37.194752,0
1929,stored,88,DB1_Lumidgm:88:9,DB1_Lumidgm/61_1_8.wsq,impostor,13,19,13,,False,38.637143,0
1929,derive,88,DB1_Lumidgm:88:9,DB1_Lumidgm/61_1_8.wsq,impostor,13,19,13,,False,38.930221,0
1930,derive,38,DB1_Lumidgm:38:7,DB1_Lumidgm/79_1_6.wsq,impostor,7,19,7,,False,38.793008,0
1930,stored,38,DB1_Lumidgm:38:7,DB1_Lumidgm/79_1_6.wsq,impostor,7,19,7,,False,37.860411,0
1931,stored,81,DB1_Lumidgm:81:1,DB1_Lumidgm/84_1_5.wsq,impostor,8,19,8,,False,34.374965,0
1931,derive,81,DB1_Lumidgm:81:1,DB1_Lumidgm/84_1_5.wsq,impostor,8,19,8,,False,34.723894,0
1932,derive,73,DB1_Lumidgm:73:3,DB1_Lumidgm/55_1_4.wsq,impostor,7,19,7,,False,36.096795,0
1932,stored,73,DB1_Lumidgm:73:3,DB1_Lumidgm/55_1_4.wsq,impostor,7,19,7,,False,37.62786,0
1933,stored,80,DB1_Lumidgm:80:8,DB1_Lumidgm/98_1_4.wsq,impostor,7,19,7,,False,37.326594,0
1933,derive,80,DB1_Lumidgm:80:8,DB1_Lumidgm/98_1_4.wsq,impostor,7,19,7,,False,38.695318,0
1934,derive,41,DB1_Lumidgm:41:2,DB1_Lumidgm/49_1_9.wsq,impostor,7,19,7,,False,33.615877,0
1934,stored,41,DB1_Lumidgm:41:2,DB1_Lumidgm/49_1_9.wsq,impostor,7,19,7,,False,34.263763,0
1935,stored,62,DB1_Lumidgm:62:6,DB1_Lumidgm/75_1_4.wsq,impostor,5,19,5,,False,33.54238,0
1935,derive,62,DB1_Lumidgm:62:6,DB1_Lumidgm/75_1_4.wsq,impostor,5,19,5,,False,34.016975,0
1936,derive,80,DB1_Lumidgm:80:10,DB1_Lumidgm/64_1_3.wsq,impostor,4,19,4,,False,37.293835,0
1936,stored,80,DB1_Lumidgm:80:10,DB1_Lumidgm/64_1_3.wsq,impostor,4,19,4,,False,36.540769,0
1937,stored,79,DB1_Lumidgm:79:10,DB1_Lumidgm/58_1_8.wsq,impostor,8,19,8,,False,43.295301,0
1937,derive,79,DB1_Lumidgm:79:10,DB1_Lumidgm/58_1_8.wsq,impostor,8,19,8,,False,42.614225,0
1938,derive,54,DB1_Lumidgm:54:10,DB1_Lumidgm/41_1_4.wsq,impostor,5,19,5,,False,38.303048,0
1938,stored,54,DB1_Lumidgm:54:10,DB1_Lumidgm/41_1_4.wsq,impostor,5,19,5,,False,37.944269,0
1939,stored,36,DB1_Lumidgm:36:4,DB1_Lumidgm/36_2_4.wsq,genuine,32,19,32,,True,39.277658,1210
1939,derive,36,DB1_Lumidgm:36:4,DB1_Lumidgm/36_2_4.wsq,genuine,32,19,32,,True,37.880094,1210
1940,derive,61,DB1_Lumidgm:61:4,DB1_Lumidgm/78_1_9.wsq,impostor,4,19,4,,False,33.526743,0
1940,stored,61,DB1_Lumidgm:61:4,DB1_Lumidgm/78_1_9.wsq,impostor,4,19,4,,False,33.648933,0
1941,stored,36,DB1_Lumidgm:36:6,DB1_Lumidgm/36_2_6.wsq,genuine,128,19,128,,True,49.262799,1210
1941,derive,36,DB1_Lumidgm:36:6,DB1_Lumidgm/36_2_6.wsq,genuine,128,19,128,,True,49.439412,1210
1942,derive,38,DB1_Lumidgm:38:5,DB1_Lumidgm/37_1_10.wsq,impostor,7,19,7,,False,32.729806,0
1942,stored,38,DB1_Lumidgm:38:5,DB1_Lumidgm/37_1_10.wsq,impostor,7,19,7,,False,34.493382,0
1943,stored,92,DB1_Lumidgm:92:2,DB1_Lumidgm/32_1_3.wsq,impostor,9,19,9,,False,37.120661,0
1943,derive,92,DB1_Lumidgm:92:2,DB1_Lumidgm/32_1_3.wsq,impostor,9,19,9,,False,37.204257,0
1944,derive,75,DB1_Lumidgm:75:10,DB1_Lumidgm/73_1_7.wsq,impostor,8,19,8,,False,34.708506,0
1944,stored,75,DB1_Lumidgm:75:10,DB1_Lumidgm/73_1_7.wsq,impostor,8,19,8,,False,34.077835,0
1945,stored,51,DB1_Lumidgm:51:9,DB1_Lumidgm/90_1_5.wsq,impostor,6,19,6,,False,34.115466,0
1945,derive,51,DB1_Lumidgm:51:9,DB1_Lumidgm/90_1_5.wsq,impostor,6,19,6,,False,35.143721,0
1946,derive,77,DB1_Lumidgm:77:1,DB1_Lumidgm/26_1_6.wsq,impostor,5,19,5,,False,37.650361,0
1946,stored,77,DB1_Lumidgm:77:1,DB1_Lumidgm/26_1_6.wsq,impostor,5,19,5,,False,37.67153,0
1947,stored,27,DB1_Lumidgm:27:6,DB1_Lumidgm/24_1_2.wsq,impostor,5,19,5,,False,34.59631,0
1947,derive,27,DB1_Lumidgm:27:6,DB1_Lumidgm/24_1_2.wsq,impostor,5,19,5,,False,34.916968,0
1948,derive,50,DB1_Lumidgm:50:9,DB1_Lumidgm/93_1_6.wsq,impostor,9,19,9,,False,41.362168,0
1948,stored,50,DB1_Lumidgm:50:9,DB1_Lumidgm/93_1_6.wsq,impostor,9,19,9,,False,39.902657,0
1949,stored,72,DB1_Lumidgm:72:5,DB1_Lumidgm/63_1_7.wsq,impostor,6,19,6,,False,32.492634,0
1949,derive,72,DB1_Lumidgm:72:5,DB1_Lumidgm/63_1_7.wsq,impostor,6,19,6,,False,32.394795,0
1950,derive,62,DB1_Lumidgm:62:10,DB1_Lumidgm/91_1_10.wsq,impostor,9,19,9,,False,47.079776,0
1950,stored,62,DB1_Lumidgm:62:10,DB1_Lumidgm/91_1_10.wsq,impostor,9,19,9,,False,43.110624,0
1951,stored,21,DB1_Lumidgm:21:3,DB1_Lumidgm/77_1_6.wsq,impostor,8,19,8,,False,38.709108,0
1951,derive,21,DB1_Lumidgm:21:3,DB1_Lumidgm/77_1_6.wsq,impostor,8,19,8,,False,36.594324,0
1952,derive,38,DB1_Lumidgm:38:1,DB1_Lumidgm/35_1_6.wsq,impostor,14,19,14,,False,37.63849,0
1952,stored,38,DB1_Lumidgm:38:1,DB1_Lumidgm/35_1_6.wsq,impostor,14,19,14,,False,37.35667,0
1953,stored,40,DB1_Lumidgm:40:1,DB1_Lumidgm/61_1_2.wsq,impostor,5,19,5,,False,38.259438,0
1953,derive,40,DB1_Lumidgm:40:1,DB1_Lumidgm/61_1_2.wsq,impostor,5,19,5,,False,38.549108,0
1954,derive,30,DB1_Lumidgm:30:7,DB1_Lumidgm/42_1_8.wsq,impostor,5,19,5,,False,36.120928,0
1954,stored,30,DB1_Lumidgm:30:7,DB1_Lumidgm/42_1_8.wsq,impostor,5,19,5,,False,36.712665,0
1955,stored,36,DB1_Lumidgm:36:8,DB1_Lumidgm/35_1_6.wsq,impostor,9,19,9,,False,38.19335,0
1955,derive,36,DB1_Lumidgm:36:8,DB1_Lumidgm/35_1_6.wsq,impostor,9,19,9,,False,38.867789,0
1956,derive,27,DB1_Lumidgm:27:9,DB1_Lumidgm/99_1_5.wsq,impostor,6,19,6,,False,35.311883,0
1956,stored,27,DB1_Lumidgm:27:9,DB1_Lumidgm/99_1_5.wsq,impostor,6,19,6,,False,34.861314,0
1957,stored,87,DB1_Lumidgm:87:1,DB1_Lumidgm/80_1_1.wsq,impostor,10,19,10,,False,35.871073,0
1957,derive,87,DB1_Lumidgm:87:1,DB1_Lumidgm/80_1_1.wsq,impostor,10,19,10,,False,37.290569,0
1958,derive,43,DB1_Lumidgm:43:1,DB1_Lumidgm/31_1_3.wsq,impostor,8,19,8,,False,38.023688,0
1958,stored,43,DB1_Lumidgm:43:1,DB1_Lumidgm/31_1_3.wsq,impostor,8,19,8,,False,35.508173,0
1959,stored,93,DB1_Lumidgm:93:7,DB1_Lumidgm/58_1_10.wsq,impostor,15,19,15,,False,42.91761,0
1959,derive,93,DB1_Lumidgm:93:7,DB1_Lumidgm/58_1_10.wsq,impostor,15,19,15,,False,44.216081,0
1960,derive,52,DB1_Lumidgm:52:1,DB1_Lumidgm/37_1_10.wsq,impostor,12,19,12,,False,35.900139,0
1960,stored,52,DB1_Lumidgm:52:1,DB1_Lumidgm/37_1_10.wsq,impostor,12,19,12,,False,34.918025,0
1961,stored,51,DB1_Lumidgm:51:5,DB1_Lumidgm/55_1_4.wsq,impostor,11,19,11,,False,37.908953,0
1961,derive,51,DB1_Lumidgm:51:5,DB1_Lumidgm/55_1_4.wsq,impostor,11,19,11,,False,36.452797,0
1962,derive,62,DB1_Lumidgm:62:3,DB1_Lumidgm/95_1_3.wsq,impostor,6,19,6,,False,42.83254,0
1962,stored,62,DB1_Lumidgm:62:3,DB1_Lumidgm/95_1_3.wsq,impostor,6,19,6,,False,43.475572,0
1963,stored,77,DB1_Lumidgm:77:9,DB1_Lumidgm/31_1_2.wsq,impostor,4,19,4,,False,38.311309,0
1963,derive,77,DB1_Lumidgm:77:9,DB1_Lumidgm/31_1_2.wsq,impostor,4,19,4,,False,34.818756,0
1964,derive,29,DB1_Lumidgm:29:1,DB1_Lumidgm/38_1_7.wsq,impostor,6,19,6,,False,35.542276,0
1964,stored,29,DB1_Lumidgm:29:1,DB1_Lumidgm/38_1_7.wsq,impostor,6,19,6,,False,35.189959,0
1965,stored,52,DB1_Lumidgm:52:9,DB1_Lumidgm/70_1_10.wsq,impostor,8,19,8,,False,44.45042,0
1965,derive,52,DB1_Lumidgm:52:9,DB1_Lumidgm/70_1_10.wsq,impostor,8,19,8,,False,34.80862,0
1966,derive,95,DB1_Lumidgm:95:5,DB1_Lumidgm/96_1_7.wsq,impostor,0,19,0,,False,34.659109,0
1966,stored,95,DB1_Lumidgm:95:5,DB1_Lumidgm/96_1_7.wsq,impostor,0,19,0,,False,34.851405,0
1967,stored,27,DB1_Lumidgm:27:1,DB1_Lumidgm/57_1_10.wsq,impostor,6,19,6,,False,36.507874,0
1967,derive,27,DB1_Lumidgm:27:1,DB1_Lumidgm/57_1_10.wsq,impostor,6,19,6,,False,34.566013,0
1968,derive,78,DB1_Lumidgm:78:2,DB1_Lumidgm/41_1_3.wsq,impostor,5,19,5,,False,36.819809,0
1968,stored,78,DB1_Lumidgm:78:2,DB1_Lumidgm/41_1_3.wsq,impostor,5,19,5,,False,36.80855,0
1969,stored,79,DB1_Lumidgm:79:6,DB1_Lumidgm/25_1_4.wsq,impostor,6,19,6,,False,35.701706,0
1969,derive,79,DB1_Lumidgm:79:6,DB1_Lumidgm/25_1_4.wsq,impostor,6,19,6,,False,35.487251,0
1970,derive,44,DB1_Lumidgm:44:6,DB1_Lumidgm/84_1_8.wsq,impostor,5,19,5,,False,36.709336,0
1970,stored,44,DB1_Lumidgm:44:6,DB1_Lumidgm/84_1_8.wsq,impostor,5,19,5,,False,36.928519,0
1971,stored,55,DB1_Lumidgm:55:9,DB1_Lumidgm/24_1_8.wsq,impostor,15,19,15,,False,35.344377,0
1971,derive,55,DB1_Lumidgm:55:9,DB1_Lumidgm/24_1_8.wsq,impostor,15,19,15,,False,37.922077,0
1972,derive,49,DB1_Lumidgm:49:4,DB1_Lumidgm/33_1_8.wsq,impostor,4,19,4,,False,40.651796,0
1972,stored,49,DB1_Lumidgm:49:4,DB1_Lumidgm/33_1_8.wsq,impostor,4,19,4,,False,39.244967,0
1973,stored,54,DB1_Lumidgm:54:1,DB1_Lumidgm/71_1_9.wsq,impostor,6,19,6,,False,34.185308,0
1973,derive,54,DB1_Lumidgm:54:1,DB1_Lumidgm/71_1_9.wsq,impostor,6,19,6,,False,34.023249,0
1974,derive,68,DB1_Lumidgm:68:8,DB1_Lumidgm/37_1_10.wsq,impostor,6,19,6,,False,32.767165,0
1974,stored,68,DB1_Lumidgm:68:8,DB1_Lumidgm/37_1_10.wsq,impostor,6,19,6,,False,32.160238,0
1975,stored,32,DB1_Lumidgm:32:4,DB1_Lumidgm/32_4_4.wsq,genuine,115,19,115,,True,37.094327,1210
1975,derive,32,DB1_Lumidgm:32:4,DB1_Lumidgm/32_4_4.wsq,genuine,115,19,115,,True,37.094192,1210
1976,derive,100,DB1_Lumidgm:100:2,DB1_Lumidgm/40_1_3.wsq,impostor,6,19,6,,False,35.232399,0
1976,stored,100,DB1_Lumidgm:100:2,DB1_Lumidgm/40_1_3.wsq,impostor,6,19,6,,False,36.04821,0
1977,stored,86,DB1_Lumidgm:86:8,DB1_Lumidgm/80_1_6.wsq,impostor,9,19,9,,False,36.120769,0
1977,derive,86,DB1_Lumidgm:86:8,DB1_Lumidgm/80_1_6.wsq,impostor,9,19,9,,False,36.765799,0
1978,derive,83,DB1_Lumidgm:83:9,DB1_Lumidgm/83_4_9.wsq,genuine,55,19,55,,True,43.296007,1210
1978,stored,83,DB1_Lumidgm:83:9,DB1_Lumidgm/83_4_9.wsq,genuine,55,19,55,,True,42.069799,1210
1979,stored,90,DB1_Lumidgm:90:7,DB1_Lumidgm/24_1_7.wsq,impostor,17,19,17,,False,34.231771,0
1979,derive,90,DB1_Lumidgm:90:7,DB1_Lumidgm/24_1_7.wsq,impostor,17,19,17,,False,34.478292,0
1980,derive,22,DB1_Lumidgm:22:9,DB1_Lumidgm/78_1_2.wsq,impostor,4,19,4,,False,37.785434,0
1980,stored,22,DB1_Lumidgm:22:9,DB1_Lumidgm/78_1_2.wsq,impostor,4,19,4,,False,35.803888,0
1981,stored,45,DB1_Lumidgm:45:10,DB1_Lumidgm/45_3_10.wsq,genuine,17,19,17,,False,38.116274,0
1981,derive,45,DB1_Lumidgm:45:10,DB1_Lumidgm/45_3_10.wsq,genuine,17,19,17,,False,36.79814,0
1982,derive,69,DB1_Lumidgm:69:5,DB1_Lumidgm/31_1_10.wsq,impostor,5,19,5,,False,33.899371,0
1982,stored,69,DB1_Lumidgm:69:5,DB1_Lumidgm/31_1_10.wsq,impostor,5,19,5,,False,34.087448,0
1983,stored,48,DB1_Lumidgm:48:8,DB1_Lumidgm/47_1_10.wsq,impostor,8,19,8,,False,34.938191,0
1983,derive,48,DB1_Lumidgm:48:8,DB1_Lumidgm/47_1_10.wsq,impostor,8,19,8,,False,34.338857,0
1984,derive,35,DB1_Lumidgm:35:1,DB1_Lumidgm/43_1_7.wsq,impostor,4,19,4,,False,37.755218,0
1984,stored,35,DB1_Lumidgm:35:1,DB1_Lumidgm/43_1_7.wsq,impostor,4,19,4,,False,36.345947,0
1985,stored,22,DB1_Lumidgm:22:7,DB1_Lumidgm/54_1_7.wsq,impostor,14,19,14,,False,36.898148,0
1985,derive,22,DB1_Lumidgm:22:7,DB1_Lumidgm/54_1_7.wsq,impostor,14,19,14,,False,37.66371,0
1986,derive,37,DB1_Lumidgm:37:8,DB1_Lumidgm/37_3_8.wsq,genuine,77,19,77,,True,43.433947,1210
1986,stored,37,DB1_Lumidgm:37:8,DB1_Lumidgm/37_3_8.wsq,genuine,77,19,77,,True,41.648333,1210
1987,stored,27,DB1_Lumidgm:27:2,DB1_Lumidgm/63_1_5.wsq,impostor,5,19,5,,False,34.44113,0
1987,derive,27,DB1_Lumidgm:27:2,DB1_Lumidgm/63_1_5.wsq,impostor,5,19,5,,False,33.854455,0
1988,derive,41,DB1_Lumidgm:41:6,DB1_Lumidgm/70_1_4.wsq,impostor,6,19,6,,False,38.02908,0
1988,stored,41,DB1_Lumidgm:41:6,DB1_Lumidgm/70_1_4.wsq,impostor,6,19,6,,False,38.401795,0
1989,stored,41,DB1_Lumidgm:41:4,DB1_Lumidgm/55_1_8.wsq,impostor,6,19,6,,False,36.375854,0
1989,derive,41,DB1_Lumidgm:41:4,DB1_Lumidgm/55_1_8.wsq,impostor,6,19,6,,False,36.745087,0
1990,derive,96,DB1_Lumidgm:96:6,DB1_Lumidgm/54_1_9.wsq,impostor,8,19,8,,False,36.18388,0
1990,stored,96,DB1_Lumidgm:96:6,DB1_Lumidgm/54_1_9.wsq,impostor,8,19,8,,False,36.138982,0
1991,stored,53,DB1_Lumidgm:53:2,DB1_Lumidgm/22_1_6.wsq,impostor,8,19,8,,False,36.871007,0
1991,derive,53,DB1_Lumidgm:53:2,DB1_Lumidgm/22_1_6.wsq,impostor,8,19,8,,False,35.787379,0
1992,derive,39,DB1_Lumidgm:39:5,DB1_Lumidgm/79_1_10.wsq,impostor,7,19,7,,False,37.27117,0
1992,stored,39,DB1_Lumidgm:39:5,DB1_Lumidgm/79_1_10.wsq,impostor,7,19,7,,False,36.702925,0
1993,stored,44,DB1_Lumidgm:44:1,DB1_Lumidgm/92_1_1.wsq,impostor,4,19,4,,False,42.920597,0
1993,derive,44,DB1_Lumidgm:44:1,DB1_Lumidgm/92_1_1.wsq,impostor,4,19,4,,False,43.758118,0
1994,derive,25,DB1_Lumidgm:25:2,DB1_Lumidgm/97_1_8.wsq,impostor,7,19,7,,False,36.608457,0
1994,stored,25,DB1_Lumidgm:25:2,DB1_Lumidgm/97_1_8.wsq,impostor,7,19,7,,False,37.668574,0
1995,stored,33,DB1_Lumidgm:33:7,DB1_Lumidgm/80_1_5.wsq,impostor,5,19,5,,False,35.367064,0
1995,derive,33,DB1_Lumidgm:33:7,DB1_Lumidgm/80_1_5.wsq,impostor,5,19,5,,False,33.350006,0
1996,derive,37,DB1_Lumidgm:37:7,DB1_Lumidgm/37_1_4.wsq,impostor,9,19,9,,False,34.547928,0
1996,stored,37,DB1_Lumidgm:37:7,DB1_Lumidgm/37_1_4.wsq,impostor,9,19,9,,False,34.560654,0
1997,stored,96,DB1_Lumidgm:96:9,DB1_Lumidgm/97_1_9.wsq,impostor,5,19,5,,False,36.993462,0
1997,derive,96,DB1_Lumidgm:96:9,DB1_Lumidgm/97_1_9.wsq,impostor,5,19,5,,False,37.949998,0
1998,derive,91,DB1_Lumidgm:91:4,DB1_Lumidgm/100_1_1.wsq,impostor,3,19,3,,False,37.07394,0
1998,stored,91,DB1_Lumidgm:91:4,DB1_Lumidgm/100_1_1.wsq,impostor,3,19,3,,False,38.537512,0
1999,stored,97,DB1_Lumidgm:97:2,DB1_Lumidgm/97_4_2.wsq,genuine,111,19,111,,True,51.50096,1210
1999,derive,97,DB1_Lumidgm:97:2,DB1_Lumidgm/97_4_2.wsq,genuine,111,19,111,,True,50.468294,1210
2000,derive,40,DB1_Lumidgm:40:4,DB1_Lumidgm/95_1_6.wsq,impostor,5,19,5,,False,42.312449,0
2000,stored,40,DB1_Lumidgm:40:4,DB1_Lumidgm/95_1_6.wsq,impostor,5,19,5,,False,42.224809,0
2001,stored,63,DB1_Lumidgm:63:3,DB1_Lumidgm/63_2_3.wsq,genuine,127,19,127,,True,58.695523,1210
2001,derive,63,DB1_Lumidgm:63:3,DB1_Lumidgm/63_2_3.wsq,genuine,127,19,127,,True,53.598421,1210
2002,derive,55,DB1_Lumidgm:55:4,DB1_Lumidgm/34_1_4.wsq,impostor,12,19,12,,False,39.091579,0
2002,stored,55,DB1_Lumidgm:55:4,DB1_Lumidgm/34_1_4.wsq,impostor,12,19,12,,False,38.834548,0
2003,stored,85,DB1_Lumidgm:85:9,DB1_Lumidgm/63_1_2.wsq,impostor,12,19,12,,False,34.997476,0
2003,derive,85,DB1_Lumidgm:85:9,DB1_Lumidgm/63_1_2.wsq,impostor,12,19,12,,False,34.463723,0
2004,derive,97,DB1_Lumidgm:97:5,DB1_Lumidgm/65_1_3.wsq,impostor,5,19,5,,False,41.599426,0
2004,stored,97,DB1_Lumidgm:97:5,DB1_Lumidgm/65_1_3.wsq,impostor,5,19,5,,False,40.357734,0
2005,stored,60,DB1_Lumidgm:60:2,DB1_Lumidgm/40_1_8.wsq,impostor,9,19,9,,False,36.955116,0
2005,derive,60,DB1_Lumidgm:60:2,DB1_Lumidgm/40_1_8.wsq,impostor,9,19,9,,False,36.591769,0
2006,derive,62,DB1_Lumidgm:62:6,DB1_Lumidgm/39_1_1.wsq,impostor,5,19,5,,False,36.822494,0
2006,stored,62,DB1_Lumidgm:62:6,DB1_Lumidgm/39_1_1.wsq,impostor,5,19,5,,False,36.449864,0
2007,stored,69,DB1_Lumidgm:69:3,DB1_Lumidgm/84_1_1.wsq,impostor,6,19,6,,False,35.855307,0
2007,derive,69,DB1_Lumidgm:69:3,DB1_Lumidgm/84_1_1.wsq,impostor,6,19,6,,False,35.864906,0
2008,derive,66,DB1_Lumidgm:66:5,DB1_Lumidgm/92_1_4.wsq,impostor,7,19,7,,False,41.647675,0
2008,stored,66,DB1_Lumidgm:66:5,DB1_Lumidgm/92_1_4.wsq,impostor,7,19,7,,False,43.86043,0
2009,stored,92,DB1_Lumidgm:92:2,DB1_Lumidgm/36_1_7.wsq,impostor,6,19,6,,False,35.030563,0
2009,derive,92,DB1_Lumidgm:92:2,DB1_Lumidgm/36_1_7.wsq,impostor,6,19,6,,False,35.748588,0
2010,derive,82,DB1_Lumidgm:82:9,DB1_Lumidgm/99_1_2.wsq,impostor,6,19,6,,False,37.919736,0
2010,stored,82,DB1_Lumidgm:82:9,DB1_Lumidgm/99_1_2.wsq,impostor,6,19,6,,False,36.620005,0
2011,stored,99,DB1_Lumidgm:99:9,DB1_Lumidgm/37_1_4.wsq,impostor,7,19,7,,False,36.419497,0
2011,derive,99,DB1_Lumidgm:99:9,DB1_Lumidgm/37_1_4.wsq,impostor,7,19,7,,False,34.409163,0
2012,derive,39,DB1_Lumidgm:39:1,DB1_Lumidgm/47_1_5.wsq,impostor,7,19,7,,False,32.718169,0
2012,stored,39,DB1_Lumidgm:39:1,DB1_Lumidgm/47_1_5.wsq,impostor,7,19,7,,False,32.720546,0
2013,stored,65,DB1_Lumidgm:65:1,DB1_Lumidgm/96_1_5.wsq,impostor,4,19,4,,False,33.11695,0
2013,derive,65,DB1_Lumidgm:65:1,DB1_Lumidgm/96_1_5.wsq,impostor,4,19,4,,False,33.140824,0
2014,derive,27,DB1_Lumidgm:27:2,DB1_Lumidgm/59_1_9.wsq,impostor,13,19,13,,False,38.465243,0
2014,stored,27,DB1_Lumidgm:27:2,DB1_Lumidgm/59_1_9.wsq,impostor,13,19,13,,False,37.12025,0
2015,stored,22,DB1_Lumidgm:22:4,DB1_Lumidgm/95_1_3.wsq,impostor,6,19,6,,False,44.450799,0
2015,derive,22,DB1_Lumidgm:22:4,DB1_Lumidgm/95_1_3.wsq,impostor,6,19,6,,False,41.946114,0
2016,derive,47,DB1_Lumidgm:47:9,DB1_Lumidgm/69_1_4.wsq,impostor,11,19,11,,False,35.514107,0
2016,stored,47,DB1_Lumidgm:47:9,DB1_Lumidgm/69_1_4.wsq,impostor,11,19,11,,False,34.444471,0
2017,stored,62,DB1_Lumidgm:62:10,DB1_Lumidgm/62_4_10.wsq,genuine,42,19,42,,True,45.420803,1211
2017,derive,62,DB1_Lumidgm:62:10,DB1_Lumidgm/62_4_10.wsq,genuine,42,19,42,,True,44.703534,1211
2018,derive,29,DB1_Lumidgm:29:7,DB1_Lumidgm/57_1_2.wsq,impostor,13,19,13,,False,35.668203,0
2018,stored,29,DB1_Lumidgm:29:7,DB1_Lumidgm/57_1_2.wsq,impostor,13,19,13,,False,36.337386,0
2019,stored,33,DB1_Lumidgm:33:3,DB1_Lumidgm/88_1_7.wsq,impostor,5,19,5,,False,43.807547,0
2019,derive,33,DB1_Lumidgm:33:3,DB1_Lumidgm/88_1_7.wsq,impostor,5,19,5,,False,43.597713,0
2020,derive,94,DB1_Lumidgm:94:8,DB1_Lumidgm/94_2_8.wsq,genuine,52,19,52,,True,45.967875,1210
2020,stored,94,DB1_Lumidgm:94:8,DB1_Lumidgm/94_2_8.wsq,genuine,52,19,52,,True,45.956854,1210
2021,stored,42,DB1_Lumidgm:42:8,DB1_Lumidgm/49_1_7.wsq,impostor,20,19,20,,True,38.460004,1210
2021,derive,42,DB1_Lumidgm:42:8,DB1_Lumidgm/49_1_7.wsq,impostor,20,19,20,,True,40.52708,1210
2022,derive,41,DB1_Lumidgm:41:4,DB1_Lumidgm/21_1_8.wsq,impostor,6,19,6,,False,36.092344,0
2022,stored,41,DB1_Lumidgm:41:4,DB1_Lumidgm/21_1_8.wsq,impostor,6,19,6,,False,36.541162,0
2023,stored,74,DB1_Lumidgm:74:6,DB1_Lumidgm/74_4_6.wsq,genuine,21,19,21,,True,37.253594,1210
2023,derive,74,DB1_Lumidgm:74:6,DB1_Lumidgm/74_4_6.wsq,genuine,21,19,21,,True,35.141908,1210
2024,derive,37,DB1_Lumidgm:37:5,DB1_Lumidgm/38_1_1.wsq,impostor,5,19,5,,False,35.917627,0
2024,stored,37,DB1_Lumidgm:37:5,DB1_Lumidgm/38_1_1.wsq,impostor,5,19,5,,False,35.459307,0
2025,stored,93,DB1_Lumidgm:93:10,DB1_Lumidgm/61_1_2.wsq,impostor,5,19,5,,False,39.090427,0
2025,derive,93,DB1_Lumidgm:93:10,DB1_Lumidgm/61_1_2.wsq,impostor,5,19,5,,False,40.204789,0
2026,derive,69,DB1_Lumidgm:69:4,DB1_Lumidgm/23_1_10.wsq,impostor,7,19,7,,False,32.920038,0
2026,stored,69,DB1_Lumidgm:69:4,DB1_Lumidgm/23_1_10.wsq,impostor,7,19,7,,False,33.498621,0
2027,stored,27,DB1_Lumidgm:27:4,DB1_Lumidgm/80_1_8.wsq,impostor,8,19,8,,False,35.313862,0
2027,derive,27,DB1_Lumidgm:27:4,DB1_Lumidgm/80_1_8.wsq,impostor,8,19,8,,False,37.188141,0
2028,derive,61,DB1_Lumidgm:61:5,DB1_Lumidgm/79_1_5.wsq,impostor,5,19,5,,False,36.843939,0
2028,stored,61,DB1_Lumidgm:61:5,DB1_Lumidgm/79_1_5.wsq,impostor,5,19,5,,False,37.537947,0
2029,stored,56,DB1_Lumidgm:56:4,DB1_Lumidgm/99_1_4.wsq,impostor,7,19,7,,False,38.964607,0
2029,derive,56,DB1_Lumidgm:56:4,DB1_Lumidgm/99_1_4.wsq,impostor,7,19,7,,False,37.341546,0
2030,derive,29,DB1_Lumidgm:29:1,DB1_Lumidgm/64_1_2.wsq,impostor,7,19,7,,False,34.410821,0
2030,stored,29,DB1_Lumidgm:29:1,DB1_Lumidgm/64_1_2.wsq,impostor,7,19,7,,False,35.333256,0
2031,stored,71,DB1_Lumidgm:71:3,DB1_Lumidgm/89_1_5.wsq,impostor,4,19,4,,False,42.620953,0
2031,derive,71,DB1_Lumidgm:71:3,DB1_Lumidgm/89_1_5.wsq,impostor,4,19,4,,False,43.432434,0
2032,derive,30,DB1_Lumidgm:30:10,DB1_Lumidgm/88_1_4.wsq,impostor,5,19,5,,False,43.824423,0
2032,stored,30,DB1_Lumidgm:30:10,DB1_Lumidgm/88_1_4.wsq,impostor,5,19,5,,False,40.722996,0
2033,stored,78,DB1_Lumidgm:78:2,DB1_Lumidgm/24_1_6.wsq,impostor,9,19,9,,False,36.203303,0
2033,derive,78,DB1_Lumidgm:78:2,DB1_Lumidgm/24_1_6.wsq,impostor,9,19,9,,False,36.566303,0
2034,derive,24,DB1_Lumidgm:24:9,DB1_Lumidgm/98_1_10.wsq,impostor,4,19,4,,False,37.714314,0
2034,stored,24,DB1_Lumidgm:24:9,DB1_Lumidgm/98_1_10.wsq,impostor,4,19,4,,False,38.569677,0
2035,stored,97,DB1_Lumidgm:97:10,DB1_Lumidgm/45_1_8.wsq,impostor,5,19,5,,False,39.358117,0
2035,derive,97,DB1_Lumidgm:97:10,DB1_Lumidgm/45_1_8.wsq,impostor,5,19,5,,False,38.388203,0
2036,derive,22,DB1_Lumidgm:22:10,DB1_Lumidgm/62_1_3.wsq,impostor,6,19,6,,False,44.527352,0
2036,stored,22,DB1_Lumidgm:22:10,DB1_Lumidgm/62_1_3.wsq,impostor,6,19,6,,False,45.258901,0
2037,stored,92,DB1_Lumidgm:92:9,DB1_Lumidgm/34_1_10.wsq,impostor,13,19,13,,False,37.90246,0
2037,derive,92,DB1_Lumidgm:92:9,DB1_Lumidgm/34_1_10.wsq,impostor,13,19,13,,False,37.673738,0
2038,derive,24,DB1_Lumidgm:24:10,DB1_Lumidgm/29_1_8.wsq,impostor,8,19,8,,False,36.346228,0
2038,stored,24,DB1_Lumidgm:24:10,DB1_Lumidgm/29_1_8.wsq,impostor,8,19,8,,False,36.298038,0
2039,stored,30,DB1_Lumidgm:30:9,DB1_Lumidgm/66_1_8.wsq,impostor,7,19,7,,False,37.424957,0
2039,derive,30,DB1_Lumidgm:30:9,DB1_Lumidgm/66_1_8.wsq,impostor,7,19,7,,False,37.266506,0
2040,derive,60,DB1_Lumidgm:60:3,DB1_Lumidgm/83_1_5.wsq,impostor,7,19,7,,False,32.566575,0
2040,stored,60,DB1_Lumidgm:60:3,DB1_Lumidgm/83_1_5.wsq,impostor,7,19,7,,False,33.357118,0
2041,stored,23,DB1_Lumidgm:23:8,DB1_Lumidgm/22_1_7.wsq,impostor,9,19,9,,False,37.016232,0
2041,derive,23,DB1_Lumidgm:23:8,DB1_Lumidgm/22_1_7.wsq,impostor,9,19,9,,False,38.13269,0
2042,derive,41,DB1_Lumidgm:41:1,DB1_Lumidgm/84_1_6.wsq,impostor,5,19,5,,False,36.787456,0
2042,stored,41,DB1_Lumidgm:41:1,DB1_Lumidgm/84_1_6.wsq,impostor,5,19,5,,False,36.693453,0
2043,stored,27,DB1_Lumidgm:27:5,DB1_Lumidgm/37_1_1.wsq,impostor,4,19,4,,False,37.476906,0
2043,derive,27,DB1_Lumidgm:27:5,DB1_Lumidgm/37_1_1.wsq,impostor,4,19,4,,False,38.684448,0
2044,derive,70,DB1_Lumidgm:70:6,DB1_Lumidgm/93_1_4.wsq,impostor,7,19,7,,False,41.506745,0
2044,stored,70,DB1_Lumidgm:70:6,DB1_Lumidgm/93_1_4.wsq,impostor,7,19,7,,False,41.337288,0
2045,stored,66,DB1_Lumidgm:66:7,DB1_Lumidgm/45_1_4.wsq,impostor,6,19,6,,False,38.125313,0
2045,derive,66,DB1_Lumidgm:66:7,DB1_Lumidgm/45_1_4.wsq,impostor,6,19,6,,False,36.319573,0
2046,derive,43,DB1_Lumidgm:43:10,DB1_Lumidgm/24_1_5.wsq,impostor,12,19,12,,False,32.787193,0
2046,stored,43,DB1_Lumidgm:43:10,DB1_Lumidgm/24_1_5.wsq,impostor,12,19,12,,False,32.364549,0
2047,stored,21,DB1_Lumidgm:21:2,DB1_Lumidgm/78_1_4.wsq,impostor,10,19,10,,False,36.650726,0
2047,derive,21,DB1_Lumidgm:21:2,DB1_Lumidgm/78_1_4.wsq,impostor,10,19,10,,False,36.282243,0
2048,derive,54,DB1_Lumidgm:54:5,DB1_Lumidgm/54_2_5.wsq,genuine,116,19,116,,True,46.631946,1210
2048,stored,54,DB1_Lumidgm:54:5,DB1_Lumidgm/54_2_5.wsq,genuine,116,19,116,,True,44.774743,1210
2049,stored,70,DB1_Lumidgm:70:5,DB1_Lumidgm/86_1_8.wsq,impostor,5,19,5,,False,38.083941,0
2049,derive,70,DB1_Lumidgm:70:5,DB1_Lumidgm/86_1_8.wsq,impostor,5,19,5,,False,37.773561,0
2050,derive,95,DB1_Lumidgm:95:10,DB1_Lumidgm/70_1_9.wsq,impostor,4,19,4,,False,36.967245,0
2050,stored,95,DB1_Lumidgm:95:10,DB1_Lumidgm/70_1_9.wsq,impostor,4,19,4,,False,36.870456,0
2051,stored,57,DB1_Lumidgm:57:9,DB1_Lumidgm/56_1_2.wsq,impostor,5,19,5,,False,37.3032,0
2051,derive,57,DB1_Lumidgm:57:9,DB1_Lumidgm/56_1_2.wsq,impostor,5,19,5,,False,35.923976,0
2052,derive,90,DB1_Lumidgm:90:1,DB1_Lumidgm/67_1_8.wsq,impostor,8,19,8,,False,37.232673,0
2052,stored,90,DB1_Lumidgm:90:1,DB1_Lumidgm/67_1_8.wsq,impostor,8,19,8,,False,36.280878,0
2053,stored,77,DB1_Lumidgm:77:8,DB1_Lumidgm/77_2_8.wsq,genuine,148,19,148,,True,42.411656,1210
2053,derive,77,DB1_Lumidgm:77:8,DB1_Lumidgm/77_2_8.wsq,genuine,148,19,148,,True,42.349253,1210
2054,derive,85,DB1_Lumidgm:85:3,DB1_Lumidgm/66_1_8.wsq,impostor,13,19,13,,False,38.43429,0
2054,stored,85,DB1_Lumidgm:85:3,DB1_Lumidgm/66_1_8.wsq,impostor,13,19,13,,False,39.061794,0
2055,stored,32,DB1_Lumidgm:32:7,DB1_Lumidgm/68_1_5.wsq,impostor,8,19,8,,False,33.05321,0
2055,derive,32,DB1_Lumidgm:32:7,DB1_Lumidgm/68_1_5.wsq,impostor,8,19,8,,False,32.288721,0
2056,derive,56,DB1_Lumidgm:56:8,DB1_Lumidgm/41_1_6.wsq,impostor,8,19,8,,False,37.407162,0
2056,stored,56,DB1_Lumidgm:56:8,DB1_Lumidgm/41_1_6.wsq,impostor,8,19,8,,False,37.385383,0
2057,stored,94,DB1_Lumidgm:94:4,DB1_Lumidgm/44_1_5.wsq,impostor,13,19,13,,False,37.866733,0
2057,derive,94,DB1_Lumidgm:94:4,DB1_Lumidgm/44_1_5.wsq,impostor,13,19,13,,False,38.271331,0
2058,derive,49,DB1_Lumidgm:49:5,DB1_Lumidgm/21_1_10.wsq,impostor,6,19,6,,False,36.480394,0
2058,stored,49,DB1_Lumidgm:49:5,DB1_Lumidgm/21_1_10.wsq,impostor,6,19,6,,False,35.974257,0
2059,stored,93,DB1_Lumidgm:93:1,DB1_Lumidgm/94_1_1.wsq,impostor,14,19,14,,False,41.811829,0
2059,derive,93,DB1_Lumidgm:93:1,DB1_Lumidgm/94_1_1.wsq,impostor,14,19,14,,False,41.471628,0
2060,derive,22,DB1_Lumidgm:22:5,DB1_Lumidgm/22_2_5.wsq,genuine,111,19,111,,True,54.761263,1210
2060,stored,22,DB1_Lumidgm:22:5,DB1_Lumidgm/22_2_5.wsq,genuine,111,19,111,,True,60.863799,1210
2061,stored,88,DB1_Lumidgm:88:8,DB1_Lumidgm/51_1_2.wsq,impostor,6,19,6,,False,35.893678,0
2061,derive,88,DB1_Lumidgm:88:8,DB1_Lumidgm/51_1_2.wsq,impostor,6,19,6,,False,36.171437,0
2062,derive,44,DB1_Lumidgm:44:9,DB1_Lumidgm/28_1_10.wsq,impostor,11,19,11,,False,43.294657,0
2062,stored,44,DB1_Lumidgm:44:9,DB1_Lumidgm/28_1_10.wsq,impostor,11,19,11,,False,41.481162,0
2063,stored,40,DB1_Lumidgm:40:3,DB1_Lumidgm/78_1_7.wsq,impostor,7,19,7,,False,46.029159,0
2063,derive,40,DB1_Lumidgm:40:3,DB1_Lumidgm/78_1_7.wsq,impostor,7,19,7,,False,35.735044,0
2064,derive,37,DB1_Lumidgm:37:4,DB1_Lumidgm/99_1_7.wsq,impostor,6,19,6,,False,36.506076,0
2064,stored,37,DB1_Lumidgm:37:4,DB1_Lumidgm/99_1_7.wsq,impostor,6,19,6,,False,38.226134,0
2065,stored,22,DB1_Lumidgm:22:3,DB1_Lumidgm/47_1_4.wsq,impostor,5,19,5,,False,34.695972,0
2065,derive,22,DB1_Lumidgm:22:3,DB1_Lumidgm/47_1_4.wsq,impostor,5,19,5,,False,33.999451,0
2066,derive,85,DB1_Lumidgm:85:4,DB1_Lumidgm/79_1_3.wsq,impostor,8,19,8,,False,37.03215,0
2066,stored,85,DB1_Lumidgm:85:4,DB1_Lumidgm/79_1_3.wsq,impostor,8,19,8,,False,36.365224,0
2067,stored,65,DB1_Lumidgm:65:3,DB1_Lumidgm/39_1_5.wsq,impostor,4,19,4,,False,35.056944,0
2067,derive,65,DB1_Lumidgm:65:3,DB1_Lumidgm/39_1_5.wsq,impostor,4,19,4,,False,36.610408,0
2068,derive,48,DB1_Lumidgm:48:3,DB1_Lumidgm/89_1_5.wsq,impostor,3,19,3,,False,40.895595,0
2068,stored,48,DB1_Lumidgm:48:3,DB1_Lumidgm/89_1_5.wsq,impostor,3,19,3,,False,40.90496,0
2069,stored,39,DB1_Lumidgm:39:6,DB1_Lumidgm/24_1_2.wsq,impostor,5,19,5,,False,34.140128,0
2069,derive,39,DB1_Lumidgm:39:6,DB1_Lumidgm/24_1_2.wsq,impostor,5,19,5,,False,36.155202,0
2070,derive,97,DB1_Lumidgm:97:1,DB1_Lumidgm/66_1_2.wsq,impostor,6,19,6,,False,36.820272,0
2070,stored,97,DB1_Lumidgm:97:1,DB1_Lumidgm/66_1_2.wsq,impostor,6,19,6,,False,36.464125,0
2071,stored,43,DB1_Lumidgm:43:10,DB1_Lumidgm/34_1_5.wsq,impostor,12,19,12,,False,38.76121,0
2071,derive,43,DB1_Lumidgm:43:10,DB1_Lumidgm/34_1_5.wsq,impostor,12,19,12,,False,34.681158,0
2072,derive,91,DB1_Lumidgm:91:10,DB1_Lumidgm/50_1_7.wsq,impostor,5,19,5,,False,39.310177,0
2072,stored,91,DB1_Lumidgm:91:10,DB1_Lumidgm/50_1_7.wsq,impostor,5,19,5,,False,38.231066,0
2073,stored,68,DB1_Lumidgm:68:4,DB1_Lumidgm/73_1_10.wsq,impostor,5,19,5,,False,34.775318,0
2073,derive,68,DB1_Lumidgm:68:4,DB1_Lumidgm/73_1_10.wsq,impostor,5,19,5,,False,35.6625,0
2074,derive,68,DB1_Lumidgm:68:3,DB1_Lumidgm/94_1_3.wsq,impostor,11,19,11,,False,39.391928,0
2074,stored,68,DB1_Lumidgm:68:3,DB1_Lumidgm/94_1_3.wsq,impostor,11,19,11,,False,40.638783,0
2075,stored,60,DB1_Lumidgm:60:10,DB1_Lumidgm/85_1_10.wsq,impostor,17,19,17,,False,33.84337,0
2075,derive,60,DB1_Lumidgm:60:10,DB1_Lumidgm/85_1_10.wsq,impostor,17,19,17,,False,34.276013,0
2076,derive,63,DB1_Lumidgm:63:4,DB1_Lumidgm/72_1_10.wsq,impostor,10,19,10,,False,34.324309,0
2076,stored,63,DB1_Lumidgm:63:4,DB1_Lumidgm/72_1_10.wsq,impostor,10,19,10,,False,35.679093,0
2077,stored,43,DB1_Lumidgm:43:1,DB1_Lumidgm/88_1_6.wsq,impostor,9,19,9,,False,44.659268,0
2077,derive,43,DB1_Lumidgm:43:1,DB1_Lumidgm/88_1_6.wsq,impostor,9,19,9,,False,44.19494,0
2078,derive,79,DB1_Lumidgm:79:6,DB1_Lumidgm/91_1_4.wsq,impostor,5,19,5,,False,41.965967,0
2078,stored,79,DB1_Lumidgm:79:6,DB1_Lumidgm/91_1_4.wsq,impostor,5,19,5,,False,41.919152,0
2079,stored,30,DB1_Lumidgm:30:2,DB1_Lumidgm/29_1_3.wsq,impostor,6,19,6,,False,36.664858,0
2079,derive,30,DB1_Lumidgm:30:2,DB1_Lumidgm/29_1_3.wsq,impostor,6,19,6,,False,36.427863,0
2080,derive,25,DB1_Lumidgm:25:4,DB1_Lumidgm/78_1_3.wsq,impostor,12,19,12,,False,36.641328,0
2080,stored,25,DB1_Lumidgm:25:4,DB1_Lumidgm/78_1_3.wsq,impostor,12,19,12,,False,36.647894,0
2081,stored,37,DB1_Lumidgm:37:1,DB1_Lumidgm/55_1_10.wsq,impostor,7,19,7,,False,36.00058,0
2081,derive,37,DB1_Lumidgm:37:1,DB1_Lumidgm/55_1_10.wsq,impostor,7,19,7,,False,35.373297,0
2082,derive,21,DB1_Lumidgm:21:9,DB1_Lumidgm/57_1_7.wsq,impostor,6,19,6,,False,37.244423,0
2082,stored,21,DB1_Lumidgm:21:9,DB1_Lumidgm/57_1_7.wsq,impostor,6,19,6,,False,36.952527,0
2083,stored,33,DB1_Lumidgm:33:4,DB1_Lumidgm/53_1_1.wsq,impostor,4,19,4,,False,37.294571,0
2083,derive,33,DB1_Lumidgm:33:4,DB1_Lumidgm/53_1_1.wsq,impostor,4,19,4,,False,38.68473,0
2084,derive,72,DB1_Lumidgm:72:10,DB1_Lumidgm/37_1_10.wsq,impostor,24,19,24,,True,35.324472,1211
2084,stored,72,DB1_Lumidgm:72:10,DB1_Lumidgm/37_1_10.wsq,impostor,24,19,24,,True,35.714001,1211
2085,stored,87,DB1_Lumidgm:87:9,DB1_Lumidgm/38_1_9.wsq,impostor,6,19,6,,False,35.20665,0
2085,derive,87,DB1_Lumidgm:87:9,DB1_Lumidgm/38_1_9.wsq,impostor,6,19,6,,False,35.353972,0
2086,derive,76,DB1_Lumidgm:76:6,DB1_Lumidgm/30_1_10.wsq,impostor,7,19,7,,False,33.056677,0
2086,stored,76,DB1_Lumidgm:76:6,DB1_Lumidgm/30_1_10.wsq,impostor,7,19,7,,False,34.986547,0
2087,stored,28,DB1_Lumidgm:28:1,DB1_Lumidgm/82_1_3.wsq,impostor,5,19,5,,False,37.383112,0
2087,derive,28,DB1_Lumidgm:28:1,DB1_Lumidgm/82_1_3.wsq,impostor,5,19,5,,False,38.450686,0
2088,derive,37,DB1_Lumidgm:37:7,DB1_Lumidgm/25_1_10.wsq,impostor,6,19,6,,False,37.741526,0
2088,stored,37,DB1_Lumidgm:37:7,DB1_Lumidgm/25_1_10.wsq,impostor,6,19,6,,False,37.581309,0
2089,stored,76,DB1_Lumidgm:76:6,DB1_Lumidgm/96_1_8.wsq,impostor,7,19,7,,False,37.906048,0
2089,derive,76,DB1_Lumidgm:76:6,DB1_Lumidgm/96_1_8.wsq,impostor,7,19,7,,False,38.155616,0
2090,derive,40,DB1_Lumidgm:40:6,DB1_Lumidgm/43_1_10.wsq,impostor,4,19,4,,False,35.865025,0
2090,stored,40,DB1_Lumidgm:40:6,DB1_Lumidgm/43_1_10.wsq,impostor,4,19,4,,False,35.897349,0
2091,stored,48,DB1_Lumidgm:48:2,DB1_Lumidgm/90_1_2.wsq,impostor,8,19,8,,False,36.944493,0
2091,derive,48,DB1_Lumidgm:48:2,DB1_Lumidgm/90_1_2.wsq,impostor,8,19,8,,False,37.844452,0
2092,derive,43,DB1_Lumidgm:43:8,DB1_Lumidgm/67_1_10.wsq,impostor,6,19,6,,False,38.222531,0
2092,stored,43,DB1_Lumidgm:43:8,DB1_Lumidgm/67_1_10.wsq,impostor,6,19,6,,False,38.401995,0
2093,stored,23,DB1_Lumidgm:23:3,DB1_Lumidgm/45_1_1.wsq,impostor,10,19,10,,False,39.352835,0
2093,derive,23,DB1_Lumidgm:23:3,DB1_Lumidgm/45_1_1.wsq,impostor,10,19,10,,False,39.240424,0
2094,derive,85,DB1_Lumidgm:85:3,DB1_Lumidgm/85_4_3.wsq,genuine,145,19,145,,True,76.334223,1210
2094,stored,85,DB1_Lumidgm:85:3,DB1_Lumidgm/85_4_3.wsq,genuine,145,19,145,,True,76.467262,1210
2095,stored,87,DB1_Lumidgm:87:9,DB1_Lumidgm/44_1_4.wsq,impostor,6,19,6,,False,38.538774,0
2095,derive,87,DB1_Lumidgm:87:9,DB1_Lumidgm/44_1_4.wsq,impostor,6,19,6,,False,37.757387,0
2096,derive,35,DB1_Lumidgm:35:1,DB1_Lumidgm/87_1_7.wsq,impostor,9,19,9,,False,38.22355,0
2096,stored,35,DB1_Lumidgm:35:1,DB1_Lumidgm/87_1_7.wsq,impostor,9,19,9,,False,38.329128,0
2097,stored,29,DB1_Lumidgm:29:7,DB1_Lumidgm/32_1_8.wsq,impostor,5,19,5,,False,37.916426,0
2097,derive,29,DB1_Lumidgm:29:7,DB1_Lumidgm/32_1_8.wsq,impostor,5,19,5,,False,36.619246,0
2098,derive,60,DB1_Lumidgm:60:9,DB1_Lumidgm/60_3_9.wsq,genuine,61,19,61,,True,44.26024,1210
2098,stored,60,DB1_Lumidgm:60:9,DB1_Lumidgm/60_3_9.wsq,genuine,61,19,61,,True,44.56571,1210
2099,stored,42,DB1_Lumidgm:42:6,DB1_Lumidgm/22_1_6.wsq,impostor,6,19,6,,False,38.025229,0
2099,derive,42,DB1_Lumidgm:42:6,DB1_Lumidgm/22_1_6.wsq,impostor,6,19,6,,False,37.578384,0
2100,derive,75,DB1_Lumidgm:75:10,DB1_Lumidgm/57_1_7.wsq,impostor,5,19,5,,False,39.748089,0
2100,stored,75,DB1_Lumidgm:75:10,DB1_Lumidgm/57_1_7.wsq,impostor,5,19,5,,False,39.536133,0
2101,stored,69,DB1_Lumidgm:69:5,DB1_Lumidgm/92_1_9.wsq,impostor,4,19,4,,False,41.915058,0
2101,derive,69,DB1_Lumidgm:69:5,DB1_Lumidgm/92_1_9.wsq,impostor,4,19,4,,False,45.510217,0
2102,derive,58,DB1_Lumidgm:58:9,DB1_Lumidgm/89_1_6.wsq,impostor,10,19,10,,False,50.364807,0
2102,stored,58,DB1_Lumidgm:58:9,DB1_Lumidgm/89_1_6.wsq,impostor,10,19,10,,False,48.489318,0
2103,stored,27,DB1_Lumidgm:27:9,DB1_Lumidgm/96_1_8.wsq,impostor,3,19,3,,False,35.795599,0
2103,derive,27,DB1_Lumidgm:27:9,DB1_Lumidgm/96_1_8.wsq,impostor,3,19,3,,False,36.197531,0
2104,derive,31,DB1_Lumidgm:31:9,DB1_Lumidgm/36_1_1.wsq,impostor,4,19,4,,False,38.386479,0
2104,stored,31,DB1_Lumidgm:31:9,DB1_Lumidgm/36_1_1.wsq,impostor,4,19,4,,False,37.020246,0
2105,stored,34,DB1_Lumidgm:34:7,DB1_Lumidgm/24_1_2.wsq,impostor,12,19,12,,False,35.387862,0
2105,derive,34,DB1_Lumidgm:34:7,DB1_Lumidgm/24_1_2.wsq,impostor,12,19,12,,False,35.733688,0
2106,derive,97,DB1_Lumidgm:97:5,DB1_Lumidgm/46_1_2.wsq,impostor,8,19,8,,False,38.009879,0
2106,stored,97,DB1_Lumidgm:97:5,DB1_Lumidgm/46_1_2.wsq,impostor,8,19,8,,False,38.545716,0
2107,stored,47,DB1_Lumidgm:47:1,DB1_Lumidgm/78_1_8.wsq,impostor,7,19,7,,False,35.261567,0
2107,derive,47,DB1_Lumidgm:47:1,DB1_Lumidgm/78_1_8.wsq,impostor,7,19,7,,False,36.230053,0
2108,derive,82,DB1_Lumidgm:82:5,DB1_Lumidgm/70_1_9.wsq,impostor,12,19,12,,False,37.821863,0
2108,stored,82,DB1_Lumidgm:82:5,DB1_Lumidgm/70_1_9.wsq,impostor,12,19,12,,False,37.7859,0
2109,stored,37,DB1_Lumidgm:37:1,DB1_Lumidgm/78_1_9.wsq,impostor,5,19,5,,False,34.506395,0
2109,derive,37,DB1_Lumidgm:37:1,DB1_Lumidgm/78_1_9.wsq,impostor,5,19,5,,False,34.144496,0
2110,derive,86,DB1_Lumidgm:86:8,DB1_Lumidgm/86_4_8.wsq,genuine,51,19,51,,True,44.320491,1210
2110,stored,86,DB1_Lumidgm:86:8,DB1_Lumidgm/86_4_8.wsq,genuine,51,19,51,,True,43.180471,1210
2111,stored,76,DB1_Lumidgm:76:4,DB1_Lumidgm/21_1_2.wsq,impostor,5,19,5,,False,40.657601,0
2111,derive,76,DB1_Lumidgm:76:4,DB1_Lumidgm/21_1_2.wsq,impostor,5,19,5,,False,39.272967,0
2112,derive,43,DB1_Lumidgm:43:4,DB1_Lumidgm/51_1_7.wsq,impostor,6,19,6,,False,38.213263,0
2112,stored,43,DB1_Lumidgm:43:4,DB1_Lumidgm/51_1_7.wsq,impostor,6,19,6,,False,37.365189,0
2113,stored,85,DB1_Lumidgm:85:8,DB1_Lumidgm/60_1_9.wsq,impostor,12,19,12,,False,37.820488,0
2113,derive,85,DB1_Lumidgm:85:8,DB1_Lumidgm/60_1_9.wsq,impostor,12,19,12,,False,40.346562,0
2114,derive,68,DB1_Lumidgm:68:2,DB1_Lumidgm/68_2_2.wsq,genuine,151,19,151,,True,54.028381,1210
2114,stored,68,DB1_Lumidgm:68:2,DB1_Lumidgm/68_2_2.wsq,genuine,151,19,151,,True,53.459518,1210
2115,stored,84,DB1_Lumidgm:84:5,DB1_Lumidgm/64_1_8.wsq,impostor,4,19,4,,False,36.811388,0
2115,derive,84,DB1_Lumidgm:84:5,DB1_Lumidgm/64_1_8.wsq,impostor,4,19,4,,False,37.106677,0
2116,derive,70,DB1_Lumidgm:70:9,DB1_Lumidgm/68_1_10.wsq,impostor,7,19,7,,False,32.596314,0
2116,stored,70,DB1_Lumidgm:70:9,DB1_Lumidgm/68_1_10.wsq,impostor,7,19,7,,False,33.008931,0
2117,stored,55,DB1_Lumidgm:55:1,DB1_Lumidgm/89_1_2.wsq,impostor,4,19,4,,False,42.512769,0
2117,derive,55,DB1_Lumidgm:55:1,DB1_Lumidgm/89_1_2.wsq,impostor,4,19,4,,False,45.56127,0
2118,derive,78,DB1_Lumidgm:78:6,DB1_Lumidgm/41_1_2.wsq,impostor,6,19,6,,False,36.312247,0
2118,stored,78,DB1_Lumidgm:78:6,DB1_Lumidgm/41_1_2.wsq,impostor,6,19,6,,False,36.474246,0
2119,stored,58,DB1_Lumidgm:58:10,DB1_Lumidgm/43_1_1.wsq,impostor,8,19,8,,False,40.055232,0
2119,derive,58,DB1_Lumidgm:58:10,DB1_Lumidgm/43_1_1.wsq,impostor,8,19,8,,False,41.523183,0
2120,derive,40,DB1_Lumidgm:40:6,DB1_Lumidgm/64_1_6.wsq,impostor,5,19,5,,False,40.230922,0
2120,stored,40,DB1_Lumidgm:40:6,DB1_Lumidgm/64_1_6.wsq,impostor,5,19,5,,False,38.393251,0
2121,stored,82,DB1_Lumidgm:82:4,DB1_Lumidgm/52_1_2.wsq,impostor,9,19,9,,False,39.203099,0
2121,derive,82,DB1_Lumidgm:82:4,DB1_Lumidgm/52_1_2.wsq,impostor,9,19,9,,False,36.555857,0
2122,derive,99,DB1_Lumidgm:99:10,DB1_Lumidgm/99_4_10.wsq,genuine,42,19,42,,True,38.126688,1211
2122,stored,99,DB1_Lumidgm:99:10,DB1_Lumidgm/99_4_10.wsq,genuine,42,19,42,,True,37.652366,1211
2123,stored,60,DB1_Lumidgm:60:9,DB1_Lumidgm/37_1_9.wsq,impostor,8,19,8,,False,39.698794,0
2123,derive,60,DB1_Lumidgm:60:9,DB1_Lumidgm/37_1_9.wsq,impostor,8,19,8,,False,36.795645,0
2124,derive,74,DB1_Lumidgm:74:3,DB1_Lumidgm/74_1_5.wsq,impostor,10,19,10,,False,37.179676,0
2124,stored,74,DB1_Lumidgm:74:3,DB1_Lumidgm/74_1_5.wsq,impostor,10,19,10,,False,35.954017,0
2125,stored,81,DB1_Lumidgm:81:10,DB1_Lumidgm/31_1_9.wsq,impostor,11,19,11,,False,40.952999,0
2125,derive,81,DB1_Lumidgm:81:10,DB1_Lumidgm/31_1_9.wsq,impostor,11,19,11,,False,41.48661,0
2126,derive,79,DB1_Lumidgm:79:9,DB1_Lumidgm/86_1_5.wsq,impostor,8,19,8,,False,38.935094,0
2126,stored,79,DB1_Lumidgm:79:9,DB1_Lumidgm/86_1_5.wsq,impostor,8,19,8,,False,37.091248,0
2127,stored,37,DB1_Lumidgm:37:8,DB1_Lumidgm/70_1_10.wsq,impostor,9,19,9,,False,37.073696,0
2127,derive,37,DB1_Lumidgm:37:8,DB1_Lumidgm/70_1_10.wsq,impostor,9,19,9,,False,40.42548,0
2128,derive,56,DB1_Lumidgm:56:8,DB1_Lumidgm/60_1_4.wsq,impostor,4,19,4,,False,45.94408,0
2128,stored,56,DB1_Lumidgm:56:8,DB1_Lumidgm/60_1_4.wsq,impostor,4,19,4,,False,52.972515,0
2129,stored,77,DB1_Lumidgm:77:7,DB1_Lumidgm/35_1_9.wsq,impostor,6,19,6,,False,37.305381,0
2129,derive,77,DB1_Lumidgm:77:7,DB1_Lumidgm/35_1_9.wsq,impostor,6,19,6,,False,36.252183,0
2130,derive,85,DB1_Lumidgm:85:7,DB1_Lumidgm/89_1_8.wsq,impostor,8,19,8,,False,46.719452,0
2130,stored,85,DB1_Lumidgm:85:7,DB1_Lumidgm/89_1_8.wsq,impostor,8,19,8,,False,46.859369,0
2131,stored,39,DB1_Lumidgm:39:4,DB1_Lumidgm/61_1_3.wsq,impostor,9,19,9,,False,39.855068,0
2131,derive,39,DB1_Lumidgm:39:4,DB1_Lumidgm/61_1_3.wsq,impostor,9,19,9,,False,39.498957,0
2132,derive,29,DB1_Lumidgm:29:6,DB1_Lumidgm/27_1_1.wsq,impostor,5,19,5,,False,38.259503,0
2132,stored,29,DB1_Lumidgm:29:6,DB1_Lumidgm/27_1_1.wsq,impostor,5,19,5,,False,39.627417,0
2133,stored,63,DB1_Lumidgm:63:5,DB1_Lumidgm/45_1_9.wsq,impostor,9,19,9,,False,43.577516,0
2133,derive,63,DB1_Lumidgm:63:5,DB1_Lumidgm/45_1_9.wsq,impostor,9,19,9,,False,42.762709,0
2134,derive,73,DB1_Lumidgm:73:6,DB1_Lumidgm/73_3_6.wsq,genuine,7,19,7,,False,42.811839,0
2134,stored,73,DB1_Lumidgm:73:6,DB1_Lumidgm/73_3_6.wsq,genuine,7,19,7,,False,39.71221,0
2135,stored,28,DB1_Lumidgm:28:3,DB1_Lumidgm/48_1_6.wsq,impostor,4,19,4,,False,41.397506,0
2135,derive,28,DB1_Lumidgm:28:3,DB1_Lumidgm/48_1_6.wsq,impostor,4,19,4,,False,37.956168,0
2136,derive,51,DB1_Lumidgm:51:6,DB1_Lumidgm/94_1_5.wsq,impostor,15,19,15,,False,41.457554,0
2136,stored,51,DB1_Lumidgm:51:6,DB1_Lumidgm/94_1_5.wsq,impostor,15,19,15,,False,43.115777,0
2137,stored,82,DB1_Lumidgm:82:8,DB1_Lumidgm/35_1_1.wsq,impostor,5,19,5,,False,40.323878,0
2137,derive,82,DB1_Lumidgm:82:8,DB1_Lumidgm/35_1_1.wsq,impostor,5,19,5,,False,38.278341,0
2138,derive,78,DB1_Lumidgm:78:2,DB1_Lumidgm/55_1_9.wsq,impostor,25,19,25,,True,38.847179,1210
2138,stored,78,DB1_Lumidgm:78:2,DB1_Lumidgm/55_1_9.wsq,impostor,25,19,25,,True,39.928796,1210
2139,stored,56,DB1_Lumidgm:56:5,DB1_Lumidgm/72_1_1.wsq,impostor,4,19,4,,False,35.835595,0
2139,derive,56,DB1_Lumidgm:56:5,DB1_Lumidgm/72_1_1.wsq,impostor,4,19,4,,False,35.971471,0
2140,derive,94,DB1_Lumidgm:94:1,DB1_Lumidgm/77_1_2.wsq,impostor,7,19,7,,False,38.048287,0
2140,stored,94,DB1_Lumidgm:94:1,DB1_Lumidgm/77_1_2.wsq,impostor,7,19,7,,False,36.584009,0
2141,stored,36,DB1_Lumidgm:36:8,DB1_Lumidgm/89_1_9.wsq,impostor,6,19,6,,False,46.206989,0
2141,derive,36,DB1_Lumidgm:36:8,DB1_Lumidgm/89_1_9.wsq,impostor,6,19,6,,False,46.673912,0
2142,derive,42,DB1_Lumidgm:42:3,DB1_Lumidgm/78_1_5.wsq,impostor,11,19,11,,False,35.059856,0
2142,stored,42,DB1_Lumidgm:42:3,DB1_Lumidgm/78_1_5.wsq,impostor,11,19,11,,False,35.475427,0
2143,stored,68,DB1_Lumidgm:68:8,DB1_Lumidgm/90_1_6.wsq,impostor,4,19,4,,False,40.872872,0
2143,derive,68,DB1_Lumidgm:68:8,DB1_Lumidgm/90_1_6.wsq,impostor,4,19,4,,False,41.175602,0
2144,derive,75,DB1_Lumidgm:75:8,DB1_Lumidgm/39_1_1.wsq,impostor,6,19,6,,False,40.174042,0
2144,stored,75,DB1_Lumidgm:75:8,DB1_Lumidgm/39_1_1.wsq,impostor,6,19,6,,False,37.077681,0
2145,stored,29,DB1_Lumidgm:29:3,DB1_Lumidgm/43_1_4.wsq,impostor,4,19,4,,False,37.520879,0
2145,derive,29,DB1_Lumidgm:29:3,DB1_Lumidgm/43_1_4.wsq,impostor,4,19,4,,False,37.983555,0
2146,derive,44,DB1_Lumidgm:44:3,DB1_Lumidgm/82_1_1.wsq,impostor,6,19,6,,False,38.08328,0
2146,stored,44,DB1_Lumidgm:44:3,DB1_Lumidgm/82_1_1.wsq,impostor,6,19,6,,False,39.478607,0
2147,stored,49,DB1_Lumidgm:49:4,DB1_Lumidgm/48_1_10.wsq,impostor,5,19,5,,False,38.609784,0
2147,derive,49,DB1_Lumidgm:49:4,DB1_Lumidgm/48_1_10.wsq,impostor,5,19,5,,False,37.250141,0
2148,derive,27,DB1_Lumidgm:27:5,DB1_Lumidgm/34_1_6.wsq,impostor,5,19,5,,False,38.550507,0
2148,stored,27,DB1_Lumidgm:27:5,DB1_Lumidgm/34_1_6.wsq,impostor,5,19,5,,False,37.999221,0
2149,stored,62,DB1_Lumidgm:62:8,DB1_Lumidgm/94_1_8.wsq,impostor,9,19,9,,False,44.647554,0
2149,derive,62,DB1_Lumidgm:62:8,DB1_Lumidgm/94_1_8.wsq,impostor,9,19,9,,False,44.510602,0
2150,derive,84,DB1_Lumidgm:84:3,DB1_Lumidgm/83_1_3.wsq,impostor,8,19,8,,False,37.027962,0
2150,stored,84,DB1_Lumidgm:84:3,DB1_Lumidgm/83_1_3.wsq,impostor,8,19,8,,False,37.865633,0
2151,stored,56,DB1_Lumidgm:56:3,DB1_Lumidgm/56_1_1.wsq,impostor,10,19,10,,False,39.670941,0
2151,derive,56,DB1_Lumidgm:56:3,DB1_Lumidgm/56_1_1.wsq,impostor,10,19,10,,False,39.085431,0
2152,derive,65,DB1_Lumidgm:65:3,DB1_Lumidgm/46_1_5.wsq,impostor,6,19,6,,False,35.610977,0
2152,stored,65,DB1_Lumidgm:65:3,DB1_Lumidgm/46_1_5.wsq,impostor,6,19,6,,False,35.037007,0
2153,stored,40,DB1_Lumidgm:40:9,DB1_Lumidgm/68_1_4.wsq,impostor,5,19,5,,False,34.128784,0
2153,derive,40,DB1_Lumidgm:40:9,DB1_Lumidgm/68_1_4.wsq,impostor,5,19,5,,False,34.717093,0
2154,derive,38,DB1_Lumidgm:38:7,DB1_Lumidgm/69_1_2.wsq,impostor,8,19,8,,False,35.505657,0
2154,stored,38,DB1_Lumidgm:38:7,DB1_Lumidgm/69_1_2.wsq,impostor,8,19,8,,False,37.422892,0
2155,stored,99,DB1_Lumidgm:99:5,DB1_Lumidgm/43_1_1.wsq,impostor,4,19,4,,False,43.853021,0
2155,derive,99,DB1_Lumidgm:99:5,DB1_Lumidgm/43_1_1.wsq,impostor,4,19,4,,False,37.801145,0
2156,derive,85,DB1_Lumidgm:85:1,DB1_Lumidgm/59_1_1.wsq,impostor,12,19,12,,False,39.030846,0
2156,stored,85,DB1_Lumidgm:85:1,DB1_Lumidgm/59_1_1.wsq,impostor,12,19,12,,False,38.43817,0
2157,stored,89,DB1_Lumidgm:89:7,DB1_Lumidgm/94_1_2.wsq,impostor,22,19,22,,True,41.001154,1210
2157,derive,89,DB1_Lumidgm:89:7,DB1_Lumidgm/94_1_2.wsq,impostor,22,19,22,,True,41.108871,1210
2158,derive,92,DB1_Lumidgm:92:1,DB1_Lumidgm/92_2_1.wsq,genuine,45,19,45,,True,45.412378,1210
2158,stored,92,DB1_Lumidgm:92:1,DB1_Lumidgm/92_2_1.wsq,genuine,45,19,45,,True,42.434388,1210
2159,stored,93,DB1_Lumidgm:93:5,DB1_Lumidgm/43_1_3.wsq,impostor,4,19,4,,False,37.116291,0
2159,derive,93,DB1_Lumidgm:93:5,DB1_Lumidgm/43_1_3.wsq,impostor,4,19,4,,False,37.219105,0
2160,derive,52,DB1_Lumidgm:52:5,DB1_Lumidgm/52_4_5.wsq,genuine,89,19,89,,True,41.583814,1210
2160,stored,52,DB1_Lumidgm:52:5,DB1_Lumidgm/52_4_5.wsq,genuine,89,19,89,,True,40.789935,1210
2161,stored,80,DB1_Lumidgm:80:2,DB1_Lumidgm/29_1_6.wsq,impostor,5,19,5,,False,38.607065,0
2161,derive,80,DB1_Lumidgm:80:2,DB1_Lumidgm/29_1_6.wsq,impostor,5,19,5,,False,37.767267,0
2162,derive,71,DB1_Lumidgm:71:8,DB1_Lumidgm/55_1_6.wsq,impostor,6,19,6,,False,37.80812,0
2162,stored,71,DB1_Lumidgm:71:8,DB1_Lumidgm/55_1_6.wsq,impostor,6,19,6,,False,38.799129,0
2163,stored,96,DB1_Lumidgm:96:2,DB1_Lumidgm/60_1_9.wsq,impostor,5,19,5,,False,37.55045,0
2163,derive,96,DB1_Lumidgm:96:2,DB1_Lumidgm/60_1_9.wsq,impostor,5,19,5,,False,37.0505,0
2164,derive,100,DB1_Lumidgm:100:2,DB1_Lumidgm/59_1_1.wsq,impostor,8,19,8,,False,38.605871,0
2164,stored,100,DB1_Lumidgm:100:2,DB1_Lumidgm/59_1_1.wsq,impostor,8,19,8,,False,38.754124,0
2165,stored,32,DB1_Lumidgm:32:9,DB1_Lumidgm/32_4_9.wsq,genuine,86,19,86,,True,50.222776,1210
2165,derive,32,DB1_Lumidgm:32:9,DB1_Lumidgm/32_4_9.wsq,genuine,86,19,86,,True,49.669802,1210
2166,derive,67,DB1_Lumidgm:67:4,DB1_Lumidgm/76_1_7.wsq,impostor,11,19,11,,False,36.261279,0
2166,stored,67,DB1_Lumidgm:67:4,DB1_Lumidgm/76_1_7.wsq,impostor,11,19,11,,False,36.06483,0
2167,stored,92,DB1_Lumidgm:92:9,DB1_Lumidgm/27_1_5.wsq,impostor,4,19,4,,False,35.535014,0
2167,derive,92,DB1_Lumidgm:92:9,DB1_Lumidgm/27_1_5.wsq,impostor,4,19,4,,False,35.327324,0
2168,derive,33,DB1_Lumidgm:33:10,DB1_Lumidgm/70_1_7.wsq,impostor,6,19,6,,False,36.045258,0
2168,stored,33,DB1_Lumidgm:33:10,DB1_Lumidgm/70_1_7.wsq,impostor,6,19,6,,False,35.417275,0
2169,stored,66,DB1_Lumidgm:66:5,DB1_Lumidgm/34_1_6.wsq,impostor,7,19,7,,False,36.94204,0
2169,derive,66,DB1_Lumidgm:66:5,DB1_Lumidgm/34_1_6.wsq,impostor,7,19,7,,False,36.959365,0
2170,derive,62,DB1_Lumidgm:62:4,DB1_Lumidgm/63_1_5.wsq,impostor,11,19,11,,False,36.635419,0
2170,stored,62,DB1_Lumidgm:62:4,DB1_Lumidgm/63_1_5.wsq,impostor,11,19,11,,False,36.645606,0
2171,stored,59,DB1_Lumidgm:59:6,DB1_Lumidgm/62_1_3.wsq,impostor,4,19,4,,False,46.33127,0
2171,derive,59,DB1_Lumidgm:59:6,DB1_Lumidgm/62_1_3.wsq,impostor,4,19,4,,False,48.13371,0
2172,derive,78,DB1_Lumidgm:78:2,DB1_Lumidgm/41_1_5.wsq,impostor,22,19,22,,True,36.65948,1210
2172,stored,78,DB1_Lumidgm:78:2,DB1_Lumidgm/41_1_5.wsq,impostor,22,19,22,,True,38.003272,1210
2173,stored,69,DB1_Lumidgm:69:10,DB1_Lumidgm/59_1_5.wsq,impostor,5,19,5,,False,36.52672,0
2173,derive,69,DB1_Lumidgm:69:10,DB1_Lumidgm/59_1_5.wsq,impostor,5,19,5,,False,36.130712,0
2174,derive,97,DB1_Lumidgm:97:7,DB1_Lumidgm/54_1_3.wsq,impostor,9,19,9,,False,37.801974,0
2174,stored,97,DB1_Lumidgm:97:7,DB1_Lumidgm/54_1_3.wsq,impostor,9,19,9,,False,39.66824,0
2175,stored,24,DB1_Lumidgm:24:9,DB1_Lumidgm/67_1_8.wsq,impostor,8,19,8,,False,36.551133,0
2175,derive,24,DB1_Lumidgm:24:9,DB1_Lumidgm/67_1_8.wsq,impostor,8,19,8,,False,36.849608,0
2176,derive,76,DB1_Lumidgm:76:10,DB1_Lumidgm/63_1_1.wsq,impostor,5,19,5,,False,37.420291,0
2176,stored,76,DB1_Lumidgm:76:10,DB1_Lumidgm/63_1_1.wsq,impostor,5,19,5,,False,36.529121,0
2177,stored,98,DB1_Lumidgm:98:6,DB1_Lumidgm/27_1_4.wsq,impostor,8,19,8,,False,37.454561,0
2177,derive,98,DB1_Lumidgm:98:6,DB1_Lumidgm/27_1_4.wsq,impostor,8,19,8,,False,39.586416,0
2178,derive,79,DB1_Lumidgm:79:4,DB1_Lumidgm/67_1_2.wsq,impostor,10,19,10,,False,36.51431,0
2178,stored,79,DB1_Lumidgm:79:4,DB1_Lumidgm/67_1_2.wsq,impostor,10,19,10,,False,35.650822,0
2179,stored,75,DB1_Lumidgm:75:1,DB1_Lumidgm/75_2_1.wsq,genuine,7,19,7,,False,39.241509,0
2179,derive,75,DB1_Lumidgm:75:1,DB1_Lumidgm/75_2_1.wsq,genuine,7,19,7,,False,36.530284,0
2180,derive,88,DB1_Lumidgm:88:7,DB1_Lumidgm/23_1_6.wsq,impostor,5,19,5,,False,37.123508,0
2180,stored,88,DB1_Lumidgm:88:7,DB1_Lumidgm/23_1_6.wsq,impostor,5,19,5,,False,36.51063,0
2181,stored,25,DB1_Lumidgm:25:5,DB1_Lumidgm/85_1_6.wsq,impostor,7,19,7,,False,38.338028,0
2181,derive,25,DB1_Lumidgm:25:5,DB1_Lumidgm/85_1_6.wsq,impostor,7,19,7,,False,37.601323,0
2182,derive,46,DB1_Lumidgm:46:2,DB1_Lumidgm/87_1_5.wsq,impostor,14,19,14,,False,36.464119,0
2182,stored,46,DB1_Lumidgm:46:2,DB1_Lumidgm/87_1_5.wsq,impostor,14,19,14,,False,35.847677,0
2183,stored,61,DB1_Lumidgm:61:8,DB1_Lumidgm/23_1_10.wsq,impostor,9,19,9,,False,32.713731,0
2183,derive,61,DB1_Lumidgm:61:8,DB1_Lumidgm/23_1_10.wsq,impostor,9,19,9,,False,32.506523,0
2184,derive,32,DB1_Lumidgm:32:9,DB1_Lumidgm/31_1_3.wsq,impostor,8,19,8,,False,36.563159,0
2184,stored,32,DB1_Lumidgm:32:9,DB1_Lumidgm/31_1_3.wsq,impostor,8,19,8,,False,36.497776,0
2185,stored,49,DB1_Lumidgm:49:6,DB1_Lumidgm/67_1_9.wsq,impostor,6,19,6,,False,35.363807,0
2185,derive,49,DB1_Lumidgm:49:6,DB1_Lumidgm/67_1_9.wsq,impostor,6,19,6,,False,35.269598,0
2186,derive,87,DB1_Lumidgm:87:6,DB1_Lumidgm/33_1_9.wsq,impostor,5,19,5,,False,38.347969,0
2186,stored,87,DB1_Lumidgm:87:6,DB1_Lumidgm/33_1_9.wsq,impostor,5,19,5,,False,38.462091,0
2187,stored,56,DB1_Lumidgm:56:3,DB1_Lumidgm/51_1_1.wsq,impostor,6,19,6,,False,37.340246,0
2187,derive,56,DB1_Lumidgm:56:3,DB1_Lumidgm/51_1_1.wsq,impostor,6,19,6,,False,37.191239,0
2188,derive,27,DB1_Lumidgm:27:1,DB1_Lumidgm/79_1_4.wsq,impostor,5,19,5,,False,36.471698,0
2188,stored,27,DB1_Lumidgm:27:1,DB1_Lumidgm/79_1_4.wsq,impostor,5,19,5,,False,36.037845,0
2189,stored,79,DB1_Lumidgm:79:7,DB1_Lumidgm/34_1_1.wsq,impostor,4,19,4,,False,37.500425,0
2189,derive,79,DB1_Lumidgm:79:7,DB1_Lumidgm/34_1_1.wsq,impostor,4,19,4,,False,38.927025,0
2190,derive,58,DB1_Lumidgm:58:4,DB1_Lumidgm/92_1_2.wsq,impostor,8,19,8,,False,40.561023,0
2190,stored,58,DB1_Lumidgm:58:4,DB1_Lumidgm/92_1_2.wsq,impostor,8,19,8,,False,40.696012,0
2191,stored,25,DB1_Lumidgm:25:4,DB1_Lumidgm/25_3_4.wsq,genuine,136,19,136,,True,55.862974,1210
2191,derive,25,DB1_Lumidgm:25:4,DB1_Lumidgm/25_3_4.wsq,genuine,136,19,136,,True,52.889368,1210
2192,derive,47,DB1_Lumidgm:47:10,DB1_Lumidgm/46_1_10.wsq,impostor,6,19,6,,False,37.872979,0
2192,stored,47,DB1_Lumidgm:47:10,DB1_Lumidgm/46_1_10.wsq,impostor,6,19,6,,False,39.731174,0
2193,stored,36,DB1_Lumidgm:36:7,DB1_Lumidgm/83_1_10.wsq,impostor,6,19,6,,False,33.810319,0
2193,derive,36,DB1_Lumidgm:36:7,DB1_Lumidgm/83_1_10.wsq,impostor,6,19,6,,False,33.52636,0
2194,derive,70,DB1_Lumidgm:70:5,DB1_Lumidgm/29_1_8.wsq,impostor,5,19,5,,False,35.743158,0
2194,stored,70,DB1_Lumidgm:70:5,DB1_Lumidgm/29_1_8.wsq,impostor,5,19,5,,False,36.088964,0
2195,stored,73,DB1_Lumidgm:73:7,DB1_Lumidgm/93_1_8.wsq,impostor,5,19,5,,False,41.611037,0
2195,derive,73,DB1_Lumidgm:73:7,DB1_Lumidgm/93_1_8.wsq,impostor,5,19,5,,False,41.128555,0
2196,derive,21,DB1_Lumidgm:21:8,DB1_Lumidgm/46_1_10.wsq,impostor,6,19,6,,False,38.237026,0
2196,stored,21,DB1_Lumidgm:21:8,DB1_Lumidgm/46_1_10.wsq,impostor,6,19,6,,False,38.962157,0
2197,stored,58,DB1_Lumidgm:58:5,DB1_Lumidgm/58_2_5.wsq,genuine,29,19,29,,True,50.266377,1210
2197,derive,58,DB1_Lumidgm:58:5,DB1_Lumidgm/58_2_5.wsq,genuine,29,19,29,,True,48.335435,1210
2198,derive,24,DB1_Lumidgm:24:6,DB1_Lumidgm/54_1_9.wsq,impostor,22,19,22,,True,41.357594,1210
2198,stored,24,DB1_Lumidgm:24:6,DB1_Lumidgm/54_1_9.wsq,impostor,22,19,22,,True,41.032478,1210
2199,stored,51,DB1_Lumidgm:51:8,DB1_Lumidgm/67_1_8.wsq,impostor,10,19,10,,False,36.771994,0
2199,derive,51,DB1_Lumidgm:51:8,DB1_Lumidgm/67_1_8.wsq,impostor,10,19,10,,False,37.312505,0
2200,derive,99,DB1_Lumidgm:99:5,DB1_Lumidgm/99_1_1.wsq,impostor,4,19,4,,False,36.783634,0
2200,stored,99,DB1_Lumidgm:99:5,DB1_Lumidgm/99_1_1.wsq,impostor,4,19,4,,False,36.833694,0
2201,stored,30,DB1_Lumidgm:30:4,DB1_Lumidgm/35_1_6.wsq,impostor,8,19,8,,False,41.062503,0
2201,derive,30,DB1_Lumidgm:30:4,DB1_Lumidgm/35_1_6.wsq,impostor,8,19,8,,False,37.598446,0
2202,derive,64,DB1_Lumidgm:64:10,DB1_Lumidgm/79_1_10.wsq,impostor,6,19,6,,False,38.262603,0
2202,stored,64,DB1_Lumidgm:64:10,DB1_Lumidgm/79_1_10.wsq,impostor,6,19,6,,False,37.067921,0
2203,stored,76,DB1_Lumidgm:76:8,DB1_Lumidgm/62_1_8.wsq,impostor,13,19,13,,False,44.858149,0
2203,derive,76,DB1_Lumidgm:76:8,DB1_Lumidgm/62_1_8.wsq,impostor,13,19,13,,False,43.950117,0
2204,derive,78,DB1_Lumidgm:78:7,DB1_Lumidgm/64_1_3.wsq,impostor,13,19,13,,False,38.447862,0
2204,stored,78,DB1_Lumidgm:78:7,DB1_Lumidgm/64_1_3.wsq,impostor,13,19,13,,False,39.575126,0
2205,stored,97,DB1_Lumidgm:97:8,DB1_Lumidgm/65_1_7.wsq,impostor,5,19,5,,False,41.610603,0
2205,derive,97,DB1_Lumidgm:97:8,DB1_Lumidgm/65_1_7.wsq,impostor,5,19,5,,False,42.13802,0
2206,derive,43,DB1_Lumidgm:43:4,DB1_Lumidgm/43_4_4.wsq,genuine,64,19,64,,True,46.94448,1210
2206,stored,43,DB1_Lumidgm:43:4,DB1_Lumidgm/43_4_4.wsq,genuine,64,19,64,,True,45.738218,1210
2207,stored,81,DB1_Lumidgm:81:9,DB1_Lumidgm/89_1_2.wsq,impostor,5,19,5,,False,41.817451,0
2207,derive,81,DB1_Lumidgm:81:9,DB1_Lumidgm/89_1_2.wsq,impostor,5,19,5,,False,42.319366,0
2208,derive,45,DB1_Lumidgm:45:9,DB1_Lumidgm/46_1_6.wsq,impostor,4,19,4,,False,39.635906,0
2208,stored,45,DB1_Lumidgm:45:9,DB1_Lumidgm/46_1_6.wsq,impostor,4,19,4,,False,40.001005,0
2209,stored,59,DB1_Lumidgm:59:2,DB1_Lumidgm/25_1_3.wsq,impostor,10,19,10,,False,35.711639,0
2209,derive,59,DB1_Lumidgm:59:2,DB1_Lumidgm/25_1_3.wsq,impostor,10,19,10,,False,37.839214,0
2210,derive,60,DB1_Lumidgm:60:5,DB1_Lumidgm/84_1_2.wsq,impostor,5,19,5,,False,38.638117,0
2210,stored,60,DB1_Lumidgm:60:5,DB1_Lumidgm/84_1_2.wsq,impostor,5,19,5,,False,35.896717,0
2211,stored,89,DB1_Lumidgm:89:1,DB1_Lumidgm/64_1_8.wsq,impostor,5,19,5,,False,36.486473,0
2211,derive,89,DB1_Lumidgm:89:1,DB1_Lumidgm/64_1_8.wsq,impostor,5,19,5,,False,38.287527,0
2212,derive,37,DB1_Lumidgm:37:4,DB1_Lumidgm/84_1_4.wsq,impostor,4,19,4,,False,37.875628,0
2212,stored,37,DB1_Lumidgm:37:4,DB1_Lumidgm/84_1_4.wsq,impostor,4,19,4,,False,37.905844,0
2213,stored,33,DB1_Lumidgm:33:6,DB1_Lumidgm/22_1_7.wsq,impostor,4,19,4,,False,36.344057,0
2213,derive,33,DB1_Lumidgm:33:6,DB1_Lumidgm/22_1_7.wsq,impostor,4,19,4,,False,36.815757,0
2214,derive,28,DB1_Lumidgm:28:9,DB1_Lumidgm/28_2_9.wsq,genuine,112,19,112,,True,60.570957,1210
2214,stored,28,DB1_Lumidgm:28:9,DB1_Lumidgm/28_2_9.wsq,genuine,112,19,112,,True,61.101264,1210
2215,stored,34,DB1_Lumidgm:34:10,DB1_Lumidgm/44_1_1.wsq,impostor,8,19,8,,False,39.999577,0
2215,derive,34,DB1_Lumidgm:34:10,DB1_Lumidgm/44_1_1.wsq,impostor,8,19,8,,False,38.728682,0
2216,derive,31,DB1_Lumidgm:31:1,DB1_Lumidgm/43_1_3.wsq,impostor,9,19,9,,False,38.491434,0
2216,stored,31,DB1_Lumidgm:31:1,DB1_Lumidgm/43_1_3.wsq,impostor,9,19,9,,False,39.810064,0
2217,stored,59,DB1_Lumidgm:59:2,DB1_Lumidgm/26_1_8.wsq,impostor,7,19,7,,False,36.184226,0
2217,derive,59,DB1_Lumidgm:59:2,DB1_Lumidgm/26_1_8.wsq,impostor,7,19,7,,False,36.106026,0
2218,derive,97,DB1_Lumidgm:97:3,DB1_Lumidgm/53_1_1.wsq,impostor,5,19,5,,False,37.181846,0
2218,stored,97,DB1_Lumidgm:97:3,DB1_Lumidgm/53_1_1.wsq,impostor,5,19,5,,False,36.738489,0
2219,stored,80,DB1_Lumidgm:80:3,DB1_Lumidgm/41_1_2.wsq,impostor,5,19,5,,False,35.377739,0
2219,derive,80,DB1_Lumidgm:80:3,DB1_Lumidgm/41_1_2.wsq,impostor,5,19,5,,False,37.212686,0
2220,derive,68,DB1_Lumidgm:68:6,DB1_Lumidgm/52_1_8.wsq,impostor,7,19,7,,False,40.263332,0
2220,stored,68,DB1_Lumidgm:68:6,DB1_Lumidgm/52_1_8.wsq,impostor,7,19,7,,False,41.157588,0
2221,stored,79,DB1_Lumidgm:79:3,DB1_Lumidgm/47_1_1.wsq,impostor,7,19,7,,False,36.366186,0
2221,derive,79,DB1_Lumidgm:79:3,DB1_Lumidgm/47_1_1.wsq,impostor,7,19,7,,False,35.895991,0
2222,derive,56,DB1_Lumidgm:56:6,DB1_Lumidgm/21_1_1.wsq,impostor,6,19,6,,False,40.871556,0
2222,stored,56,DB1_Lumidgm:56:6,DB1_Lumidgm/21_1_1.wsq,impostor,6,19,6,,False,37.570941,0
2223,stored,75,DB1_Lumidgm:75:10,DB1_Lumidgm/56_1_4.wsq,impostor,11,19,11,,False,37.873874,0
2223,derive,75,DB1_Lumidgm:75:10,DB1_Lumidgm/56_1_4.wsq,impostor,11,19,11,,False,37.207979,0
2224,derive,87,DB1_Lumidgm:87:2,DB1_Lumidgm/50_1_3.wsq,impostor,4,19,4,,False,37.936939,0
2224,stored,87,DB1_Lumidgm:87:2,DB1_Lumidgm/50_1_3.wsq,impostor,4,19,4,,False,38.173296,0
2225,stored,27,DB1_Lumidgm:27:5,DB1_Lumidgm/27_2_5.wsq,genuine,117,19,117,,True,41.184226,1210
2225,derive,27,DB1_Lumidgm:27:5,DB1_Lumidgm/27_2_5.wsq,genuine,117,19,117,,True,41.915024,1210
2226,derive,95,DB1_Lumidgm:95:6,DB1_Lumidgm/76_1_3.wsq,impostor,4,19,4,,False,36.80308,0
2226,stored,95,DB1_Lumidgm:95:6,DB1_Lumidgm/76_1_3.wsq,impostor,4,19,4,,False,38.133326,0
2227,stored,84,DB1_Lumidgm:84:10,DB1_Lumidgm/85_1_6.wsq,impostor,8,19,8,,False,42.119252,0
2227,derive,84,DB1_Lumidgm:84:10,DB1_Lumidgm/85_1_6.wsq,impostor,8,19,8,,False,38.119735,0
2228,derive,58,DB1_Lumidgm:58:4,DB1_Lumidgm/75_1_8.wsq,impostor,5,19,5,,False,35.587385,0
2228,stored,58,DB1_Lumidgm:58:4,DB1_Lumidgm/75_1_8.wsq,impostor,5,19,5,,False,35.092202,0
2229,stored,67,DB1_Lumidgm:67:1,DB1_Lumidgm/29_1_5.wsq,impostor,9,19,9,,False,40.031578,0
2229,derive,67,DB1_Lumidgm:67:1,DB1_Lumidgm/29_1_5.wsq,impostor,9,19,9,,False,38.42943,0
2230,derive,32,DB1_Lumidgm:32:3,DB1_Lumidgm/40_1_5.wsq,impostor,15,19,15,,False,40.519678,0
2230,stored,32,DB1_Lumidgm:32:3,DB1_Lumidgm/40_1_5.wsq,impostor,15,19,15,,False,40.482648,0
2231,stored,22,DB1_Lumidgm:22:4,DB1_Lumidgm/82_1_4.wsq,impostor,5,19,5,,False,33.631482,0
2231,derive,22,DB1_Lumidgm:22:4,DB1_Lumidgm/82_1_4.wsq,impostor,5,19,5,,False,33.482815,0
2232,derive,79,DB1_Lumidgm:79:7,DB1_Lumidgm/80_1_8.wsq,impostor,7,19,7,,False,34.988275,0
2232,stored,79,DB1_Lumidgm:79:7,DB1_Lumidgm/80_1_8.wsq,impostor,7,19,7,,False,33.728624,0
2233,stored,66,DB1_Lumidgm:66:8,DB1_Lumidgm/84_1_9.wsq,impostor,9,19,9,,False,36.519341,0
2233,derive,66,DB1_Lumidgm:66:8,DB1_Lumidgm/84_1_9.wsq,impostor,9,19,9,,False,36.505594,0
2234,derive,56,DB1_Lumidgm:56:6,DB1_Lumidgm/80_1_1.wsq,impostor,14,19,14,,False,35.904898,0
2234,stored,56,DB1_Lumidgm:56:6,DB1_Lumidgm/80_1_1.wsq,impostor,14,19,14,,False,36.056873,0
2235,stored,93,DB1_Lumidgm:93:5,DB1_Lumidgm/91_1_10.wsq,impostor,9,19,9,,False,41.697957,0
2235,derive,93,DB1_Lumidgm:93:5,DB1_Lumidgm/91_1_10.wsq,impostor,9,19,9,,False,42.144013,0
2236,derive,89,DB1_Lumidgm:89:7,DB1_Lumidgm/97_1_6.wsq,impostor,5,19,5,,False,37.281464,0
2236,stored,89,DB1_Lumidgm:89:7,DB1_Lumidgm/97_1_6.wsq,impostor,5,19,5,,False,36.826212,0
2237,stored,84,DB1_Lumidgm:84:9,DB1_Lumidgm/99_1_2.wsq,impostor,4,19,4,,False,35.564482,0
2237,derive,84,DB1_Lumidgm:84:9,DB1_Lumidgm/99_1_2.wsq,impostor,4,19,4,,False,37.267078,0
2238,derive,76,DB1_Lumidgm:76:3,DB1_Lumidgm/45_1_9.wsq,impostor,7,19,7,,False,38.599923,0
2238,stored,76,DB1_Lumidgm:76:3,DB1_Lumidgm/45_1_9.wsq,impostor,7,19,7,,False,38.948187,0
2239,stored,38,DB1_Lumidgm:38:10,DB1_Lumidgm/45_1_4.wsq,impostor,5,19,5,,False,36.732187,0
2239,derive,38,DB1_Lumidgm:38:10,DB1_Lumidgm/45_1_4.wsq,impostor,5,19,5,,False,37.738203,0
2240,derive,41,DB1_Lumidgm:41:9,DB1_Lumidgm/67_1_9.wsq,impostor,6,19,6,,False,34.742554,0
2240,stored,41,DB1_Lumidgm:41:9,DB1_Lumidgm/67_1_9.wsq,impostor,6,19,6,,False,35.48304,0
2241,stored,100,DB1_Lumidgm:100:8,DB1_Lumidgm/56_1_3.wsq,impostor,5,19,5,,False,37.088357,0
2241,derive,100,DB1_Lumidgm:100:8,DB1_Lumidgm/56_1_3.wsq,impostor,5,19,5,,False,38.35177,0
2242,derive,90,DB1_Lumidgm:90:3,DB1_Lumidgm/54_1_5.wsq,impostor,9,19,9,,False,37.622638,0
2242,stored,90,DB1_Lumidgm:90:3,DB1_Lumidgm/54_1_5.wsq,impostor,9,19,9,,False,36.30083,0
2243,stored,85,DB1_Lumidgm:85:7,DB1_Lumidgm/77_1_10.wsq,impostor,8,19,8,,False,36.641292,0
2243,derive,85,DB1_Lumidgm:85:7,DB1_Lumidgm/77_1_10.wsq,impostor,8,19,8,,False,37.429761,0
2244,derive,92,DB1_Lumidgm:92:10,DB1_Lumidgm/27_1_6.wsq,impostor,8,19,8,,False,38.368158,0
2244,stored,92,DB1_Lumidgm:92:10,DB1_Lumidgm/27_1_6.wsq,impostor,8,19,8,,False,37.458974,0
2245,stored,40,DB1_Lumidgm:40:4,DB1_Lumidgm/59_1_4.wsq,impostor,10,19,10,,False,37.796585,0
2245,derive,40,DB1_Lumidgm:40:4,DB1_Lumidgm/59_1_4.wsq,impostor,10,19,10,,False,38.312709,0
2246,derive,21,DB1_Lumidgm:21:5,DB1_Lumidgm/21_4_5.wsq,genuine,37,19,37,,True,40.856549,1210
2246,stored,21,DB1_Lumidgm:21:5,DB1_Lumidgm/21_4_5.wsq,genuine,37,19,37,,True,36.741611,1210
2247,stored,27,DB1_Lumidgm:27:2,DB1_Lumidgm/35_1_3.wsq,impostor,10,19,10,,False,39.462272,0
2247,derive,27,DB1_Lumidgm:27:2,DB1_Lumidgm/35_1_3.wsq,impostor,10,19,10,,False,37.443405,0
2248,derive,54,DB1_Lumidgm:54:2,DB1_Lumidgm/54_2_2.wsq,genuine,118,19,118,,True,55.021184,1210
2248,stored,54,DB1_Lumidgm:54:2,DB1_Lumidgm/54_2_2.wsq,genuine,118,19,118,,True,54.632237,1210
2249,stored,66,DB1_Lumidgm:66:1,DB1_Lumidgm/67_1_2.wsq,impostor,7,19,7,,False,35.255062,0
2249,derive,66,DB1_Lumidgm:66:1,DB1_Lumidgm/67_1_2.wsq,impostor,7,19,7,,False,35.426216,0
2250,derive,31,DB1_Lumidgm:31:9,DB1_Lumidgm/99_1_6.wsq,impostor,6,19,6,,False,36.857988,0
2250,stored,31,DB1_Lumidgm:31:9,DB1_Lumidgm/99_1_6.wsq,impostor,6,19,6,,False,36.544857,0
2251,stored,41,DB1_Lumidgm:41:1,DB1_Lumidgm/41_3_1.wsq,genuine,118,19,118,,True,39.862607,1210
2251,derive,41,DB1_Lumidgm:41:1,DB1_Lumidgm/41_3_1.wsq,genuine,118,19,118,,True,39.842462,1210
2252,derive,71,DB1_Lumidgm:71:4,DB1_Lumidgm/27_1_7.wsq,impostor,5,19,5,,False,35.807758,0
2252,stored,71,DB1_Lumidgm:71:4,DB1_Lumidgm/27_1_7.wsq,impostor,5,19,5,,False,34.588911,0
2253,stored,45,DB1_Lumidgm:45:9,DB1_Lumidgm/32_1_7.wsq,impostor,5,19,5,,False,37.902124,0
2253,derive,45,DB1_Lumidgm:45:9,DB1_Lumidgm/32_1_7.wsq,impostor,5,19,5,,False,36.907869,0
2254,derive,42,DB1_Lumidgm:42:3,DB1_Lumidgm/72_1_1.wsq,impostor,3,19,3,,False,34.903231,0
2254,stored,42,DB1_Lumidgm:42:3,DB1_Lumidgm/72_1_1.wsq,impostor,3,19,3,,False,35.429022,0
2255,stored,79,DB1_Lumidgm:79:5,DB1_Lumidgm/88_1_4.wsq,impostor,5,19,5,,False,42.837285,0
2255,derive,79,DB1_Lumidgm:79:5,DB1_Lumidgm/88_1_4.wsq,impostor,5,19,5,,False,42.908457,0
2256,derive,45,DB1_Lumidgm:45:9,DB1_Lumidgm/99_1_10.wsq,impostor,4,19,4,,False,34.318292,0
2256,stored,45,DB1_Lumidgm:45:9,DB1_Lumidgm/99_1_10.wsq,impostor,4,19,4,,False,33.859157,0
2257,stored,83,DB1_Lumidgm:83:5,DB1_Lumidgm/52_1_8.wsq,impostor,7,19,7,,False,38.113971,0
2257,derive,83,DB1_Lumidgm:83:5,DB1_Lumidgm/52_1_8.wsq,impostor,7,19,7,,False,38.022415,0
2258,derive,60,DB1_Lumidgm:60:1,DB1_Lumidgm/88_1_8.wsq,impostor,4,19,4,,False,44.95828,0
2258,stored,60,DB1_Lumidgm:60:1,DB1_Lumidgm/88_1_8.wsq,impostor,4,19,4,,False,43.879534,0
2259,stored,68,DB1_Lumidgm:68:6,DB1_Lumidgm/68_4_6.wsq,genuine,136,19,136,,True,45.738488,1210
2259,derive,68,DB1_Lumidgm:68:6,DB1_Lumidgm/68_4_6.wsq,genuine,136,19,136,,True,43.2852,1210
2260,derive,84,DB1_Lumidgm:84:6,DB1_Lumidgm/93_1_10.wsq,impostor,4,19,4,,False,37.324226,0
2260,stored,84,DB1_Lumidgm:84:6,DB1_Lumidgm/93_1_10.wsq,impostor,4,19,4,,False,37.509801,0
2261,stored,54,DB1_Lumidgm:54:2,DB1_Lumidgm/84_1_7.wsq,impostor,13,19,13,,False,37.533496,0
2261,derive,54,DB1_Lumidgm:54:2,DB1_Lumidgm/84_1_7.wsq,impostor,13,19,13,,False,36.733007,0
2262,derive,55,DB1_Lumidgm:55:3,DB1_Lumidgm/91_1_2.wsq,impostor,6,19,6,,False,40.493888,0
2262,stored,55,DB1_Lumidgm:55:3,DB1_Lumidgm/91_1_2.wsq,impostor,6,19,6,,False,40.461747,0
2263,stored,54,DB1_Lumidgm:54:4,DB1_Lumidgm/74_1_6.wsq,impostor,4,19,4,,False,36.837446,0
2263,derive,54,DB1_Lumidgm:54:4,DB1_Lumidgm/74_1_6.wsq,impostor,4,19,4,,False,42.150488,0
2264,derive,80,DB1_Lumidgm:80:4,DB1_Lumidgm/68_1_3.wsq,impostor,5,19,5,,False,42.472462,0
2264,stored,80,DB1_Lumidgm:80:4,DB1_Lumidgm/68_1_3.wsq,impostor,5,19,5,,False,43.500775,0
2265,stored,37,DB1_Lumidgm:37:7,DB1_Lumidgm/48_1_7.wsq,impostor,9,19,9,,False,43.451791,0
2265,derive,37,DB1_Lumidgm:37:7,DB1_Lumidgm/48_1_7.wsq,impostor,9,19,9,,False,43.676764,0
2266,derive,48,DB1_Lumidgm:48:6,DB1_Lumidgm/48_4_6.wsq,genuine,92,19,92,,True,40.442076,1210
2266,stored,48,DB1_Lumidgm:48:6,DB1_Lumidgm/48_4_6.wsq,genuine,92,19,92,,True,38.278458,1210
2267,stored,41,DB1_Lumidgm:41:3,DB1_Lumidgm/38_1_5.wsq,impostor,10,19,10,,False,34.414699,0
2267,derive,41,DB1_Lumidgm:41:3,DB1_Lumidgm/38_1_5.wsq,impostor,10,19,10,,False,35.244655,0
2268,derive,69,DB1_Lumidgm:69:6,DB1_Lumidgm/69_3_6.wsq,genuine,140,19,140,,True,44.793437,1210
2268,stored,69,DB1_Lumidgm:69:6,DB1_Lumidgm/69_3_6.wsq,genuine,140,19,140,,True,44.206822,1210
2269,stored,39,DB1_Lumidgm:39:9,DB1_Lumidgm/93_1_1.wsq,impostor,4,19,4,,False,42.404151,0
2269,derive,39,DB1_Lumidgm:39:9,DB1_Lumidgm/93_1_1.wsq,impostor,4,19,4,,False,42.969355,0
2270,derive,28,DB1_Lumidgm:28:7,DB1_Lumidgm/97_1_6.wsq,impostor,4,19,4,,False,39.049567,0
2270,stored,28,DB1_Lumidgm:28:7,DB1_Lumidgm/97_1_6.wsq,impostor,4,19,4,,False,39.877545,0
2271,stored,65,DB1_Lumidgm:65:8,DB1_Lumidgm/70_1_4.wsq,impostor,5,19,5,,False,40.759685,0
2271,derive,65,DB1_Lumidgm:65:8,DB1_Lumidgm/70_1_4.wsq,impostor,5,19,5,,False,39.814914,0
2272,derive,70,DB1_Lumidgm:70:10,DB1_Lumidgm/35_1_8.wsq,impostor,13,19,13,,False,37.290187,0
2272,stored,70,DB1_Lumidgm:70:10,DB1_Lumidgm/35_1_8.wsq,impostor,13,19,13,,False,36.966437,0
2273,stored,98,DB1_Lumidgm:98:3,DB1_Lumidgm/43_1_1.wsq,impostor,7,19,7,,False,38.727592,0
2273,derive,98,DB1_Lumidgm:98:3,DB1_Lumidgm/43_1_1.wsq,impostor,7,19,7,,False,40.468156,0
2274,derive,56,DB1_Lumidgm:56:7,DB1_Lumidgm/31_1_1.wsq,impostor,8,19,8,,False,36.976516,0
2274,stored,56,DB1_Lumidgm:56:7,DB1_Lumidgm/31_1_1.wsq,impostor,8,19,8,,False,37.741821,0
2275,stored,50,DB1_Lumidgm:50:4,DB1_Lumidgm/76_1_3.wsq,impostor,5,19,5,,False,36.264386,0
2275,derive,50,DB1_Lumidgm:50:4,DB1_Lumidgm/76_1_3.wsq,impostor,5,19,5,,False,36.250465,0
2276,derive,100,DB1_Lumidgm:100:6,DB1_Lumidgm/28_1_1.wsq,impostor,7,19,7,,False,36.955596,0
2276,stored,100,DB1_Lumidgm:100:6,DB1_Lumidgm/28_1_1.wsq,impostor,7,19,7,,False,37.330744,0
2277,stored,91,DB1_Lumidgm:91:10,DB1_Lumidgm/42_1_10.wsq,impostor,9,19,9,,False,37.500044,0
2277,derive,91,DB1_Lumidgm:91:10,DB1_Lumidgm/42_1_10.wsq,impostor,9,19,9,,False,37.375641,0
2278,derive,50,DB1_Lumidgm:50:10,DB1_Lumidgm/26_1_8.wsq,impostor,8,19,8,,False,36.621375,0
2278,stored,50,DB1_Lumidgm:50:10,DB1_Lumidgm/26_1_8.wsq,impostor,8,19,8,,False,37.333852,0
2279,stored,64,DB1_Lumidgm:64:1,DB1_Lumidgm/48_1_2.wsq,impostor,16,19,16,,False,37.497204,0
2279,derive,64,DB1_Lumidgm:64:1,DB1_Lumidgm/48_1_2.wsq,impostor,16,19,16,,False,37.828327,0
2280,derive,60,DB1_Lumidgm:60:10,DB1_Lumidgm/56_1_1.wsq,impostor,4,19,4,,False,38.225294,0
2280,stored,60,DB1_Lumidgm:60:10,DB1_Lumidgm/56_1_1.wsq,impostor,4,19,4,,False,38.464914,0
2281,stored,81,DB1_Lumidgm:81:10,DB1_Lumidgm/51_1_10.wsq,impostor,12,19,12,,False,35.200551,0
2281,derive,81,DB1_Lumidgm:81:10,DB1_Lumidgm/51_1_10.wsq,impostor,12,19,12,,False,34.454272,0
2282,derive,32,DB1_Lumidgm:32:6,DB1_Lumidgm/81_1_9.wsq,impostor,6,19,6,,False,37.135454,0
2282,stored,32,DB1_Lumidgm:32:6,DB1_Lumidgm/81_1_9.wsq,impostor,6,19,6,,False,36.940283,0
2283,stored,57,DB1_Lumidgm:57:2,DB1_Lumidgm/86_1_5.wsq,impostor,6,19,6,,False,34.434121,0
2283,derive,57,DB1_Lumidgm:57:2,DB1_Lumidgm/86_1_5.wsq,impostor,6,19,6,,False,34.510804,0
2284,derive,91,DB1_Lumidgm:91:5,DB1_Lumidgm/92_1_9.wsq,impostor,7,19,7,,False,40.402441,0
2284,stored,91,DB1_Lumidgm:91:5,DB1_Lumidgm/92_1_9.wsq,impostor,7,19,7,,False,41.187413,0
2285,stored,35,DB1_Lumidgm:35:1,DB1_Lumidgm/35_2_1.wsq,genuine,240,19,240,,True,53.61506,1210
2285,derive,35,DB1_Lumidgm:35:1,DB1_Lumidgm/35_2_1.wsq,genuine,240,19,240,,True,52.003347,1210
2286,derive,92,DB1_Lumidgm:92:3,DB1_Lumidgm/51_1_7.wsq,impostor,4,19,4,,False,35.718981,0
2286,stored,92,DB1_Lumidgm:92:3,DB1_Lumidgm/51_1_7.wsq,impostor,4,19,4,,False,36.097416,0
2287,stored,66,DB1_Lumidgm:66:4,DB1_Lumidgm/32_1_10.wsq,impostor,7,19,7,,False,34.869362,0
2287,derive,66,DB1_Lumidgm:66:4,DB1_Lumidgm/32_1_10.wsq,impostor,7,19,7,,False,36.274334,0
2288,derive,47,DB1_Lumidgm:47:6,DB1_Lumidgm/52_1_1.wsq,impostor,12,19,12,,False,39.522046,0
2288,stored,47,DB1_Lumidgm:47:6,DB1_Lumidgm/52_1_1.wsq,impostor,12,19,12,,False,40.011331,0
2289,stored,22,DB1_Lumidgm:22:2,DB1_Lumidgm/87_1_3.wsq,impostor,17,19,17,,False,39.930253,0
2289,derive,22,DB1_Lumidgm:22:2,DB1_Lumidgm/87_1_3.wsq,impostor,17,19,17,,False,38.469703,0
2290,derive,57,DB1_Lumidgm:57:6,DB1_Lumidgm/44_1_6.wsq,impostor,10,19,10,,False,37.694834,0
2290,stored,57,DB1_Lumidgm:57:6,DB1_Lumidgm/44_1_6.wsq,impostor,10,19,10,,False,37.778547,0
2291,stored,100,DB1_Lumidgm:100:3,DB1_Lumidgm/64_1_10.wsq,impostor,8,19,8,,False,36.572747,0
2291,derive,100,DB1_Lumidgm:100:3,DB1_Lumidgm/64_1_10.wsq,impostor,8,19,8,,False,38.618781,0
2292,derive,33,DB1_Lumidgm:33:8,DB1_Lumidgm/43_1_2.wsq,impostor,10,19,10,,False,36.260749,0
2292,stored,33,DB1_Lumidgm:33:8,DB1_Lumidgm/43_1_2.wsq,impostor,10,19,10,,False,36.149044,0
2293,stored,41,DB1_Lumidgm:41:10,DB1_Lumidgm/25_1_7.wsq,impostor,11,19,11,,False,36.589951,0
2293,derive,41,DB1_Lumidgm:41:10,DB1_Lumidgm/25_1_7.wsq,impostor,11,19,11,,False,39.646433,0
2294,derive,56,DB1_Lumidgm:56:6,DB1_Lumidgm/26_1_5.wsq,impostor,10,19,10,,False,44.177711,0
2294,stored,56,DB1_Lumidgm:56:6,DB1_Lumidgm/26_1_5.wsq,impostor,10,19,10,,False,35.049599,0
2295,stored,26,DB1_Lumidgm:26:3,DB1_Lumidgm/51_1_7.wsq,impostor,5,19,5,,False,36.30222,0
2295,derive,26,DB1_Lumidgm:26:3,DB1_Lumidgm/51_1_7.wsq,impostor,5,19,5,,False,36.892221,0
2296,derive,42,DB1_Lumidgm:42:10,DB1_Lumidgm/97_1_2.wsq,impostor,5,19,5,,False,36.203243,0
2296,stored,42,DB1_Lumidgm:42:10,DB1_Lumidgm/97_1_2.wsq,impostor,5,19,5,,False,36.987109,0
2297,stored,55,DB1_Lumidgm:55:4,DB1_Lumidgm/68_1_3.wsq,impostor,6,19,6,,False,35.937511,0
2297,derive,55,DB1_Lumidgm:55:4,DB1_Lumidgm/68_1_3.wsq,impostor,6,19,6,,False,36.595443,0
2298,derive,66,DB1_Lumidgm:66:9,DB1_Lumidgm/65_1_2.wsq,impostor,5,19,5,,False,42.688338,0
2298,stored,66,DB1_Lumidgm:66:9,DB1_Lumidgm/65_1_2.wsq,impostor,5,19,5,,False,43.794401,0
2299,stored,51,DB1_Lumidgm:51:4,DB1_Lumidgm/52_1_7.wsq,impostor,10,19,10,,False,38.400963,0
2299,derive,51,DB1_Lumidgm:51:4,DB1_Lumidgm/52_1_7.wsq,impostor,10,19,10,,False,38.446695,0
2300,derive,60,DB1_Lumidgm:60:5,DB1_Lumidgm/67_1_5.wsq,impostor,8,19,8,,False,34.548953,0
2300,stored,60,DB1_Lumidgm:60:5,DB1_Lumidgm/67_1_5.wsq,impostor,8,19,8,,False,34.429421,0
2301,stored,69,DB1_Lumidgm:69:10,DB1_Lumidgm/21_1_8.wsq,impostor,11,19,11,,False,37.833795,0
2301,derive,69,DB1_Lumidgm:69:10,DB1_Lumidgm/21_1_8.wsq,impostor,11,19,11,,False,36.644997,0
2302,derive,65,DB1_Lumidgm:65:8,DB1_Lumidgm/38_1_6.wsq,impostor,9,19,9,,False,39.622683,0
2302,stored,65,DB1_Lumidgm:65:8,DB1_Lumidgm/38_1_6.wsq,impostor,9,19,9,,False,37.601375,0
2303,stored,40,DB1_Lumidgm:40:7,DB1_Lumidgm/31_1_2.wsq,impostor,8,19,8,,False,36.511722,0
2303,derive,40,DB1_Lumidgm:40:7,DB1_Lumidgm/31_1_2.wsq,impostor,8,19,8,,False,36.350356,0
2304,derive,53,DB1_Lumidgm:53:1,DB1_Lumidgm/59_1_6.wsq,impostor,4,19,4,,False,40.376918,0
2304,stored,53,DB1_Lumidgm:53:1,DB1_Lumidgm/59_1_6.wsq,impostor,4,19,4,,False,40.043575,0
2305,stored,85,DB1_Lumidgm:85:2,DB1_Lumidgm/59_1_7.wsq,impostor,4,19,4,,False,36.565415,0
2305,derive,85,DB1_Lumidgm:85:2,DB1_Lumidgm/59_1_7.wsq,impostor,4,19,4,,False,36.271396,0
2306,derive,67,DB1_Lumidgm:67:6,DB1_Lumidgm/22_1_9.wsq,impostor,10,19,10,,False,37.268571,0
2306,stored,67,DB1_Lumidgm:67:6,DB1_Lumidgm/22_1_9.wsq,impostor,10,19,10,,False,36.80824,0
2307,stored,92,DB1_Lumidgm:92:10,DB1_Lumidgm/31_1_4.wsq,impostor,4,19,4,,False,37.665747,0
2307,derive,92,DB1_Lumidgm:92:10,DB1_Lumidgm/31_1_4.wsq,impostor,4,19,4,,False,39.28463,0
2308,derive,24,DB1_Lumidgm:24:9,DB1_Lumidgm/84_1_2.wsq,impostor,5,19,5,,False,37.418356,0
2308,stored,24,DB1_Lumidgm:24:9,DB1_Lumidgm/84_1_2.wsq,impostor,5,19,5,,False,39.041068,0
2309,stored,22,DB1_Lumidgm:22:3,DB1_Lumidgm/22_3_3.wsq,genuine,73,19,73,,True,55.602369,1210
2309,derive,22,DB1_Lumidgm:22:3,DB1_Lumidgm/22_3_3.wsq,genuine,73,19,73,,True,56.023487,1210
2310,derive,47,DB1_Lumidgm:47:6,DB1_Lumidgm/47_3_6.wsq,genuine,142,19,142,,True,45.391678,1210
2310,stored,47,DB1_Lumidgm:47:6,DB1_Lumidgm/47_3_6.wsq,genuine,142,19,142,,True,45.568131,1210
2311,stored,21,DB1_Lumidgm:21:7,DB1_Lumidgm/22_1_2.wsq,impostor,7,19,7,,False,34.552875,0
2311,derive,21,DB1_Lumidgm:21:7,DB1_Lumidgm/22_1_2.wsq,impostor,7,19,7,,False,33.755228,0
2312,derive,86,DB1_Lumidgm:86:9,DB1_Lumidgm/36_1_1.wsq,impostor,6,19,6,,False,37.974023,0
2312,stored,86,DB1_Lumidgm:86:9,DB1_Lumidgm/36_1_1.wsq,impostor,6,19,6,,False,39.685484,0
2313,stored,48,DB1_Lumidgm:48:5,DB1_Lumidgm/69_1_7.wsq,impostor,6,19,6,,False,36.850584,0
2313,derive,48,DB1_Lumidgm:48:5,DB1_Lumidgm/69_1_7.wsq,impostor,6,19,6,,False,36.894877,0
2314,derive,84,DB1_Lumidgm:84:7,DB1_Lumidgm/84_3_7.wsq,genuine,37,19,37,,True,45.200893,1210
2314,stored,84,DB1_Lumidgm:84:7,DB1_Lumidgm/84_3_7.wsq,genuine,37,19,37,,True,42.417348,1210
2315,stored,42,DB1_Lumidgm:42:10,DB1_Lumidgm/30_1_6.wsq,impostor,5,19,5,,False,37.316426,0
2315,derive,42,DB1_Lumidgm:42:10,DB1_Lumidgm/30_1_6.wsq,impostor,5,19,5,,False,36.643682,0
2316,derive,83,DB1_Lumidgm:83:4,DB1_Lumidgm/77_1_4.wsq,impostor,8,19,8,,False,35.036634,0
2316,stored,83,DB1_Lumidgm:83:4,DB1_Lumidgm/77_1_4.wsq,impostor,8,19,8,,False,34.835268,0
2317,stored,76,DB1_Lumidgm:76:10,DB1_Lumidgm/37_1_9.wsq,impostor,7,19,7,,False,36.132848,0
2317,derive,76,DB1_Lumidgm:76:10,DB1_Lumidgm/37_1_9.wsq,impostor,7,19,7,,False,37.82277,0
2318,derive,51,DB1_Lumidgm:51:2,DB1_Lumidgm/63_1_6.wsq,impostor,9,19,9,,False,37.412998,0
2318,stored,51,DB1_Lumidgm:51:2,DB1_Lumidgm/63_1_6.wsq,impostor,9,19,9,,False,36.850541,0
2319,stored,40,DB1_Lumidgm:40:7,DB1_Lumidgm/33_1_7.wsq,impostor,4,19,4,,False,35.366983,0
2319,derive,40,DB1_Lumidgm:40:7,DB1_Lumidgm/33_1_7.wsq,impostor,4,19,4,,False,42.459781,0
2320,derive,23,DB1_Lumidgm:23:3,DB1_Lumidgm/62_1_3.wsq,impostor,9,19,9,,False,46.663702,0
2320,stored,23,DB1_Lumidgm:23:3,DB1_Lumidgm/62_1_3.wsq,impostor,9,19,9,,False,45.115651,0
2321,stored,34,DB1_Lumidgm:34:9,DB1_Lumidgm/34_2_9.wsq,genuine,86,19,86,,True,43.959606,1210
2321,derive,34,DB1_Lumidgm:34:9,DB1_Lumidgm/34_2_9.wsq,genuine,86,19,86,,True,43.405592,1210
2322,derive,94,DB1_Lumidgm:94:4,DB1_Lumidgm/93_1_7.wsq,impostor,15,19,15,,False,39.917233,0
2322,stored,94,DB1_Lumidgm:94:4,DB1_Lumidgm/93_1_7.wsq,impostor,15,19,15,,False,40.24685,0
2323,stored,27,DB1_Lumidgm:27:4,DB1_Lumidgm/27_2_4.wsq,genuine,22,19,22,,True,37.955857,1210
2323,derive,27,DB1_Lumidgm:27:4,DB1_Lumidgm/27_2_4.wsq,genuine,22,19,22,,True,39.040379,1210
2324,derive,85,DB1_Lumidgm:85:7,DB1_Lumidgm/55_1_5.wsq,impostor,8,19,8,,False,36.96368,0
2324,stored,85,DB1_Lumidgm:85:7,DB1_Lumidgm/55_1_5.wsq,impostor,8,19,8,,False,36.09794,0
2325,stored,68,DB1_Lumidgm:68:5,DB1_Lumidgm/59_1_1.wsq,impostor,7,19,7,,False,38.739288,0
2325,derive,68,DB1_Lumidgm:68:5,DB1_Lumidgm/59_1_1.wsq,impostor,7,19,7,,False,37.561535,0
2326,derive,56,DB1_Lumidgm:56:9,DB1_Lumidgm/42_1_6.wsq,impostor,7,19,7,,False,38.233721,0
2326,stored,56,DB1_Lumidgm:56:9,DB1_Lumidgm/42_1_6.wsq,impostor,7,19,7,,False,38.198231,0
2327,stored,45,DB1_Lumidgm:45:8,DB1_Lumidgm/45_4_8.wsq,genuine,166,19,166,,True,46.310436,1210
2327,derive,45,DB1_Lumidgm:45:8,DB1_Lumidgm/45_4_8.wsq,genuine,166,19,166,,True,45.039321,1210
2328,derive,55,DB1_Lumidgm:55:8,DB1_Lumidgm/71_1_7.wsq,impostor,10,19,10,,False,36.617977,0
2328,stored,55,DB1_Lumidgm:55:8,DB1_Lumidgm/71_1_7.wsq,impostor,10,19,10,,False,36.734858,0
2329,stored,62,DB1_Lumidgm:62:1,DB1_Lumidgm/31_1_2.wsq,impostor,7,19,7,,False,39.016327,0
2329,derive,62,DB1_Lumidgm:62:1,DB1_Lumidgm/31_1_2.wsq,impostor,7,19,7,,False,39.614171,0
2330,derive,82,DB1_Lumidgm:82:6,DB1_Lumidgm/82_3_6.wsq,genuine,15,19,15,,False,42.553754,0
2330,stored,82,DB1_Lumidgm:82:6,DB1_Lumidgm/82_3_6.wsq,genuine,15,19,15,,False,42.184694,0
2331,stored,86,DB1_Lumidgm:86:7,DB1_Lumidgm/41_1_7.wsq,impostor,7,19,7,,False,38.876229,0
2331,derive,86,DB1_Lumidgm:86:7,DB1_Lumidgm/41_1_7.wsq,impostor,7,19,7,,False,37.272783,0
2332,derive,42,DB1_Lumidgm:42:1,DB1_Lumidgm/55_1_4.wsq,impostor,7,19,7,,False,39.577346,0
2332,stored,42,DB1_Lumidgm:42:1,DB1_Lumidgm/55_1_4.wsq,impostor,7,19,7,,False,36.196764,0
2333,stored,44,DB1_Lumidgm:44:3,DB1_Lumidgm/50_1_5.wsq,impostor,12,19,12,,False,37.932113,0
2333,derive,44,DB1_Lumidgm:44:3,DB1_Lumidgm/50_1_5.wsq,impostor,12,19,12,,False,37.00928,0
2334,derive,46,DB1_Lumidgm:46:9,DB1_Lumidgm/86_1_7.wsq,impostor,6,19,6,,False,36.924616,0
2334,stored,46,DB1_Lumidgm:46:9,DB1_Lumidgm/86_1_7.wsq,impostor,6,19,6,,False,36.461861,0
2335,stored,40,DB1_Lumidgm:40:1,DB1_Lumidgm/37_1_6.wsq,impostor,4,19,4,,False,36.848581,0
2335,derive,40,DB1_Lumidgm:40:1,DB1_Lumidgm/37_1_6.wsq,impostor,4,19,4,,False,36.863482,0
2336,derive,31,DB1_Lumidgm:31:1,DB1_Lumidgm/62_1_10.wsq,impostor,6,19,6,,False,38.383351,0
2336,stored,31,DB1_Lumidgm:31:1,DB1_Lumidgm/62_1_10.wsq,impostor,6,19,6,,False,38.115755,0
2337,stored,35,DB1_Lumidgm:35:3,DB1_Lumidgm/70_1_2.wsq,impostor,3,19,3,,False,40.466164,0
2337,derive,35,DB1_Lumidgm:35:3,DB1_Lumidgm/70_1_2.wsq,impostor,3,19,3,,False,40.116556,0
2338,derive,34,DB1_Lumidgm:34:2,DB1_Lumidgm/34_2_2.wsq,genuine,112,19,112,,True,44.215763,1210
2338,stored,34,DB1_Lumidgm:34:2,DB1_Lumidgm/34_2_2.wsq,genuine,112,19,112,,True,40.408871,1210
2339,stored,30,DB1_Lumidgm:30:5,DB1_Lumidgm/30_2_5.wsq,genuine,102,19,102,,True,40.04709,1210
2339,derive,30,DB1_Lumidgm:30:5,DB1_Lumidgm/30_2_5.wsq,genuine,102,19,102,,True,39.055021,1210
2340,derive,28,DB1_Lumidgm:28:10,DB1_Lumidgm/28_2_10.wsq,genuine,70,19,70,,True,88.592128,1211
2340,stored,28,DB1_Lumidgm:28:10,DB1_Lumidgm/28_2_10.wsq,genuine,70,19,70,,True,89.00937,1211
2341,stored,25,DB1_Lumidgm:25:6,DB1_Lumidgm/73_1_8.wsq,impostor,4,19,4,,False,38.458031,0
2341,derive,25,DB1_Lumidgm:25:6,DB1_Lumidgm/73_1_8.wsq,impostor,4,19,4,,False,39.498366,0
2342,derive,86,DB1_Lumidgm:86:1,DB1_Lumidgm/27_1_4.wsq,impostor,6,19,6,,False,36.61624,0
2342,stored,86,DB1_Lumidgm:86:1,DB1_Lumidgm/27_1_4.wsq,impostor,6,19,6,,False,36.744629,0
2343,stored,84,DB1_Lumidgm:84:3,DB1_Lumidgm/69_1_7.wsq,impostor,10,19,10,,False,34.746631,0
2343,derive,84,DB1_Lumidgm:84:3,DB1_Lumidgm/69_1_7.wsq,impostor,10,19,10,,False,34.629349,0
2344,derive,49,DB1_Lumidgm:49:3,DB1_Lumidgm/77_1_1.wsq,impostor,0,19,0,,False,38.246905,0
2344,stored,49,DB1_Lumidgm:49:3,DB1_Lumidgm/77_1_1.wsq,impostor,0,19,0,,False,38.166781,0
2345,stored,43,DB1_Lumidgm:43:9,DB1_Lumidgm/58_1_5.wsq,impostor,6,19,6,,False,41.976442,0
2345,derive,43,DB1_Lumidgm:43:9,DB1_Lumidgm/58_1_5.wsq,impostor,6,19,6,,False,41.358223,0
2346,derive,47,DB1_Lumidgm:47:1,DB1_Lumidgm/52_1_6.wsq,impostor,11,19,11,,False,38.171355,0
2346,stored,47,DB1_Lumidgm:47:1,DB1_Lumidgm/52_1_6.wsq,impostor,11,19,11,,False,38.03201,0
2347,stored,24,DB1_Lumidgm:24:1,DB1_Lumidgm/96_1_4.wsq,impostor,11,19,11,,False,35.066155,0
2347,derive,24,DB1_Lumidgm:24:1,DB1_Lumidgm/96_1_4.wsq,impostor,11,19,11,,False,34.646021,0
2348,derive,55,DB1_Lumidgm:55:3,DB1_Lumidgm/24_1_10.wsq,impostor,7,19,7,,False,32.93724,0
2348,stored,55,DB1_Lumidgm:55:3,DB1_Lumidgm/24_1_10.wsq,impostor,7,19,7,,False,33.500502,0
2349,stored,31,DB1_Lumidgm:31:5,DB1_Lumidgm/68_1_3.wsq,impostor,10,19,10,,False,36.870996,0
2349,derive,31,DB1_Lumidgm:31:5,DB1_Lumidgm/68_1_3.wsq,impostor,10,19,10,,False,36.463299,0
2350,derive,38,DB1_Lumidgm:38:1,DB1_Lumidgm/69_1_4.wsq,impostor,12,19,12,,False,36.230201,0
2350,stored,38,DB1_Lumidgm:38:1,DB1_Lumidgm/69_1_4.wsq,impostor,12,19,12,,False,36.56716,0
2351,stored,89,DB1_Lumidgm:89:7,DB1_Lumidgm/32_1_10.wsq,impostor,6,19,6,,False,36.869322,0
2351,derive,89,DB1_Lumidgm:89:7,DB1_Lumidgm/32_1_10.wsq,impostor,6,19,6,,False,36.570525,0
2352,derive,78,DB1_Lumidgm:78:2,DB1_Lumidgm/39_1_6.wsq,impostor,13,19,13,,False,38.931389,0
2352,stored,78,DB1_Lumidgm:78:2,DB1_Lumidgm/39_1_6.wsq,impostor,13,19,13,,False,40.300286,0
2353,stored,69,DB1_Lumidgm:69:1,DB1_Lumidgm/72_1_4.wsq,impostor,5,19,5,,False,37.709392,0
2353,derive,69,DB1_Lumidgm:69:1,DB1_Lumidgm/72_1_4.wsq,impostor,5,19,5,,False,34.966793,0
2354,derive,44,DB1_Lumidgm:44:9,DB1_Lumidgm/44_4_9.wsq,genuine,18,19,18,,False,50.185728,0
2354,stored,44,DB1_Lumidgm:44:9,DB1_Lumidgm/44_4_9.wsq,genuine,18,19,18,,False,47.010284,0
2355,stored,67,DB1_Lumidgm:67:5,DB1_Lumidgm/55_1_6.wsq,impostor,4,19,4,,False,36.465912,0
2355,derive,67,DB1_Lumidgm:67:5,DB1_Lumidgm/55_1_6.wsq,impostor,4,19,4,,False,37.094462,0
2356,derive,68,DB1_Lumidgm:68:5,DB1_Lumidgm/81_1_4.wsq,impostor,6,19,6,,False,36.913333,0
2356,stored,68,DB1_Lumidgm:68:5,DB1_Lumidgm/81_1_4.wsq,impostor,6,19,6,,False,40.863892,0
2357,stored,97,DB1_Lumidgm:97:10,DB1_Lumidgm/93_1_2.wsq,impostor,6,19,6,,False,46.217088,0
2357,derive,97,DB1_Lumidgm:97:10,DB1_Lumidgm/93_1_2.wsq,impostor,6,19,6,,False,41.89157,0
2358,derive,85,DB1_Lumidgm:85:7,DB1_Lumidgm/78_1_9.wsq,impostor,4,19,4,,False,33.313036,0
2358,stored,85,DB1_Lumidgm:85:7,DB1_Lumidgm/78_1_9.wsq,impostor,4,19,4,,False,33.1779,0
2359,stored,51,DB1_Lumidgm:51:3,DB1_Lumidgm/97_1_6.wsq,impostor,5,19,5,,False,36.404818,0
2359,derive,51,DB1_Lumidgm:51:3,DB1_Lumidgm/97_1_6.wsq,impostor,5,19,5,,False,36.800039,0
2360,derive,43,DB1_Lumidgm:43:3,DB1_Lumidgm/74_1_4.wsq,impostor,5,19,5,,False,38.529397,0
2360,stored,43,DB1_Lumidgm:43:3,DB1_Lumidgm/74_1_4.wsq,impostor,5,19,5,,False,36.235082,0
2361,stored,78,DB1_Lumidgm:78:4,DB1_Lumidgm/77_1_1.wsq,impostor,10,19,10,,False,38.454193,0
2361,derive,78,DB1_Lumidgm:78:4,DB1_Lumidgm/77_1_1.wsq,impostor,10,19,10,,False,37.385676,0
2362,derive,31,DB1_Lumidgm:31:7,DB1_Lumidgm/31_2_7.wsq,genuine,91,19,91,,True,41.483751,1210
2362,stored,31,DB1_Lumidgm:31:7,DB1_Lumidgm/31_2_7.wsq,genuine,91,19,91,,True,40.355656,1210
2363,stored,21,DB1_Lumidgm:21:9,DB1_Lumidgm/88_1_5.wsq,impostor,6,19,6,,False,41.865305,0
2363,derive,21,DB1_Lumidgm:21:9,DB1_Lumidgm/88_1_5.wsq,impostor,6,19,6,,False,41.750084,0
2364,derive,55,DB1_Lumidgm:55:1,DB1_Lumidgm/55_4_1.wsq,genuine,95,19,95,,True,38.362489,1210
2364,stored,55,DB1_Lumidgm:55:1,DB1_Lumidgm/55_4_1.wsq,genuine,95,19,95,,True,39.708736,1210
2365,stored,59,DB1_Lumidgm:59:7,DB1_Lumidgm/78_1_5.wsq,impostor,5,19,5,,False,33.23771,0
2365,derive,59,DB1_Lumidgm:59:7,DB1_Lumidgm/78_1_5.wsq,impostor,5,19,5,,False,33.290139,0
2366,derive,30,DB1_Lumidgm:30:4,DB1_Lumidgm/60_1_7.wsq,impostor,7,19,7,,False,37.019878,0
2366,stored,30,DB1_Lumidgm:30:4,DB1_Lumidgm/60_1_7.wsq,impostor,7,19,7,,False,37.297902,0
2367,stored,63,DB1_Lumidgm:63:4,DB1_Lumidgm/72_1_9.wsq,impostor,7,19,7,,False,36.268265,0
2367,derive,63,DB1_Lumidgm:63:4,DB1_Lumidgm/72_1_9.wsq,impostor,7,19,7,,False,35.770786,0
2368,derive,63,DB1_Lumidgm:63:10,DB1_Lumidgm/41_1_4.wsq,impostor,11,19,11,,False,39.76699,0
2368,stored,63,DB1_Lumidgm:63:10,DB1_Lumidgm/41_1_4.wsq,impostor,11,19,11,,False,40.311852,0
2369,stored,59,DB1_Lumidgm:59:1,DB1_Lumidgm/92_1_4.wsq,impostor,6,19,6,,False,43.806466,0
2369,derive,59,DB1_Lumidgm:59:1,DB1_Lumidgm/92_1_4.wsq,impostor,6,19,6,,False,43.50524,0
2370,derive,84,DB1_Lumidgm:84:3,DB1_Lumidgm/38_1_3.wsq,impostor,10,19,10,,False,36.957102,0
2370,stored,84,DB1_Lumidgm:84:3,DB1_Lumidgm/38_1_3.wsq,impostor,10,19,10,,False,39.888889,0
2371,stored,88,DB1_Lumidgm:88:5,DB1_Lumidgm/76_1_6.wsq,impostor,6,19,6,,False,48.102278,0
2371,derive,88,DB1_Lumidgm:88:5,DB1_Lumidgm/76_1_6.wsq,impostor,6,19,6,,False,59.813441,0
2372,derive,85,DB1_Lumidgm:85:6,DB1_Lumidgm/29_1_1.wsq,impostor,7,19,7,,False,63.807963,0
2372,stored,85,DB1_Lumidgm:85:6,DB1_Lumidgm/29_1_1.wsq,impostor,7,19,7,,False,55.199433,0
2373,stored,87,DB1_Lumidgm:87:8,DB1_Lumidgm/32_1_9.wsq,impostor,16,19,16,,False,65.141466,0
2373,derive,87,DB1_Lumidgm:87:8,DB1_Lumidgm/32_1_9.wsq,impostor,16,19,16,,False,65.747436,0
2374,derive,72,DB1_Lumidgm:72:2,DB1_Lumidgm/49_1_7.wsq,impostor,8,19,8,,False,39.153078,0
2374,stored,72,DB1_Lumidgm:72:2,DB1_Lumidgm/49_1_7.wsq,impostor,8,19,8,,False,41.034174,0
2375,stored,84,DB1_Lumidgm:84:8,DB1_Lumidgm/32_1_3.wsq,impostor,9,19,9,,False,37.096903,0
2375,derive,84,DB1_Lumidgm:84:8,DB1_Lumidgm/32_1_3.wsq,impostor,9,19,9,,False,38.100843,0
2376,derive,24,DB1_Lumidgm:24:5,DB1_Lumidgm/79_1_1.wsq,impostor,12,19,12,,False,37.218479,0
2376,stored,24,DB1_Lumidgm:24:5,DB1_Lumidgm/79_1_1.wsq,impostor,12,19,12,,False,36.690468,0
2377,stored,29,DB1_Lumidgm:29:4,DB1_Lumidgm/61_1_7.wsq,impostor,4,19,4,,False,37.071404,0
2377,derive,29,DB1_Lumidgm:29:4,DB1_Lumidgm/61_1_7.wsq,impostor,4,19,4,,False,36.844437,0
2378,derive,83,DB1_Lumidgm:83:6,DB1_Lumidgm/45_1_6.wsq,impostor,13,19,13,,False,40.09117,0
2378,stored,83,DB1_Lumidgm:83:6,DB1_Lumidgm/45_1_6.wsq,impostor,13,19,13,,False,57.232565,0
2379,stored,74,DB1_Lumidgm:74:2,DB1_Lumidgm/74_1_3.wsq,impostor,8,19,8,,False,36.676555,0
2379,derive,74,DB1_Lumidgm:74:2,DB1_Lumidgm/74_1_3.wsq,impostor,8,19,8,,False,37.147487,0
2380,derive,80,DB1_Lumidgm:80:10,DB1_Lumidgm/68_1_6.wsq,impostor,5,19,5,,False,35.949524,0
2380,stored,80,DB1_Lumidgm:80:10,DB1_Lumidgm/68_1_6.wsq,impostor,5,19,5,,False,37.209598,0
2381,stored,24,DB1_Lumidgm:24:8,DB1_Lumidgm/24_3_8.wsq,genuine,209,19,209,,True,56.405733,1210
2381,derive,24,DB1_Lumidgm:24:8,DB1_Lumidgm/24_3_8.wsq,genuine,209,19,209,,True,55.020862,1210
2382,derive,79,DB1_Lumidgm:79:7,DB1_Lumidgm/73_1_5.wsq,impostor,10,19,10,,False,37.257121,0
2382,stored,79,DB1_Lumidgm:79:7,DB1_Lumidgm/73_1_5.wsq,impostor,10,19,10,,False,37.163086,0
2383,stored,81,DB1_Lumidgm:81:7,DB1_Lumidgm/40_1_9.wsq,impostor,4,19,4,,False,35.336698,0
2383,derive,81,DB1_Lumidgm:81:7,DB1_Lumidgm/40_1_9.wsq,impostor,4,19,4,,False,35.368963,0
2384,derive,88,DB1_Lumidgm:88:6,DB1_Lumidgm/97_1_6.wsq,impostor,4,19,4,,False,36.630674,0
2384,stored,88,DB1_Lumidgm:88:6,DB1_Lumidgm/97_1_6.wsq,impostor,4,19,4,,False,36.576805,0
2385,stored,63,DB1_Lumidgm:63:9,DB1_Lumidgm/47_1_4.wsq,impostor,12,19,12,,False,33.865912,0
2385,derive,63,DB1_Lumidgm:63:9,DB1_Lumidgm/47_1_4.wsq,impostor,12,19,12,,False,34.811,0
2386,derive,48,DB1_Lumidgm:48:1,DB1_Lumidgm/97_1_4.wsq,impostor,6,19,6,,False,36.492754,0
2386,stored,48,DB1_Lumidgm:48:1,DB1_Lumidgm/97_1_4.wsq,impostor,6,19,6,,False,37.609533,0
2387,stored,86,DB1_Lumidgm:86:7,DB1_Lumidgm/24_1_5.wsq,impostor,5,19,5,,False,32.740768,0
2387,derive,86,DB1_Lumidgm:86:7,DB1_Lumidgm/24_1_5.wsq,impostor,5,19,5,,False,32.630059,0
2388,derive,60,DB1_Lumidgm:60:1,DB1_Lumidgm/93_1_5.wsq,impostor,8,19,8,,False,38.901888,0
2388,stored,60,DB1_Lumidgm:60:1,DB1_Lumidgm/93_1_5.wsq,impostor,8,19,8,,False,38.741594,0
2389,stored,26,DB1_Lumidgm:26:7,DB1_Lumidgm/26_3_7.wsq,genuine,239,19,239,,True,44.965944,1210
2389,derive,26,DB1_Lumidgm:26:7,DB1_Lumidgm/26_3_7.wsq,genuine,239,19,239,,True,42.889505,1210
2390,derive,29,DB1_Lumidgm:29:4,DB1_Lumidgm/48_1_6.wsq,impostor,6,19,6,,False,37.253387,0
2390,stored,29,DB1_Lumidgm:29:4,DB1_Lumidgm/48_1_6.wsq,impostor,6,19,6,,False,38.052956,0
2391,stored,38,DB1_Lumidgm:38:9,DB1_Lumidgm/38_4_9.wsq,genuine,13,19,13,,False,42.676959,0
2391,derive,38,DB1_Lumidgm:38:9,DB1_Lumidgm/38_4_9.wsq,genuine,13,19,13,,False,38.83026,0
2392,derive,46,DB1_Lumidgm:46:6,DB1_Lumidgm/46_3_6.wsq,genuine,160,19,160,,True,45.653374,1210
2392,stored,46,DB1_Lumidgm:46:6,DB1_Lumidgm/46_3_6.wsq,genuine,160,19,160,,True,55.420837,1210
2393,stored,81,DB1_Lumidgm:81:2,DB1_Lumidgm/90_1_4.wsq,impostor,10,19,10,,False,42.256312,0
2393,derive,81,DB1_Lumidgm:81:2,DB1_Lumidgm/90_1_4.wsq,impostor,10,19,10,,False,37.08534,0
2394,derive,70,DB1_Lumidgm:70:1,DB1_Lumidgm/41_1_8.wsq,impostor,8,19,8,,False,38.299815,0
2394,stored,70,DB1_Lumidgm:70:1,DB1_Lumidgm/41_1_8.wsq,impostor,8,19,8,,False,38.613129,0
2395,stored,94,DB1_Lumidgm:94:2,DB1_Lumidgm/26_1_8.wsq,impostor,8,19,8,,False,42.314864,0
2395,derive,94,DB1_Lumidgm:94:2,DB1_Lumidgm/26_1_8.wsq,impostor,8,19,8,,False,36.176015,0
2396,derive,44,DB1_Lumidgm:44:6,DB1_Lumidgm/68_1_2.wsq,impostor,6,19,6,,False,38.453895,0
2396,stored,44,DB1_Lumidgm:44:6,DB1_Lumidgm/68_1_2.wsq,impostor,6,19,6,,False,37.293755,0
2397,stored,48,DB1_Lumidgm:48:2,DB1_Lumidgm/79_1_8.wsq,impostor,12,19,12,,False,38.497845,0
2397,derive,48,DB1_Lumidgm:48:2,DB1_Lumidgm/79_1_8.wsq,impostor,12,19,12,,False,39.006282,0
2398,derive,35,DB1_Lumidgm:35:8,DB1_Lumidgm/50_1_6.wsq,impostor,7,19,7,,False,37.46514,0
2398,stored,35,DB1_Lumidgm:35:8,DB1_Lumidgm/50_1_6.wsq,impostor,7,19,7,,False,36.81904,0
2399,stored,29,DB1_Lumidgm:29:4,DB1_Lumidgm/88_1_10.wsq,impostor,6,19,6,,False,37.448624,0
2399,derive,29,DB1_Lumidgm:29:4,DB1_Lumidgm/88_1_10.wsq,impostor,6,19,6,,False,38.195447,0
2400,derive,95,DB1_Lumidgm:95:3,DB1_Lumidgm/41_1_6.wsq,impostor,4,19,4,,False,37.37343,0
2400,stored,95,DB1_Lumidgm:95:3,DB1_Lumidgm/41_1_6.wsq,impostor,4,19,4,,False,36.925917,0
2401,stored,39,DB1_Lumidgm:39:6,DB1_Lumidgm/84_1_10.wsq,impostor,8,19,8,,False,35.335585,0
2401,derive,39,DB1_Lumidgm:39:6,DB1_Lumidgm/84_1_10.wsq,impostor,8,19,8,,False,34.911464,0
2402,derive,50,DB1_Lumidgm:50:9,DB1_Lumidgm/33_1_6.wsq,impostor,6,19,6,,False,38.80807,0
2402,stored,50,DB1_Lumidgm:50:9,DB1_Lumidgm/33_1_6.wsq,impostor,6,19,6,,False,37.718173,0
2403,stored,37,DB1_Lumidgm:37:10,DB1_Lumidgm/55_1_7.wsq,impostor,11,19,11,,False,36.234463,0
2403,derive,37,DB1_Lumidgm:37:10,DB1_Lumidgm/55_1_7.wsq,impostor,11,19,11,,False,39.251509,0
2404,derive,70,DB1_Lumidgm:70:3,DB1_Lumidgm/95_1_6.wsq,impostor,7,19,7,,False,43.966396,0
2404,stored,70,DB1_Lumidgm:70:3,DB1_Lumidgm/95_1_6.wsq,impostor,7,19,7,,False,42.608487,0
2405,stored,95,DB1_Lumidgm:95:2,DB1_Lumidgm/23_1_10.wsq,impostor,5,19,5,,False,33.71421,0
2405,derive,95,DB1_Lumidgm:95:2,DB1_Lumidgm/23_1_10.wsq,impostor,5,19,5,,False,31.724621,0
2406,derive,68,DB1_Lumidgm:68:7,DB1_Lumidgm/94_1_2.wsq,impostor,6,19,6,,False,39.155156,0
2406,stored,68,DB1_Lumidgm:68:7,DB1_Lumidgm/94_1_2.wsq,impostor,6,19,6,,False,40.207883,0
2407,stored,31,DB1_Lumidgm:31:9,DB1_Lumidgm/39_1_2.wsq,impostor,4,19,4,,False,35.019732,0
2407,derive,31,DB1_Lumidgm:31:9,DB1_Lumidgm/39_1_2.wsq,impostor,4,19,4,,False,34.401509,0
2408,derive,100,DB1_Lumidgm:100:8,DB1_Lumidgm/59_1_2.wsq,impostor,4,19,4,,False,36.656793,0
2408,stored,100,DB1_Lumidgm:100:8,DB1_Lumidgm/59_1_2.wsq,impostor,4,19,4,,False,38.679712,0
2409,stored,40,DB1_Lumidgm:40:5,DB1_Lumidgm/31_1_4.wsq,impostor,8,19,8,,False,38.062095,0
2409,derive,40,DB1_Lumidgm:40:5,DB1_Lumidgm/31_1_4.wsq,impostor,8,19,8,,False,37.477734,0
2410,derive,49,DB1_Lumidgm:49:10,DB1_Lumidgm/80_1_1.wsq,impostor,10,19,10,,False,34.991153,0
2410,stored,49,DB1_Lumidgm:49:10,DB1_Lumidgm/80_1_1.wsq,impostor,10,19,10,,False,35.642865,0
2411,stored,74,DB1_Lumidgm:74:7,DB1_Lumidgm/37_1_4.wsq,impostor,6,19,6,,False,34.424459,0
2411,derive,74,DB1_Lumidgm:74:7,DB1_Lumidgm/37_1_4.wsq,impostor,6,19,6,,False,33.901608,0
2412,derive,36,DB1_Lumidgm:36:3,DB1_Lumidgm/72_1_5.wsq,impostor,8,19,8,,False,36.203251,0
2412,stored,36,DB1_Lumidgm:36:3,DB1_Lumidgm/72_1_5.wsq,impostor,8,19,8,,False,38.004151,0
2413,stored,87,DB1_Lumidgm:87:9,DB1_Lumidgm/49_1_7.wsq,impostor,10,19,10,,False,38.877931,0
2413,derive,87,DB1_Lumidgm:87:9,DB1_Lumidgm/49_1_7.wsq,impostor,10,19,10,,False,36.827681,0
2414,derive,68,DB1_Lumidgm:68:2,DB1_Lumidgm/43_1_5.wsq,impostor,21,19,21,,True,35.815556,1210
2414,stored,68,DB1_Lumidgm:68:2,DB1_Lumidgm/43_1_5.wsq,impostor,21,19,21,,True,35.906715,1210
2415,stored,68,DB1_Lumidgm:68:3,DB1_Lumidgm/68_4_3.wsq,genuine,119,19,119,,True,50.889724,1210
2415,derive,68,DB1_Lumidgm:68:3,DB1_Lumidgm/68_4_3.wsq,genuine,119,19,119,,True,37.004927,1210
2416,derive,58,DB1_Lumidgm:58:10,DB1_Lumidgm/78_1_1.wsq,impostor,6,19,6,,False,37.453362,0
2416,stored,58,DB1_Lumidgm:58:10,DB1_Lumidgm/78_1_1.wsq,impostor,6,19,6,,False,36.34665,0
2417,stored,80,DB1_Lumidgm:80:3,DB1_Lumidgm/46_1_3.wsq,impostor,6,19,6,,False,36.883545,0
2417,derive,80,DB1_Lumidgm:80:3,DB1_Lumidgm/46_1_3.wsq,impostor,6,19,6,,False,37.474117,0
2418,derive,67,DB1_Lumidgm:67:6,DB1_Lumidgm/91_1_5.wsq,impostor,6,19,6,,False,38.271407,0
2418,stored,67,DB1_Lumidgm:67:6,DB1_Lumidgm/91_1_5.wsq,impostor,6,19,6,,False,37.814006,0
2419,stored,27,DB1_Lumidgm:27:1,DB1_Lumidgm/46_1_6.wsq,impostor,4,19,4,,False,38.010293,0
2419,derive,27,DB1_Lumidgm:27:1,DB1_Lumidgm/46_1_6.wsq,impostor,4,19,4,,False,50.818551,0
2420,derive,89,DB1_Lumidgm:89:5,DB1_Lumidgm/98_1_10.wsq,impostor,7,19,7,,False,42.701368,0
2420,stored,89,DB1_Lumidgm:89:5,DB1_Lumidgm/98_1_10.wsq,impostor,7,19,7,,False,38.048754,0
2421,stored,45,DB1_Lumidgm:45:7,DB1_Lumidgm/92_1_5.wsq,impostor,5,19,5,,False,37.038253,0
2421,derive,45,DB1_Lumidgm:45:7,DB1_Lumidgm/92_1_5.wsq,impostor,5,19,5,,False,37.731926,0
2422,derive,26,DB1_Lumidgm:26:1,DB1_Lumidgm/52_1_4.wsq,impostor,21,19,21,,True,37.057515,1210
2422,stored,26,DB1_Lumidgm:26:1,DB1_Lumidgm/52_1_4.wsq,impostor,21,19,21,,True,37.019984,1210
2423,stored,42,DB1_Lumidgm:42:9,DB1_Lumidgm/49_1_2.wsq,impostor,3,19,3,,False,34.69187,0
2423,derive,42,DB1_Lumidgm:42:9,DB1_Lumidgm/49_1_2.wsq,impostor,3,19,3,,False,34.926166,0
2424,derive,92,DB1_Lumidgm:92:2,DB1_Lumidgm/71_1_9.wsq,impostor,6,19,6,,False,33.913197,0
2424,stored,92,DB1_Lumidgm:92:2,DB1_Lumidgm/71_1_9.wsq,impostor,6,19,6,,False,34.207159,0
2425,stored,63,DB1_Lumidgm:63:8,DB1_Lumidgm/59_1_2.wsq,impostor,15,19,15,,False,37.332447,0
2425,derive,63,DB1_Lumidgm:63:8,DB1_Lumidgm/59_1_2.wsq,impostor,15,19,15,,False,37.873915,0
2426,derive,67,DB1_Lumidgm:67:5,DB1_Lumidgm/73_1_4.wsq,impostor,9,19,9,,False,37.310971,0
2426,stored,67,DB1_Lumidgm:67:5,DB1_Lumidgm/73_1_4.wsq,impostor,9,19,9,,False,37.344841,0
2427,stored,22,DB1_Lumidgm:22:9,DB1_Lumidgm/34_1_4.wsq,impostor,5,19,5,,False,35.819087,0
2427,derive,22,DB1_Lumidgm:22:9,DB1_Lumidgm/34_1_4.wsq,impostor,5,19,5,,False,36.520084,0
2428,derive,64,DB1_Lumidgm:64:8,DB1_Lumidgm/38_1_5.wsq,impostor,7,19,7,,False,33.43649,0
2428,stored,64,DB1_Lumidgm:64:8,DB1_Lumidgm/38_1_5.wsq,impostor,7,19,7,,False,33.41048,0
2429,stored,71,DB1_Lumidgm:71:4,DB1_Lumidgm/87_1_2.wsq,impostor,9,19,9,,False,34.80788,0
2429,derive,71,DB1_Lumidgm:71:4,DB1_Lumidgm/87_1_2.wsq,impostor,9,19,9,,False,34.812376,0
2430,derive,31,DB1_Lumidgm:31:3,DB1_Lumidgm/22_1_4.wsq,impostor,8,19,8,,False,37.671879,0
2430,stored,31,DB1_Lumidgm:31:3,DB1_Lumidgm/22_1_4.wsq,impostor,8,19,8,,False,37.863417,0
2431,stored,36,DB1_Lumidgm:36:7,DB1_Lumidgm/72_1_3.wsq,impostor,12,19,12,,False,36.732791,0
2431,derive,36,DB1_Lumidgm:36:7,DB1_Lumidgm/72_1_3.wsq,impostor,12,19,12,,False,37.00888,0
2432,derive,26,DB1_Lumidgm:26:6,DB1_Lumidgm/26_4_6.wsq,genuine,136,19,136,,True,59.82038,1210
2432,stored,26,DB1_Lumidgm:26:6,DB1_Lumidgm/26_4_6.wsq,genuine,136,19,136,,True,55.63564,1210
2433,stored,47,DB1_Lumidgm:47:5,DB1_Lumidgm/87_1_5.wsq,impostor,13,19,13,,False,36.045413,0
2433,derive,47,DB1_Lumidgm:47:5,DB1_Lumidgm/87_1_5.wsq,impostor,13,19,13,,False,36.017302,0
2434,derive,54,DB1_Lumidgm:54:9,DB1_Lumidgm/35_1_10.wsq,impostor,8,19,8,,False,35.384422,0
2434,stored,54,DB1_Lumidgm:54:9,DB1_Lumidgm/35_1_10.wsq,impostor,8,19,8,,False,36.197966,0
2435,stored,29,DB1_Lumidgm:29:2,DB1_Lumidgm/70_1_1.wsq,impostor,6,19,6,,False,36.655072,0
2435,derive,29,DB1_Lumidgm:29:2,DB1_Lumidgm/70_1_1.wsq,impostor,6,19,6,,False,37.106512,0
2436,derive,88,DB1_Lumidgm:88:2,DB1_Lumidgm/85_1_10.wsq,impostor,7,19,7,,False,34.581804,0
2436,stored,88,DB1_Lumidgm:88:2,DB1_Lumidgm/85_1_10.wsq,impostor,7,19,7,,False,33.098877,0
2437,stored,46,DB1_Lumidgm:46:2,DB1_Lumidgm/46_4_2.wsq,genuine,104,19,104,,True,47.786074,1210
2437,derive,46,DB1_Lumidgm:46:2,DB1_Lumidgm/46_4_2.wsq,genuine,104,19,104,,True,46.663048,1210
2438,derive,67,DB1_Lumidgm:67:7,DB1_Lumidgm/77_1_2.wsq,impostor,9,19,9,,False,36.396049,0
2438,stored,67,DB1_Lumidgm:67:7,DB1_Lumidgm/77_1_2.wsq,impostor,9,19,9,,False,35.914799,0
2439,stored,39,DB1_Lumidgm:39:6,DB1_Lumidgm/50_1_9.wsq,impostor,8,19,8,,False,41.549697,0
2439,derive,39,DB1_Lumidgm:39:6,DB1_Lumidgm/50_1_9.wsq,impostor,8,19,8,,False,37.739838,0
2440,derive,88,DB1_Lumidgm:88:9,DB1_Lumidgm/68_1_10.wsq,impostor,4,19,4,,False,33.422386,0
2440,stored,88,DB1_Lumidgm:88:9,DB1_Lumidgm/68_1_10.wsq,impostor,4,19,4,,False,33.981212,0
2441,stored,60,DB1_Lumidgm:60:8,DB1_Lumidgm/40_1_8.wsq,impostor,10,19,10,,False,36.996966,0
2441,derive,60,DB1_Lumidgm:60:8,DB1_Lumidgm/40_1_8.wsq,impostor,10,19,10,,False,37.144078,0
2442,derive,65,DB1_Lumidgm:65:5,DB1_Lumidgm/57_1_5.wsq,impostor,11,19,11,,False,35.56468,0
2442,stored,65,DB1_Lumidgm:65:5,DB1_Lumidgm/57_1_5.wsq,impostor,11,19,11,,False,36.299824,0
2443,stored,33,DB1_Lumidgm:33:9,DB1_Lumidgm/77_1_3.wsq,impostor,7,19,7,,False,42.939926,0
2443,derive,33,DB1_Lumidgm:33:9,DB1_Lumidgm/77_1_3.wsq,impostor,7,19,7,,False,43.71942,0
2444,derive,94,DB1_Lumidgm:94:5,DB1_Lumidgm/43_1_6.wsq,impostor,6,19,6,,False,49.684798,0
2444,stored,94,DB1_Lumidgm:94:5,DB1_Lumidgm/43_1_6.wsq,impostor,6,19,6,,False,54.317153,0
2445,stored,49,DB1_Lumidgm:49:9,DB1_Lumidgm/86_1_3.wsq,impostor,4,19,4,,False,48.097192,0
2445,derive,49,DB1_Lumidgm:49:9,DB1_Lumidgm/86_1_3.wsq,impostor,4,19,4,,False,38.750517,0
2446,derive,98,DB1_Lumidgm:98:8,DB1_Lumidgm/51_1_2.wsq,impostor,6,19,6,,False,36.986926,0
2446,stored,98,DB1_Lumidgm:98:8,DB1_Lumidgm/51_1_2.wsq,impostor,6,19,6,,False,38.296549,0
2447,stored,33,DB1_Lumidgm:33:1,DB1_Lumidgm/62_1_3.wsq,impostor,7,19,7,,False,46.269579,0
2447,derive,33,DB1_Lumidgm:33:1,DB1_Lumidgm/62_1_3.wsq,impostor,7,19,7,,False,44.54348,0
2448,derive,73,DB1_Lumidgm:73:4,DB1_Lumidgm/37_1_5.wsq,impostor,4,19,4,,False,33.272916,0
2448,stored,73,DB1_Lumidgm:73:4,DB1_Lumidgm/37_1_5.wsq,impostor,4,19,4,,False,33.148431,0
2449,stored,29,DB1_Lumidgm:29:4,DB1_Lumidgm/97_1_9.wsq,impostor,6,19,6,,False,37.459945,0
2449,derive,29,DB1_Lumidgm:29:4,DB1_Lumidgm/97_1_9.wsq,impostor,6,19,6,,False,36.952532,0
2450,derive,50,DB1_Lumidgm:50:6,DB1_Lumidgm/22_1_10.wsq,impostor,10,19,10,,False,34.573671,0
2450,stored,50,DB1_Lumidgm:50:6,DB1_Lumidgm/22_1_10.wsq,impostor,10,19,10,,False,34.251237,0
2451,stored,35,DB1_Lumidgm:35:3,DB1_Lumidgm/70_1_8.wsq,impostor,8,19,8,,False,36.708141,0
2451,derive,35,DB1_Lumidgm:35:3,DB1_Lumidgm/70_1_8.wsq,impostor,8,19,8,,False,36.104644,0
2452,derive,85,DB1_Lumidgm:85:8,DB1_Lumidgm/75_1_3.wsq,impostor,4,19,4,,False,34.109249,0
2452,stored,85,DB1_Lumidgm:85:8,DB1_Lumidgm/75_1_3.wsq,impostor,4,19,4,,False,34.20738,0
2453,stored,94,DB1_Lumidgm:94:3,DB1_Lumidgm/61_1_9.wsq,impostor,6,19,6,,False,41.55703,0
2453,derive,94,DB1_Lumidgm:94:3,DB1_Lumidgm/61_1_9.wsq,impostor,6,19,6,,False,43.491412,0
2454,derive,51,DB1_Lumidgm:51:1,DB1_Lumidgm/51_3_1.wsq,genuine,209,19,209,,True,59.983553,1210
2454,stored,51,DB1_Lumidgm:51:1,DB1_Lumidgm/51_3_1.wsq,genuine,209,19,209,,True,60.053761,1210
2455,stored,84,DB1_Lumidgm:84:5,DB1_Lumidgm/58_1_5.wsq,impostor,10,19,10,,False,43.454632,0
2455,derive,84,DB1_Lumidgm:84:5,DB1_Lumidgm/58_1_5.wsq,impostor,10,19,10,,False,42.116166,0
2456,derive,32,DB1_Lumidgm:32:9,DB1_Lumidgm/53_1_8.wsq,impostor,13,19,13,,False,37.810535,0
2456,stored,32,DB1_Lumidgm:32:9,DB1_Lumidgm/53_1_8.wsq,impostor,13,19,13,,False,37.413935,0
2457,stored,80,DB1_Lumidgm:80:2,DB1_Lumidgm/84_1_4.wsq,impostor,5,19,5,,False,35.628608,0
2457,derive,80,DB1_Lumidgm:80:2,DB1_Lumidgm/84_1_4.wsq,impostor,5,19,5,,False,35.365807,0
2458,derive,63,DB1_Lumidgm:63:6,DB1_Lumidgm/65_1_5.wsq,impostor,5,19,5,,False,38.909905,0
2458,stored,63,DB1_Lumidgm:63:6,DB1_Lumidgm/65_1_5.wsq,impostor,5,19,5,,False,41.700337,0
2459,stored,97,DB1_Lumidgm:97:9,DB1_Lumidgm/91_1_6.wsq,impostor,6,19,6,,False,49.344488,0
2459,derive,97,DB1_Lumidgm:97:9,DB1_Lumidgm/91_1_6.wsq,impostor,6,19,6,,False,49.160939,0
2460,derive,24,DB1_Lumidgm:24:7,DB1_Lumidgm/96_1_9.wsq,impostor,15,19,15,,False,36.638738,0
2460,stored,24,DB1_Lumidgm:24:7,DB1_Lumidgm/96_1_9.wsq,impostor,15,19,15,,False,38.401908,0
2461,stored,37,DB1_Lumidgm:37:8,DB1_Lumidgm/89_1_9.wsq,impostor,8,19,8,,False,53.563176,0
2461,derive,37,DB1_Lumidgm:37:8,DB1_Lumidgm/89_1_9.wsq,impostor,8,19,8,,False,48.949555,0
2462,derive,74,DB1_Lumidgm:74:8,DB1_Lumidgm/45_1_4.wsq,impostor,6,19,6,,False,44.654295,0
2462,stored,74,DB1_Lumidgm:74:8,DB1_Lumidgm/45_1_4.wsq,impostor,6,19,6,,False,39.746824,0
2463,stored,59,DB1_Lumidgm:59:10,DB1_Lumidgm/53_1_2.wsq,impostor,4,19,4,,False,41.925214,0
2463,derive,59,DB1_Lumidgm:59:10,DB1_Lumidgm/53_1_2.wsq,impostor,4,19,4,,False,38.427125,0
2464,derive,78,DB1_Lumidgm:78:9,DB1_Lumidgm/88_1_4.wsq,impostor,4,19,4,,False,43.911476,0
2464,stored,78,DB1_Lumidgm:78:9,DB1_Lumidgm/88_1_4.wsq,impostor,4,19,4,,False,43.970501,0
2465,stored,53,DB1_Lumidgm:53:9,DB1_Lumidgm/70_1_7.wsq,impostor,6,19,6,,False,37.332795,0
2465,derive,53,DB1_Lumidgm:53:9,DB1_Lumidgm/70_1_7.wsq,impostor,6,19,6,,False,36.116112,0
2466,derive,45,DB1_Lumidgm:45:9,DB1_Lumidgm/73_1_5.wsq,impostor,6,19,6,,False,40.813063,0
2466,stored,45,DB1_Lumidgm:45:9,DB1_Lumidgm/73_1_5.wsq,impostor,6,19,6,,False,38.106392,0
2467,stored,46,DB1_Lumidgm:46:2,DB1_Lumidgm/53_1_10.wsq,impostor,15,19,15,,False,39.357759,0
2467,derive,46,DB1_Lumidgm:46:2,DB1_Lumidgm/53_1_10.wsq,impostor,15,19,15,,False,40.573858,0
2468,derive,37,DB1_Lumidgm:37:1,DB1_Lumidgm/37_3_1.wsq,genuine,40,19,40,,True,43.470493,1210
2468,stored,37,DB1_Lumidgm:37:1,DB1_Lumidgm/37_3_1.wsq,genuine,40,19,40,,True,48.876319,1210
2469,stored,97,DB1_Lumidgm:97:3,DB1_Lumidgm/66_1_5.wsq,impostor,11,19,11,,False,39.435665,0
2469,derive,97,DB1_Lumidgm:97:3,DB1_Lumidgm/66_1_5.wsq,impostor,11,19,11,,False,39.309713,0
2470,derive,46,DB1_Lumidgm:46:3,DB1_Lumidgm/61_1_8.wsq,impostor,9,19,9,,False,43.680206,0
2470,stored,46,DB1_Lumidgm:46:3,DB1_Lumidgm/61_1_8.wsq,impostor,9,19,9,,False,48.054506,0
2471,stored,89,DB1_Lumidgm:89:7,DB1_Lumidgm/66_1_7.wsq,impostor,7,19,7,,False,45.757866,0
2471,derive,89,DB1_Lumidgm:89:7,DB1_Lumidgm/66_1_7.wsq,impostor,7,19,7,,False,63.720694,0
2472,derive,70,DB1_Lumidgm:70:3,DB1_Lumidgm/59_1_2.wsq,impostor,7,19,7,,False,99.60691,0
2472,stored,70,DB1_Lumidgm:70:3,DB1_Lumidgm/59_1_2.wsq,impostor,7,19,7,,False,76.827174,0
2473,stored,21,DB1_Lumidgm:21:4,DB1_Lumidgm/21_4_4.wsq,genuine,64,19,64,,True,73.879074,1210
2473,derive,21,DB1_Lumidgm:21:4,DB1_Lumidgm/21_4_4.wsq,genuine,64,19,64,,True,88.249067,1210
2474,derive,50,DB1_Lumidgm:50:3,DB1_Lumidgm/23_1_4.wsq,impostor,8,19,8,,False,93.839804,0
2474,stored,50,DB1_Lumidgm:50:3,DB1_Lumidgm/23_1_4.wsq,impostor,8,19,8,,False,114.022066,0
2475,stored,25,DB1_Lumidgm:25:1,DB1_Lumidgm/91_1_1.wsq,impostor,5,19,5,,False,164.624454,0
2475,derive,25,DB1_Lumidgm:25:1,DB1_Lumidgm/91_1_1.wsq,impostor,5,19,5,,False,182.236619,0
2476,derive,82,DB1_Lumidgm:82:7,DB1_Lumidgm/23_1_9.wsq,impostor,8,19,8,,False,118.65095,0
2476,stored,82,DB1_Lumidgm:82:7,DB1_Lumidgm/23_1_9.wsq,impostor,8,19,8,,False,128.425021,0
2477,stored,86,DB1_Lumidgm:86:8,DB1_Lumidgm/64_1_2.wsq,impostor,7,19,7,,False,114.883411,0
2477,derive,86,DB1_Lumidgm:86:8,DB1_Lumidgm/64_1_2.wsq,impostor,7,19,7,,False,106.560314,0
2478,derive,64,DB1_Lumidgm:64:1,DB1_Lumidgm/77_1_3.wsq,impostor,17,19,17,,False,107.62814,0
2478,stored,64,DB1_Lumidgm:64:1,DB1_Lumidgm/77_1_3.wsq,impostor,17,19,17,,False,109.193023,0
2479,stored,23,DB1_Lumidgm:23:3,DB1_Lumidgm/71_1_4.wsq,impostor,4,19,4,,False,98.922618,0
2479,derive,23,DB1_Lumidgm:23:3,DB1_Lumidgm/71_1_4.wsq,impostor,4,19,4,,False,81.854912,0
2480,derive,51,DB1_Lumidgm:51:5,DB1_Lumidgm/59_1_6.wsq,impostor,9,19,9,,False,47.057679,0
2480,stored,51,DB1_Lumidgm:51:5,DB1_Lumidgm/59_1_6.wsq,impostor,9,19,9,,False,62.124512,0
2481,stored,89,DB1_Lumidgm:89:5,DB1_Lumidgm/50_1_9.wsq,impostor,8,19,8,,False,92.219018,0
2481,derive,89,DB1_Lumidgm:89:5,DB1_Lumidgm/50_1_9.wsq,impostor,8,19,8,,False,90.891756,0
2482,derive,93,DB1_Lumidgm:93:7,DB1_Lumidgm/48_1_6.wsq,impostor,5,19,5,,False,89.583436,0
2482,stored,93,DB1_Lumidgm:93:7,DB1_Lumidgm/48_1_6.wsq,impostor,5,19,5,,False,90.863804,0
2483,stored,99,DB1_Lumidgm:99:10,DB1_Lumidgm/42_1_6.wsq,impostor,7,19,7,,False,114.259567,0
2483,derive,99,DB1_Lumidgm:99:10,DB1_Lumidgm/42_1_6.wsq,impostor,7,19,7,,False,104.792592,0
2484,derive,23,DB1_Lumidgm:23:10,DB1_Lumidgm/99_1_6.wsq,impostor,5,19,5,,False,69.927674,0
2484,stored,23,DB1_Lumidgm:23:10,DB1_Lumidgm/99_1_6.wsq,impostor,5,19,5,,False,91.590656,0
2485,stored,78,DB1_Lumidgm:78:10,DB1_Lumidgm/47_1_7.wsq,impostor,6,19,6,,False,87.074894,0
2485,derive,78,DB1_Lumidgm:78:10,DB1_Lumidgm/47_1_7.wsq,impostor,6,19,6,,False,49.34786,0
2486,derive,86,DB1_Lumidgm:86:2,DB1_Lumidgm/22_1_2.wsq,impostor,11,19,11,,False,58.003782,0
2486,stored,86,DB1_Lumidgm:86:2,DB1_Lumidgm/22_1_2.wsq,impostor,11,19,11,,False,50.284493,0
2487,stored,38,DB1_Lumidgm:38:7,DB1_Lumidgm/80_1_8.wsq,impostor,7,19,7,,False,41.559878,0
2487,derive,38,DB1_Lumidgm:38:7,DB1_Lumidgm/80_1_8.wsq,impostor,7,19,7,,False,40.181001,0
2488,derive,86,DB1_Lumidgm:86:6,DB1_Lumidgm/99_1_8.wsq,impostor,5,19,5,,False,41.623687,0
2488,stored,86,DB1_Lumidgm:86:6,DB1_Lumidgm/99_1_8.wsq,impostor,5,19,5,,False,41.65247,0
2489,stored,55,DB1_Lumidgm:55:8,DB1_Lumidgm/49_1_6.wsq,impostor,6,19,6,,False,44.495283,0
2489,derive,55,DB1_Lumidgm:55:8,DB1_Lumidgm/49_1_6.wsq,impostor,6,19,6,,False,41.104816,0
2490,derive,88,DB1_Lumidgm:88:5,DB1_Lumidgm/52_1_8.wsq,impostor,8,19,8,,False,43.904729,0
2490,stored,88,DB1_Lumidgm:88:5,DB1_Lumidgm/52_1_8.wsq,impostor,8,19,8,,False,51.789495,0
2491,stored,97,DB1_Lumidgm:97:5,DB1_Lumidgm/31_1_3.wsq,impostor,18,19,18,,False,56.392388,0
2491,derive,97,DB1_Lumidgm:97:5,DB1_Lumidgm/31_1_3.wsq,impostor,18,19,18,,False,61.13321,0
2492,derive,36,DB1_Lumidgm:36:8,DB1_Lumidgm/81_1_1.wsq,impostor,6,19,6,,False,62.670433,0
2492,stored,36,DB1_Lumidgm:36:8,DB1_Lumidgm/81_1_1.wsq,impostor,6,19,6,,False,55.35023,0
2493,stored,39,DB1_Lumidgm:39:4,DB1_Lumidgm/27_1_10.wsq,impostor,7,19,7,,False,47.678591,0
2493,derive,39,DB1_Lumidgm:39:4,DB1_Lumidgm/27_1_10.wsq,impostor,7,19,7,,False,48.111114,0
2494,derive,49,DB1_Lumidgm:49:8,DB1_Lumidgm/70_1_8.wsq,impostor,8,19,8,,False,47.901406,0
2494,stored,49,DB1_Lumidgm:49:8,DB1_Lumidgm/70_1_8.wsq,impostor,8,19,8,,False,43.762366,0
2495,stored,74,DB1_Lumidgm:74:2,DB1_Lumidgm/67_1_10.wsq,impostor,6,19,6,,False,42.336528,0
2495,derive,74,DB1_Lumidgm:74:2,DB1_Lumidgm/67_1_10.wsq,impostor,6,19,6,,False,43.679664,0
2496,derive,78,DB1_Lumidgm:78:9,DB1_Lumidgm/92_1_8.wsq,impostor,4,19,4,,False,44.047022,0
2496,stored,78,DB1_Lumidgm:78:9,DB1_Lumidgm/92_1_8.wsq,impostor,4,19,4,,False,42.521657,0
2497,stored,74,DB1_Lumidgm:74:3,DB1_Lumidgm/88_1_4.wsq,impostor,4,19,4,,False,60.131675,0
2497,derive,74,DB1_Lumidgm:74:3,DB1_Lumidgm/88_1_4.wsq,impostor,4,19,4,,False,49.810799,0
2498,derive,90,DB1_Lumidgm:90:2,DB1_Lumidgm/31_1_3.wsq,impostor,9,19,9,,False,55.823315,0
2498,stored,90,DB1_Lumidgm:90:2,DB1_Lumidgm/31_1_3.wsq,impostor,9,19,9,,False,41.324944,0
2499,stored,94,DB1_Lumidgm:94:7,DB1_Lumidgm/99_1_2.wsq,impostor,7,19,7,,False,37.921444,0
2499,derive,94,DB1_Lumidgm:94:7,DB1_Lumidgm/99_1_2.wsq,impostor,7,19,7,,False,37.910509,0
2500,derive,86,DB1_Lumidgm:86:8,DB1_Lumidgm/86_3_8.wsq,genuine,117,19,117,,True,70.002966,1210
2500,stored,86,DB1_Lumidgm:86:8,DB1_Lumidgm/86_3_8.wsq,genuine,117,19,117,,True,62.351914,1210
2501,stored,57,DB1_Lumidgm:57:1,DB1_Lumidgm/35_1_8.wsq,impostor,7,19,7,,False,40.442241,0
2501,derive,57,DB1_Lumidgm:57:1,DB1_Lumidgm/35_1_8.wsq,impostor,7,19,7,,False,41.711032,0
2502,derive,57,DB1_Lumidgm:57:8,DB1_Lumidgm/89_1_2.wsq,impostor,6,19,6,,False,49.457782,0
2502,stored,57,DB1_Lumidgm:57:8,DB1_Lumidgm/89_1_2.wsq,impostor,6,19,6,,False,49.054527,0
2503,stored,23,DB1_Lumidgm:23:2,DB1_Lumidgm/56_1_5.wsq,impostor,4,19,4,,False,37.480027,0
2503,derive,23,DB1_Lumidgm:23:2,DB1_Lumidgm/56_1_5.wsq,impostor,4,19,4,,False,39.409221,0
2504,derive,22,DB1_Lumidgm:22:8,DB1_Lumidgm/73_1_9.wsq,impostor,6,19,6,,False,41.904582,0
2504,stored,22,DB1_Lumidgm:22:8,DB1_Lumidgm/73_1_9.wsq,impostor,6,19,6,,False,43.880412,0
2505,stored,55,DB1_Lumidgm:55:6,DB1_Lumidgm/93_1_10.wsq,impostor,6,19,6,,False,44.661717,0
2505,derive,55,DB1_Lumidgm:55:6,DB1_Lumidgm/93_1_10.wsq,impostor,6,19,6,,False,41.851484,0
2506,derive,72,DB1_Lumidgm:72:6,DB1_Lumidgm/22_1_1.wsq,impostor,4,19,4,,False,41.04291,0
2506,stored,72,DB1_Lumidgm:72:6,DB1_Lumidgm/22_1_1.wsq,impostor,4,19,4,,False,38.948808,0
2507,stored,68,DB1_Lumidgm:68:9,DB1_Lumidgm/37_1_3.wsq,impostor,5,19,5,,False,46.000636,0
2507,derive,68,DB1_Lumidgm:68:9,DB1_Lumidgm/37_1_3.wsq,impostor,5,19,5,,False,39.467297,0
2508,derive,89,DB1_Lumidgm:89:6,DB1_Lumidgm/88_1_9.wsq,impostor,8,19,8,,False,46.425224,0
2508,stored,89,DB1_Lumidgm:89:6,DB1_Lumidgm/88_1_9.wsq,impostor,8,19,8,,False,49.556294,0
2509,stored,51,DB1_Lumidgm:51:4,DB1_Lumidgm/67_1_10.wsq,impostor,10,19,10,,False,46.578055,0
2509,derive,51,DB1_Lumidgm:51:4,DB1_Lumidgm/67_1_10.wsq,impostor,10,19,10,,False,49.579238,0
2510,derive,41,DB1_Lumidgm:41:3,DB1_Lumidgm/58_1_9.wsq,impostor,13,19,13,,False,44.906679,0
2510,stored,41,DB1_Lumidgm:41:3,DB1_Lumidgm/58_1_9.wsq,impostor,13,19,13,,False,56.494218,0
2511,stored,90,DB1_Lumidgm:90:2,DB1_Lumidgm/30_1_4.wsq,impostor,6,19,6,,False,39.392969,0
2511,derive,90,DB1_Lumidgm:90:2,DB1_Lumidgm/30_1_4.wsq,impostor,6,19,6,,False,54.662506,0
2512,derive,43,DB1_Lumidgm:43:6,DB1_Lumidgm/51_1_6.wsq,impostor,10,19,10,,False,42.615578,0
2512,stored,43,DB1_Lumidgm:43:6,DB1_Lumidgm/51_1_6.wsq,impostor,10,19,10,,False,43.765134,0
2513,stored,30,DB1_Lumidgm:30:10,DB1_Lumidgm/77_1_3.wsq,impostor,7,19,7,,False,44.170632,0
2513,derive,30,DB1_Lumidgm:30:10,DB1_Lumidgm/77_1_3.wsq,impostor,7,19,7,,False,44.254137,0
2514,derive,57,DB1_Lumidgm:57:6,DB1_Lumidgm/57_3_6.wsq,genuine,127,19,127,,True,50.596864,1210
2514,stored,57,DB1_Lumidgm:57:6,DB1_Lumidgm/57_3_6.wsq,genuine,127,19,127,,True,47.884597,1210
2515,stored,88,DB1_Lumidgm:88:8,DB1_Lumidgm/21_1_10.wsq,impostor,3,19,3,,False,41.456639,0
2515,derive,88,DB1_Lumidgm:88:8,DB1_Lumidgm/21_1_10.wsq,impostor,3,19,3,,False,42.244609,0
2516,derive,45,DB1_Lumidgm:45:2,DB1_Lumidgm/24_1_4.wsq,impostor,11,19,11,,False,38.31257,0
2516,stored,45,DB1_Lumidgm:45:2,DB1_Lumidgm/24_1_4.wsq,impostor,11,19,11,,False,38.94809,0
2517,stored,59,DB1_Lumidgm:59:4,DB1_Lumidgm/59_2_4.wsq,genuine,61,19,61,,True,48.828832,1210
2517,derive,59,DB1_Lumidgm:59:4,DB1_Lumidgm/59_2_4.wsq,genuine,61,19,61,,True,49.484258,1210
2518,derive,25,DB1_Lumidgm:25:10,DB1_Lumidgm/25_2_10.wsq,genuine,118,19,118,,True,44.661932,1211
2518,stored,25,DB1_Lumidgm:25:10,DB1_Lumidgm/25_2_10.wsq,genuine,118,19,118,,True,49.923379,1211
2519,stored,66,DB1_Lumidgm:66:4,DB1_Lumidgm/66_2_4.wsq,genuine,73,19,73,,True,61.165737,1210
2519,derive,66,DB1_Lumidgm:66:4,DB1_Lumidgm/66_2_4.wsq,genuine,73,19,73,,True,73.091144,1210
2520,derive,89,DB1_Lumidgm:89:1,DB1_Lumidgm/44_1_3.wsq,impostor,9,19,9,,False,44.440362,0
2520,stored,89,DB1_Lumidgm:89:1,DB1_Lumidgm/44_1_3.wsq,impostor,9,19,9,,False,46.893548,0
2521,stored,34,DB1_Lumidgm:34:8,DB1_Lumidgm/77_1_1.wsq,impostor,8,19,8,,False,50.118172,0
2521,derive,34,DB1_Lumidgm:34:8,DB1_Lumidgm/77_1_1.wsq,impostor,8,19,8,,False,42.241456,0
2522,derive,65,DB1_Lumidgm:65:3,DB1_Lumidgm/31_1_7.wsq,impostor,9,19,9,,False,39.85354,0
2522,stored,65,DB1_Lumidgm:65:3,DB1_Lumidgm/31_1_7.wsq,impostor,9,19,9,,False,40.064676,0
2523,stored,92,DB1_Lumidgm:92:3,DB1_Lumidgm/40_1_1.wsq,impostor,9,19,9,,False,47.555026,0
2523,derive,92,DB1_Lumidgm:92:3,DB1_Lumidgm/40_1_1.wsq,impostor,9,19,9,,False,44.519189,0
2524,derive,63,DB1_Lumidgm:63:1,DB1_Lumidgm/36_1_2.wsq,impostor,10,19,10,,False,41.377197,0
2524,stored,63,DB1_Lumidgm:63:1,DB1_Lumidgm/36_1_2.wsq,impostor,10,19,10,,False,39.590454,0
2525,stored,24,DB1_Lumidgm:24:6,DB1_Lumidgm/76_1_8.wsq,impostor,9,19,9,,False,42.251584,0
2525,derive,24,DB1_Lumidgm:24:6,DB1_Lumidgm/76_1_8.wsq,impostor,9,19,9,,False,39.199774,0
2526,derive,31,DB1_Lumidgm:31:10,DB1_Lumidgm/68_1_4.wsq,impostor,4,19,4,,False,41.924082,0
2526,stored,31,DB1_Lumidgm:31:10,DB1_Lumidgm/68_1_4.wsq,impostor,4,19,4,,False,45.521021,0
2527,stored,95,DB1_Lumidgm:95:5,DB1_Lumidgm/54_1_1.wsq,impostor,5,19,5,,False,38.933356,0
2527,derive,95,DB1_Lumidgm:95:5,DB1_Lumidgm/54_1_1.wsq,impostor,5,19,5,,False,41.733334,0
2528,derive,62,DB1_Lumidgm:62:7,DB1_Lumidgm/75_1_8.wsq,impostor,5,19,5,,False,38.39701,0
2528,stored,62,DB1_Lumidgm:62:7,DB1_Lumidgm/75_1_8.wsq,impostor,5,19,5,,False,38.597651,0
2529,stored,28,DB1_Lumidgm:28:4,DB1_Lumidgm/28_2_4.wsq,genuine,133,19,133,,True,164.009405,1210
2529,derive,28,DB1_Lumidgm:28:4,DB1_Lumidgm/28_2_4.wsq,genuine,133,19,133,,True,160.258443,1210
2530,derive,30,DB1_Lumidgm:30:5,DB1_Lumidgm/53_1_9.wsq,impostor,8,19,8,,False,46.290295,0
2530,stored,30,DB1_Lumidgm:30:5,DB1_Lumidgm/53_1_9.wsq,impostor,8,19,8,,False,50.490262,0
2531,stored,81,DB1_Lumidgm:81:6,DB1_Lumidgm/54_1_7.wsq,impostor,6,19,6,,False,45.897382,0
2531,derive,81,DB1_Lumidgm:81:6,DB1_Lumidgm/54_1_7.wsq,impostor,6,19,6,,False,48.965683,0
2532,derive,76,DB1_Lumidgm:76:3,DB1_Lumidgm/90_1_9.wsq,impostor,6,19,6,,False,45.090342,0
2532,stored,76,DB1_Lumidgm:76:3,DB1_Lumidgm/90_1_9.wsq,impostor,6,19,6,,False,44.736443,0
2533,stored,98,DB1_Lumidgm:98:7,DB1_Lumidgm/74_1_10.wsq,impostor,5,19,5,,False,37.35042,0
2533,derive,98,DB1_Lumidgm:98:7,DB1_Lumidgm/74_1_10.wsq,impostor,5,19,5,,False,36.870264,0
2534,derive,87,DB1_Lumidgm:87:3,DB1_Lumidgm/26_1_5.wsq,impostor,5,19,5,,False,40.289713,0
2534,stored,87,DB1_Lumidgm:87:3,DB1_Lumidgm/26_1_5.wsq,impostor,5,19,5,,False,46.183386,0
2535,stored,73,DB1_Lumidgm:73:4,DB1_Lumidgm/45_1_10.wsq,impostor,6,19,6,,False,51.231528,0
2535,derive,73,DB1_Lumidgm:73:4,DB1_Lumidgm/45_1_10.wsq,impostor,6,19,6,,False,49.443812,0
2536,derive,70,DB1_Lumidgm:70:5,DB1_Lumidgm/80_1_6.wsq,impostor,6,19,6,,False,44.289128,0
2536,stored,70,DB1_Lumidgm:70:5,DB1_Lumidgm/80_1_6.wsq,impostor,6,19,6,,False,44.094456,0
2537,stored,23,DB1_Lumidgm:23:4,DB1_Lumidgm/45_1_8.wsq,impostor,9,19,9,,False,43.293952,0
2537,derive,23,DB1_Lumidgm:23:4,DB1_Lumidgm/45_1_8.wsq,impostor,9,19,9,,False,48.795825,0
2538,derive,44,DB1_Lumidgm:44:4,DB1_Lumidgm/53_1_7.wsq,impostor,6,19,6,,False,43.349508,0
2538,stored,44,DB1_Lumidgm:44:4,DB1_Lumidgm/53_1_7.wsq,impostor,6,19,6,,False,39.776258,0
2539,stored,87,DB1_Lumidgm:87:4,DB1_Lumidgm/39_1_8.wsq,impostor,9,19,9,,False,37.890966,0
2539,derive,87,DB1_Lumidgm:87:4,DB1_Lumidgm/39_1_8.wsq,impostor,9,19,9,,False,49.032206,0
2540,derive,59,DB1_Lumidgm:59:9,DB1_Lumidgm/76_1_3.wsq,impostor,13,19,13,,False,44.485628,0
2540,stored,59,DB1_Lumidgm:59:9,DB1_Lumidgm/76_1_3.wsq,impostor,13,19,13,,False,44.408369,0
2541,stored,38,DB1_Lumidgm:38:8,DB1_Lumidgm/38_2_8.wsq,genuine,26,19,26,,True,44.53224,1210
2541,derive,38,DB1_Lumidgm:38:8,DB1_Lumidgm/38_2_8.wsq,genuine,26,19,26,,True,44.088182,1210
2542,derive,58,DB1_Lumidgm:58:1,DB1_Lumidgm/88_1_2.wsq,impostor,8,19,8,,False,52.019873,0
2542,stored,58,DB1_Lumidgm:58:1,DB1_Lumidgm/88_1_2.wsq,impostor,8,19,8,,False,51.464775,0
2543,stored,25,DB1_Lumidgm:25:10,DB1_Lumidgm/23_1_10.wsq,impostor,9,19,9,,False,33.176749,0
2543,derive,25,DB1_Lumidgm:25:10,DB1_Lumidgm/23_1_10.wsq,impostor,9,19,9,,False,34.204869,0
2544,derive,54,DB1_Lumidgm:54:4,DB1_Lumidgm/54_3_4.wsq,genuine,55,19,55,,True,42.540833,1210
2544,stored,54,DB1_Lumidgm:54:4,DB1_Lumidgm/54_3_4.wsq,genuine,55,19,55,,True,41.416076,1210
2545,stored,65,DB1_Lumidgm:65:10,DB1_Lumidgm/65_4_10.wsq,genuine,42,19,42,,True,45.484233,1211
2545,derive,65,DB1_Lumidgm:65:10,DB1_Lumidgm/65_4_10.wsq,genuine,42,19,42,,True,48.724357,1211
2546,derive,67,DB1_Lumidgm:67:8,DB1_Lumidgm/46_1_6.wsq,impostor,6,19,6,,False,39.850616,0
2546,stored,67,DB1_Lumidgm:67:8,DB1_Lumidgm/46_1_6.wsq,impostor,6,19,6,,False,40.889739,0
2547,stored,84,DB1_Lumidgm:84:9,DB1_Lumidgm/47_1_4.wsq,impostor,8,19,8,,False,36.163883,0
2547,derive,84,DB1_Lumidgm:84:9,DB1_Lumidgm/47_1_4.wsq,impostor,8,19,8,,False,40.829984,0
2548,derive,22,DB1_Lumidgm:22:7,DB1_Lumidgm/22_4_7.wsq,genuine,73,19,73,,True,90.997628,1210
2548,stored,22,DB1_Lumidgm:22:7,DB1_Lumidgm/22_4_7.wsq,genuine,73,19,73,,True,69.646068,1210
2549,stored,38,DB1_Lumidgm:38:3,DB1_Lumidgm/54_1_1.wsq,impostor,7,19,7,,False,38.285461,0
2549,derive,38,DB1_Lumidgm:38:3,DB1_Lumidgm/54_1_1.wsq,impostor,7,19,7,,False,48.023873,0
2550,derive,77,DB1_Lumidgm:77:7,DB1_Lumidgm/92_1_6.wsq,impostor,4,19,4,,False,44.281659,0
2550,stored,77,DB1_Lumidgm:77:7,DB1_Lumidgm/92_1_6.wsq,impostor,4,19,4,,False,47.158634,0
2551,stored,50,DB1_Lumidgm:50:7,DB1_Lumidgm/66_1_5.wsq,impostor,9,19,9,,False,44.779043,0
2551,derive,50,DB1_Lumidgm:50:7,DB1_Lumidgm/66_1_5.wsq,impostor,9,19,9,,False,48.120036,0
2552,derive,66,DB1_Lumidgm:66:3,DB1_Lumidgm/92_1_4.wsq,impostor,8,19,8,,False,72.968507,0
2552,stored,66,DB1_Lumidgm:66:3,DB1_Lumidgm/92_1_4.wsq,impostor,8,19,8,,False,86.419034,0
2553,stored,92,DB1_Lumidgm:92:5,DB1_Lumidgm/92_4_5.wsq,genuine,25,19,25,,True,72.390062,1210
2553,derive,92,DB1_Lumidgm:92:5,DB1_Lumidgm/92_4_5.wsq,genuine,25,19,25,,True,40.607043,1210
2554,derive,49,DB1_Lumidgm:49:3,DB1_Lumidgm/29_1_2.wsq,impostor,0,19,0,,False,45.787029,0
2554,stored,49,DB1_Lumidgm:49:3,DB1_Lumidgm/29_1_2.wsq,impostor,0,19,0,,False,51.372224,0
2555,stored,64,DB1_Lumidgm:64:7,DB1_Lumidgm/48_1_4.wsq,impostor,7,19,7,,False,40.493664,0
2555,derive,64,DB1_Lumidgm:64:7,DB1_Lumidgm/48_1_4.wsq,impostor,7,19,7,,False,39.787404,0
2556,derive,47,DB1_Lumidgm:47:3,DB1_Lumidgm/24_1_9.wsq,impostor,13,19,13,,False,36.533075,0
2556,stored,47,DB1_Lumidgm:47:3,DB1_Lumidgm/24_1_9.wsq,impostor,13,19,13,,False,36.909507,0
2557,stored,50,DB1_Lumidgm:50:4,DB1_Lumidgm/30_1_9.wsq,impostor,6,19,6,,False,44.069715,0
2557,derive,50,DB1_Lumidgm:50:4,DB1_Lumidgm/30_1_9.wsq,impostor,6,19,6,,False,61.43603,0
2558,derive,51,DB1_Lumidgm:51:9,DB1_Lumidgm/30_1_4.wsq,impostor,10,19,10,,False,50.792287,0
2558,stored,51,DB1_Lumidgm:51:9,DB1_Lumidgm/30_1_4.wsq,impostor,10,19,10,,False,57.297097,0
2559,stored,65,DB1_Lumidgm:65:6,DB1_Lumidgm/67_1_5.wsq,impostor,5,19,5,,False,53.789501,0
2559,derive,65,DB1_Lumidgm:65:6,DB1_Lumidgm/67_1_5.wsq,impostor,5,19,5,,False,43.702145,0
2560,derive,30,DB1_Lumidgm:30:8,DB1_Lumidgm/30_2_8.wsq,genuine,114,19,114,,True,50.116102,1210
2560,stored,30,DB1_Lumidgm:30:8,DB1_Lumidgm/30_2_8.wsq,genuine,114,19,114,,True,52.465956,1210
2561,stored,42,DB1_Lumidgm:42:9,DB1_Lumidgm/42_4_9.wsq,genuine,55,19,55,,True,63.071422,1210
2561,derive,42,DB1_Lumidgm:42:9,DB1_Lumidgm/42_4_9.wsq,genuine,55,19,55,,True,67.277915,1210
2562,derive,46,DB1_Lumidgm:46:10,DB1_Lumidgm/28_1_3.wsq,impostor,6,19,6,,False,44.205977,0
2562,stored,46,DB1_Lumidgm:46:10,DB1_Lumidgm/28_1_3.wsq,impostor,6,19,6,,False,39.870503,0
2563,stored,60,DB1_Lumidgm:60:8,DB1_Lumidgm/21_1_4.wsq,impostor,6,19,6,,False,41.145098,0
2563,derive,60,DB1_Lumidgm:60:8,DB1_Lumidgm/21_1_4.wsq,impostor,6,19,6,,False,37.021478,0
2564,derive,73,DB1_Lumidgm:73:2,DB1_Lumidgm/65_1_10.wsq,impostor,7,19,7,,False,41.130264,0
2564,stored,73,DB1_Lumidgm:73:2,DB1_Lumidgm/65_1_10.wsq,impostor,7,19,7,,False,40.989544,0
2565,stored,71,DB1_Lumidgm:71:8,DB1_Lumidgm/99_1_6.wsq,impostor,5,19,5,,False,38.99128,0
2565,derive,71,DB1_Lumidgm:71:8,DB1_Lumidgm/99_1_6.wsq,impostor,5,19,5,,False,39.117937,0
2566,derive,88,DB1_Lumidgm:88:3,DB1_Lumidgm/49_1_4.wsq,impostor,4,19,4,,False,35.940629,0
2566,stored,88,DB1_Lumidgm:88:3,DB1_Lumidgm/49_1_4.wsq,impostor,4,19,4,,False,35.300108,0
2567,stored,40,DB1_Lumidgm:40:2,DB1_Lumidgm/94_1_5.wsq,impostor,5,19,5,,False,43.093113,0
2567,derive,40,DB1_Lumidgm:40:2,DB1_Lumidgm/94_1_5.wsq,impostor,5,19,5,,False,46.085123,0
2568,derive,35,DB1_Lumidgm:35:7,DB1_Lumidgm/88_1_7.wsq,impostor,4,19,4,,False,49.326235,0
2568,stored,35,DB1_Lumidgm:35:7,DB1_Lumidgm/88_1_7.wsq,impostor,4,19,4,,False,53.525968,0
2569,stored,75,DB1_Lumidgm:75:8,DB1_Lumidgm/59_1_3.wsq,impostor,5,19,5,,False,48.907073,0
2569,derive,75,DB1_Lumidgm:75:8,DB1_Lumidgm/59_1_3.wsq,impostor,5,19,5,,False,60.688107,0
2570,derive,81,DB1_Lumidgm:81:4,DB1_Lumidgm/81_2_4.wsq,genuine,75,19,75,,True,116.49027,1210
2570,stored,81,DB1_Lumidgm:81:4,DB1_Lumidgm/81_2_4.wsq,genuine,75,19,75,,True,84.064194,1210
2571,stored,33,DB1_Lumidgm:33:10,DB1_Lumidgm/24_1_9.wsq,impostor,5,19,5,,False,62.360496,0
2571,derive,33,DB1_Lumidgm:33:10,DB1_Lumidgm/24_1_9.wsq,impostor,5,19,5,,False,45.976156,0
2572,derive,79,DB1_Lumidgm:79:8,DB1_Lumidgm/33_1_9.wsq,impostor,10,19,10,,False,54.23814,0
2572,stored,79,DB1_Lumidgm:79:8,DB1_Lumidgm/33_1_9.wsq,impostor,10,19,10,,False,94.660896,0
2573,stored,55,DB1_Lumidgm:55:6,DB1_Lumidgm/39_1_5.wsq,impostor,4,19,4,,False,42.751629,0
2573,derive,55,DB1_Lumidgm:55:6,DB1_Lumidgm/39_1_5.wsq,impostor,4,19,4,,False,35.561001,0
2574,derive,58,DB1_Lumidgm:58:7,DB1_Lumidgm/49_1_2.wsq,impostor,6,19,6,,False,35.089395,0
2574,stored,58,DB1_Lumidgm:58:7,DB1_Lumidgm/49_1_2.wsq,impostor,6,19,6,,False,37.44425,0
2575,stored,67,DB1_Lumidgm:67:1,DB1_Lumidgm/99_1_1.wsq,impostor,9,19,9,,False,39.371041,0
2575,derive,67,DB1_Lumidgm:67:1,DB1_Lumidgm/99_1_1.wsq,impostor,9,19,9,,False,37.551654,0
2576,derive,53,DB1_Lumidgm:53:6,DB1_Lumidgm/39_1_10.wsq,impostor,5,19,5,,False,32.744282,0
2576,stored,53,DB1_Lumidgm:53:6,DB1_Lumidgm/39_1_10.wsq,impostor,5,19,5,,False,33.067438,0
2577,stored,89,DB1_Lumidgm:89:1,DB1_Lumidgm/86_1_6.wsq,impostor,8,19,8,,False,40.794187,0
2577,derive,89,DB1_Lumidgm:89:1,DB1_Lumidgm/86_1_6.wsq,impostor,8,19,8,,False,40.825291,0
2578,derive,44,DB1_Lumidgm:44:6,DB1_Lumidgm/49_1_7.wsq,impostor,14,19,14,,False,37.776986,0
2578,stored,44,DB1_Lumidgm:44:6,DB1_Lumidgm/49_1_7.wsq,impostor,14,19,14,,False,37.515733,0
2579,stored,77,DB1_Lumidgm:77:3,DB1_Lumidgm/67_1_2.wsq,impostor,7,19,7,,False,35.171261,0
2579,derive,77,DB1_Lumidgm:77:3,DB1_Lumidgm/67_1_2.wsq,impostor,7,19,7,,False,80.426354,0
2580,derive,30,DB1_Lumidgm:30:4,DB1_Lumidgm/96_1_1.wsq,impostor,11,19,11,,False,42.093925,0
2580,stored,30,DB1_Lumidgm:30:4,DB1_Lumidgm/96_1_1.wsq,impostor,11,19,11,,False,106.701973,0
2581,stored,100,DB1_Lumidgm:100:6,DB1_Lumidgm/96_1_9.wsq,impostor,12,19,12,,False,37.757754,0
2581,derive,100,DB1_Lumidgm:100:6,DB1_Lumidgm/96_1_9.wsq,impostor,12,19,12,,False,99.843124,0
2582,derive,66,DB1_Lumidgm:66:4,DB1_Lumidgm/67_1_4.wsq,impostor,10,19,10,,False,34.490253,0
2582,stored,66,DB1_Lumidgm:66:4,DB1_Lumidgm/67_1_4.wsq,impostor,10,19,10,,False,34.861793,0
2583,stored,72,DB1_Lumidgm:72:3,DB1_Lumidgm/25_1_1.wsq,impostor,20,19,20,,True,39.143167,1210
2583,derive,72,DB1_Lumidgm:72:3,DB1_Lumidgm/25_1_1.wsq,impostor,20,19,20,,True,48.222487,1210
2584,derive,63,DB1_Lumidgm:63:9,DB1_Lumidgm/94_1_1.wsq,impostor,5,19,5,,False,44.510513,0
2584,stored,63,DB1_Lumidgm:63:9,DB1_Lumidgm/94_1_1.wsq,impostor,5,19,5,,False,46.610605,0
2585,stored,44,DB1_Lumidgm:44:6,DB1_Lumidgm/35_1_10.wsq,impostor,8,19,8,,False,38.514161,0
2585,derive,44,DB1_Lumidgm:44:6,DB1_Lumidgm/35_1_10.wsq,impostor,8,19,8,,False,37.442912,0
2586,derive,64,DB1_Lumidgm:64:2,DB1_Lumidgm/47_1_1.wsq,impostor,5,19,5,,False,37.930395,0
2586,stored,64,DB1_Lumidgm:64:2,DB1_Lumidgm/47_1_1.wsq,impostor,5,19,5,,False,39.228512,0
2587,stored,66,DB1_Lumidgm:66:2,DB1_Lumidgm/71_1_1.wsq,impostor,5,19,5,,False,39.473914,0
2587,derive,66,DB1_Lumidgm:66:2,DB1_Lumidgm/71_1_1.wsq,impostor,5,19,5,,False,40.543447,0
2588,derive,62,DB1_Lumidgm:62:4,DB1_Lumidgm/90_1_9.wsq,impostor,7,19,7,,False,41.655682,0
2588,stored,62,DB1_Lumidgm:62:4,DB1_Lumidgm/90_1_9.wsq,impostor,7,19,7,,False,41.408921,0
2589,stored,88,DB1_Lumidgm:88:10,DB1_Lumidgm/88_2_10.wsq,genuine,50,19,50,,True,51.153114,1211
2589,derive,88,DB1_Lumidgm:88:10,DB1_Lumidgm/88_2_10.wsq,genuine,50,19,50,,True,50.248639,1211
2590,derive,72,DB1_Lumidgm:72:1,DB1_Lumidgm/56_1_2.wsq,impostor,6,19,6,,False,37.120987,0
2590,stored,72,DB1_Lumidgm:72:1,DB1_Lumidgm/56_1_2.wsq,impostor,6,19,6,,False,36.766408,0
2591,stored,89,DB1_Lumidgm:89:9,DB1_Lumidgm/95_1_5.wsq,impostor,12,19,12,,False,42.25003,0
2591,derive,89,DB1_Lumidgm:89:9,DB1_Lumidgm/95_1_5.wsq,impostor,12,19,12,,False,43.376575,0
2592,derive,49,DB1_Lumidgm:49:5,DB1_Lumidgm/49_2_5.wsq,genuine,72,19,72,,True,44.588287,1210
2592,stored,49,DB1_Lumidgm:49:5,DB1_Lumidgm/49_2_5.wsq,genuine,72,19,72,,True,39.53562,1210
2593,stored,59,DB1_Lumidgm:59:4,DB1_Lumidgm/24_1_5.wsq,impostor,9,19,9,,False,32.973351,0
2593,derive,59,DB1_Lumidgm:59:4,DB1_Lumidgm/24_1_5.wsq,impostor,9,19,9,,False,32.862562,0
2594,derive,51,DB1_Lumidgm:51:7,DB1_Lumidgm/84_1_4.wsq,impostor,8,19,8,,False,35.920054,0
2594,stored,51,DB1_Lumidgm:51:7,DB1_Lumidgm/84_1_4.wsq,impostor,8,19,8,,False,36.657109,0
2595,stored,65,DB1_Lumidgm:65:2,DB1_Lumidgm/48_1_5.wsq,impostor,5,19,5,,False,40.059012,0
2595,derive,65,DB1_Lumidgm:65:2,DB1_Lumidgm/48_1_5.wsq,impostor,5,19,5,,False,42.728211,0
2596,derive,81,DB1_Lumidgm:81:10,DB1_Lumidgm/67_1_2.wsq,impostor,5,19,5,,False,36.629872,0
2596,stored,81,DB1_Lumidgm:81:10,DB1_Lumidgm/67_1_2.wsq,impostor,5,19,5,,False,35.23168,0
2597,stored,29,DB1_Lumidgm:29:6,DB1_Lumidgm/29_3_6.wsq,genuine,254,19,254,,True,63.748206,1210
2597,derive,29,DB1_Lumidgm:29:6,DB1_Lumidgm/29_3_6.wsq,genuine,254,19,254,,True,63.406179,1210
2598,derive,82,DB1_Lumidgm:82:2,DB1_Lumidgm/23_1_8.wsq,impostor,6,19,6,,False,35.945069,0
2598,stored,82,DB1_Lumidgm:82:2,DB1_Lumidgm/23_1_8.wsq,impostor,6,19,6,,False,37.997215,0
2599,stored,23,DB1_Lumidgm:23:7,DB1_Lumidgm/45_1_8.wsq,impostor,8,19,8,,False,43.315217,0
2599,derive,23,DB1_Lumidgm:23:7,DB1_Lumidgm/45_1_8.wsq,impostor,8,19,8,,False,39.44701,0
2600,derive,83,DB1_Lumidgm:83:3,DB1_Lumidgm/90_1_8.wsq,impostor,7,19,7,,False,37.889556,0
2600,stored,83,DB1_Lumidgm:83:3,DB1_Lumidgm/90_1_8.wsq,impostor,7,19,7,,False,37.901921,0
2601,stored,82,DB1_Lumidgm:82:10,DB1_Lumidgm/82_2_10.wsq,genuine,82,19,82,,True,51.201082,1211
2601,derive,82,DB1_Lumidgm:82:10,DB1_Lumidgm/82_2_10.wsq,genuine,82,19,82,,True,41.19144,1211
2602,derive,61,DB1_Lumidgm:61:9,DB1_Lumidgm/69_1_6.wsq,impostor,4,19,4,,False,38.310593,0
2602,stored,61,DB1_Lumidgm:61:9,DB1_Lumidgm/69_1_6.wsq,impostor,4,19,4,,False,38.114332,0
2603,stored,92,DB1_Lumidgm:92:4,DB1_Lumidgm/47_1_2.wsq,impostor,8,19,8,,False,39.601593,0
2603,derive,92,DB1_Lumidgm:92:4,DB1_Lumidgm/47_1_2.wsq,impostor,8,19,8,,False,41.711442,0
2604,derive,92,DB1_Lumidgm:92:7,DB1_Lumidgm/92_4_7.wsq,genuine,98,19,98,,True,59.118346,1210
2604,stored,92,DB1_Lumidgm:92:7,DB1_Lumidgm/92_4_7.wsq,genuine,98,19,98,,True,61.56481,1210
2605,stored,29,DB1_Lumidgm:29:6,DB1_Lumidgm/89_1_7.wsq,impostor,6,19,6,,False,53.645438,0
2605,derive,29,DB1_Lumidgm:29:6,DB1_Lumidgm/89_1_7.wsq,impostor,6,19,6,,False,53.160699,0
2606,derive,66,DB1_Lumidgm:66:4,DB1_Lumidgm/64_1_3.wsq,impostor,6,19,6,,False,44.534085,0
2606,stored,66,DB1_Lumidgm:66:4,DB1_Lumidgm/64_1_3.wsq,impostor,6,19,6,,False,40.805198,0
2607,stored,57,DB1_Lumidgm:57:7,DB1_Lumidgm/53_1_8.wsq,impostor,7,19,7,,False,43.566722,0
2607,derive,57,DB1_Lumidgm:57:7,DB1_Lumidgm/53_1_8.wsq,impostor,7,19,7,,False,38.573324,0
2608,derive,43,DB1_Lumidgm:43:9,DB1_Lumidgm/97_1_7.wsq,impostor,9,19,9,,False,37.666668,0
2608,stored,43,DB1_Lumidgm:43:9,DB1_Lumidgm/97_1_7.wsq,impostor,9,19,9,,False,40.06098,0
2609,stored,56,DB1_Lumidgm:56:7,DB1_Lumidgm/62_1_1.wsq,impostor,9,19,9,,False,66.010218,0
2609,derive,56,DB1_Lumidgm:56:7,DB1_Lumidgm/62_1_1.wsq,impostor,9,19,9,,False,50.430284,0
2610,derive,44,DB1_Lumidgm:44:9,DB1_Lumidgm/73_1_1.wsq,impostor,8,19,8,,False,44.143721,0
2610,stored,44,DB1_Lumidgm:44:9,DB1_Lumidgm/73_1_1.wsq,impostor,8,19,8,,False,38.245072,0
2611,stored,64,DB1_Lumidgm:64:9,DB1_Lumidgm/53_1_2.wsq,impostor,5,19,5,,False,51.910645,0
2611,derive,64,DB1_Lumidgm:64:9,DB1_Lumidgm/53_1_2.wsq,impostor,5,19,5,,False,60.331937,0
2612,derive,92,DB1_Lumidgm:92:3,DB1_Lumidgm/36_1_2.wsq,impostor,4,19,4,,False,62.132525,0
2612,stored,92,DB1_Lumidgm:92:3,DB1_Lumidgm/36_1_2.wsq,impostor,4,19,4,,False,41.546847,0
2613,stored,87,DB1_Lumidgm:87:10,DB1_Lumidgm/80_1_6.wsq,impostor,7,19,7,,False,41.196902,0
2613,derive,87,DB1_Lumidgm:87:10,DB1_Lumidgm/80_1_6.wsq,impostor,7,19,7,,False,46.137838,0
2614,derive,56,DB1_Lumidgm:56:7,DB1_Lumidgm/96_1_8.wsq,impostor,8,19,8,,False,50.698018,0
2614,stored,56,DB1_Lumidgm:56:7,DB1_Lumidgm/96_1_8.wsq,impostor,8,19,8,,False,36.980037,0
2615,stored,77,DB1_Lumidgm:77:2,DB1_Lumidgm/25_1_8.wsq,impostor,14,19,14,,False,43.277116,0
2615,derive,77,DB1_Lumidgm:77:2,DB1_Lumidgm/25_1_8.wsq,impostor,14,19,14,,False,37.045927,0
2616,derive,32,DB1_Lumidgm:32:2,DB1_Lumidgm/30_1_1.wsq,impostor,5,19,5,,False,39.584919,0
2616,stored,32,DB1_Lumidgm:32:2,DB1_Lumidgm/30_1_1.wsq,impostor,5,19,5,,False,38.804999,0
2617,stored,74,DB1_Lumidgm:74:8,DB1_Lumidgm/74_2_8.wsq,genuine,446,19,446,,True,69.049717,1210
2617,derive,74,DB1_Lumidgm:74:8,DB1_Lumidgm/74_2_8.wsq,genuine,446,19,446,,True,66.113903,1210
2618,derive,80,DB1_Lumidgm:80:1,DB1_Lumidgm/96_1_5.wsq,impostor,13,19,13,,False,38.256049,0
2618,stored,80,DB1_Lumidgm:80:1,DB1_Lumidgm/96_1_5.wsq,impostor,13,19,13,,False,36.151178,0
2619,stored,43,DB1_Lumidgm:43:7,DB1_Lumidgm/33_1_9.wsq,impostor,11,19,11,,False,43.205049,0
2619,derive,43,DB1_Lumidgm:43:7,DB1_Lumidgm/33_1_9.wsq,impostor,11,19,11,,False,39.702817,0
2620,derive,37,DB1_Lumidgm:37:10,DB1_Lumidgm/92_1_9.wsq,impostor,4,19,4,,False,42.261539,0
2620,stored,37,DB1_Lumidgm:37:10,DB1_Lumidgm/92_1_9.wsq,impostor,4,19,4,,False,42.589258,0
2621,stored,69,DB1_Lumidgm:69:4,DB1_Lumidgm/68_1_9.wsq,impostor,6,19,6,,False,40.024881,0
2621,derive,69,DB1_Lumidgm:69:4,DB1_Lumidgm/68_1_9.wsq,impostor,6,19,6,,False,40.399212,0
2622,derive,46,DB1_Lumidgm:46:7,DB1_Lumidgm/83_1_4.wsq,impostor,4,19,4,,False,39.092674,0
2622,stored,46,DB1_Lumidgm:46:7,DB1_Lumidgm/83_1_4.wsq,impostor,4,19,4,,False,38.956803,0
2623,stored,97,DB1_Lumidgm:97:1,DB1_Lumidgm/90_1_7.wsq,impostor,6,19,6,,False,42.267579,0
2623,derive,97,DB1_Lumidgm:97:1,DB1_Lumidgm/90_1_7.wsq,impostor,6,19,6,,False,40.20713,0
2624,derive,49,DB1_Lumidgm:49:3,DB1_Lumidgm/66_1_2.wsq,impostor,3,19,3,,False,37.53609,0
2624,stored,49,DB1_Lumidgm:49:3,DB1_Lumidgm/66_1_2.wsq,impostor,3,19,3,,False,47.397438,0
2625,stored,48,DB1_Lumidgm:48:4,DB1_Lumidgm/51_1_7.wsq,impostor,10,19,10,,False,58.433128,0
2625,derive,48,DB1_Lumidgm:48:4,DB1_Lumidgm/51_1_7.wsq,impostor,10,19,10,,False,39.148158,0
2626,derive,54,DB1_Lumidgm:54:1,DB1_Lumidgm/60_1_5.wsq,impostor,6,19,6,,False,40.930607,0
2626,stored,54,DB1_Lumidgm:54:1,DB1_Lumidgm/60_1_5.wsq,impostor,6,19,6,,False,39.669041,0
2627,stored,71,DB1_Lumidgm:71:9,DB1_Lumidgm/77_1_4.wsq,impostor,6,19,6,,False,37.538379,0
2627,derive,71,DB1_Lumidgm:71:9,DB1_Lumidgm/77_1_4.wsq,impostor,6,19,6,,False,38.648776,0
2628,derive,30,DB1_Lumidgm:30:8,DB1_Lumidgm/45_1_2.wsq,impostor,9,19,9,,False,38.029585,0
2628,stored,30,DB1_Lumidgm:30:8,DB1_Lumidgm/45_1_2.wsq,impostor,9,19,9,,False,41.775198,0
2629,stored,84,DB1_Lumidgm:84:4,DB1_Lumidgm/65_1_8.wsq,impostor,7,19,7,,False,44.821807,0
2629,derive,84,DB1_Lumidgm:84:4,DB1_Lumidgm/65_1_8.wsq,impostor,7,19,7,,False,44.235966,0
2630,derive,83,DB1_Lumidgm:83:5,DB1_Lumidgm/77_1_10.wsq,impostor,7,19,7,,False,36.041674,0
2630,stored,83,DB1_Lumidgm:83:5,DB1_Lumidgm/77_1_10.wsq,impostor,7,19,7,,False,38.018553,0
2631,stored,93,DB1_Lumidgm:93:6,DB1_Lumidgm/42_1_4.wsq,impostor,4,19,4,,False,37.254216,0
2631,derive,93,DB1_Lumidgm:93:6,DB1_Lumidgm/42_1_4.wsq,impostor,4,19,4,,False,36.291737,0
2632,derive,47,DB1_Lumidgm:47:8,DB1_Lumidgm/97_1_8.wsq,impostor,10,19,10,,False,37.573897,0
2632,stored,47,DB1_Lumidgm:47:8,DB1_Lumidgm/97_1_8.wsq,impostor,10,19,10,,False,38.097814,0
2633,stored,87,DB1_Lumidgm:87:5,DB1_Lumidgm/24_1_9.wsq,impostor,14,19,14,,False,35.500143,0
2633,derive,87,DB1_Lumidgm:87:5,DB1_Lumidgm/24_1_9.wsq,impostor,14,19,14,,False,37.337314,0
2634,derive,60,DB1_Lumidgm:60:8,DB1_Lumidgm/86_1_1.wsq,impostor,6,19,6,,False,40.669275,0
2634,stored,60,DB1_Lumidgm:60:8,DB1_Lumidgm/86_1_1.wsq,impostor,6,19,6,,False,37.425349,0
2635,stored,53,DB1_Lumidgm:53:4,DB1_Lumidgm/37_1_7.wsq,impostor,4,19,4,,False,38.783879,0
2635,derive,53,DB1_Lumidgm:53:4,DB1_Lumidgm/37_1_7.wsq,impostor,4,19,4,,False,38.016257,0
2636,derive,78,DB1_Lumidgm:78:6,DB1_Lumidgm/78_2_6.wsq,genuine,59,19,59,,True,43.620756,1210
2636,stored,78,DB1_Lumidgm:78:6,DB1_Lumidgm/78_2_6.wsq,genuine,59,19,59,,True,38.407672,1210
2637,stored,71,DB1_Lumidgm:71:10,DB1_Lumidgm/67_1_8.wsq,impostor,7,19,7,,False,38.114042,0
2637,derive,71,DB1_Lumidgm:71:10,DB1_Lumidgm/67_1_8.wsq,impostor,7,19,7,,False,37.832549,0
2638,derive,43,DB1_Lumidgm:43:2,DB1_Lumidgm/43_4_2.wsq,genuine,44,19,44,,True,66.225782,1210
2638,stored,43,DB1_Lumidgm:43:2,DB1_Lumidgm/43_4_2.wsq,genuine,44,19,44,,True,54.596124,1210
2639,stored,32,DB1_Lumidgm:32:4,DB1_Lumidgm/25_1_9.wsq,impostor,8,19,8,,False,39.338073,0
2639,derive,32,DB1_Lumidgm:32:4,DB1_Lumidgm/25_1_9.wsq,impostor,8,19,8,,False,42.481972,0
2640,derive,42,DB1_Lumidgm:42:7,DB1_Lumidgm/82_1_1.wsq,impostor,12,19,12,,False,49.221052,0
2640,stored,42,DB1_Lumidgm:42:7,DB1_Lumidgm/82_1_1.wsq,impostor,12,19,12,,False,39.331796,0
2641,stored,86,DB1_Lumidgm:86:5,DB1_Lumidgm/72_1_5.wsq,impostor,15,19,15,,False,38.756907,0
2641,derive,86,DB1_Lumidgm:86:5,DB1_Lumidgm/72_1_5.wsq,impostor,15,19,15,,False,48.364161,0
2642,derive,67,DB1_Lumidgm:67:4,DB1_Lumidgm/33_1_3.wsq,impostor,10,19,10,,False,38.423738,0
2642,stored,67,DB1_Lumidgm:67:4,DB1_Lumidgm/33_1_3.wsq,impostor,10,19,10,,False,44.720095,0
2643,stored,48,DB1_Lumidgm:48:6,DB1_Lumidgm/27_1_2.wsq,impostor,12,19,12,,False,36.436004,0
2643,derive,48,DB1_Lumidgm:48:6,DB1_Lumidgm/27_1_2.wsq,impostor,12,19,12,,False,36.236854,0
2644,derive,43,DB1_Lumidgm:43:9,DB1_Lumidgm/78_1_8.wsq,impostor,10,19,10,,False,38.521484,0
2644,stored,43,DB1_Lumidgm:43:9,DB1_Lumidgm/78_1_8.wsq,impostor,10,19,10,,False,39.526766,0
2645,stored,69,DB1_Lumidgm:69:2,DB1_Lumidgm/89_1_9.wsq,impostor,10,19,10,,False,50.609803,0
2645,derive,69,DB1_Lumidgm:69:2,DB1_Lumidgm/89_1_9.wsq,impostor,10,19,10,,False,53.616736,0
2646,derive,71,DB1_Lumidgm:71:10,DB1_Lumidgm/27_1_9.wsq,impostor,7,19,7,,False,45.533537,0
2646,stored,71,DB1_Lumidgm:71:10,DB1_Lumidgm/27_1_9.wsq,impostor,7,19,7,,False,42.072516,0
2647,stored,24,DB1_Lumidgm:24:1,DB1_Lumidgm/44_1_4.wsq,impostor,6,19,6,,False,44.508177,0
2647,derive,24,DB1_Lumidgm:24:1,DB1_Lumidgm/44_1_4.wsq,impostor,6,19,6,,False,42.884286,0
2648,derive,35,DB1_Lumidgm:35:7,DB1_Lumidgm/86_1_10.wsq,impostor,8,19,8,,False,40.833039,0
2648,stored,35,DB1_Lumidgm:35:7,DB1_Lumidgm/86_1_10.wsq,impostor,8,19,8,,False,41.748294,0
2649,stored,92,DB1_Lumidgm:92:2,DB1_Lumidgm/62_1_1.wsq,impostor,13,19,13,,False,56.784469,0
2649,derive,92,DB1_Lumidgm:92:2,DB1_Lumidgm/62_1_1.wsq,impostor,13,19,13,,False,50.886454,0
2650,derive,91,DB1_Lumidgm:91:9,DB1_Lumidgm/27_1_5.wsq,impostor,4,19,4,,False,44.930336,0
2650,stored,91,DB1_Lumidgm:91:9,DB1_Lumidgm/27_1_5.wsq,impostor,4,19,4,,False,43.721231,0
2651,stored,47,DB1_Lumidgm:47:8,DB1_Lumidgm/28_1_1.wsq,impostor,8,19,8,,False,48.47367,0
2651,derive,47,DB1_Lumidgm:47:8,DB1_Lumidgm/28_1_1.wsq,impostor,8,19,8,,False,46.879257,0
2652,derive,48,DB1_Lumidgm:48:4,DB1_Lumidgm/87_1_9.wsq,impostor,8,19,8,,False,41.01031,0
2652,stored,48,DB1_Lumidgm:48:4,DB1_Lumidgm/87_1_9.wsq,impostor,8,19,8,,False,42.447479,0
2653,stored,52,DB1_Lumidgm:52:6,DB1_Lumidgm/21_1_1.wsq,impostor,5,19,5,,False,48.289654,0
2653,derive,52,DB1_Lumidgm:52:6,DB1_Lumidgm/21_1_1.wsq,impostor,5,19,5,,False,43.284709,0
2654,derive,43,DB1_Lumidgm:43:8,DB1_Lumidgm/26_1_5.wsq,impostor,4,19,4,,False,36.190923,0
2654,stored,43,DB1_Lumidgm:43:8,DB1_Lumidgm/26_1_5.wsq,impostor,4,19,4,,False,36.562005,0
2655,stored,94,DB1_Lumidgm:94:5,DB1_Lumidgm/52_1_8.wsq,impostor,14,19,14,,False,45.037462,0
2655,derive,94,DB1_Lumidgm:94:5,DB1_Lumidgm/52_1_8.wsq,impostor,14,19,14,,False,48.405345,0
2656,derive,26,DB1_Lumidgm:26:10,DB1_Lumidgm/96_1_8.wsq,impostor,6,19,6,,False,37.633872,0
2656,stored,26,DB1_Lumidgm:26:10,DB1_Lumidgm/96_1_8.wsq,impostor,6,19,6,,False,36.550477,0
2657,stored,22,DB1_Lumidgm:22:3,DB1_Lumidgm/55_1_4.wsq,impostor,5,19,5,,False,44.654403,0
2657,derive,22,DB1_Lumidgm:22:3,DB1_Lumidgm/55_1_4.wsq,impostor,5,19,5,,False,46.616201,0
2658,derive,32,DB1_Lumidgm:32:6,DB1_Lumidgm/32_4_6.wsq,genuine,89,19,89,,True,41.521988,1210
2658,stored,32,DB1_Lumidgm:32:6,DB1_Lumidgm/32_4_6.wsq,genuine,89,19,89,,True,38.939725,1210
2659,stored,64,DB1_Lumidgm:64:1,DB1_Lumidgm/45_1_8.wsq,impostor,5,19,5,,False,40.639416,0
2659,derive,64,DB1_Lumidgm:64:1,DB1_Lumidgm/45_1_8.wsq,impostor,5,19,5,,False,39.414245,0
2660,derive,86,DB1_Lumidgm:86:9,DB1_Lumidgm/64_1_6.wsq,impostor,9,19,9,,False,47.146785,0
2660,stored,86,DB1_Lumidgm:86:9,DB1_Lumidgm/64_1_6.wsq,impostor,9,19,9,,False,44.548492,0
2661,stored,36,DB1_Lumidgm:36:10,DB1_Lumidgm/65_1_6.wsq,impostor,5,19,5,,False,45.88127,0
2661,derive,36,DB1_Lumidgm:36:10,DB1_Lumidgm/65_1_6.wsq,impostor,5,19,5,,False,47.866017,0
2662,derive,73,DB1_Lumidgm:73:9,DB1_Lumidgm/57_1_9.wsq,impostor,4,19,4,,False,37.975053,0
2662,stored,73,DB1_Lumidgm:73:9,DB1_Lumidgm/57_1_9.wsq,impostor,4,19,4,,False,40.394344,0
2663,stored,45,DB1_Lumidgm:45:10,DB1_Lumidgm/29_1_6.wsq,impostor,6,19,6,,False,45.175505,0
2663,derive,45,DB1_Lumidgm:45:10,DB1_Lumidgm/29_1_6.wsq,impostor,6,19,6,,False,44.682471,0
2664,derive,40,DB1_Lumidgm:40:5,DB1_Lumidgm/35_1_3.wsq,impostor,6,19,6,,False,38.592838,0
2664,stored,40,DB1_Lumidgm:40:5,DB1_Lumidgm/35_1_3.wsq,impostor,6,19,6,,False,40.294343,0
2665,stored,42,DB1_Lumidgm:42:9,DB1_Lumidgm/30_1_2.wsq,impostor,3,19,3,,False,36.22987,0
2665,derive,42,DB1_Lumidgm:42:9,DB1_Lumidgm/30_1_2.wsq,impostor,3,19,3,,False,39.012095,0
2666,derive,95,DB1_Lumidgm:95:6,DB1_Lumidgm/38_1_10.wsq,impostor,6,19,6,,False,42.826265,0
2666,stored,95,DB1_Lumidgm:95:6,DB1_Lumidgm/38_1_10.wsq,impostor,6,19,6,,False,38.034932,0
2667,stored,28,DB1_Lumidgm:28:8,DB1_Lumidgm/77_1_9.wsq,impostor,8,19,8,,False,37.547112,0
2667,derive,28,DB1_Lumidgm:28:8,DB1_Lumidgm/77_1_9.wsq,impostor,8,19,8,,False,38.688699,0
2668,derive,77,DB1_Lumidgm:77:5,DB1_Lumidgm/81_1_3.wsq,impostor,8,19,8,,False,38.640795,0
2668,stored,77,DB1_Lumidgm:77:5,DB1_Lumidgm/81_1_3.wsq,impostor,8,19,8,,False,36.797285,0
2669,stored,31,DB1_Lumidgm:31:2,DB1_Lumidgm/98_1_6.wsq,impostor,4,19,4,,False,37.857146,0
2669,derive,31,DB1_Lumidgm:31:2,DB1_Lumidgm/98_1_6.wsq,impostor,4,19,4,,False,38.408641,0
2670,derive,77,DB1_Lumidgm:77:8,DB1_Lumidgm/89_1_6.wsq,impostor,7,19,7,,False,46.641147,0
2670,stored,77,DB1_Lumidgm:77:8,DB1_Lumidgm/89_1_6.wsq,impostor,7,19,7,,False,47.984325,0
2671,stored,21,DB1_Lumidgm:21:3,DB1_Lumidgm/21_3_3.wsq,genuine,143,19,143,,True,58.997391,1210
2671,derive,21,DB1_Lumidgm:21:3,DB1_Lumidgm/21_3_3.wsq,genuine,143,19,143,,True,58.52802,1210
2672,derive,53,DB1_Lumidgm:53:2,DB1_Lumidgm/97_1_3.wsq,impostor,10,19,10,,False,45.08168,0
2672,stored,53,DB1_Lumidgm:53:2,DB1_Lumidgm/97_1_3.wsq,impostor,10,19,10,,False,38.32209,0
2673,stored,40,DB1_Lumidgm:40:1,DB1_Lumidgm/38_1_2.wsq,impostor,8,19,8,,False,44.176464,0
2673,derive,40,DB1_Lumidgm:40:1,DB1_Lumidgm/38_1_2.wsq,impostor,8,19,8,,False,35.919284,0
2674,derive,41,DB1_Lumidgm:41:7,DB1_Lumidgm/83_1_7.wsq,impostor,6,19,6,,False,34.073704,0
2674,stored,41,DB1_Lumidgm:41:7,DB1_Lumidgm/83_1_7.wsq,impostor,6,19,6,,False,35.235954,0
2675,stored,32,DB1_Lumidgm:32:10,DB1_Lumidgm/32_4_10.wsq,genuine,30,19,30,,True,43.787149,1211
2675,derive,32,DB1_Lumidgm:32:10,DB1_Lumidgm/32_4_10.wsq,genuine,30,19,30,,True,39.9498,1211
2676,derive,82,DB1_Lumidgm:82:8,DB1_Lumidgm/32_1_10.wsq,impostor,4,19,4,,False,36.755931,0
2676,stored,82,DB1_Lumidgm:82:8,DB1_Lumidgm/32_1_10.wsq,impostor,4,19,4,,False,36.167316,0
2677,stored,80,DB1_Lumidgm:80:5,DB1_Lumidgm/22_1_8.wsq,impostor,9,19,9,,False,39.546337,0
2677,derive,80,DB1_Lumidgm:80:5,DB1_Lumidgm/22_1_8.wsq,impostor,9,19,9,,False,39.89073,0
2678,derive,73,DB1_Lumidgm:73:5,DB1_Lumidgm/26_1_3.wsq,impostor,14,19,14,,False,41.712281,0
2678,stored,73,DB1_Lumidgm:73:5,DB1_Lumidgm/26_1_3.wsq,impostor,14,19,14,,False,39.797461,0
2679,stored,99,DB1_Lumidgm:99:10,DB1_Lumidgm/27_1_1.wsq,impostor,7,19,7,,False,35.992777,0
2679,derive,99,DB1_Lumidgm:99:10,DB1_Lumidgm/27_1_1.wsq,impostor,7,19,7,,False,36.19989,0
2680,derive,51,DB1_Lumidgm:51:2,DB1_Lumidgm/97_1_10.wsq,impostor,6,19,6,,False,37.971765,0
2680,stored,51,DB1_Lumidgm:51:2,DB1_Lumidgm/97_1_10.wsq,impostor,6,19,6,,False,38.469216,0
2681,stored,46,DB1_Lumidgm:46:8,DB1_Lumidgm/21_1_8.wsq,impostor,14,19,14,,False,52.717602,0
2681,derive,46,DB1_Lumidgm:46:8,DB1_Lumidgm/21_1_8.wsq,impostor,14,19,14,,False,42.600173,0
2682,derive,40,DB1_Lumidgm:40:9,DB1_Lumidgm/40_3_9.wsq,genuine,30,19,30,,True,39.335848,1210
2682,stored,40,DB1_Lumidgm:40:9,DB1_Lumidgm/40_3_9.wsq,genuine,30,19,30,,True,38.305412,1210
2683,stored,41,DB1_Lumidgm:41:1,DB1_Lumidgm/37_1_3.wsq,impostor,8,19,8,,False,36.686661,0
2683,derive,41,DB1_Lumidgm:41:1,DB1_Lumidgm/37_1_3.wsq,impostor,8,19,8,,False,35.453837,0
2684,derive,58,DB1_Lumidgm:58:4,DB1_Lumidgm/58_2_4.wsq,genuine,21,19,21,,True,47.956224,1210
2684,stored,58,DB1_Lumidgm:58:4,DB1_Lumidgm/58_2_4.wsq,genuine,21,19,21,,True,46.905414,1210
2685,stored,71,DB1_Lumidgm:71:6,DB1_Lumidgm/42_1_2.wsq,impostor,3,19,3,,False,43.012344,0
2685,derive,71,DB1_Lumidgm:71:6,DB1_Lumidgm/42_1_2.wsq,impostor,3,19,3,,False,36.10586,0
2686,derive,46,DB1_Lumidgm:46:9,DB1_Lumidgm/43_1_7.wsq,impostor,6,19,6,,False,35.815079,0
2686,stored,46,DB1_Lumidgm:46:9,DB1_Lumidgm/43_1_7.wsq,impostor,6,19,6,,False,35.681952,0
2687,stored,50,DB1_Lumidgm:50:5,DB1_Lumidgm/50_2_5.wsq,genuine,52,19,52,,True,38.242529,1210
2687,derive,50,DB1_Lumidgm:50:5,DB1_Lumidgm/50_2_5.wsq,genuine,52,19,52,,True,38.576052,1210
2688,derive,55,DB1_Lumidgm:55:6,DB1_Lumidgm/79_1_4.wsq,impostor,5,19,5,,False,37.147287,0
2688,stored,55,DB1_Lumidgm:55:6,DB1_Lumidgm/79_1_4.wsq,impostor,5,19,5,,False,36.130454,0
2689,stored,91,DB1_Lumidgm:91:2,DB1_Lumidgm/78_1_7.wsq,impostor,6,19,6,,False,36.246855,0
2689,derive,91,DB1_Lumidgm:91:2,DB1_Lumidgm/78_1_7.wsq,impostor,6,19,6,,False,37.13121,0
2690,derive,26,DB1_Lumidgm:26:6,DB1_Lumidgm/64_1_6.wsq,impostor,16,19,16,,False,40.978406,0
2690,stored,26,DB1_Lumidgm:26:6,DB1_Lumidgm/64_1_6.wsq,impostor,16,19,16,,False,40.744368,0
2691,stored,71,DB1_Lumidgm:71:4,DB1_Lumidgm/61_1_4.wsq,impostor,5,19,5,,False,39.696499,0
2691,derive,71,DB1_Lumidgm:71:4,DB1_Lumidgm/61_1_4.wsq,impostor,5,19,5,,False,39.32867,0
2692,derive,75,DB1_Lumidgm:75:7,DB1_Lumidgm/89_1_6.wsq,impostor,6,19,6,,False,45.828336,0
2692,stored,75,DB1_Lumidgm:75:7,DB1_Lumidgm/89_1_6.wsq,impostor,6,19,6,,False,49.360176,0
2693,stored,41,DB1_Lumidgm:41:3,DB1_Lumidgm/66_1_6.wsq,impostor,5,19,5,,False,41.738048,0
2693,derive,41,DB1_Lumidgm:41:3,DB1_Lumidgm/66_1_6.wsq,impostor,5,19,5,,False,40.471283,0
2694,derive,27,DB1_Lumidgm:27:4,DB1_Lumidgm/27_3_4.wsq,genuine,12,19,12,,False,41.672629,0
2694,stored,27,DB1_Lumidgm:27:4,DB1_Lumidgm/27_3_4.wsq,genuine,12,19,12,,False,39.231278,0
2695,stored,68,DB1_Lumidgm:68:8,DB1_Lumidgm/39_1_2.wsq,impostor,0,19,0,,False,37.127927,0
2695,derive,68,DB1_Lumidgm:68:8,DB1_Lumidgm/39_1_2.wsq,impostor,0,19,0,,False,36.562118,0
2696,derive,40,DB1_Lumidgm:40:1,DB1_Lumidgm/32_1_6.wsq,impostor,3,19,3,,False,40.320823,0
2696,stored,40,DB1_Lumidgm:40:1,DB1_Lumidgm/32_1_6.wsq,impostor,3,19,3,,False,38.935371,0
2697,stored,22,DB1_Lumidgm:22:5,DB1_Lumidgm/90_1_4.wsq,impostor,6,19,6,,False,39.695904,0
2697,derive,22,DB1_Lumidgm:22:5,DB1_Lumidgm/90_1_4.wsq,impostor,6,19,6,,False,38.276335,0
2698,derive,66,DB1_Lumidgm:66:2,DB1_Lumidgm/66_2_2.wsq,genuine,206,19,206,,True,45.306358,1210
2698,stored,66,DB1_Lumidgm:66:2,DB1_Lumidgm/66_2_2.wsq,genuine,206,19,206,,True,44.96051,1210
2699,stored,35,DB1_Lumidgm:35:9,DB1_Lumidgm/24_1_4.wsq,impostor,9,19,9,,False,35.496911,0
2699,derive,35,DB1_Lumidgm:35:9,DB1_Lumidgm/24_1_4.wsq,impostor,9,19,9,,False,35.464834,0
2700,derive,25,DB1_Lumidgm:25:1,DB1_Lumidgm/96_1_3.wsq,impostor,8,19,8,,False,37.999654,0
2700,stored,25,DB1_Lumidgm:25:1,DB1_Lumidgm/96_1_3.wsq,impostor,8,19,8,,False,36.088084,0
2701,stored,37,DB1_Lumidgm:37:10,DB1_Lumidgm/54_1_9.wsq,impostor,20,19,20,,True,39.228877,1211
2701,derive,37,DB1_Lumidgm:37:10,DB1_Lumidgm/54_1_9.wsq,impostor,20,19,20,,True,38.060446,1211
2702,derive,90,DB1_Lumidgm:90:2,DB1_Lumidgm/81_1_2.wsq,impostor,10,19,10,,False,37.443418,0
2702,stored,90,DB1_Lumidgm:90:2,DB1_Lumidgm/81_1_2.wsq,impostor,10,19,10,,False,38.288861,0
2703,stored,85,DB1_Lumidgm:85:2,DB1_Lumidgm/23_1_3.wsq,impostor,9,19,9,,False,36.645457,0
2703,derive,85,DB1_Lumidgm:85:2,DB1_Lumidgm/23_1_3.wsq,impostor,9,19,9,,False,38.086094,0
2704,derive,72,DB1_Lumidgm:72:1,DB1_Lumidgm/22_1_4.wsq,impostor,6,19,6,,False,37.502113,0
2704,stored,72,DB1_Lumidgm:72:1,DB1_Lumidgm/22_1_4.wsq,impostor,6,19,6,,False,37.066913,0
2705,stored,46,DB1_Lumidgm:46:3,DB1_Lumidgm/23_1_1.wsq,impostor,16,19,16,,False,38.579566,0
2705,derive,46,DB1_Lumidgm:46:3,DB1_Lumidgm/23_1_1.wsq,impostor,16,19,16,,False,39.753483,0
2706,derive,88,DB1_Lumidgm:88:10,DB1_Lumidgm/34_1_6.wsq,impostor,5,19,5,,False,40.111668,0
2706,stored,88,DB1_Lumidgm:88:10,DB1_Lumidgm/34_1_6.wsq,impostor,5,19,5,,False,38.530225,0
2707,stored,21,DB1_Lumidgm:21:8,DB1_Lumidgm/21_2_8.wsq,genuine,69,19,69,,True,46.459558,1210
2707,derive,21,DB1_Lumidgm:21:8,DB1_Lumidgm/21_2_8.wsq,genuine,69,19,69,,True,59.006601,1210
2708,derive,99,DB1_Lumidgm:99:2,DB1_Lumidgm/86_1_6.wsq,impostor,4,19,4,,False,40.634809,0
2708,stored,99,DB1_Lumidgm:99:2,DB1_Lumidgm/86_1_6.wsq,impostor,4,19,4,,False,40.655136,0
2709,stored,46,DB1_Lumidgm:46:5,DB1_Lumidgm/23_1_4.wsq,impostor,14,19,14,,False,37.815306,0
2709,derive,46,DB1_Lumidgm:46:5,DB1_Lumidgm/23_1_4.wsq,impostor,14,19,14,,False,37.746271,0
2710,derive,77,DB1_Lumidgm:77:6,DB1_Lumidgm/43_1_3.wsq,impostor,6,19,6,,False,44.584636,0
2710,stored,77,DB1_Lumidgm:77:6,DB1_Lumidgm/43_1_3.wsq,impostor,6,19,6,,False,39.664139,0
2711,stored,61,DB1_Lumidgm:61:3,DB1_Lumidgm/97_1_2.wsq,impostor,17,19,17,,False,42.138747,0
2711,derive,61,DB1_Lumidgm:61:3,DB1_Lumidgm/97_1_2.wsq,impostor,17,19,17,,False,41.646734,0
2712,derive,30,DB1_Lumidgm:30:6,DB1_Lumidgm/30_2_6.wsq,genuine,74,19,74,,True,50.385046,1210
2712,stored,30,DB1_Lumidgm:30:6,DB1_Lumidgm/30_2_6.wsq,genuine,74,19,74,,True,46.663106,1210
2713,stored,86,DB1_Lumidgm:86:2,DB1_Lumidgm/28_1_6.wsq,impostor,13,19,13,,False,44.588669,0
2713,derive,86,DB1_Lumidgm:86:2,DB1_Lumidgm/28_1_6.wsq,impostor,13,19,13,,False,39.968249,0
2714,derive,23,DB1_Lumidgm:23:9,DB1_Lumidgm/23_2_9.wsq,genuine,145,19,145,,True,41.971402,1210
2714,stored,23,DB1_Lumidgm:23:9,DB1_Lumidgm/23_2_9.wsq,genuine,145,19,145,,True,39.856917,1210
2715,stored,27,DB1_Lumidgm:27:1,DB1_Lumidgm/42_1_6.wsq,impostor,5,19,5,,False,38.579283,0
2715,derive,27,DB1_Lumidgm:27:1,DB1_Lumidgm/42_1_6.wsq,impostor,5,19,5,,False,43.603668,0
2716,derive,23,DB1_Lumidgm:23:6,DB1_Lumidgm/26_1_6.wsq,impostor,13,19,13,,False,38.208271,0
2716,stored,23,DB1_Lumidgm:23:6,DB1_Lumidgm/26_1_6.wsq,impostor,13,19,13,,False,38.337338,0
2717,stored,53,DB1_Lumidgm:53:8,DB1_Lumidgm/53_2_8.wsq,genuine,130,19,130,,True,48.182562,1210
2717,derive,53,DB1_Lumidgm:53:8,DB1_Lumidgm/53_2_8.wsq,genuine,130,19,130,,True,46.999205,1210
2718,derive,40,DB1_Lumidgm:40:3,DB1_Lumidgm/60_1_8.wsq,impostor,6,19,6,,False,44.306965,0
2718,stored,40,DB1_Lumidgm:40:3,DB1_Lumidgm/60_1_8.wsq,impostor,6,19,6,,False,39.321599,0
2719,stored,87,DB1_Lumidgm:87:3,DB1_Lumidgm/80_1_8.wsq,impostor,6,19,6,,False,35.920843,0
2719,derive,87,DB1_Lumidgm:87:3,DB1_Lumidgm/80_1_8.wsq,impostor,6,19,6,,False,38.862287,0
2720,derive,60,DB1_Lumidgm:60:5,DB1_Lumidgm/47_1_5.wsq,impostor,16,19,16,,False,34.003581,0
2720,stored,60,DB1_Lumidgm:60:5,DB1_Lumidgm/47_1_5.wsq,impostor,16,19,16,,False,33.842183,0
2721,stored,81,DB1_Lumidgm:81:7,DB1_Lumidgm/21_1_9.wsq,impostor,7,19,7,,False,40.093488,0
2721,derive,81,DB1_Lumidgm:81:7,DB1_Lumidgm/21_1_9.wsq,impostor,7,19,7,,False,38.823591,0
2722,derive,34,DB1_Lumidgm:34:9,DB1_Lumidgm/84_1_5.wsq,impostor,10,19,10,,False,34.839305,0
2722,stored,34,DB1_Lumidgm:34:9,DB1_Lumidgm/84_1_5.wsq,impostor,10,19,10,,False,36.028736,0
2723,stored,36,DB1_Lumidgm:36:9,DB1_Lumidgm/31_1_9.wsq,impostor,7,19,7,,False,39.633634,0
2723,derive,36,DB1_Lumidgm:36:9,DB1_Lumidgm/31_1_9.wsq,impostor,7,19,7,,False,37.108265,0
2724,derive,98,DB1_Lumidgm:98:1,DB1_Lumidgm/87_1_1.wsq,impostor,12,19,12,,False,40.046494,0
2724,stored,98,DB1_Lumidgm:98:1,DB1_Lumidgm/87_1_1.wsq,impostor,12,19,12,,False,43.166791,0
2725,stored,94,DB1_Lumidgm:94:5,DB1_Lumidgm/43_1_1.wsq,impostor,6,19,6,,False,45.694108,0
2725,derive,94,DB1_Lumidgm:94:5,DB1_Lumidgm/43_1_1.wsq,impostor,6,19,6,,False,44.906948,0
2726,derive,50,DB1_Lumidgm:50:3,DB1_Lumidgm/100_1_3.wsq,impostor,12,19,12,,False,46.690132,0
2726,stored,50,DB1_Lumidgm:50:3,DB1_Lumidgm/100_1_3.wsq,impostor,12,19,12,,False,43.563979,0
2727,stored,81,DB1_Lumidgm:81:8,DB1_Lumidgm/97_1_2.wsq,impostor,7,19,7,,False,38.51247,0
2727,derive,81,DB1_Lumidgm:81:8,DB1_Lumidgm/97_1_2.wsq,impostor,7,19,7,,False,46.237473,0
2728,derive,32,DB1_Lumidgm:32:5,DB1_Lumidgm/43_1_6.wsq,impostor,9,19,9,,False,40.163255,0
2728,stored,32,DB1_Lumidgm:32:5,DB1_Lumidgm/43_1_6.wsq,impostor,9,19,9,,False,38.864979,0
2729,stored,74,DB1_Lumidgm:74:4,DB1_Lumidgm/64_1_7.wsq,impostor,14,19,14,,False,37.136338,0
2729,derive,74,DB1_Lumidgm:74:4,DB1_Lumidgm/64_1_7.wsq,impostor,14,19,14,,False,36.120541,0
2730,derive,45,DB1_Lumidgm:45:5,DB1_Lumidgm/95_1_6.wsq,impostor,5,19,5,,False,61.316086,0
2730,stored,45,DB1_Lumidgm:45:5,DB1_Lumidgm/95_1_6.wsq,impostor,5,19,5,,False,50.147352,0
2731,stored,21,DB1_Lumidgm:21:4,DB1_Lumidgm/96_1_10.wsq,impostor,4,19,4,,False,34.098938,0
2731,derive,21,DB1_Lumidgm:21:4,DB1_Lumidgm/96_1_10.wsq,impostor,4,19,4,,False,35.87893,0
2732,derive,42,DB1_Lumidgm:42:2,DB1_Lumidgm/31_1_7.wsq,impostor,10,19,10,,False,35.744875,0
2732,stored,42,DB1_Lumidgm:42:2,DB1_Lumidgm/31_1_7.wsq,impostor,10,19,10,,False,35.275365,0
2733,stored,100,DB1_Lumidgm:100:4,DB1_Lumidgm/48_1_4.wsq,impostor,8,19,8,,False,39.538235,0
2733,derive,100,DB1_Lumidgm:100:4,DB1_Lumidgm/48_1_4.wsq,impostor,8,19,8,,False,45.004225,0
2734,derive,56,DB1_Lumidgm:56:10,DB1_Lumidgm/56_3_10.wsq,genuine,28,19,28,,True,37.741144,1211
2734,stored,56,DB1_Lumidgm:56:10,DB1_Lumidgm/56_3_10.wsq,genuine,28,19,28,,True,35.769315,1211
2735,stored,99,DB1_Lumidgm:99:7,DB1_Lumidgm/99_4_7.wsq,genuine,178,19,178,,True,47.451304,1210
2735,derive,99,DB1_Lumidgm:99:7,DB1_Lumidgm/99_4_7.wsq,genuine,178,19,178,,True,44.084739,1210
2736,derive,71,DB1_Lumidgm:71:10,DB1_Lumidgm/71_1_8.wsq,impostor,11,19,11,,False,40.43704,0
2736,stored,71,DB1_Lumidgm:71:10,DB1_Lumidgm/71_1_8.wsq,impostor,11,19,11,,False,44.273691,0
2737,stored,88,DB1_Lumidgm:88:3,DB1_Lumidgm/54_1_6.wsq,impostor,3,19,3,,False,42.114731,0
2737,derive,88,DB1_Lumidgm:88:3,DB1_Lumidgm/54_1_6.wsq,impostor,3,19,3,,False,59.642313,0
2738,derive,90,DB1_Lumidgm:90:2,DB1_Lumidgm/61_1_7.wsq,impostor,8,19,8,,False,38.019933,0
2738,stored,90,DB1_Lumidgm:90:2,DB1_Lumidgm/61_1_7.wsq,impostor,8,19,8,,False,38.138133,0
2739,stored,60,DB1_Lumidgm:60:9,DB1_Lumidgm/98_1_8.wsq,impostor,5,19,5,,False,41.663022,0
2739,derive,60,DB1_Lumidgm:60:9,DB1_Lumidgm/98_1_8.wsq,impostor,5,19,5,,False,40.080985,0
2740,derive,67,DB1_Lumidgm:67:5,DB1_Lumidgm/23_1_8.wsq,impostor,10,19,10,,False,35.87958,0
2740,stored,67,DB1_Lumidgm:67:5,DB1_Lumidgm/23_1_8.wsq,impostor,10,19,10,,False,37.72117,0
2741,stored,48,DB1_Lumidgm:48:9,DB1_Lumidgm/83_1_3.wsq,impostor,5,19,5,,False,40.30223,0
2741,derive,48,DB1_Lumidgm:48:9,DB1_Lumidgm/83_1_3.wsq,impostor,5,19,5,,False,38.018491,0
2742,derive,30,DB1_Lumidgm:30:7,DB1_Lumidgm/37_1_4.wsq,impostor,5,19,5,,False,37.013897,0
2742,stored,30,DB1_Lumidgm:30:7,DB1_Lumidgm/37_1_4.wsq,impostor,5,19,5,,False,35.941914,0
2743,stored,95,DB1_Lumidgm:95:3,DB1_Lumidgm/32_1_2.wsq,impostor,4,19,4,,False,36.96457,0
2743,derive,95,DB1_Lumidgm:95:3,DB1_Lumidgm/32_1_2.wsq,impostor,4,19,4,,False,37.10708,0
2744,derive,94,DB1_Lumidgm:94:2,DB1_Lumidgm/36_1_7.wsq,impostor,4,19,4,,False,38.568373,0
2744,stored,94,DB1_Lumidgm:94:2,DB1_Lumidgm/36_1_7.wsq,impostor,4,19,4,,False,37.16739,0
2745,stored,96,DB1_Lumidgm:96:8,DB1_Lumidgm/82_1_2.wsq,impostor,10,19,10,,False,37.982827,0
2745,derive,96,DB1_Lumidgm:96:8,DB1_Lumidgm/82_1_2.wsq,impostor,10,19,10,,False,38.704709,0
2746,derive,96,DB1_Lumidgm:96:1,DB1_Lumidgm/54_1_9.wsq,impostor,8,19,8,,False,37.403217,0
2746,stored,96,DB1_Lumidgm:96:1,DB1_Lumidgm/54_1_9.wsq,impostor,8,19,8,,False,47.917399,0
2747,stored,80,DB1_Lumidgm:80:4,DB1_Lumidgm/42_1_6.wsq,impostor,6,19,6,,False,43.630597,0
2747,derive,80,DB1_Lumidgm:80:4,DB1_Lumidgm/42_1_6.wsq,impostor,6,19,6,,False,41.020189,0
2748,derive,90,DB1_Lumidgm:90:5,DB1_Lumidgm/53_1_5.wsq,impostor,4,19,4,,False,35.316915,0
2748,stored,90,DB1_Lumidgm:90:5,DB1_Lumidgm/53_1_5.wsq,impostor,4,19,4,,False,34.83356,0
2749,stored,85,DB1_Lumidgm:85:9,DB1_Lumidgm/75_1_4.wsq,impostor,8,19,8,,False,33.358034,0
2749,derive,85,DB1_Lumidgm:85:9,DB1_Lumidgm/75_1_4.wsq,impostor,8,19,8,,False,33.247584,0
2750,derive,73,DB1_Lumidgm:73:3,DB1_Lumidgm/64_1_4.wsq,impostor,7,19,7,,False,38.19472,0
2750,stored,73,DB1_Lumidgm:73:3,DB1_Lumidgm/64_1_4.wsq,impostor,7,19,7,,False,37.262281,0
2751,stored,76,DB1_Lumidgm:76:4,DB1_Lumidgm/40_1_4.wsq,impostor,5,19,5,,False,36.874869,0
2751,derive,76,DB1_Lumidgm:76:4,DB1_Lumidgm/40_1_4.wsq,impostor,5,19,5,,False,38.253374,0
2752,derive,26,DB1_Lumidgm:26:4,DB1_Lumidgm/78_1_6.wsq,impostor,4,19,4,,False,36.769773,0
2752,stored,26,DB1_Lumidgm:26:4,DB1_Lumidgm/78_1_6.wsq,impostor,4,19,4,,False,37.366159,0
2753,stored,55,DB1_Lumidgm:55:2,DB1_Lumidgm/45_1_7.wsq,impostor,8,19,8,,False,39.027085,0
2753,derive,55,DB1_Lumidgm:55:2,DB1_Lumidgm/45_1_7.wsq,impostor,8,19,8,,False,39.396012,0
2754,derive,23,DB1_Lumidgm:23:1,DB1_Lumidgm/69_1_2.wsq,impostor,7,19,7,,False,36.5983,0
2754,stored,23,DB1_Lumidgm:23:1,DB1_Lumidgm/69_1_2.wsq,impostor,7,19,7,,False,33.273112,0
2755,stored,94,DB1_Lumidgm:94:9,DB1_Lumidgm/73_1_2.wsq,impostor,3,19,3,,False,34.555138,0
2755,derive,94,DB1_Lumidgm:94:9,DB1_Lumidgm/73_1_2.wsq,impostor,3,19,3,,False,34.907773,0
2756,derive,97,DB1_Lumidgm:97:4,DB1_Lumidgm/59_1_9.wsq,impostor,5,19,5,,False,43.968222,0
2756,stored,97,DB1_Lumidgm:97:4,DB1_Lumidgm/59_1_9.wsq,impostor,5,19,5,,False,39.676591,0
2757,stored,21,DB1_Lumidgm:21:6,DB1_Lumidgm/83_1_7.wsq,impostor,10,19,10,,False,38.79125,0
2757,derive,21,DB1_Lumidgm:21:6,DB1_Lumidgm/83_1_7.wsq,impostor,10,19,10,,False,39.077585,0
2758,derive,72,DB1_Lumidgm:72:3,DB1_Lumidgm/43_1_1.wsq,impostor,11,19,11,,False,39.048043,0
2758,stored,72,DB1_Lumidgm:72:3,DB1_Lumidgm/43_1_1.wsq,impostor,11,19,11,,False,39.300224,0
2759,stored,88,DB1_Lumidgm:88:7,DB1_Lumidgm/93_1_9.wsq,impostor,8,19,8,,False,43.827193,0
2759,derive,88,DB1_Lumidgm:88:7,DB1_Lumidgm/93_1_9.wsq,impostor,8,19,8,,False,42.067111,0
2760,derive,63,DB1_Lumidgm:63:2,DB1_Lumidgm/27_1_10.wsq,impostor,8,19,8,,False,37.107224,0
2760,stored,63,DB1_Lumidgm:63:2,DB1_Lumidgm/27_1_10.wsq,impostor,8,19,8,,False,37.506513,0
2761,stored,71,DB1_Lumidgm:71:5,DB1_Lumidgm/65_1_9.wsq,impostor,10,19,10,,False,44.196222,0
2761,derive,71,DB1_Lumidgm:71:5,DB1_Lumidgm/65_1_9.wsq,impostor,10,19,10,,False,44.718132,0
2762,derive,36,DB1_Lumidgm:36:8,DB1_Lumidgm/64_1_2.wsq,impostor,6,19,6,,False,37.649386,0
2762,stored,36,DB1_Lumidgm:36:8,DB1_Lumidgm/64_1_2.wsq,impostor,6,19,6,,False,36.48728,0
2763,stored,34,DB1_Lumidgm:34:8,DB1_Lumidgm/85_1_10.wsq,impostor,9,19,9,,False,35.272081,0
2763,derive,34,DB1_Lumidgm:34:8,DB1_Lumidgm/85_1_10.wsq,impostor,9,19,9,,False,34.191811,0
2764,derive,81,DB1_Lumidgm:81:1,DB1_Lumidgm/75_1_4.wsq,impostor,13,19,13,,False,33.869913,0
2764,stored,81,DB1_Lumidgm:81:1,DB1_Lumidgm/75_1_4.wsq,impostor,13,19,13,,False,33.583006,0
2765,stored,24,DB1_Lumidgm:24:6,DB1_Lumidgm/57_1_9.wsq,impostor,4,19,4,,False,39.140383,0
2765,derive,24,DB1_Lumidgm:24:6,DB1_Lumidgm/57_1_9.wsq,impostor,4,19,4,,False,37.625466,0
2766,derive,26,DB1_Lumidgm:26:7,DB1_Lumidgm/57_1_8.wsq,impostor,5,19,5,,False,40.315882,0
2766,stored,26,DB1_Lumidgm:26:7,DB1_Lumidgm/57_1_8.wsq,impostor,5,19,5,,False,43.359114,0
2767,stored,30,DB1_Lumidgm:30:2,DB1_Lumidgm/50_1_6.wsq,impostor,6,19,6,,False,41.656048,0
2767,derive,30,DB1_Lumidgm:30:2,DB1_Lumidgm/50_1_6.wsq,impostor,6,19,6,,False,41.232374,0
2768,derive,58,DB1_Lumidgm:58:2,DB1_Lumidgm/77_1_4.wsq,impostor,8,19,8,,False,36.05228,0
2768,stored,58,DB1_Lumidgm:58:2,DB1_Lumidgm/77_1_4.wsq,impostor,8,19,8,,False,37.898028,0
2769,stored,78,DB1_Lumidgm:78:1,DB1_Lumidgm/39_1_3.wsq,impostor,5,19,5,,False,35.763256,0
2769,derive,78,DB1_Lumidgm:78:1,DB1_Lumidgm/39_1_3.wsq,impostor,5,19,5,,False,36.557483,0
2770,derive,88,DB1_Lumidgm:88:10,DB1_Lumidgm/32_1_1.wsq,impostor,5,19,5,,False,36.368316,0
2770,stored,88,DB1_Lumidgm:88:10,DB1_Lumidgm/32_1_1.wsq,impostor,5,19,5,,False,36.136284,0
2771,stored,59,DB1_Lumidgm:59:6,DB1_Lumidgm/94_1_2.wsq,impostor,4,19,4,,False,38.342446,0
2771,derive,59,DB1_Lumidgm:59:6,DB1_Lumidgm/94_1_2.wsq,impostor,4,19,4,,False,43.631228,0
2772,derive,53,DB1_Lumidgm:53:10,DB1_Lumidgm/63_1_10.wsq,impostor,6,19,6,,False,35.895699,0
2772,stored,53,DB1_Lumidgm:53:10,DB1_Lumidgm/63_1_10.wsq,impostor,6,19,6,,False,39.290218,0
2773,stored,40,DB1_Lumidgm:40:1,DB1_Lumidgm/85_1_3.wsq,impostor,9,19,9,,False,43.68034,0
2773,derive,40,DB1_Lumidgm:40:1,DB1_Lumidgm/85_1_3.wsq,impostor,9,19,9,,False,36.704405,0
2774,derive,67,DB1_Lumidgm:67:4,DB1_Lumidgm/69_1_6.wsq,impostor,6,19,6,,False,38.081504,0
2774,stored,67,DB1_Lumidgm:67:4,DB1_Lumidgm/69_1_6.wsq,impostor,6,19,6,,False,40.454537,0
2775,stored,32,DB1_Lumidgm:32:9,DB1_Lumidgm/77_1_3.wsq,impostor,6,19,6,,False,38.778511,0
2775,derive,32,DB1_Lumidgm:32:9,DB1_Lumidgm/77_1_3.wsq,impostor,6,19,6,,False,39.196566,0
2776,derive,99,DB1_Lumidgm:99:8,DB1_Lumidgm/35_1_4.wsq,impostor,8,19,8,,False,41.766905,0
2776,stored,99,DB1_Lumidgm:99:8,DB1_Lumidgm/35_1_4.wsq,impostor,8,19,8,,False,38.727661,0
2777,stored,78,DB1_Lumidgm:78:5,DB1_Lumidgm/47_1_10.wsq,impostor,9,19,9,,False,35.561489,0
2777,derive,78,DB1_Lumidgm:78:5,DB1_Lumidgm/47_1_10.wsq,impostor,9,19,9,,False,38.599066,0
2778,derive,64,DB1_Lumidgm:64:9,DB1_Lumidgm/64_2_9.wsq,genuine,77,19,77,,True,48.04106,1210
2778,stored,64,DB1_Lumidgm:64:9,DB1_Lumidgm/64_2_9.wsq,genuine,77,19,77,,True,42.350786,1210
2779,stored,59,DB1_Lumidgm:59:10,DB1_Lumidgm/100_1_4.wsq,impostor,4,19,4,,False,37.38616,0
2779,derive,59,DB1_Lumidgm:59:10,DB1_Lumidgm/100_1_4.wsq,impostor,4,19,4,,False,36.254993,0
2780,derive,65,DB1_Lumidgm:65:2,DB1_Lumidgm/60_1_7.wsq,impostor,8,19,8,,False,41.387677,0
2780,stored,65,DB1_Lumidgm:65:2,DB1_Lumidgm/60_1_7.wsq,impostor,8,19,8,,False,39.552134,0
2781,stored,40,DB1_Lumidgm:40:6,DB1_Lumidgm/24_1_1.wsq,impostor,5,19,5,,False,36.913557,0
2781,derive,40,DB1_Lumidgm:40:6,DB1_Lumidgm/24_1_1.wsq,impostor,5,19,5,,False,38.664937,0
2782,derive,78,DB1_Lumidgm:78:2,DB1_Lumidgm/78_3_2.wsq,genuine,23,19,23,,True,46.782828,1210
2782,stored,78,DB1_Lumidgm:78:2,DB1_Lumidgm/78_3_2.wsq,genuine,23,19,23,,True,51.205153,1210
2783,stored,72,DB1_Lumidgm:72:1,DB1_Lumidgm/84_1_2.wsq,impostor,3,19,3,,False,37.855488,0
2783,derive,72,DB1_Lumidgm:72:1,DB1_Lumidgm/84_1_2.wsq,impostor,3,19,3,,False,37.187433,0
2784,derive,52,DB1_Lumidgm:52:6,DB1_Lumidgm/73_1_6.wsq,impostor,4,19,4,,False,48.696367,0
2784,stored,52,DB1_Lumidgm:52:6,DB1_Lumidgm/73_1_6.wsq,impostor,4,19,4,,False,40.935485,0
2785,stored,97,DB1_Lumidgm:97:1,DB1_Lumidgm/70_1_3.wsq,impostor,8,19,8,,False,51.324583,0
2785,derive,97,DB1_Lumidgm:97:1,DB1_Lumidgm/70_1_3.wsq,impostor,8,19,8,,False,48.329961,0
2786,derive,96,DB1_Lumidgm:96:2,DB1_Lumidgm/54_1_10.wsq,impostor,7,19,7,,False,37.570773,0
2786,stored,96,DB1_Lumidgm:96:2,DB1_Lumidgm/54_1_10.wsq,impostor,7,19,7,,False,36.178614,0
2787,stored,52,DB1_Lumidgm:52:6,DB1_Lumidgm/72_1_7.wsq,impostor,4,19,4,,False,37.910185,0
2787,derive,52,DB1_Lumidgm:52:6,DB1_Lumidgm/72_1_7.wsq,impostor,4,19,4,,False,36.077019,0
2788,derive,37,DB1_Lumidgm:37:3,DB1_Lumidgm/37_3_3.wsq,genuine,73,19,73,,True,41.574622,1210
2788,stored,37,DB1_Lumidgm:37:3,DB1_Lumidgm/37_3_3.wsq,genuine,73,19,73,,True,39.094551,1210
2789,stored,25,DB1_Lumidgm:25:10,DB1_Lumidgm/36_1_6.wsq,impostor,6,19,6,,False,40.214531,0
2789,derive,25,DB1_Lumidgm:25:10,DB1_Lumidgm/36_1_6.wsq,impostor,6,19,6,,False,56.858854,0
2790,derive,61,DB1_Lumidgm:61:1,DB1_Lumidgm/54_1_9.wsq,impostor,3,19,3,,False,37.812373,0
2790,stored,61,DB1_Lumidgm:61:1,DB1_Lumidgm/54_1_9.wsq,impostor,3,19,3,,False,38.605148,0
2791,stored,97,DB1_Lumidgm:97:8,DB1_Lumidgm/29_1_7.wsq,impostor,7,19,7,,False,36.953274,0
2791,derive,97,DB1_Lumidgm:97:8,DB1_Lumidgm/29_1_7.wsq,impostor,7,19,7,,False,39.37719,0
2792,derive,38,DB1_Lumidgm:38:4,DB1_Lumidgm/58_1_8.wsq,impostor,8,19,8,,False,43.30247,0
2792,stored,38,DB1_Lumidgm:38:4,DB1_Lumidgm/58_1_8.wsq,impostor,8,19,8,,False,46.309424,0
2793,stored,67,DB1_Lumidgm:67:8,DB1_Lumidgm/67_1_4.wsq,impostor,9,19,9,,False,41.684331,0
2793,derive,67,DB1_Lumidgm:67:8,DB1_Lumidgm/67_1_4.wsq,impostor,9,19,9,,False,54.915985,0
2794,derive,70,DB1_Lumidgm:70:9,DB1_Lumidgm/68_1_7.wsq,impostor,6,19,6,,False,37.835294,0
2794,stored,70,DB1_Lumidgm:70:9,DB1_Lumidgm/68_1_7.wsq,impostor,6,19,6,,False,37.065206,0
2795,stored,75,DB1_Lumidgm:75:5,DB1_Lumidgm/50_1_2.wsq,impostor,4,19,4,,False,39.006147,0
2795,derive,75,DB1_Lumidgm:75:5,DB1_Lumidgm/50_1_2.wsq,impostor,4,19,4,,False,42.024095,0
2796,derive,46,DB1_Lumidgm:46:1,DB1_Lumidgm/46_3_1.wsq,genuine,50,19,50,,True,39.962287,1210
2796,stored,46,DB1_Lumidgm:46:1,DB1_Lumidgm/46_3_1.wsq,genuine,50,19,50,,True,38.211554,1210
2797,stored,83,DB1_Lumidgm:83:9,DB1_Lumidgm/38_1_2.wsq,impostor,4,19,4,,False,42.720137,0
2797,derive,83,DB1_Lumidgm:83:9,DB1_Lumidgm/38_1_2.wsq,impostor,4,19,4,,False,38.988809,0
2798,derive,71,DB1_Lumidgm:71:9,DB1_Lumidgm/87_1_1.wsq,impostor,5,19,5,,False,41.315311,0
2798,stored,71,DB1_Lumidgm:71:9,DB1_Lumidgm/87_1_1.wsq,impostor,5,19,5,,False,43.359954,0
2799,stored,63,DB1_Lumidgm:63:1,DB1_Lumidgm/27_1_3.wsq,impostor,6,19,6,,False,43.648213,0
2799,derive,63,DB1_Lumidgm:63:1,DB1_Lumidgm/27_1_3.wsq,impostor,6,19,6,,False,39.798506,0
2800,derive,66,DB1_Lumidgm:66:9,DB1_Lumidgm/58_1_4.wsq,impostor,8,19,8,,False,43.46763,0
2800,stored,66,DB1_Lumidgm:66:9,DB1_Lumidgm/58_1_4.wsq,impostor,8,19,8,,False,41.928138,0
2801,stored,50,DB1_Lumidgm:50:7,DB1_Lumidgm/69_1_7.wsq,impostor,8,19,8,,False,42.224636,0
2801,derive,50,DB1_Lumidgm:50:7,DB1_Lumidgm/69_1_7.wsq,impostor,8,19,8,,False,35.557129,0
2802,derive,94,DB1_Lumidgm:94:3,DB1_Lumidgm/55_1_8.wsq,impostor,6,19,6,,False,39.907764,0
2802,stored,94,DB1_Lumidgm:94:3,DB1_Lumidgm/55_1_8.wsq,impostor,6,19,6,,False,37.052634,0
2803,stored,59,DB1_Lumidgm:59:8,DB1_Lumidgm/99_1_10.wsq,impostor,7,19,7,,False,33.925737,0
2803,derive,59,DB1_Lumidgm:59:8,DB1_Lumidgm/99_1_10.wsq,impostor,7,19,7,,False,42.014371,0
2804,derive,26,DB1_Lumidgm:26:8,DB1_Lumidgm/26_2_8.wsq,genuine,128,19,128,,True,44.665498,1210
2804,stored,26,DB1_Lumidgm:26:8,DB1_Lumidgm/26_2_8.wsq,genuine,128,19,128,,True,39.546281,1210
2805,stored,37,DB1_Lumidgm:37:10,DB1_Lumidgm/34_1_6.wsq,impostor,5,19,5,,False,37.417846,0
2805,derive,37,DB1_Lumidgm:37:10,DB1_Lumidgm/34_1_6.wsq,impostor,5,19,5,,False,54.559088,0
2806,derive,100,DB1_Lumidgm:100:4,DB1_Lumidgm/29_1_9.wsq,impostor,6,19,6,,False,41.404549,0
2806,stored,100,DB1_Lumidgm:100:4,DB1_Lumidgm/29_1_9.wsq,impostor,6,19,6,,False,40.237843,0
2807,stored,35,DB1_Lumidgm:35:4,DB1_Lumidgm/51_1_1.wsq,impostor,16,19,16,,False,40.918964,0
2807,derive,35,DB1_Lumidgm:35:4,DB1_Lumidgm/51_1_1.wsq,impostor,16,19,16,,False,40.938157,0
2808,derive,36,DB1_Lumidgm:36:10,DB1_Lumidgm/76_1_2.wsq,impostor,4,19,4,,False,47.852311,0
2808,stored,36,DB1_Lumidgm:36:10,DB1_Lumidgm/76_1_2.wsq,impostor,4,19,4,,False,48.656667,0
2809,stored,97,DB1_Lumidgm:97:5,DB1_Lumidgm/57_1_6.wsq,impostor,8,19,8,,False,68.945467,0
2809,derive,97,DB1_Lumidgm:97:5,DB1_Lumidgm/57_1_6.wsq,impostor,8,19,8,,False,56.279582,0
2810,derive,37,DB1_Lumidgm:37:4,DB1_Lumidgm/22_1_8.wsq,impostor,4,19,4,,False,46.513044,0
2810,stored,37,DB1_Lumidgm:37:4,DB1_Lumidgm/22_1_8.wsq,impostor,4,19,4,,False,55.519394,0
2811,stored,97,DB1_Lumidgm:97:2,DB1_Lumidgm/29_1_2.wsq,impostor,5,19,5,,False,55.19631,0
2811,derive,97,DB1_Lumidgm:97:2,DB1_Lumidgm/29_1_2.wsq,impostor,5,19,5,,False,39.690078,0
2812,derive,70,DB1_Lumidgm:70:6,DB1_Lumidgm/66_1_7.wsq,impostor,8,19,8,,False,39.551419,0
2812,stored,70,DB1_Lumidgm:70:6,DB1_Lumidgm/66_1_7.wsq,impostor,8,19,8,,False,43.807398,0
2813,stored,36,DB1_Lumidgm:36:8,DB1_Lumidgm/36_3_8.wsq,genuine,210,19,210,,True,46.07219,1210
2813,derive,36,DB1_Lumidgm:36:8,DB1_Lumidgm/36_3_8.wsq,genuine,210,19,210,,True,45.257412,1210
2814,derive,84,DB1_Lumidgm:84:10,DB1_Lumidgm/100_1_10.wsq,impostor,9,19,9,,False,37.805252,0
2814,stored,84,DB1_Lumidgm:84:10,DB1_Lumidgm/100_1_10.wsq,impostor,9,19,9,,False,36.832797,0
2815,stored,46,DB1_Lumidgm:46:3,DB1_Lumidgm/59_1_8.wsq,impostor,7,19,7,,False,39.208173,0
2815,derive,46,DB1_Lumidgm:46:3,DB1_Lumidgm/59_1_8.wsq,impostor,7,19,7,,False,40.777654,0
2816,derive,93,DB1_Lumidgm:93:2,DB1_Lumidgm/99_1_9.wsq,impostor,5,19,5,,False,38.401782,0
2816,stored,93,DB1_Lumidgm:93:2,DB1_Lumidgm/99_1_9.wsq,impostor,5,19,5,,False,36.101392,0
2817,stored,52,DB1_Lumidgm:52:9,DB1_Lumidgm/33_1_9.wsq,impostor,18,19,18,,False,38.944805,0
2817,derive,52,DB1_Lumidgm:52:9,DB1_Lumidgm/33_1_9.wsq,impostor,18,19,18,,False,40.126987,0
2818,derive,91,DB1_Lumidgm:91:4,DB1_Lumidgm/46_1_5.wsq,impostor,5,19,5,,False,37.255414,0
2818,stored,91,DB1_Lumidgm:91:4,DB1_Lumidgm/46_1_5.wsq,impostor,5,19,5,,False,40.634806,0
2819,stored,94,DB1_Lumidgm:94:6,DB1_Lumidgm/53_1_7.wsq,impostor,8,19,8,,False,43.502391,0
2819,derive,94,DB1_Lumidgm:94:6,DB1_Lumidgm/53_1_7.wsq,impostor,8,19,8,,False,47.438687,0
2820,derive,50,DB1_Lumidgm:50:1,DB1_Lumidgm/60_1_9.wsq,impostor,6,19,6,,False,42.97327,0
2820,stored,50,DB1_Lumidgm:50:1,DB1_Lumidgm/60_1_9.wsq,impostor,6,19,6,,False,45.140234,0
2821,stored,75,DB1_Lumidgm:75:10,DB1_Lumidgm/72_1_10.wsq,impostor,5,19,5,,False,39.353989,0
2821,derive,75,DB1_Lumidgm:75:10,DB1_Lumidgm/72_1_10.wsq,impostor,5,19,5,,False,35.372599,0
2822,derive,47,DB1_Lumidgm:47:2,DB1_Lumidgm/30_1_3.wsq,impostor,6,19,6,,False,36.287884,0
2822,stored,47,DB1_Lumidgm:47:2,DB1_Lumidgm/30_1_3.wsq,impostor,6,19,6,,False,36.496763,0
2823,stored,52,DB1_Lumidgm:52:2,DB1_Lumidgm/30_1_9.wsq,impostor,8,19,8,,False,39.84627,0
2823,derive,52,DB1_Lumidgm:52:2,DB1_Lumidgm/30_1_9.wsq,impostor,8,19,8,,False,40.787623,0
2824,derive,28,DB1_Lumidgm:28:5,DB1_Lumidgm/28_2_5.wsq,genuine,54,19,54,,True,38.244916,1210
2824,stored,28,DB1_Lumidgm:28:5,DB1_Lumidgm/28_2_5.wsq,genuine,54,19,54,,True,40.326504,1210
2825,stored,80,DB1_Lumidgm:80:9,DB1_Lumidgm/80_3_9.wsq,genuine,15,19,15,,False,44.28295,0
2825,derive,80,DB1_Lumidgm:80:9,DB1_Lumidgm/80_3_9.wsq,genuine,15,19,15,,False,40.51101,0
2826,derive,88,DB1_Lumidgm:88:9,DB1_Lumidgm/39_1_2.wsq,impostor,4,19,4,,False,42.868008,0
2826,stored,88,DB1_Lumidgm:88:9,DB1_Lumidgm/39_1_2.wsq,impostor,4,19,4,,False,46.564035,0
2827,stored,57,DB1_Lumidgm:57:2,DB1_Lumidgm/26_1_8.wsq,impostor,6,19,6,,False,38.486948,0
2827,derive,57,DB1_Lumidgm:57:2,DB1_Lumidgm/26_1_8.wsq,impostor,6,19,6,,False,37.317539,0
2828,derive,35,DB1_Lumidgm:35:2,DB1_Lumidgm/25_1_8.wsq,impostor,7,19,7,,False,52.089828,0
2828,stored,35,DB1_Lumidgm:35:2,DB1_Lumidgm/25_1_8.wsq,impostor,7,19,7,,False,36.689559,0
2829,stored,100,DB1_Lumidgm:100:5,DB1_Lumidgm/22_1_10.wsq,impostor,9,19,9,,False,34.813789,0
2829,derive,100,DB1_Lumidgm:100:5,DB1_Lumidgm/22_1_10.wsq,impostor,9,19,9,,False,34.214443,0
2830,derive,68,DB1_Lumidgm:68:9,DB1_Lumidgm/66_1_4.wsq,impostor,8,19,8,,False,39.949987,0
2830,stored,68,DB1_Lumidgm:68:9,DB1_Lumidgm/66_1_4.wsq,impostor,8,19,8,,False,37.743199,0
2831,stored,45,DB1_Lumidgm:45:4,DB1_Lumidgm/48_1_1.wsq,impostor,8,19,8,,False,40.989415,0
2831,derive,45,DB1_Lumidgm:45:4,DB1_Lumidgm/48_1_1.wsq,impostor,8,19,8,,False,40.445134,0
2832,derive,23,DB1_Lumidgm:23:3,DB1_Lumidgm/85_1_6.wsq,impostor,16,19,16,,False,38.036421,0
2832,stored,23,DB1_Lumidgm:23:3,DB1_Lumidgm/85_1_6.wsq,impostor,16,19,16,,False,42.064199,0
2833,stored,72,DB1_Lumidgm:72:9,DB1_Lumidgm/22_1_2.wsq,impostor,14,19,14,,False,42.821744,0
2833,derive,72,DB1_Lumidgm:72:9,DB1_Lumidgm/22_1_2.wsq,impostor,14,19,14,,False,38.181216,0
2834,derive,67,DB1_Lumidgm:67:4,DB1_Lumidgm/47_1_8.wsq,impostor,8,19,8,,False,43.536224,0
2834,stored,67,DB1_Lumidgm:67:4,DB1_Lumidgm/47_1_8.wsq,impostor,8,19,8,,False,42.244671,0
2835,stored,96,DB1_Lumidgm:96:4,DB1_Lumidgm/26_1_5.wsq,impostor,7,19,7,,False,40.804788,0
2835,derive,96,DB1_Lumidgm:96:4,DB1_Lumidgm/26_1_5.wsq,impostor,7,19,7,,False,35.849961,0
2836,derive,75,DB1_Lumidgm:75:2,DB1_Lumidgm/82_1_8.wsq,impostor,5,19,5,,False,37.107513,0
2836,stored,75,DB1_Lumidgm:75:2,DB1_Lumidgm/82_1_8.wsq,impostor,5,19,5,,False,35.947699,0
2837,stored,87,DB1_Lumidgm:87:9,DB1_Lumidgm/41_1_7.wsq,impostor,8,19,8,,False,39.196057,0
2837,derive,87,DB1_Lumidgm:87:9,DB1_Lumidgm/41_1_7.wsq,impostor,8,19,8,,False,40.816415,0
2838,derive,84,DB1_Lumidgm:84:3,DB1_Lumidgm/55_1_10.wsq,impostor,7,19,7,,False,37.770432,0
2838,stored,84,DB1_Lumidgm:84:3,DB1_Lumidgm/55_1_10.wsq,impostor,7,19,7,,False,39.284101,0
2839,stored,81,DB1_Lumidgm:81:3,DB1_Lumidgm/80_1_3.wsq,impostor,7,19,7,,False,46.189663,0
2839,derive,81,DB1_Lumidgm:81:3,DB1_Lumidgm/80_1_3.wsq,impostor,7,19,7,,False,37.097393,0
2840,derive,38,DB1_Lumidgm:38:7,DB1_Lumidgm/86_1_2.wsq,impostor,6,19,6,,False,40.052393,0
2840,stored,38,DB1_Lumidgm:38:7,DB1_Lumidgm/86_1_2.wsq,impostor,6,19,6,,False,37.252036,0
2841,stored,50,DB1_Lumidgm:50:5,DB1_Lumidgm/30_1_10.wsq,impostor,15,19,15,,False,34.866887,0
2841,derive,50,DB1_Lumidgm:50:5,DB1_Lumidgm/30_1_10.wsq,impostor,15,19,15,,False,38.883455,0
2842,derive,47,DB1_Lumidgm:47:2,DB1_Lumidgm/93_1_1.wsq,impostor,5,19,5,,False,51.062683,0
2842,stored,47,DB1_Lumidgm:47:2,DB1_Lumidgm/93_1_1.wsq,impostor,5,19,5,,False,45.299657,0
2843,stored,71,DB1_Lumidgm:71:6,DB1_Lumidgm/74_1_7.wsq,impostor,7,19,7,,False,38.046826,0
2843,derive,71,DB1_Lumidgm:71:6,DB1_Lumidgm/74_1_7.wsq,impostor,7,19,7,,False,39.493721,0
2844,derive,46,DB1_Lumidgm:46:6,DB1_Lumidgm/54_1_7.wsq,impostor,17,19,17,,False,44.034291,0
2844,stored,46,DB1_Lumidgm:46:6,DB1_Lumidgm/54_1_7.wsq,impostor,17,19,17,,False,38.463751,0
2845,stored,76,DB1_Lumidgm:76:2,DB1_Lumidgm/42_1_4.wsq,impostor,7,19,7,,False,38.232198,0
2845,derive,76,DB1_Lumidgm:76:2,DB1_Lumidgm/42_1_4.wsq,impostor,7,19,7,,False,37.790426,0
2846,derive,89,DB1_Lumidgm:89:6,DB1_Lumidgm/51_1_9.wsq,impostor,12,19,12,,False,39.333705,0
2846,stored,89,DB1_Lumidgm:89:6,DB1_Lumidgm/51_1_9.wsq,impostor,12,19,12,,False,42.755579,0
2847,stored,63,DB1_Lumidgm:63:8,DB1_Lumidgm/100_1_4.wsq,impostor,7,19,7,,False,38.020261,0
2847,derive,63,DB1_Lumidgm:63:8,DB1_Lumidgm/100_1_4.wsq,impostor,7,19,7,,False,38.124811,0
2848,derive,42,DB1_Lumidgm:42:8,DB1_Lumidgm/62_1_1.wsq,impostor,6,19,6,,False,47.622724,0
2848,stored,42,DB1_Lumidgm:42:8,DB1_Lumidgm/62_1_1.wsq,impostor,6,19,6,,False,47.41869,0
2849,stored,78,DB1_Lumidgm:78:7,DB1_Lumidgm/45_1_4.wsq,impostor,10,19,10,,False,40.624069,0
2849,derive,78,DB1_Lumidgm:78:7,DB1_Lumidgm/45_1_4.wsq,impostor,10,19,10,,False,44.469646,0
2850,derive,48,DB1_Lumidgm:48:4,DB1_Lumidgm/79_1_8.wsq,impostor,7,19,7,,False,46.942478,0
2850,stored,48,DB1_Lumidgm:48:4,DB1_Lumidgm/79_1_8.wsq,impostor,7,19,7,,False,45.050706,0
2851,stored,60,DB1_Lumidgm:60:6,DB1_Lumidgm/81_1_1.wsq,impostor,5,19,5,,False,41.94808,0
2851,derive,60,DB1_Lumidgm:60:6,DB1_Lumidgm/81_1_1.wsq,impostor,5,19,5,,False,41.919052,0
2852,derive,31,DB1_Lumidgm:31:5,DB1_Lumidgm/83_1_3.wsq,impostor,10,19,10,,False,38.899426,0
2852,stored,31,DB1_Lumidgm:31:5,DB1_Lumidgm/83_1_3.wsq,impostor,10,19,10,,False,38.784161,0
2853,stored,24,DB1_Lumidgm:24:7,DB1_Lumidgm/51_1_2.wsq,impostor,7,19,7,,False,37.32818,0
2853,derive,24,DB1_Lumidgm:24:7,DB1_Lumidgm/51_1_2.wsq,impostor,7,19,7,,False,42.010625,0
2854,derive,55,DB1_Lumidgm:55:5,DB1_Lumidgm/35_1_9.wsq,impostor,6,19,6,,False,42.86268,0
2854,stored,55,DB1_Lumidgm:55:5,DB1_Lumidgm/35_1_9.wsq,impostor,6,19,6,,False,43.445554,0
2855,stored,29,DB1_Lumidgm:29:10,DB1_Lumidgm/48_1_5.wsq,impostor,5,19,5,,False,41.166409,0
2855,derive,29,DB1_Lumidgm:29:10,DB1_Lumidgm/48_1_5.wsq,impostor,5,19,5,,False,39.696419,0
2856,derive,27,DB1_Lumidgm:27:8,DB1_Lumidgm/63_1_6.wsq,impostor,4,19,4,,False,42.16815,0
2856,stored,27,DB1_Lumidgm:27:8,DB1_Lumidgm/63_1_6.wsq,impostor,4,19,4,,False,47.310071,0
2857,stored,49,DB1_Lumidgm:49:9,DB1_Lumidgm/82_1_3.wsq,impostor,6,19,6,,False,40.099985,0
2857,derive,49,DB1_Lumidgm:49:9,DB1_Lumidgm/82_1_3.wsq,impostor,6,19,6,,False,43.454427,0
2858,derive,62,DB1_Lumidgm:62:4,DB1_Lumidgm/96_1_3.wsq,impostor,3,19,3,,False,41.762771,0
2858,stored,62,DB1_Lumidgm:62:4,DB1_Lumidgm/96_1_3.wsq,impostor,3,19,3,,False,39.639656,0
2859,stored,26,DB1_Lumidgm:26:10,DB1_Lumidgm/69_1_1.wsq,impostor,5,19,5,,False,39.769181,0
2859,derive,26,DB1_Lumidgm:26:10,DB1_Lumidgm/69_1_1.wsq,impostor,5,19,5,,False,40.122563,0
2860,derive,94,DB1_Lumidgm:94:6,DB1_Lumidgm/88_1_6.wsq,impostor,4,19,4,,False,45.607377,0
2860,stored,94,DB1_Lumidgm:94:6,DB1_Lumidgm/88_1_6.wsq,impostor,4,19,4,,False,55.850563,0
2861,stored,62,DB1_Lumidgm:62:9,DB1_Lumidgm/64_1_3.wsq,impostor,8,19,8,,False,42.701807,0
2861,derive,62,DB1_Lumidgm:62:9,DB1_Lumidgm/64_1_3.wsq,impostor,8,19,8,,False,39.188463,0
2862,derive,55,DB1_Lumidgm:55:10,DB1_Lumidgm/66_1_8.wsq,impostor,6,19,6,,False,43.288072,0
2862,stored,55,DB1_Lumidgm:55:10,DB1_Lumidgm/66_1_8.wsq,impostor,6,19,6,,False,47.983494,0
2863,stored,81,DB1_Lumidgm:81:6,DB1_Lumidgm/25_1_1.wsq,impostor,5,19,5,,False,51.541816,0
2863,derive,81,DB1_Lumidgm:81:6,DB1_Lumidgm/25_1_1.wsq,impostor,5,19,5,,False,45.176202,0
2864,derive,67,DB1_Lumidgm:67:3,DB1_Lumidgm/30_1_8.wsq,impostor,6,19,6,,False,41.411752,0
2864,stored,67,DB1_Lumidgm:67:3,DB1_Lumidgm/30_1_8.wsq,impostor,6,19,6,,False,45.318147,0
2865,stored,35,DB1_Lumidgm:35:1,DB1_Lumidgm/27_1_1.wsq,impostor,13,19,13,,False,41.383669,0
2865,derive,35,DB1_Lumidgm:35:1,DB1_Lumidgm/27_1_1.wsq,impostor,13,19,13,,False,40.413638,0
2866,derive,53,DB1_Lumidgm:53:3,DB1_Lumidgm/79_1_4.wsq,impostor,5,19,5,,False,37.895644,0
2866,stored,53,DB1_Lumidgm:53:3,DB1_Lumidgm/79_1_4.wsq,impostor,5,19,5,,False,40.209585,0
2867,stored,54,DB1_Lumidgm:54:6,DB1_Lumidgm/89_1_8.wsq,impostor,5,19,5,,False,49.934049,0
2867,derive,54,DB1_Lumidgm:54:6,DB1_Lumidgm/89_1_8.wsq,impostor,5,19,5,,False,52.919526,0
2868,derive,36,DB1_Lumidgm:36:6,DB1_Lumidgm/51_1_2.wsq,impostor,6,19,6,,False,38.831456,0
2868,stored,36,DB1_Lumidgm:36:6,DB1_Lumidgm/51_1_2.wsq,impostor,6,19,6,,False,52.634592,0
2869,stored,87,DB1_Lumidgm:87:5,DB1_Lumidgm/87_4_5.wsq,genuine,59,19,59,,True,45.36989,1210
2869,derive,87,DB1_Lumidgm:87:5,DB1_Lumidgm/87_4_5.wsq,genuine,59,19,59,,True,48.909023,1210
2870,derive,62,DB1_Lumidgm:62:2,DB1_Lumidgm/96_1_6.wsq,impostor,0,19,0,,False,46.57842,0
2870,stored,62,DB1_Lumidgm:62:2,DB1_Lumidgm/96_1_6.wsq,impostor,0,19,0,,False,47.084557,0
2871,stored,61,DB1_Lumidgm:61:9,DB1_Lumidgm/61_4_9.wsq,genuine,10,19,10,,False,46.784916,0
2871,derive,61,DB1_Lumidgm:61:9,DB1_Lumidgm/61_4_9.wsq,genuine,10,19,10,,False,47.127974,0
2872,derive,53,DB1_Lumidgm:53:4,DB1_Lumidgm/36_1_1.wsq,impostor,7,19,7,,False,41.314915,0
2872,stored,53,DB1_Lumidgm:53:4,DB1_Lumidgm/36_1_1.wsq,impostor,7,19,7,,False,38.424286,0
2873,stored,30,DB1_Lumidgm:30:5,DB1_Lumidgm/72_1_9.wsq,impostor,6,19,6,,False,40.76363,0
2873,derive,30,DB1_Lumidgm:30:5,DB1_Lumidgm/72_1_9.wsq,impostor,6,19,6,,False,38.869491,0
2874,derive,72,DB1_Lumidgm:72:9,DB1_Lumidgm/25_1_10.wsq,impostor,6,19,6,,False,37.143905,0
2874,stored,72,DB1_Lumidgm:72:9,DB1_Lumidgm/25_1_10.wsq,impostor,6,19,6,,False,40.34699,0
2875,stored,78,DB1_Lumidgm:78:5,DB1_Lumidgm/21_1_4.wsq,impostor,5,19,5,,False,38.637351,0
2875,derive,78,DB1_Lumidgm:78:5,DB1_Lumidgm/21_1_4.wsq,impostor,5,19,5,,False,37.48282,0
2876,derive,51,DB1_Lumidgm:51:1,DB1_Lumidgm/34_1_1.wsq,impostor,4,19,4,,False,42.09564,0
2876,stored,51,DB1_Lumidgm:51:1,DB1_Lumidgm/34_1_1.wsq,impostor,4,19,4,,False,40.826991,0
2877,stored,87,DB1_Lumidgm:87:9,DB1_Lumidgm/38_1_2.wsq,impostor,7,19,7,,False,42.57655,0
2877,derive,87,DB1_Lumidgm:87:9,DB1_Lumidgm/38_1_2.wsq,impostor,7,19,7,,False,39.867365,0
2878,derive,44,DB1_Lumidgm:44:2,DB1_Lumidgm/85_1_3.wsq,impostor,12,19,12,,False,40.433893,0
2878,stored,44,DB1_Lumidgm:44:2,DB1_Lumidgm/85_1_3.wsq,impostor,12,19,12,,False,39.32891,0
2879,stored,56,DB1_Lumidgm:56:6,DB1_Lumidgm/56_2_6.wsq,genuine,55,19,55,,True,44.291792,1210
2879,derive,56,DB1_Lumidgm:56:6,DB1_Lumidgm/56_2_6.wsq,genuine,55,19,55,,True,44.706155,1210
2880,derive,85,DB1_Lumidgm:85:7,DB1_Lumidgm/75_1_7.wsq,impostor,8,19,8,,False,45.830098,0
2880,stored,85,DB1_Lumidgm:85:7,DB1_Lumidgm/75_1_7.wsq,impostor,8,19,8,,False,47.401592,0
2881,stored,54,DB1_Lumidgm:54:6,DB1_Lumidgm/49_1_7.wsq,impostor,8,19,8,,False,37.8566,0
2881,derive,54,DB1_Lumidgm:54:6,DB1_Lumidgm/49_1_7.wsq,impostor,8,19,8,,False,40.001229,0
2882,derive,24,DB1_Lumidgm:24:9,DB1_Lumidgm/71_1_1.wsq,impostor,10,19,10,,False,38.824144,0
2882,stored,24,DB1_Lumidgm:24:9,DB1_Lumidgm/71_1_1.wsq,impostor,10,19,10,,False,40.155348,0
2883,stored,57,DB1_Lumidgm:57:8,DB1_Lumidgm/25_1_6.wsq,impostor,5,19,5,,False,47.928302,0
2883,derive,57,DB1_Lumidgm:57:8,DB1_Lumidgm/25_1_6.wsq,impostor,5,19,5,,False,43.621447,0
2884,derive,47,DB1_Lumidgm:47:3,DB1_Lumidgm/47_3_3.wsq,genuine,168,19,168,,True,65.780294,1210
2884,stored,47,DB1_Lumidgm:47:3,DB1_Lumidgm/47_3_3.wsq,genuine,168,19,168,,True,62.537629,1210
2885,stored,59,DB1_Lumidgm:59:6,DB1_Lumidgm/59_2_6.wsq,genuine,16,19,16,,False,41.710249,0
2885,derive,59,DB1_Lumidgm:59:6,DB1_Lumidgm/59_2_6.wsq,genuine,16,19,16,,False,39.928122,0
2886,derive,99,DB1_Lumidgm:99:10,DB1_Lumidgm/81_1_4.wsq,impostor,4,19,4,,False,38.717028,0
2886,stored,99,DB1_Lumidgm:99:10,DB1_Lumidgm/81_1_4.wsq,impostor,4,19,4,,False,40.862593,0
2887,stored,100,DB1_Lumidgm:100:3,DB1_Lumidgm/66_1_7.wsq,impostor,13,19,13,,False,39.327895,0
2887,derive,100,DB1_Lumidgm:100:3,DB1_Lumidgm/66_1_7.wsq,impostor,13,19,13,,False,40.082016,0
2888,derive,77,DB1_Lumidgm:77:5,DB1_Lumidgm/77_1_9.wsq,impostor,9,19,9,,False,39.106335,0
2888,stored,77,DB1_Lumidgm:77:5,DB1_Lumidgm/77_1_9.wsq,impostor,9,19,9,,False,38.865801,0
2889,stored,86,DB1_Lumidgm:86:4,DB1_Lumidgm/26_1_5.wsq,impostor,6,19,6,,False,39.346603,0
2889,derive,86,DB1_Lumidgm:86:4,DB1_Lumidgm/26_1_5.wsq,impostor,6,19,6,,False,35.973841,0
2890,derive,58,DB1_Lumidgm:58:3,DB1_Lumidgm/89_1_10.wsq,impostor,11,19,11,,False,50.461724,0
2890,stored,58,DB1_Lumidgm:58:3,DB1_Lumidgm/89_1_10.wsq,impostor,11,19,11,,False,50.148355,0
2891,stored,48,DB1_Lumidgm:48:5,DB1_Lumidgm/55_1_2.wsq,impostor,4,19,4,,False,39.360553,0
2891,derive,48,DB1_Lumidgm:48:5,DB1_Lumidgm/55_1_2.wsq,impostor,4,19,4,,False,38.03389,0
2892,derive,100,DB1_Lumidgm:100:1,DB1_Lumidgm/97_1_5.wsq,impostor,5,19,5,,False,36.339261,0
2892,stored,100,DB1_Lumidgm:100:1,DB1_Lumidgm/97_1_5.wsq,impostor,5,19,5,,False,36.836042,0
2893,stored,22,DB1_Lumidgm:22:6,DB1_Lumidgm/77_1_10.wsq,impostor,6,19,6,,False,43.051579,0
2893,derive,22,DB1_Lumidgm:22:6,DB1_Lumidgm/77_1_10.wsq,impostor,6,19,6,,False,37.318319,0
2894,derive,87,DB1_Lumidgm:87:5,DB1_Lumidgm/26_1_8.wsq,impostor,14,19,14,,False,36.627502,0
2894,stored,87,DB1_Lumidgm:87:5,DB1_Lumidgm/26_1_8.wsq,impostor,14,19,14,,False,37.492305,0
2895,stored,64,DB1_Lumidgm:64:4,DB1_Lumidgm/53_1_5.wsq,impostor,10,19,10,,False,35.156349,0
2895,derive,64,DB1_Lumidgm:64:4,DB1_Lumidgm/53_1_5.wsq,impostor,10,19,10,,False,35.152477,0
2896,derive,65,DB1_Lumidgm:65:9,DB1_Lumidgm/83_1_4.wsq,impostor,4,19,4,,False,35.806706,0
2896,stored,65,DB1_Lumidgm:65:9,DB1_Lumidgm/83_1_4.wsq,impostor,4,19,4,,False,38.98307,0
2897,stored,57,DB1_Lumidgm:57:2,DB1_Lumidgm/46_1_4.wsq,impostor,7,19,7,,False,47.510036,0
2897,derive,57,DB1_Lumidgm:57:2,DB1_Lumidgm/46_1_4.wsq,impostor,7,19,7,,False,57.252354,0
2898,derive,40,DB1_Lumidgm:40:1,DB1_Lumidgm/56_1_5.wsq,impostor,0,19,0,,False,35.647559,0
2898,stored,40,DB1_Lumidgm:40:1,DB1_Lumidgm/56_1_5.wsq,impostor,0,19,0,,False,35.887779,0
2899,stored,40,DB1_Lumidgm:40:4,DB1_Lumidgm/45_1_2.wsq,impostor,6,19,6,,False,37.846219,0
2899,derive,40,DB1_Lumidgm:40:4,DB1_Lumidgm/45_1_2.wsq,impostor,6,19,6,,False,40.976801,0
2900,derive,44,DB1_Lumidgm:44:9,DB1_Lumidgm/88_1_5.wsq,impostor,9,19,9,,False,47.79289,0
2900,stored,44,DB1_Lumidgm:44:9,DB1_Lumidgm/88_1_5.wsq,impostor,9,19,9,,False,49.812962,0
2901,stored,50,DB1_Lumidgm:50:8,DB1_Lumidgm/63_1_4.wsq,impostor,6,19,6,,False,35.308579,0
2901,derive,50,DB1_Lumidgm:50:8,DB1_Lumidgm/63_1_4.wsq,impostor,6,19,6,,False,34.951579,0
2902,derive,50,DB1_Lumidgm:50:7,DB1_Lumidgm/38_1_7.wsq,impostor,6,19,6,,False,44.65845,0
2902,stored,50,DB1_Lumidgm:50:7,DB1_Lumidgm/38_1_7.wsq,impostor,6,19,6,,False,38.642126,0
2903,stored,82,DB1_Lumidgm:82:9,DB1_Lumidgm/65_1_6.wsq,impostor,6,19,6,,False,45.462805,0
2903,derive,82,DB1_Lumidgm:82:9,DB1_Lumidgm/65_1_6.wsq,impostor,6,19,6,,False,77.001422,0
2904,derive,27,DB1_Lumidgm:27:9,DB1_Lumidgm/81_1_10.wsq,impostor,5,19,5,,False,39.674574,0
2904,stored,27,DB1_Lumidgm:27:9,DB1_Lumidgm/81_1_10.wsq,impostor,5,19,5,,False,45.24811,0
2905,stored,63,DB1_Lumidgm:63:8,DB1_Lumidgm/21_1_5.wsq,impostor,13,19,13,,False,40.12555,0
2905,derive,63,DB1_Lumidgm:63:8,DB1_Lumidgm/21_1_5.wsq,impostor,13,19,13,,False,41.922859,0
2906,derive,41,DB1_Lumidgm:41:6,DB1_Lumidgm/29_1_3.wsq,impostor,5,19,5,,False,38.411173,0
2906,stored,41,DB1_Lumidgm:41:6,DB1_Lumidgm/29_1_3.wsq,impostor,5,19,5,,False,40.987235,0
2907,stored,94,DB1_Lumidgm:94:2,DB1_Lumidgm/94_1_6.wsq,impostor,20,19,20,,True,40.285297,1210
2907,derive,94,DB1_Lumidgm:94:2,DB1_Lumidgm/94_1_6.wsq,impostor,20,19,20,,True,43.700545,1210
2908,derive,67,DB1_Lumidgm:67:4,DB1_Lumidgm/48_1_2.wsq,impostor,10,19,10,,False,42.668244,0
2908,stored,67,DB1_Lumidgm:67:4,DB1_Lumidgm/48_1_2.wsq,impostor,10,19,10,,False,38.807272,0
2909,stored,36,DB1_Lumidgm:36:5,DB1_Lumidgm/100_1_5.wsq,impostor,5,19,5,,False,34.153365,0
2909,derive,36,DB1_Lumidgm:36:5,DB1_Lumidgm/100_1_5.wsq,impostor,5,19,5,,False,34.976935,0
2910,derive,77,DB1_Lumidgm:77:5,DB1_Lumidgm/97_1_5.wsq,impostor,8,19,8,,False,38.066104,0
2910,stored,77,DB1_Lumidgm:77:5,DB1_Lumidgm/97_1_5.wsq,impostor,8,19,8,,False,37.050266,0
2911,stored,88,DB1_Lumidgm:88:5,DB1_Lumidgm/79_1_8.wsq,impostor,5,19,5,,False,37.345562,0
2911,derive,88,DB1_Lumidgm:88:5,DB1_Lumidgm/79_1_8.wsq,impostor,5,19,5,,False,38.687204,0
2912,derive,69,DB1_Lumidgm:69:5,DB1_Lumidgm/81_1_5.wsq,impostor,12,19,12,,False,35.128225,0
2912,stored,69,DB1_Lumidgm:69:5,DB1_Lumidgm/81_1_5.wsq,impostor,12,19,12,,False,36.208225,0
2913,stored,52,DB1_Lumidgm:52:6,DB1_Lumidgm/27_1_9.wsq,impostor,7,19,7,,False,39.116166,0
2913,derive,52,DB1_Lumidgm:52:6,DB1_Lumidgm/27_1_9.wsq,impostor,7,19,7,,False,39.130358,0
2914,derive,88,DB1_Lumidgm:88:6,DB1_Lumidgm/83_1_8.wsq,impostor,5,19,5,,False,37.721955,0
2914,stored,88,DB1_Lumidgm:88:6,DB1_Lumidgm/83_1_8.wsq,impostor,5,19,5,,False,37.299229,0
2915,stored,68,DB1_Lumidgm:68:4,DB1_Lumidgm/84_1_4.wsq,impostor,5,19,5,,False,36.528938,0
2915,derive,68,DB1_Lumidgm:68:4,DB1_Lumidgm/84_1_4.wsq,impostor,5,19,5,,False,36.126247,0
2916,derive,97,DB1_Lumidgm:97:3,DB1_Lumidgm/97_3_3.wsq,genuine,50,19,50,,True,38.535379,1210
2916,stored,97,DB1_Lumidgm:97:3,DB1_Lumidgm/97_3_3.wsq,genuine,50,19,50,,True,37.275401,1210
2917,stored,88,DB1_Lumidgm:88:4,DB1_Lumidgm/79_1_2.wsq,impostor,4,19,4,,False,40.704959,0
2917,derive,88,DB1_Lumidgm:88:4,DB1_Lumidgm/79_1_2.wsq,impostor,4,19,4,,False,36.8753,0
2918,derive,28,DB1_Lumidgm:28:6,DB1_Lumidgm/76_1_9.wsq,impostor,3,19,3,,False,35.22204,0
2918,stored,28,DB1_Lumidgm:28:6,DB1_Lumidgm/76_1_9.wsq,impostor,3,19,3,,False,35.030695,0
2919,stored,77,DB1_Lumidgm:77:4,DB1_Lumidgm/97_1_9.wsq,impostor,5,19,5,,False,39.869051,0
2919,derive,77,DB1_Lumidgm:77:4,DB1_Lumidgm/97_1_9.wsq,impostor,5,19,5,,False,40.051342,0
2920,derive,72,DB1_Lumidgm:72:7,DB1_Lumidgm/91_1_5.wsq,impostor,7,19,7,,False,38.945069,0
2920,stored,72,DB1_Lumidgm:72:7,DB1_Lumidgm/91_1_5.wsq,impostor,7,19,7,,False,38.80255,0
2921,stored,67,DB1_Lumidgm:67:1,DB1_Lumidgm/47_1_8.wsq,impostor,6,19,6,,False,36.391658,0
2921,derive,67,DB1_Lumidgm:67:1,DB1_Lumidgm/47_1_8.wsq,impostor,6,19,6,,False,36.927317,0
2922,derive,59,DB1_Lumidgm:59:1,DB1_Lumidgm/77_1_7.wsq,impostor,12,19,12,,False,41.508679,0
2922,stored,59,DB1_Lumidgm:59:1,DB1_Lumidgm/77_1_7.wsq,impostor,12,19,12,,False,38.413405,0
2923,stored,39,DB1_Lumidgm:39:1,DB1_Lumidgm/70_1_2.wsq,impostor,4,19,4,,False,39.56196,0
2923,derive,39,DB1_Lumidgm:39:1,DB1_Lumidgm/70_1_2.wsq,impostor,4,19,4,,False,39.603172,0
2924,derive,93,DB1_Lumidgm:93:1,DB1_Lumidgm/90_1_6.wsq,impostor,5,19,5,,False,41.422808,0
2924,stored,93,DB1_Lumidgm:93:1,DB1_Lumidgm/90_1_6.wsq,impostor,5,19,5,,False,38.050255,0
2925,stored,79,DB1_Lumidgm:79:3,DB1_Lumidgm/79_4_3.wsq,genuine,84,19,84,,True,64.513057,1210
2925,derive,79,DB1_Lumidgm:79:3,DB1_Lumidgm/79_4_3.wsq,genuine,84,19,84,,True,60.356539,1210
2926,derive,80,DB1_Lumidgm:80:6,DB1_Lumidgm/45_1_5.wsq,impostor,12,19,12,,False,37.168265,0
2926,stored,80,DB1_Lumidgm:80:6,DB1_Lumidgm/45_1_5.wsq,impostor,12,19,12,,False,40.348899,0
2927,stored,71,DB1_Lumidgm:71:1,DB1_Lumidgm/26_1_5.wsq,impostor,12,19,12,,False,37.316865,0
2927,derive,71,DB1_Lumidgm:71:1,DB1_Lumidgm/26_1_5.wsq,impostor,12,19,12,,False,35.008248,0
2928,derive,93,DB1_Lumidgm:93:8,DB1_Lumidgm/40_1_6.wsq,impostor,11,19,11,,False,37.464963,0
2928,stored,93,DB1_Lumidgm:93:8,DB1_Lumidgm/40_1_6.wsq,impostor,11,19,11,,False,45.79945,0
2929,stored,34,DB1_Lumidgm:34:9,DB1_Lumidgm/25_1_6.wsq,impostor,7,19,7,,False,49.851345,0
2929,derive,34,DB1_Lumidgm:34:9,DB1_Lumidgm/25_1_6.wsq,impostor,7,19,7,,False,43.135395,0
2930,derive,52,DB1_Lumidgm:52:2,DB1_Lumidgm/68_1_7.wsq,impostor,14,19,14,,False,36.560337,0
2930,stored,52,DB1_Lumidgm:52:2,DB1_Lumidgm/68_1_7.wsq,impostor,14,19,14,,False,37.777076,0
2931,stored,94,DB1_Lumidgm:94:10,DB1_Lumidgm/48_1_6.wsq,impostor,3,19,3,,False,48.712599,0
2931,derive,94,DB1_Lumidgm:94:10,DB1_Lumidgm/48_1_6.wsq,impostor,3,19,3,,False,51.071548,0
2932,derive,37,DB1_Lumidgm:37:7,DB1_Lumidgm/99_1_8.wsq,impostor,7,19,7,,False,55.613022,0
2932,stored,37,DB1_Lumidgm:37:7,DB1_Lumidgm/99_1_8.wsq,impostor,7,19,7,,False,38.751963,0
2933,stored,42,DB1_Lumidgm:42:8,DB1_Lumidgm/33_1_3.wsq,impostor,6,19,6,,False,52.69726,0
2933,derive,42,DB1_Lumidgm:42:8,DB1_Lumidgm/33_1_3.wsq,impostor,6,19,6,,False,63.656534,0
2934,derive,90,DB1_Lumidgm:90:2,DB1_Lumidgm/90_4_2.wsq,genuine,106,19,106,,True,45.072509,1210
2934,stored,90,DB1_Lumidgm:90:2,DB1_Lumidgm/90_4_2.wsq,genuine,106,19,106,,True,52.521806,1210
2935,stored,51,DB1_Lumidgm:51:10,DB1_Lumidgm/51_4_10.wsq,genuine,46,19,46,,True,42.943748,1211
2935,derive,51,DB1_Lumidgm:51:10,DB1_Lumidgm/51_4_10.wsq,genuine,46,19,46,,True,38.376774,1211
2936,derive,85,DB1_Lumidgm:85:10,DB1_Lumidgm/43_1_6.wsq,impostor,8,19,8,,False,41.178967,0
2936,stored,85,DB1_Lumidgm:85:10,DB1_Lumidgm/43_1_6.wsq,impostor,8,19,8,,False,53.774177,0
2937,stored,41,DB1_Lumidgm:41:2,DB1_Lumidgm/66_1_3.wsq,impostor,7,19,7,,False,39.326735,0
2937,derive,41,DB1_Lumidgm:41:2,DB1_Lumidgm/66_1_3.wsq,impostor,7,19,7,,False,64.211376,0
2938,derive,95,DB1_Lumidgm:95:1,DB1_Lumidgm/93_1_5.wsq,impostor,10,19,10,,False,52.983577,0
2938,stored,95,DB1_Lumidgm:95:1,DB1_Lumidgm/93_1_5.wsq,impostor,10,19,10,,False,59.391552,0
2939,stored,100,DB1_Lumidgm:100:5,DB1_Lumidgm/63_1_4.wsq,impostor,7,19,7,,False,41.22667,0
2939,derive,100,DB1_Lumidgm:100:5,DB1_Lumidgm/63_1_4.wsq,impostor,7,19,7,,False,35.215699,0
2940,derive,91,DB1_Lumidgm:91:3,DB1_Lumidgm/75_1_10.wsq,impostor,4,19,4,,False,36.981677,0
2940,stored,91,DB1_Lumidgm:91:3,DB1_Lumidgm/75_1_10.wsq,impostor,4,19,4,,False,35.95035,0
2941,stored,58,DB1_Lumidgm:58:9,DB1_Lumidgm/80_1_2.wsq,impostor,9,19,9,,False,51.992602,0
2941,derive,58,DB1_Lumidgm:58:9,DB1_Lumidgm/80_1_2.wsq,impostor,9,19,9,,False,57.511043,0
2942,derive,92,DB1_Lumidgm:92:1,DB1_Lumidgm/76_1_5.wsq,impostor,0,19,0,,False,60.810025,0
2942,stored,92,DB1_Lumidgm:92:1,DB1_Lumidgm/76_1_5.wsq,impostor,0,19,0,,False,38.502768,0
2943,stored,39,DB1_Lumidgm:39:8,DB1_Lumidgm/36_1_7.wsq,impostor,22,19,22,,True,37.326232,1210
2943,derive,39,DB1_Lumidgm:39:8,DB1_Lumidgm/36_1_7.wsq,impostor,22,19,22,,True,36.419862,1210
2944,derive,80,DB1_Lumidgm:80:4,DB1_Lumidgm/75_1_1.wsq,impostor,4,19,4,,False,38.185821,0
2944,stored,80,DB1_Lumidgm:80:4,DB1_Lumidgm/75_1_1.wsq,impostor,4,19,4,,False,39.308742,0
2945,stored,45,DB1_Lumidgm:45:10,DB1_Lumidgm/25_1_6.wsq,impostor,8,19,8,,False,42.783927,0
2945,derive,45,DB1_Lumidgm:45:10,DB1_Lumidgm/25_1_6.wsq,impostor,8,19,8,,False,38.561085,0
2946,derive,29,DB1_Lumidgm:29:4,DB1_Lumidgm/29_4_4.wsq,genuine,72,19,72,,True,46.872364,1210
2946,stored,29,DB1_Lumidgm:29:4,DB1_Lumidgm/29_4_4.wsq,genuine,72,19,72,,True,41.327032,1210
2947,stored,63,DB1_Lumidgm:63:9,DB1_Lumidgm/59_1_2.wsq,impostor,7,19,7,,False,49.982951,0
2947,derive,63,DB1_Lumidgm:63:9,DB1_Lumidgm/59_1_2.wsq,impostor,7,19,7,,False,40.675178,0
2948,derive,65,DB1_Lumidgm:65:10,DB1_Lumidgm/65_2_10.wsq,genuine,64,19,64,,True,78.48755,1211
2948,stored,65,DB1_Lumidgm:65:10,DB1_Lumidgm/65_2_10.wsq,genuine,64,19,64,,True,53.592309,1211
2949,stored,62,DB1_Lumidgm:62:6,DB1_Lumidgm/29_1_7.wsq,impostor,6,19,6,,False,58.854469,0
2949,derive,62,DB1_Lumidgm:62:6,DB1_Lumidgm/29_1_7.wsq,impostor,6,19,6,,False,39.493553,0
2950,derive,92,DB1_Lumidgm:92:8,DB1_Lumidgm/82_1_3.wsq,impostor,5,19,5,,False,42.209088,0
2950,stored,92,DB1_Lumidgm:92:8,DB1_Lumidgm/82_1_3.wsq,impostor,5,19,5,,False,40.142584,0
2951,stored,82,DB1_Lumidgm:82:1,DB1_Lumidgm/68_1_7.wsq,impostor,10,19,10,,False,36.324385,0
2951,derive,82,DB1_Lumidgm:82:1,DB1_Lumidgm/68_1_7.wsq,impostor,10,19,10,,False,37.489438,0
2952,derive,33,DB1_Lumidgm:33:2,DB1_Lumidgm/28_1_4.wsq,impostor,8,19,8,,False,41.598035,0
2952,stored,33,DB1_Lumidgm:33:2,DB1_Lumidgm/28_1_4.wsq,impostor,8,19,8,,False,43.05221,0
2953,stored,95,DB1_Lumidgm:95:7,DB1_Lumidgm/100_1_10.wsq,impostor,7,19,7,,False,36.80606,0
2953,derive,95,DB1_Lumidgm:95:7,DB1_Lumidgm/100_1_10.wsq,impostor,7,19,7,,False,39.473515,0
2954,derive,27,DB1_Lumidgm:27:5,DB1_Lumidgm/89_1_1.wsq,impostor,7,19,7,,False,50.206056,0
2954,stored,27,DB1_Lumidgm:27:5,DB1_Lumidgm/89_1_1.wsq,impostor,7,19,7,,False,52.813133,0
2955,stored,62,DB1_Lumidgm:62:2,DB1_Lumidgm/41_1_3.wsq,impostor,5,19,5,,False,51.928477,0
2955,derive,62,DB1_Lumidgm:62:2,DB1_Lumidgm/41_1_3.wsq,impostor,5,19,5,,False,43.082678,0
2956,derive,22,DB1_Lumidgm:22:5,DB1_Lumidgm/65_1_6.wsq,impostor,6,19,6,,False,44.923194,0
2956,stored,22,DB1_Lumidgm:22:5,DB1_Lumidgm/65_1_6.wsq,impostor,6,19,6,,False,51.079129,0
2957,stored,34,DB1_Lumidgm:34:3,DB1_Lumidgm/40_1_5.wsq,impostor,18,19,18,,False,60.388665,0
2957,derive,34,DB1_Lumidgm:34:3,DB1_Lumidgm/40_1_5.wsq,impostor,18,19,18,,False,48.483054,0
2958,derive,93,DB1_Lumidgm:93:8,DB1_Lumidgm/100_1_4.wsq,impostor,5,19,5,,False,37.031099,0
2958,stored,93,DB1_Lumidgm:93:8,DB1_Lumidgm/100_1_4.wsq,impostor,5,19,5,,False,52.886557,0
2959,stored,73,DB1_Lumidgm:73:8,DB1_Lumidgm/79_1_9.wsq,impostor,7,19,7,,False,41.49257,0
2959,derive,73,DB1_Lumidgm:73:8,DB1_Lumidgm/79_1_9.wsq,impostor,7,19,7,,False,54.623133,0
2960,derive,48,DB1_Lumidgm:48:10,DB1_Lumidgm/66_1_1.wsq,impostor,8,19,8,,False,39.543937,0
2960,stored,48,DB1_Lumidgm:48:10,DB1_Lumidgm/66_1_1.wsq,impostor,8,19,8,,False,38.821892,0
2961,stored,69,DB1_Lumidgm:69:5,DB1_Lumidgm/45_1_1.wsq,impostor,10,19,10,,False,40.868391,0
2961,derive,69,DB1_Lumidgm:69:5,DB1_Lumidgm/45_1_1.wsq,impostor,10,19,10,,False,38.794237,0
2962,derive,43,DB1_Lumidgm:43:10,DB1_Lumidgm/49_1_6.wsq,impostor,10,19,10,,False,42.274961,0
2962,stored,43,DB1_Lumidgm:43:10,DB1_Lumidgm/49_1_6.wsq,impostor,10,19,10,,False,45.149827,0
2963,stored,87,DB1_Lumidgm:87:1,DB1_Lumidgm/75_1_2.wsq,impostor,9,19,9,,False,42.170369,0
2963,derive,87,DB1_Lumidgm:87:1,DB1_Lumidgm/75_1_2.wsq,impostor,9,19,9,,False,36.303169,0
2964,derive,39,DB1_Lumidgm:39:3,DB1_Lumidgm/43_1_4.wsq,impostor,5,19,5,,False,41.859631,0
2964,stored,39,DB1_Lumidgm:39:3,DB1_Lumidgm/43_1_4.wsq,impostor,5,19,5,,False,38.596401,0
2965,stored,57,DB1_Lumidgm:57:9,DB1_Lumidgm/52_1_2.wsq,impostor,8,19,8,,False,38.626719,0
2965,derive,57,DB1_Lumidgm:57:9,DB1_Lumidgm/52_1_2.wsq,impostor,8,19,8,,False,42.053186,0
2966,derive,47,DB1_Lumidgm:47:8,DB1_Lumidgm/44_1_6.wsq,impostor,4,19,4,,False,38.506298,0
2966,stored,47,DB1_Lumidgm:47:8,DB1_Lumidgm/44_1_6.wsq,impostor,4,19,4,,False,49.239424,0
2967,stored,89,DB1_Lumidgm:89:9,DB1_Lumidgm/26_1_3.wsq,impostor,8,19,8,,False,45.554313,0
2967,derive,89,DB1_Lumidgm:89:9,DB1_Lumidgm/26_1_3.wsq,impostor,8,19,8,,False,41.627876,0
2968,derive,74,DB1_Lumidgm:74:1,DB1_Lumidgm/89_1_8.wsq,impostor,4,19,4,,False,58.144621,0
2968,stored,74,DB1_Lumidgm:74:1,DB1_Lumidgm/89_1_8.wsq,impostor,4,19,4,,False,59.493537,0
2969,stored,65,DB1_Lumidgm:65:1,DB1_Lumidgm/21_1_2.wsq,impostor,6,19,6,,False,49.276993,0
2969,derive,65,DB1_Lumidgm:65:1,DB1_Lumidgm/21_1_2.wsq,impostor,6,19,6,,False,45.667795,0
2970,derive,58,DB1_Lumidgm:58:8,DB1_Lumidgm/58_3_8.wsq,genuine,25,19,25,,True,42.62154,1210
2970,stored,58,DB1_Lumidgm:58:8,DB1_Lumidgm/58_3_8.wsq,genuine,25,19,25,,True,109.304936,1210
2971,stored,77,DB1_Lumidgm:77:6,DB1_Lumidgm/28_1_8.wsq,impostor,6,19,6,,False,41.360257,0
2971,derive,77,DB1_Lumidgm:77:6,DB1_Lumidgm/28_1_8.wsq,impostor,6,19,6,,False,46.23482,0
2972,derive,59,DB1_Lumidgm:59:5,DB1_Lumidgm/70_1_8.wsq,impostor,10,19,10,,False,43.363021,0
2972,stored,59,DB1_Lumidgm:59:5,DB1_Lumidgm/70_1_8.wsq,impostor,10,19,10,,False,54.724401,0
2973,stored,27,DB1_Lumidgm:27:3,DB1_Lumidgm/89_1_2.wsq,impostor,7,19,7,,False,67.36437,0
2973,derive,27,DB1_Lumidgm:27:3,DB1_Lumidgm/89_1_2.wsq,impostor,7,19,7,,False,44.719751,0
2974,derive,56,DB1_Lumidgm:56:3,DB1_Lumidgm/56_4_3.wsq,genuine,177,19,177,,True,107.877408,1210
2974,stored,56,DB1_Lumidgm:56:3,DB1_Lumidgm/56_4_3.wsq,genuine,177,19,177,,True,64.051957,1210
2975,stored,80,DB1_Lumidgm:80:1,DB1_Lumidgm/99_1_5.wsq,impostor,6,19,6,,False,35.912388,0
2975,derive,80,DB1_Lumidgm:80:1,DB1_Lumidgm/99_1_5.wsq,impostor,6,19,6,,False,35.180403,0
2976,derive,46,DB1_Lumidgm:46:1,DB1_Lumidgm/27_1_7.wsq,impostor,3,19,3,,False,35.764283,0
2976,stored,46,DB1_Lumidgm:46:1,DB1_Lumidgm/27_1_7.wsq,impostor,3,19,3,,False,35.557483,0
2977,stored,87,DB1_Lumidgm:87:9,DB1_Lumidgm/98_1_9.wsq,impostor,6,19,6,,False,45.608935,0
2977,derive,87,DB1_Lumidgm:87:9,DB1_Lumidgm/98_1_9.wsq,impostor,6,19,6,,False,37.174093,0
2978,derive,24,DB1_Lumidgm:24:2,DB1_Lumidgm/24_2_2.wsq,genuine,166,19,166,,True,60.247507,1210
2978,stored,24,DB1_Lumidgm:24:2,DB1_Lumidgm/24_2_2.wsq,genuine,166,19,166,,True,56.91145,1210
2979,stored,55,DB1_Lumidgm:55:10,DB1_Lumidgm/55_2_10.wsq,genuine,79,19,79,,True,64.501228,1211
2979,derive,55,DB1_Lumidgm:55:10,DB1_Lumidgm/55_2_10.wsq,genuine,79,19,79,,True,45.002031,1211
2980,derive,65,DB1_Lumidgm:65:8,DB1_Lumidgm/43_1_9.wsq,impostor,8,19,8,,False,43.836729,0
2980,stored,65,DB1_Lumidgm:65:8,DB1_Lumidgm/43_1_9.wsq,impostor,8,19,8,,False,41.016049,0
2981,stored,75,DB1_Lumidgm:75:4,DB1_Lumidgm/56_1_2.wsq,impostor,5,19,5,,False,37.266856,0
2981,derive,75,DB1_Lumidgm:75:4,DB1_Lumidgm/56_1_2.wsq,impostor,5,19,5,,False,40.468736,0
2982,derive,43,DB1_Lumidgm:43:4,DB1_Lumidgm/51_1_4.wsq,impostor,9,19,9,,False,62.201831,0
2982,stored,43,DB1_Lumidgm:43:4,DB1_Lumidgm/51_1_4.wsq,impostor,9,19,9,,False,38.973464,0
2983,stored,60,DB1_Lumidgm:60:5,DB1_Lumidgm/53_1_10.wsq,impostor,10,19,10,,False,37.927301,0
2983,derive,60,DB1_Lumidgm:60:5,DB1_Lumidgm/53_1_10.wsq,impostor,10,19,10,,False,40.86544,0
2984,derive,93,DB1_Lumidgm:93:9,DB1_Lumidgm/68_1_8.wsq,impostor,8,19,8,,False,40.492068,0
2984,stored,93,DB1_Lumidgm:93:9,DB1_Lumidgm/68_1_8.wsq,impostor,8,19,8,,False,41.169403,0
2985,stored,74,DB1_Lumidgm:74:6,DB1_Lumidgm/53_1_7.wsq,impostor,8,19,8,,False,41.203943,0
2985,derive,74,DB1_Lumidgm:74:6,DB1_Lumidgm/53_1_7.wsq,impostor,8,19,8,,False,40.384862,0
2986,derive,73,DB1_Lumidgm:73:3,DB1_Lumidgm/73_3_3.wsq,genuine,6,19,6,,False,44.83876,0
2986,stored,73,DB1_Lumidgm:73:3,DB1_Lumidgm/73_3_3.wsq,genuine,6,19,6,,False,43.505051,0
2987,stored,73,DB1_Lumidgm:73:4,DB1_Lumidgm/97_1_9.wsq,impostor,6,19,6,,False,44.819227,0
2987,derive,73,DB1_Lumidgm:73:4,DB1_Lumidgm/97_1_9.wsq,impostor,6,19,6,,False,40.831241,0
2988,derive,64,DB1_Lumidgm:64:4,DB1_Lumidgm/32_1_2.wsq,impostor,9,19,9,,False,46.409695,0
2988,stored,64,DB1_Lumidgm:64:4,DB1_Lumidgm/32_1_2.wsq,impostor,9,19,9,,False,37.334724,0
2989,stored,85,DB1_Lumidgm:85:10,DB1_Lumidgm/99_1_7.wsq,impostor,8,19,8,,False,37.45498,0
2989,derive,85,DB1_Lumidgm:85:10,DB1_Lumidgm/99_1_7.wsq,impostor,8,19,8,,False,45.200908,0
2990,derive,54,DB1_Lumidgm:54:4,DB1_Lumidgm/28_1_7.wsq,impostor,7,19,7,,False,38.072436,0
2990,stored,54,DB1_Lumidgm:54:4,DB1_Lumidgm/28_1_7.wsq,impostor,7,19,7,,False,38.67325,0
2991,stored,26,DB1_Lumidgm:26:10,DB1_Lumidgm/80_1_2.wsq,impostor,5,19,5,,False,43.115651,0
2991,derive,26,DB1_Lumidgm:26:10,DB1_Lumidgm/80_1_2.wsq,impostor,5,19,5,,False,48.280571,0
2992,derive,47,DB1_Lumidgm:47:4,DB1_Lumidgm/100_1_1.wsq,impostor,5,19,5,,False,45.858814,0
2992,stored,47,DB1_Lumidgm:47:4,DB1_Lumidgm/100_1_1.wsq,impostor,5,19,5,,False,43.973737,0
2993,stored,59,DB1_Lumidgm:59:2,DB1_Lumidgm/77_1_4.wsq,impostor,8,19,8,,False,42.724055,0
2993,derive,59,DB1_Lumidgm:59:2,DB1_Lumidgm/77_1_4.wsq,impostor,8,19,8,,False,36.974771,0
2994,derive,64,DB1_Lumidgm:64:4,DB1_Lumidgm/48_1_2.wsq,impostor,8,19,8,,False,41.266329,0
2994,stored,64,DB1_Lumidgm:64:4,DB1_Lumidgm/48_1_2.wsq,impostor,8,19,8,,False,38.147702,0
2995,stored,51,DB1_Lumidgm:51:6,DB1_Lumidgm/51_4_6.wsq,genuine,126,19,126,,True,58.863681,1210
2995,derive,51,DB1_Lumidgm:51:6,DB1_Lumidgm/51_4_6.wsq,genuine,126,19,126,,True,79.368469,1210
2996,derive,64,DB1_Lumidgm:64:9,DB1_Lumidgm/89_1_1.wsq,impostor,13,19,13,,False,45.024335,0
2996,stored,64,DB1_Lumidgm:64:9,DB1_Lumidgm/89_1_1.wsq,impostor,13,19,13,,False,49.68022,0
2997,stored,73,DB1_Lumidgm:73:9,DB1_Lumidgm/73_3_9.wsq,genuine,7,19,7,,False,40.851756,0
2997,derive,73,DB1_Lumidgm:73:9,DB1_Lumidgm/73_3_9.wsq,genuine,7,19,7,,False,36.833698,0
2998,derive,32,DB1_Lumidgm:32:6,DB1_Lumidgm/46_1_8.wsq,impostor,4,19,4,,False,39.795064,0
2998,stored,32,DB1_Lumidgm:32:6,DB1_Lumidgm/46_1_8.wsq,impostor,4,19,4,,False,38.629889,0
2999,stored,35,DB1_Lumidgm:35:8,DB1_Lumidgm/27_1_4.wsq,impostor,6,19,6,,False,37.430577,0
2999,derive,35,DB1_Lumidgm:35:8,DB1_Lumidgm/27_1_4.wsq,impostor,6,19,6,,False,37.100907,0
3000,derive,34,DB1_Lumidgm:34:3,DB1_Lumidgm/73_1_1.wsq,impostor,8,19,8,,False,40.583526,0
3000,stored,34,DB1_Lumidgm:34:3,DB1_Lumidgm/73_1_1.wsq,impostor,8,19,8,,False,41.380628,0
3001,stored,82,DB1_Lumidgm:82:9,DB1_Lumidgm/85_1_4.wsq,impostor,8,19,8,,False,39.463965,0
3001,derive,82,DB1_Lumidgm:82:9,DB1_Lumidgm/85_1_4.wsq,impostor,8,19,8,,False,38.183839,0
3002,derive,77,DB1_Lumidgm:77:1,DB1_Lumidgm/94_1_6.wsq,impostor,5,19,5,,False,39.71899,0
3002,stored,77,DB1_Lumidgm:77:1,DB1_Lumidgm/94_1_6.wsq,impostor,5,19,5,,False,39.705751,0
3003,stored,24,DB1_Lumidgm:24:7,DB1_Lumidgm/24_3_7.wsq,genuine,132,19,132,,True,64.895293,1210
3003,derive,24,DB1_Lumidgm:24:7,DB1_Lumidgm/24_3_7.wsq,genuine,132,19,132,,True,70.052153,1210
3004,derive,32,DB1_Lumidgm:32:1,DB1_Lumidgm/32_2_1.wsq,genuine,162,19,162,,True,54.154135,1210
3004,stored,32,DB1_Lumidgm:32:1,DB1_Lumidgm/32_2_1.wsq,genuine,162,19,162,,True,58.674223,1210
3005,stored,32,DB1_Lumidgm:32:6,DB1_Lumidgm/85_1_4.wsq,impostor,3,19,3,,False,39.283746,0
3005,derive,32,DB1_Lumidgm:32:6,DB1_Lumidgm/85_1_4.wsq,impostor,3,19,3,,False,38.983129,0
3006,derive,98,DB1_Lumidgm:98:9,DB1_Lumidgm/45_1_1.wsq,impostor,5,19,5,,False,42.726805,0
3006,stored,98,DB1_Lumidgm:98:9,DB1_Lumidgm/45_1_1.wsq,impostor,5,19,5,,False,39.565081,0
3007,stored,47,DB1_Lumidgm:47:4,DB1_Lumidgm/83_1_4.wsq,impostor,5,19,5,,False,36.480767,0
3007,derive,47,DB1_Lumidgm:47:4,DB1_Lumidgm/83_1_4.wsq,impostor,5,19,5,,False,35.249243,0
3008,derive,27,DB1_Lumidgm:27:6,DB1_Lumidgm/27_3_6.wsq,genuine,76,19,76,,True,50.406443,1210
3008,stored,27,DB1_Lumidgm:27:6,DB1_Lumidgm/27_3_6.wsq,genuine,76,19,76,,True,48.068275,1210
3009,stored,67,DB1_Lumidgm:67:4,DB1_Lumidgm/73_1_1.wsq,impostor,5,19,5,,False,42.061294,0
3009,derive,67,DB1_Lumidgm:67:4,DB1_Lumidgm/73_1_1.wsq,impostor,5,19,5,,False,37.705615,0
3010,derive,29,DB1_Lumidgm:29:10,DB1_Lumidgm/76_1_9.wsq,impostor,6,19,6,,False,35.702653,0
3010,stored,29,DB1_Lumidgm:29:10,DB1_Lumidgm/76_1_9.wsq,impostor,6,19,6,,False,36.411253,0
3011,stored,33,DB1_Lumidgm:33:8,DB1_Lumidgm/33_2_8.wsq,genuine,32,19,32,,True,41.996327,1210
3011,derive,33,DB1_Lumidgm:33:8,DB1_Lumidgm/33_2_8.wsq,genuine,32,19,32,,True,41.908878,1210
3012,derive,59,DB1_Lumidgm:59:10,DB1_Lumidgm/58_1_10.wsq,impostor,3,19,3,,False,43.309551,0
3012,stored,59,DB1_Lumidgm:59:10,DB1_Lumidgm/58_1_10.wsq,impostor,3,19,3,,False,42.314318,0
3013,stored,89,DB1_Lumidgm:89:8,DB1_Lumidgm/63_1_1.wsq,impostor,12,19,12,,False,40.133436,0
3013,derive,89,DB1_Lumidgm:89:8,DB1_Lumidgm/63_1_1.wsq,impostor,12,19,12,,False,42.193105,0
3014,derive,96,DB1_Lumidgm:96:6,DB1_Lumidgm/45_1_7.wsq,impostor,4,19,4,,False,43.11555,0
3014,stored,96,DB1_Lumidgm:96:6,DB1_Lumidgm/45_1_7.wsq,impostor,4,19,4,,False,59.190464,0
3015,stored,93,DB1_Lumidgm:93:9,DB1_Lumidgm/65_1_3.wsq,impostor,10,19,10,,False,52.79665,0
3015,derive,93,DB1_Lumidgm:93:9,DB1_Lumidgm/65_1_3.wsq,impostor,10,19,10,,False,45.509031,0
3016,derive,95,DB1_Lumidgm:95:9,DB1_Lumidgm/87_1_2.wsq,impostor,8,19,8,,False,38.34454,0
3016,stored,95,DB1_Lumidgm:95:9,DB1_Lumidgm/87_1_2.wsq,impostor,8,19,8,,False,45.120362,0
3017,stored,96,DB1_Lumidgm:96:3,DB1_Lumidgm/96_3_3.wsq,genuine,45,19,45,,True,39.314839,1210
3017,derive,96,DB1_Lumidgm:96:3,DB1_Lumidgm/96_3_3.wsq,genuine,45,19,45,,True,37.097047,1210
3018,derive,39,DB1_Lumidgm:39:9,DB1_Lumidgm/21_1_8.wsq,impostor,20,19,20,,True,38.113549,1210
3018,stored,39,DB1_Lumidgm:39:9,DB1_Lumidgm/21_1_8.wsq,impostor,20,19,20,,True,38.73641,1210
3019,stored,40,DB1_Lumidgm:40:2,DB1_Lumidgm/37_1_2.wsq,impostor,6,19,6,,False,35.884734,0
3019,derive,40,DB1_Lumidgm:40:2,DB1_Lumidgm/37_1_2.wsq,impostor,6,19,6,,False,39.169634,0
3020,derive,36,DB1_Lumidgm:36:9,DB1_Lumidgm/68_1_9.wsq,impostor,7,19,7,,False,38.339021,0
3020,stored,36,DB1_Lumidgm:36:9,DB1_Lumidgm/68_1_9.wsq,impostor,7,19,7,,False,40.614526,0
3021,stored,55,DB1_Lumidgm:55:5,DB1_Lumidgm/24_1_8.wsq,impostor,9,19,9,,False,36.075639,0
3021,derive,55,DB1_Lumidgm:55:5,DB1_Lumidgm/24_1_8.wsq,impostor,9,19,9,,False,38.682585,0
3022,derive,46,DB1_Lumidgm:46:4,DB1_Lumidgm/81_1_1.wsq,impostor,6,19,6,,False,38.041146,0
3022,stored,46,DB1_Lumidgm:46:4,DB1_Lumidgm/81_1_1.wsq,impostor,6,19,6,,False,39.123504,0
3023,stored,59,DB1_Lumidgm:59:3,DB1_Lumidgm/89_1_7.wsq,impostor,6,19,6,,False,47.039164,0
3023,derive,59,DB1_Lumidgm:59:3,DB1_Lumidgm/89_1_7.wsq,impostor,6,19,6,,False,45.20922,0
3024,derive,82,DB1_Lumidgm:82:10,DB1_Lumidgm/72_1_10.wsq,impostor,17,19,17,,False,37.765656,0
3024,stored,82,DB1_Lumidgm:82:10,DB1_Lumidgm/72_1_10.wsq,impostor,17,19,17,,False,36.120668,0
3025,stored,40,DB1_Lumidgm:40:10,DB1_Lumidgm/61_1_3.wsq,impostor,7,19,7,,False,40.667599,0
3025,derive,40,DB1_Lumidgm:40:10,DB1_Lumidgm/61_1_3.wsq,impostor,7,19,7,,False,41.261645,0
3026,derive,33,DB1_Lumidgm:33:4,DB1_Lumidgm/61_1_6.wsq,impostor,5,19,5,,False,40.690835,0
3026,stored,33,DB1_Lumidgm:33:4,DB1_Lumidgm/61_1_6.wsq,impostor,5,19,5,,False,53.180751,0
3027,stored,69,DB1_Lumidgm:69:1,DB1_Lumidgm/71_1_7.wsq,impostor,3,19,3,,False,38.12471,0
3027,derive,69,DB1_Lumidgm:69:1,DB1_Lumidgm/71_1_7.wsq,impostor,3,19,3,,False,37.530519,0
3028,derive,92,DB1_Lumidgm:92:5,DB1_Lumidgm/73_1_1.wsq,impostor,6,19,6,,False,36.683448,0
3028,stored,92,DB1_Lumidgm:92:5,DB1_Lumidgm/73_1_1.wsq,impostor,6,19,6,,False,36.644625,0
3029,stored,21,DB1_Lumidgm:21:2,DB1_Lumidgm/72_1_10.wsq,impostor,6,19,6,,False,38.78364,0
3029,derive,21,DB1_Lumidgm:21:2,DB1_Lumidgm/72_1_10.wsq,impostor,6,19,6,,False,34.015716,0
3030,derive,88,DB1_Lumidgm:88:6,DB1_Lumidgm/21_1_6.wsq,impostor,4,19,4,,False,36.770211,0
3030,stored,88,DB1_Lumidgm:88:6,DB1_Lumidgm/21_1_6.wsq,impostor,4,19,4,,False,38.090174,0
3031,stored,85,DB1_Lumidgm:85:2,DB1_Lumidgm/26_1_10.wsq,impostor,5,19,5,,False,38.518804,0
3031,derive,85,DB1_Lumidgm:85:2,DB1_Lumidgm/26_1_10.wsq,impostor,5,19,5,,False,36.813872,0
3032,derive,47,DB1_Lumidgm:47:9,DB1_Lumidgm/44_1_10.wsq,impostor,6,19,6,,False,39.009961,0
3032,stored,47,DB1_Lumidgm:47:9,DB1_Lumidgm/44_1_10.wsq,impostor,6,19,6,,False,37.229435,0
3033,stored,58,DB1_Lumidgm:58:2,DB1_Lumidgm/61_1_5.wsq,impostor,5,19,5,,False,38.107112,0
3033,derive,58,DB1_Lumidgm:58:2,DB1_Lumidgm/61_1_5.wsq,impostor,5,19,5,,False,37.818032,0
3034,derive,93,DB1_Lumidgm:93:4,DB1_Lumidgm/92_1_8.wsq,impostor,7,19,7,,False,39.618365,0
3034,stored,93,DB1_Lumidgm:93:4,DB1_Lumidgm/92_1_8.wsq,impostor,7,19,7,,False,40.466975,0
3035,stored,69,DB1_Lumidgm:69:2,DB1_Lumidgm/85_1_4.wsq,impostor,5,19,5,,False,36.116947,0
3035,derive,69,DB1_Lumidgm:69:2,DB1_Lumidgm/85_1_4.wsq,impostor,5,19,5,,False,38.646925,0
3036,derive,53,DB1_Lumidgm:53:10,DB1_Lumidgm/91_1_10.wsq,impostor,4,19,4,,False,41.920536,0
3036,stored,53,DB1_Lumidgm:53:10,DB1_Lumidgm/91_1_10.wsq,impostor,4,19,4,,False,41.022224,0
3037,stored,45,DB1_Lumidgm:45:2,DB1_Lumidgm/31_1_7.wsq,impostor,5,19,5,,False,35.312568,0
3037,derive,45,DB1_Lumidgm:45:2,DB1_Lumidgm/31_1_7.wsq,impostor,5,19,5,,False,35.384259,0
3038,derive,28,DB1_Lumidgm:28:4,DB1_Lumidgm/28_3_4.wsq,genuine,70,19,70,,True,51.489465,1210
3038,stored,28,DB1_Lumidgm:28:4,DB1_Lumidgm/28_3_4.wsq,genuine,70,19,70,,True,46.440965,1210
3039,stored,84,DB1_Lumidgm:84:6,DB1_Lumidgm/84_3_6.wsq,genuine,20,19,20,,True,42.502043,1210
3039,derive,84,DB1_Lumidgm:84:6,DB1_Lumidgm/84_3_6.wsq,genuine,20,19,20,,True,41.618497,1210
3040,derive,81,DB1_Lumidgm:81:3,DB1_Lumidgm/37_1_7.wsq,impostor,4,19,4,,False,36.210804,0
3040,stored,81,DB1_Lumidgm:81:3,DB1_Lumidgm/37_1_7.wsq,impostor,4,19,4,,False,38.504247,0
3041,stored,54,DB1_Lumidgm:54:9,DB1_Lumidgm/77_1_9.wsq,impostor,4,19,4,,False,37.15236,0
3041,derive,54,DB1_Lumidgm:54:9,DB1_Lumidgm/77_1_9.wsq,impostor,4,19,4,,False,46.346709,0
3042,derive,82,DB1_Lumidgm:82:4,DB1_Lumidgm/82_4_4.wsq,genuine,32,19,32,,True,58.795056,1210
3042,stored,82,DB1_Lumidgm:82:4,DB1_Lumidgm/82_4_4.wsq,genuine,32,19,32,,True,43.760054,1210
3043,stored,37,DB1_Lumidgm:37:2,DB1_Lumidgm/39_1_7.wsq,impostor,6,19,6,,False,35.693108,0
3043,derive,37,DB1_Lumidgm:37:2,DB1_Lumidgm/39_1_7.wsq,impostor,6,19,6,,False,35.012348,0
3044,derive,48,DB1_Lumidgm:48:6,DB1_Lumidgm/31_1_10.wsq,impostor,3,19,3,,False,35.510172,0
3044,stored,48,DB1_Lumidgm:48:6,DB1_Lumidgm/31_1_10.wsq,impostor,3,19,3,,False,33.974092,0
3045,stored,39,DB1_Lumidgm:39:8,DB1_Lumidgm/51_1_1.wsq,impostor,11,19,11,,False,37.633697,0
3045,derive,39,DB1_Lumidgm:39:8,DB1_Lumidgm/51_1_1.wsq,impostor,11,19,11,,False,36.832885,0
3046,derive,41,DB1_Lumidgm:41:6,DB1_Lumidgm/41_3_6.wsq,genuine,73,19,73,,True,39.314494,1210
3046,stored,41,DB1_Lumidgm:41:6,DB1_Lumidgm/41_3_6.wsq,genuine,73,19,73,,True,37.702813,1210
3047,stored,78,DB1_Lumidgm:78:8,DB1_Lumidgm/70_1_9.wsq,impostor,8,19,8,,False,36.456817,0
3047,derive,78,DB1_Lumidgm:78:8,DB1_Lumidgm/70_1_9.wsq,impostor,8,19,8,,False,37.421959,0
3048,derive,24,DB1_Lumidgm:24:3,DB1_Lumidgm/38_1_6.wsq,impostor,8,19,8,,False,37.730786,0
3048,stored,24,DB1_Lumidgm:24:3,DB1_Lumidgm/38_1_6.wsq,impostor,8,19,8,,False,37.015787,0
3049,stored,52,DB1_Lumidgm:52:3,DB1_Lumidgm/24_1_6.wsq,impostor,13,19,13,,False,35.634361,0
3049,derive,52,DB1_Lumidgm:52:3,DB1_Lumidgm/24_1_6.wsq,impostor,13,19,13,,False,35.134414,0
3050,derive,98,DB1_Lumidgm:98:7,DB1_Lumidgm/37_1_5.wsq,impostor,5,19,5,,False,33.938977,0
3050,stored,98,DB1_Lumidgm:98:7,DB1_Lumidgm/37_1_5.wsq,impostor,5,19,5,,False,33.255472,0
3051,stored,51,DB1_Lumidgm:51:3,DB1_Lumidgm/33_1_4.wsq,impostor,7,19,7,,False,35.334014,0
3051,derive,51,DB1_Lumidgm:51:3,DB1_Lumidgm/33_1_4.wsq,impostor,7,19,7,,False,35.913082,0
3052,derive,85,DB1_Lumidgm:85:4,DB1_Lumidgm/56_1_9.wsq,impostor,11,19,11,,False,38.935852,0
3052,stored,85,DB1_Lumidgm:85:4,DB1_Lumidgm/56_1_9.wsq,impostor,11,19,11,,False,36.488549,0
3053,stored,62,DB1_Lumidgm:62:8,DB1_Lumidgm/87_1_8.wsq,impostor,6,19,6,,False,36.764636,0
3053,derive,62,DB1_Lumidgm:62:8,DB1_Lumidgm/87_1_8.wsq,impostor,6,19,6,,False,39.666076,0
3054,derive,60,DB1_Lumidgm:60:9,DB1_Lumidgm/58_1_8.wsq,impostor,7,19,7,,False,43.541673,0
3054,stored,60,DB1_Lumidgm:60:9,DB1_Lumidgm/58_1_8.wsq,impostor,7,19,7,,False,43.071879,0
3055,stored,99,DB1_Lumidgm:99:6,DB1_Lumidgm/63_1_8.wsq,impostor,7,19,7,,False,36.464777,0
3055,derive,99,DB1_Lumidgm:99:6,DB1_Lumidgm/63_1_8.wsq,impostor,7,19,7,,False,33.415338,0
3056,derive,22,DB1_Lumidgm:22:5,DB1_Lumidgm/58_1_4.wsq,impostor,5,19,5,,False,41.62215,0
3056,stored,22,DB1_Lumidgm:22:5,DB1_Lumidgm/58_1_4.wsq,impostor,5,19,5,,False,40.668369,0
3057,stored,99,DB1_Lumidgm:99:6,DB1_Lumidgm/79_1_3.wsq,impostor,5,19,5,,False,35.496155,0
3057,derive,99,DB1_Lumidgm:99:6,DB1_Lumidgm/79_1_3.wsq,impostor,5,19,5,,False,37.445145,0
3058,derive,45,DB1_Lumidgm:45:8,DB1_Lumidgm/45_3_8.wsq,genuine,105,19,105,,True,39.707963,1210
3058,stored,45,DB1_Lumidgm:45:8,DB1_Lumidgm/45_3_8.wsq,genuine,105,19,105,,True,39.266201,1210
3059,stored,77,DB1_Lumidgm:77:5,DB1_Lumidgm/21_1_10.wsq,impostor,11,19,11,,False,37.414246,0
3059,derive,77,DB1_Lumidgm:77:5,DB1_Lumidgm/21_1_10.wsq,impostor,11,19,11,,False,36.043679,0
3060,derive,70,DB1_Lumidgm:70:6,DB1_Lumidgm/46_1_1.wsq,impostor,6,19,6,,False,39.611604,0
3060,stored,70,DB1_Lumidgm:70:6,DB1_Lumidgm/46_1_1.wsq,impostor,6,19,6,,False,38.964253,0
3061,stored,40,DB1_Lumidgm:40:5,DB1_Lumidgm/39_1_8.wsq,impostor,11,19,11,,False,36.3353,0
3061,derive,40,DB1_Lumidgm:40:5,DB1_Lumidgm/39_1_8.wsq,impostor,11,19,11,,False,35.121116,0
3062,derive,73,DB1_Lumidgm:73:9,DB1_Lumidgm/25_1_2.wsq,impostor,4,19,4,,False,37.930978,0
3062,stored,73,DB1_Lumidgm:73:9,DB1_Lumidgm/25_1_2.wsq,impostor,4,19,4,,False,35.695501,0
3063,stored,51,DB1_Lumidgm:51:6,DB1_Lumidgm/60_1_8.wsq,impostor,10,19,10,,False,36.752344,0
3063,derive,51,DB1_Lumidgm:51:6,DB1_Lumidgm/60_1_8.wsq,impostor,10,19,10,,False,36.346509,0
3064,derive,78,DB1_Lumidgm:78:10,DB1_Lumidgm/43_1_3.wsq,impostor,7,19,7,,False,35.85402,0
3064,stored,78,DB1_Lumidgm:78:10,DB1_Lumidgm/43_1_3.wsq,impostor,7,19,7,,False,36.211682,0
3065,stored,38,DB1_Lumidgm:38:6,DB1_Lumidgm/61_1_10.wsq,impostor,5,19,5,,False,40.353813,0
3065,derive,38,DB1_Lumidgm:38:6,DB1_Lumidgm/61_1_10.wsq,impostor,5,19,5,,False,42.815723,0
3066,derive,86,DB1_Lumidgm:86:8,DB1_Lumidgm/45_1_3.wsq,impostor,7,19,7,,False,42.004405,0
3066,stored,86,DB1_Lumidgm:86:8,DB1_Lumidgm/45_1_3.wsq,impostor,7,19,7,,False,37.723882,0
3067,stored,47,DB1_Lumidgm:47:2,DB1_Lumidgm/88_1_5.wsq,impostor,6,19,6,,False,43.839568,0
3067,derive,47,DB1_Lumidgm:47:2,DB1_Lumidgm/88_1_5.wsq,impostor,6,19,6,,False,44.361444,0
3068,derive,49,DB1_Lumidgm:49:7,DB1_Lumidgm/49_4_7.wsq,genuine,93,19,93,,True,36.316265,1210
3068,stored,49,DB1_Lumidgm:49:7,DB1_Lumidgm/49_4_7.wsq,genuine,93,19,93,,True,34.802594,1210
3069,stored,83,DB1_Lumidgm:83:9,DB1_Lumidgm/97_1_6.wsq,impostor,11,19,11,,False,37.592165,0
3069,derive,83,DB1_Lumidgm:83:9,DB1_Lumidgm/97_1_6.wsq,impostor,11,19,11,,False,36.931965,0
3070,derive,42,DB1_Lumidgm:42:2,DB1_Lumidgm/37_1_1.wsq,impostor,6,19,6,,False,38.763491,0
3070,stored,42,DB1_Lumidgm:42:2,DB1_Lumidgm/37_1_1.wsq,impostor,6,19,6,,False,38.191936,0
3071,stored,60,DB1_Lumidgm:60:6,DB1_Lumidgm/21_1_2.wsq,impostor,6,19,6,,False,38.903614,0
3071,derive,60,DB1_Lumidgm:60:6,DB1_Lumidgm/21_1_2.wsq,impostor,6,19,6,,False,38.948881,0
3072,derive,63,DB1_Lumidgm:63:8,DB1_Lumidgm/39_1_3.wsq,impostor,6,19,6,,False,35.813254,0
3072,stored,63,DB1_Lumidgm:63:8,DB1_Lumidgm/39_1_3.wsq,impostor,6,19,6,,False,36.253523,0
3073,stored,34,DB1_Lumidgm:34:8,DB1_Lumidgm/55_1_7.wsq,impostor,7,19,7,,False,35.644952,0
3073,derive,34,DB1_Lumidgm:34:8,DB1_Lumidgm/55_1_7.wsq,impostor,7,19,7,,False,35.510904,0
3074,derive,92,DB1_Lumidgm:92:1,DB1_Lumidgm/92_3_1.wsq,genuine,44,19,44,,True,46.877137,1210
3074,stored,92,DB1_Lumidgm:92:1,DB1_Lumidgm/92_3_1.wsq,genuine,44,19,44,,True,37.123444,1210
3075,stored,64,DB1_Lumidgm:64:7,DB1_Lumidgm/53_1_5.wsq,impostor,6,19,6,,False,35.023085,0
3075,derive,64,DB1_Lumidgm:64:7,DB1_Lumidgm/53_1_5.wsq,impostor,6,19,6,,False,34.60733,0
3076,derive,22,DB1_Lumidgm:22:2,DB1_Lumidgm/22_4_2.wsq,genuine,99,19,99,,True,48.009951,1210
3076,stored,22,DB1_Lumidgm:22:2,DB1_Lumidgm/22_4_2.wsq,genuine,99,19,99,,True,46.538,1210
3077,stored,22,DB1_Lumidgm:22:6,DB1_Lumidgm/80_1_4.wsq,impostor,6,19,6,,False,34.696401,0
3077,derive,22,DB1_Lumidgm:22:6,DB1_Lumidgm/80_1_4.wsq,impostor,6,19,6,,False,34.411603,0
3078,derive,43,DB1_Lumidgm:43:8,DB1_Lumidgm/36_1_5.wsq,impostor,11,19,11,,False,36.350508,0
3078,stored,43,DB1_Lumidgm:43:8,DB1_Lumidgm/36_1_5.wsq,impostor,11,19,11,,False,35.618466,0
3079,stored,66,DB1_Lumidgm:66:1,DB1_Lumidgm/91_1_7.wsq,impostor,4,19,4,,False,43.629002,0
3079,derive,66,DB1_Lumidgm:66:1,DB1_Lumidgm/91_1_7.wsq,impostor,4,19,4,,False,39.81989,0
3080,derive,59,DB1_Lumidgm:59:5,DB1_Lumidgm/80_1_9.wsq,impostor,7,19,7,,False,35.75519,0
3080,stored,59,DB1_Lumidgm:59:5,DB1_Lumidgm/80_1_9.wsq,impostor,7,19,7,,False,35.032385,0
3081,stored,46,DB1_Lumidgm:46:6,DB1_Lumidgm/91_1_2.wsq,impostor,4,19,4,,False,39.999999,0
3081,derive,46,DB1_Lumidgm:46:6,DB1_Lumidgm/91_1_2.wsq,impostor,4,19,4,,False,40.351802,0
3082,derive,75,DB1_Lumidgm:75:1,DB1_Lumidgm/32_1_10.wsq,impostor,4,19,4,,False,36.578367,0
3082,stored,75,DB1_Lumidgm:75:1,DB1_Lumidgm/32_1_10.wsq,impostor,4,19,4,,False,34.744317,0
3083,stored,67,DB1_Lumidgm:67:4,DB1_Lumidgm/75_1_2.wsq,impostor,4,19,4,,False,38.292775,0
3083,derive,67,DB1_Lumidgm:67:4,DB1_Lumidgm/75_1_2.wsq,impostor,4,19,4,,False,38.036597,0
3084,derive,100,DB1_Lumidgm:100:10,DB1_Lumidgm/48_1_4.wsq,impostor,9,19,9,,False,36.777746,0
3084,stored,100,DB1_Lumidgm:100:10,DB1_Lumidgm/48_1_4.wsq,impostor,9,19,9,,False,38.439621,0
3085,stored,73,DB1_Lumidgm:73:4,DB1_Lumidgm/86_1_2.wsq,impostor,5,19,5,,False,37.005098,0
3085,derive,73,DB1_Lumidgm:73:4,DB1_Lumidgm/86_1_2.wsq,impostor,5,19,5,,False,37.014549,0
3086,derive,79,DB1_Lumidgm:79:3,DB1_Lumidgm/39_1_6.wsq,impostor,5,19,5,,False,38.951978,0
3086,stored,79,DB1_Lumidgm:79:3,DB1_Lumidgm/39_1_6.wsq,impostor,5,19,5,,False,39.069511,0
3087,stored,40,DB1_Lumidgm:40:3,DB1_Lumidgm/55_1_9.wsq,impostor,7,19,7,,False,38.410643,0
3087,derive,40,DB1_Lumidgm:40:3,DB1_Lumidgm/55_1_9.wsq,impostor,7,19,7,,False,37.399591,0
3088,derive,58,DB1_Lumidgm:58:7,DB1_Lumidgm/58_2_7.wsq,genuine,35,19,35,,True,45.045529,1210
3088,stored,58,DB1_Lumidgm:58:7,DB1_Lumidgm/58_2_7.wsq,genuine,35,19,35,,True,43.709402,1210
3089,stored,95,DB1_Lumidgm:95:1,DB1_Lumidgm/63_1_1.wsq,impostor,6,19,6,,False,38.513388,0
3089,derive,95,DB1_Lumidgm:95:1,DB1_Lumidgm/63_1_1.wsq,impostor,6,19,6,,False,42.096072,0
3090,derive,64,DB1_Lumidgm:64:6,DB1_Lumidgm/37_1_5.wsq,impostor,6,19,6,,False,46.573369,0
3090,stored,64,DB1_Lumidgm:64:6,DB1_Lumidgm/37_1_5.wsq,impostor,6,19,6,,False,37.848598,0
3091,stored,70,DB1_Lumidgm:70:10,DB1_Lumidgm/94_1_10.wsq,impostor,6,19,6,,False,41.016441,0
3091,derive,70,DB1_Lumidgm:70:10,DB1_Lumidgm/94_1_10.wsq,impostor,6,19,6,,False,43.542518,0
3092,derive,58,DB1_Lumidgm:58:4,DB1_Lumidgm/65_1_5.wsq,impostor,9,19,9,,False,40.844589,0
3092,stored,58,DB1_Lumidgm:58:4,DB1_Lumidgm/65_1_5.wsq,impostor,9,19,9,,False,41.881091,0
3093,stored,47,DB1_Lumidgm:47:6,DB1_Lumidgm/63_1_2.wsq,impostor,11,19,11,,False,34.080163,0
3093,derive,47,DB1_Lumidgm:47:6,DB1_Lumidgm/63_1_2.wsq,impostor,11,19,11,,False,33.630233,0
3094,derive,30,DB1_Lumidgm:30:2,DB1_Lumidgm/30_2_2.wsq,genuine,91,19,91,,True,39.809818,1210
3094,stored,30,DB1_Lumidgm:30:2,DB1_Lumidgm/30_2_2.wsq,genuine,91,19,91,,True,38.963622,1210
3095,stored,34,DB1_Lumidgm:34:7,DB1_Lumidgm/90_1_9.wsq,impostor,10,19,10,,False,36.773444,0
3095,derive,34,DB1_Lumidgm:34:7,DB1_Lumidgm/90_1_9.wsq,impostor,10,19,10,,False,36.070354,0
3096,derive,26,DB1_Lumidgm:26:7,DB1_Lumidgm/63_1_8.wsq,impostor,8,19,8,,False,33.421758,0
3096,stored,26,DB1_Lumidgm:26:7,DB1_Lumidgm/63_1_8.wsq,impostor,8,19,8,,False,34.407909,0
3097,stored,51,DB1_Lumidgm:51:8,DB1_Lumidgm/97_1_10.wsq,impostor,3,19,3,,False,35.664186,0
3097,derive,51,DB1_Lumidgm:51:8,DB1_Lumidgm/97_1_10.wsq,impostor,3,19,3,,False,37.205466,0
3098,derive,45,DB1_Lumidgm:45:1,DB1_Lumidgm/52_1_9.wsq,impostor,7,19,7,,False,37.204747,0
3098,stored,45,DB1_Lumidgm:45:1,DB1_Lumidgm/52_1_9.wsq,impostor,7,19,7,,False,37.648415,0
3099,stored,96,DB1_Lumidgm:96:8,DB1_Lumidgm/41_1_7.wsq,impostor,4,19,4,,False,38.756074,0
3099,derive,96,DB1_Lumidgm:96:8,DB1_Lumidgm/41_1_7.wsq,impostor,4,19,4,,False,36.433965,0
3100,derive,93,DB1_Lumidgm:93:2,DB1_Lumidgm/70_1_9.wsq,impostor,4,19,4,,False,38.181691,0
3100,stored,93,DB1_Lumidgm:93:2,DB1_Lumidgm/70_1_9.wsq,impostor,4,19,4,,False,40.179277,0
3101,stored,63,DB1_Lumidgm:63:4,DB1_Lumidgm/83_1_8.wsq,impostor,8,19,8,,False,41.167265,0
3101,derive,63,DB1_Lumidgm:63:4,DB1_Lumidgm/83_1_8.wsq,impostor,8,19,8,,False,38.631553,0
3102,derive,92,DB1_Lumidgm:92:1,DB1_Lumidgm/68_1_5.wsq,impostor,6,19,6,,False,37.15864,0
3102,stored,92,DB1_Lumidgm:92:1,DB1_Lumidgm/68_1_5.wsq,impostor,6,19,6,,False,38.157914,0
3103,stored,71,DB1_Lumidgm:71:8,DB1_Lumidgm/65_1_10.wsq,impostor,14,19,14,,False,48.902172,0
3103,derive,71,DB1_Lumidgm:71:8,DB1_Lumidgm/65_1_10.wsq,impostor,14,19,14,,False,44.616204,0
3104,derive,59,DB1_Lumidgm:59:5,DB1_Lumidgm/74_1_8.wsq,impostor,12,19,12,,False,42.446541,0
3104,stored,59,DB1_Lumidgm:59:5,DB1_Lumidgm/74_1_8.wsq,impostor,12,19,12,,False,39.342277,0
3105,stored,44,DB1_Lumidgm:44:4,DB1_Lumidgm/69_1_5.wsq,impostor,4,19,4,,False,35.822194,0
3105,derive,44,DB1_Lumidgm:44:4,DB1_Lumidgm/69_1_5.wsq,impostor,4,19,4,,False,37.124373,0
3106,derive,46,DB1_Lumidgm:46:7,DB1_Lumidgm/21_1_1.wsq,impostor,7,19,7,,False,38.168477,0
3106,stored,46,DB1_Lumidgm:46:7,DB1_Lumidgm/21_1_1.wsq,impostor,7,19,7,,False,49.832518,0
3107,stored,85,DB1_Lumidgm:85:2,DB1_Lumidgm/49_1_7.wsq,impostor,9,19,9,,False,40.225158,0
3107,derive,85,DB1_Lumidgm:85:2,DB1_Lumidgm/49_1_7.wsq,impostor,9,19,9,,False,41.521668,0
3108,derive,35,DB1_Lumidgm:35:2,DB1_Lumidgm/35_2_2.wsq,genuine,118,19,118,,True,42.9776,1210
3108,stored,35,DB1_Lumidgm:35:2,DB1_Lumidgm/35_2_2.wsq,genuine,118,19,118,,True,55.626439,1210
3109,stored,46,DB1_Lumidgm:46:1,DB1_Lumidgm/88_1_10.wsq,impostor,3,19,3,,False,61.302216,0
3109,derive,46,DB1_Lumidgm:46:1,DB1_Lumidgm/88_1_10.wsq,impostor,3,19,3,,False,42.205552,0
3110,derive,57,DB1_Lumidgm:57:1,DB1_Lumidgm/57_3_1.wsq,genuine,147,19,147,,True,49.622344,1210
3110,stored,57,DB1_Lumidgm:57:1,DB1_Lumidgm/57_3_1.wsq,genuine,147,19,147,,True,50.200017,1210
3111,stored,43,DB1_Lumidgm:43:2,DB1_Lumidgm/50_1_10.wsq,impostor,9,19,9,,False,40.994106,0
3111,derive,43,DB1_Lumidgm:43:2,DB1_Lumidgm/50_1_10.wsq,impostor,9,19,9,,False,38.114229,0
3112,derive,88,DB1_Lumidgm:88:9,DB1_Lumidgm/60_1_10.wsq,impostor,5,19,5,,False,35.677349,0
3112,stored,88,DB1_Lumidgm:88:9,DB1_Lumidgm/60_1_10.wsq,impostor,5,19,5,,False,37.031891,0
3113,stored,82,DB1_Lumidgm:82:8,DB1_Lumidgm/23_1_3.wsq,impostor,4,19,4,,False,35.97584,0
3113,derive,82,DB1_Lumidgm:82:8,DB1_Lumidgm/23_1_3.wsq,impostor,4,19,4,,False,36.682945,0
3114,derive,34,DB1_Lumidgm:34:7,DB1_Lumidgm/61_1_10.wsq,impostor,5,19,5,,False,40.818283,0
3114,stored,34,DB1_Lumidgm:34:7,DB1_Lumidgm/61_1_10.wsq,impostor,5,19,5,,False,40.236536,0
3115,stored,24,DB1_Lumidgm:24:2,DB1_Lumidgm/71_1_10.wsq,impostor,5,19,5,,False,37.635864,0
3115,derive,24,DB1_Lumidgm:24:2,DB1_Lumidgm/71_1_10.wsq,impostor,5,19,5,,False,37.079562,0
3116,derive,48,DB1_Lumidgm:48:2,DB1_Lumidgm/48_3_2.wsq,genuine,125,19,125,,True,53.059562,1210
3116,stored,48,DB1_Lumidgm:48:2,DB1_Lumidgm/48_3_2.wsq,genuine,125,19,125,,True,48.347697,1210
3117,stored,96,DB1_Lumidgm:96:7,DB1_Lumidgm/76_1_9.wsq,impostor,5,19,5,,False,43.711459,0
3117,derive,96,DB1_Lumidgm:96:7,DB1_Lumidgm/76_1_9.wsq,impostor,5,19,5,,False,37.339816,0
3118,derive,100,DB1_Lumidgm:100:10,DB1_Lumidgm/69_1_9.wsq,impostor,12,19,12,,False,50.266932,0
3118,stored,100,DB1_Lumidgm:100:10,DB1_Lumidgm/69_1_9.wsq,impostor,12,19,12,,False,39.813367,0
3119,stored,57,DB1_Lumidgm:57:1,DB1_Lumidgm/60_1_9.wsq,impostor,6,19,6,,False,51.530101,0
3119,derive,57,DB1_Lumidgm:57:1,DB1_Lumidgm/60_1_9.wsq,impostor,6,19,6,,False,37.933504,0
3120,derive,90,DB1_Lumidgm:90:9,DB1_Lumidgm/62_1_3.wsq,impostor,4,19,4,,False,46.777695,0
3120,stored,90,DB1_Lumidgm:90:9,DB1_Lumidgm/62_1_3.wsq,impostor,4,19,4,,False,50.309194,0
3121,stored,76,DB1_Lumidgm:76:7,DB1_Lumidgm/62_1_1.wsq,impostor,6,19,6,,False,47.839142,0
3121,derive,76,DB1_Lumidgm:76:7,DB1_Lumidgm/62_1_1.wsq,impostor,6,19,6,,False,52.074208,0
3122,derive,40,DB1_Lumidgm:40:1,DB1_Lumidgm/24_1_1.wsq,impostor,9,19,9,,False,41.036289,0
3122,stored,40,DB1_Lumidgm:40:1,DB1_Lumidgm/24_1_1.wsq,impostor,9,19,9,,False,39.867541,0
3123,stored,54,DB1_Lumidgm:54:10,DB1_Lumidgm/54_4_10.wsq,genuine,125,19,125,,True,53.847684,1211
3123,derive,54,DB1_Lumidgm:54:10,DB1_Lumidgm/54_4_10.wsq,genuine,125,19,125,,True,52.418755,1211
3124,derive,50,DB1_Lumidgm:50:4,DB1_Lumidgm/44_1_7.wsq,impostor,10,19,10,,False,40.015393,0
3124,stored,50,DB1_Lumidgm:50:4,DB1_Lumidgm/44_1_7.wsq,impostor,10,19,10,,False,43.219266,0
3125,stored,81,DB1_Lumidgm:81:7,DB1_Lumidgm/71_1_7.wsq,impostor,6,19,6,,False,44.632297,0
3125,derive,81,DB1_Lumidgm:81:7,DB1_Lumidgm/71_1_7.wsq,impostor,6,19,6,,False,42.780796,0
3126,derive,47,DB1_Lumidgm:47:2,DB1_Lumidgm/43_1_9.wsq,impostor,9,19,9,,False,49.609742,0
3126,stored,47,DB1_Lumidgm:47:2,DB1_Lumidgm/43_1_9.wsq,impostor,9,19,9,,False,53.190151,0
3127,stored,70,DB1_Lumidgm:70:10,DB1_Lumidgm/67_1_6.wsq,impostor,10,19,10,,False,56.301596,0
3127,derive,70,DB1_Lumidgm:70:10,DB1_Lumidgm/67_1_6.wsq,impostor,10,19,10,,False,59.933068,0
3128,derive,33,DB1_Lumidgm:33:8,DB1_Lumidgm/56_1_1.wsq,impostor,8,19,8,,False,55.720691,0
3128,stored,33,DB1_Lumidgm:33:8,DB1_Lumidgm/56_1_1.wsq,impostor,8,19,8,,False,58.55545,0
3129,stored,56,DB1_Lumidgm:56:8,DB1_Lumidgm/24_1_3.wsq,impostor,6,19,6,,False,59.353028,0
3129,derive,56,DB1_Lumidgm:56:8,DB1_Lumidgm/24_1_3.wsq,impostor,6,19,6,,False,41.249411,0
3130,derive,94,DB1_Lumidgm:94:3,DB1_Lumidgm/30_1_1.wsq,impostor,5,19,5,,False,41.676341,0
3130,stored,94,DB1_Lumidgm:94:3,DB1_Lumidgm/30_1_1.wsq,impostor,5,19,5,,False,38.13863,0
3131,stored,53,DB1_Lumidgm:53:2,DB1_Lumidgm/62_1_8.wsq,impostor,4,19,4,,False,45.933136,0
3131,derive,53,DB1_Lumidgm:53:2,DB1_Lumidgm/62_1_8.wsq,impostor,4,19,4,,False,56.315313,0
3132,derive,98,DB1_Lumidgm:98:4,DB1_Lumidgm/61_1_7.wsq,impostor,3,19,3,,False,50.501071,0
3132,stored,98,DB1_Lumidgm:98:4,DB1_Lumidgm/61_1_7.wsq,impostor,3,19,3,,False,39.291534,0
3133,stored,67,DB1_Lumidgm:67:1,DB1_Lumidgm/61_1_10.wsq,impostor,7,19,7,,False,49.102975,0
3133,derive,67,DB1_Lumidgm:67:1,DB1_Lumidgm/61_1_10.wsq,impostor,7,19,7,,False,45.143178,0
3134,derive,75,DB1_Lumidgm:75:9,DB1_Lumidgm/45_1_3.wsq,impostor,5,19,5,,False,38.959841,0
3134,stored,75,DB1_Lumidgm:75:9,DB1_Lumidgm/45_1_3.wsq,impostor,5,19,5,,False,37.789048,0
3135,stored,39,DB1_Lumidgm:39:4,DB1_Lumidgm/42_1_1.wsq,impostor,18,19,18,,False,41.567618,0
3135,derive,39,DB1_Lumidgm:39:4,DB1_Lumidgm/42_1_1.wsq,impostor,18,19,18,,False,38.070571,0
3136,derive,92,DB1_Lumidgm:92:5,DB1_Lumidgm/92_2_5.wsq,genuine,80,19,80,,True,70.57624,1210
3136,stored,92,DB1_Lumidgm:92:5,DB1_Lumidgm/92_2_5.wsq,genuine,80,19,80,,True,50.240063,1210
3137,stored,71,DB1_Lumidgm:71:6,DB1_Lumidgm/42_1_9.wsq,impostor,4,19,4,,False,38.958846,0
3137,derive,71,DB1_Lumidgm:71:6,DB1_Lumidgm/42_1_9.wsq,impostor,4,19,4,,False,38.606513,0
3138,derive,25,DB1_Lumidgm:25:4,DB1_Lumidgm/24_1_9.wsq,impostor,10,19,10,,False,36.248273,0
3138,stored,25,DB1_Lumidgm:25:4,DB1_Lumidgm/24_1_9.wsq,impostor,10,19,10,,False,114.496595,0
3139,stored,51,DB1_Lumidgm:51:2,DB1_Lumidgm/75_1_4.wsq,impostor,4,19,4,,False,33.911753,0
3139,derive,51,DB1_Lumidgm:51:2,DB1_Lumidgm/75_1_4.wsq,impostor,4,19,4,,False,32.438257,0
3140,derive,32,DB1_Lumidgm:32:10,DB1_Lumidgm/40_1_1.wsq,impostor,4,19,4,,False,40.898204,0
3140,stored,32,DB1_Lumidgm:32:10,DB1_Lumidgm/40_1_1.wsq,impostor,4,19,4,,False,39.697478,0
3141,stored,70,DB1_Lumidgm:70:3,DB1_Lumidgm/71_1_3.wsq,impostor,5,19,5,,False,37.448857,0
3141,derive,70,DB1_Lumidgm:70:3,DB1_Lumidgm/71_1_3.wsq,impostor,5,19,5,,False,35.952528,0
3142,derive,42,DB1_Lumidgm:42:2,DB1_Lumidgm/81_1_7.wsq,impostor,5,19,5,,False,38.39558,0
3142,stored,42,DB1_Lumidgm:42:2,DB1_Lumidgm/81_1_7.wsq,impostor,5,19,5,,False,43.485392,0
3143,stored,91,DB1_Lumidgm:91:5,DB1_Lumidgm/100_1_5.wsq,impostor,8,19,8,,False,34.012007,0
3143,derive,91,DB1_Lumidgm:91:5,DB1_Lumidgm/100_1_5.wsq,impostor,8,19,8,,False,34.523664,0
3144,derive,42,DB1_Lumidgm:42:1,DB1_Lumidgm/30_1_3.wsq,impostor,10,19,10,,False,37.714517,0
3144,stored,42,DB1_Lumidgm:42:1,DB1_Lumidgm/30_1_3.wsq,impostor,10,19,10,,False,38.433592,0
3145,stored,73,DB1_Lumidgm:73:3,DB1_Lumidgm/51_1_10.wsq,impostor,13,19,13,,False,35.142755,0
3145,derive,73,DB1_Lumidgm:73:3,DB1_Lumidgm/51_1_10.wsq,impostor,13,19,13,,False,34.665363,0
3146,derive,84,DB1_Lumidgm:84:8,DB1_Lumidgm/77_1_6.wsq,impostor,6,19,6,,False,37.860113,0
3146,stored,84,DB1_Lumidgm:84:8,DB1_Lumidgm/77_1_6.wsq,impostor,6,19,6,,False,37.246455,0
3147,stored,26,DB1_Lumidgm:26:10,DB1_Lumidgm/30_1_6.wsq,impostor,8,19,8,,False,38.592334,0
3147,derive,26,DB1_Lumidgm:26:10,DB1_Lumidgm/30_1_6.wsq,impostor,8,19,8,,False,38.994373,0
3148,derive,61,DB1_Lumidgm:61:5,DB1_Lumidgm/46_1_1.wsq,impostor,4,19,4,,False,39.01538,0
3148,stored,61,DB1_Lumidgm:61:5,DB1_Lumidgm/46_1_1.wsq,impostor,4,19,4,,False,37.917976,0
3149,stored,43,DB1_Lumidgm:43:8,DB1_Lumidgm/43_4_8.wsq,genuine,70,19,70,,True,45.664779,1210
3149,derive,43,DB1_Lumidgm:43:8,DB1_Lumidgm/43_4_8.wsq,genuine,70,19,70,,True,39.772133,1210
3150,derive,50,DB1_Lumidgm:50:2,DB1_Lumidgm/65_1_5.wsq,impostor,8,19,8,,False,43.988903,0
3150,stored,50,DB1_Lumidgm:50:2,DB1_Lumidgm/65_1_5.wsq,impostor,8,19,8,,False,46.784827,0
3151,stored,86,DB1_Lumidgm:86:9,DB1_Lumidgm/86_1_6.wsq,impostor,8,19,8,,False,41.068846,0
3151,derive,86,DB1_Lumidgm:86:9,DB1_Lumidgm/86_1_6.wsq,impostor,8,19,8,,False,40.392687,0
3152,derive,22,DB1_Lumidgm:22:3,DB1_Lumidgm/97_1_5.wsq,impostor,4,19,4,,False,37.036816,0
3152,stored,22,DB1_Lumidgm:22:3,DB1_Lumidgm/97_1_5.wsq,impostor,4,19,4,,False,37.1375,0
3153,stored,92,DB1_Lumidgm:92:6,DB1_Lumidgm/89_1_6.wsq,impostor,12,19,12,,False,46.623905,0
3153,derive,92,DB1_Lumidgm:92:6,DB1_Lumidgm/89_1_6.wsq,impostor,12,19,12,,False,46.462404,0
3154,derive,47,DB1_Lumidgm:47:6,DB1_Lumidgm/76_1_9.wsq,impostor,10,19,10,,False,35.099696,0
3154,stored,47,DB1_Lumidgm:47:6,DB1_Lumidgm/76_1_9.wsq,impostor,10,19,10,,False,36.161362,0
3155,stored,33,DB1_Lumidgm:33:1,DB1_Lumidgm/33_3_1.wsq,genuine,155,19,155,,True,63.522924,1210
3155,derive,33,DB1_Lumidgm:33:1,DB1_Lumidgm/33_3_1.wsq,genuine,155,19,155,,True,62.622014,1210
3156,derive,46,DB1_Lumidgm:46:1,DB1_Lumidgm/94_1_9.wsq,impostor,0,19,0,,False,40.142741,0
3156,stored,46,DB1_Lumidgm:46:1,DB1_Lumidgm/94_1_9.wsq,impostor,0,19,0,,False,42.176903,0
3157,stored,62,DB1_Lumidgm:62:4,DB1_Lumidgm/83_1_1.wsq,impostor,3,19,3,,False,38.216011,0
3157,derive,62,DB1_Lumidgm:62:4,DB1_Lumidgm/83_1_1.wsq,impostor,3,19,3,,False,38.545453,0
3158,derive,92,DB1_Lumidgm:92:5,DB1_Lumidgm/53_1_5.wsq,impostor,6,19,6,,False,35.023584,0
3158,stored,92,DB1_Lumidgm:92:5,DB1_Lumidgm/53_1_5.wsq,impostor,6,19,6,,False,36.61238,0
3159,stored,62,DB1_Lumidgm:62:6,DB1_Lumidgm/33_1_7.wsq,impostor,7,19,7,,False,38.812197,0
3159,derive,62,DB1_Lumidgm:62:6,DB1_Lumidgm/33_1_7.wsq,impostor,7,19,7,,False,40.261731,0
3160,derive,64,DB1_Lumidgm:64:9,DB1_Lumidgm/38_1_10.wsq,impostor,10,19,10,,False,44.932007,0
3160,stored,64,DB1_Lumidgm:64:9,DB1_Lumidgm/38_1_10.wsq,impostor,10,19,10,,False,40.708653,0
3161,stored,50,DB1_Lumidgm:50:8,DB1_Lumidgm/50_2_8.wsq,genuine,108,19,108,,True,57.063231,1210
3161,derive,50,DB1_Lumidgm:50:8,DB1_Lumidgm/50_2_8.wsq,genuine,108,19,108,,True,53.626155,1210
3162,derive,84,DB1_Lumidgm:84:3,DB1_Lumidgm/46_1_8.wsq,impostor,9,19,9,,False,41.81133,0
3162,stored,84,DB1_Lumidgm:84:3,DB1_Lumidgm/46_1_8.wsq,impostor,9,19,9,,False,38.845932,0
3163,stored,64,DB1_Lumidgm:64:1,DB1_Lumidgm/64_4_1.wsq,genuine,99,19,99,,True,70.753754,1210
3163,derive,64,DB1_Lumidgm:64:1,DB1_Lumidgm/64_4_1.wsq,genuine,99,19,99,,True,51.798269,1210
3164,derive,53,DB1_Lumidgm:53:6,DB1_Lumidgm/44_1_2.wsq,impostor,7,19,7,,False,37.761983,0
3164,stored,53,DB1_Lumidgm:53:6,DB1_Lumidgm/44_1_2.wsq,impostor,7,19,7,,False,37.319227,0
3165,stored,100,DB1_Lumidgm:100:7,DB1_Lumidgm/93_1_8.wsq,impostor,7,19,7,,False,43.300301,0
3165,derive,100,DB1_Lumidgm:100:7,DB1_Lumidgm/93_1_8.wsq,impostor,7,19,7,,False,43.27582,0
3166,derive,54,DB1_Lumidgm:54:6,DB1_Lumidgm/23_1_8.wsq,impostor,7,19,7,,False,34.909568,0
3166,stored,54,DB1_Lumidgm:54:6,DB1_Lumidgm/23_1_8.wsq,impostor,7,19,7,,False,35.05654,0
3167,stored,28,DB1_Lumidgm:28:5,DB1_Lumidgm/28_3_5.wsq,genuine,46,19,46,,True,41.76882,1210
3167,derive,28,DB1_Lumidgm:28:5,DB1_Lumidgm/28_3_5.wsq,genuine,46,19,46,,True,46.084894,1210
3168,derive,46,DB1_Lumidgm:46:2,DB1_Lumidgm/54_1_4.wsq,impostor,4,19,4,,False,39.1462,0
3168,stored,46,DB1_Lumidgm:46:2,DB1_Lumidgm/54_1_4.wsq,impostor,4,19,4,,False,39.674149,0
3169,stored,62,DB1_Lumidgm:62:5,DB1_Lumidgm/27_1_4.wsq,impostor,9,19,9,,False,40.814189,0
3169,derive,62,DB1_Lumidgm:62:5,DB1_Lumidgm/27_1_4.wsq,impostor,9,19,9,,False,38.81628,0
3170,derive,63,DB1_Lumidgm:63:8,DB1_Lumidgm/56_1_4.wsq,impostor,7,19,7,,False,39.655873,0
3170,stored,63,DB1_Lumidgm:63:8,DB1_Lumidgm/56_1_4.wsq,impostor,7,19,7,,False,40.531665,0
3171,stored,53,DB1_Lumidgm:53:1,DB1_Lumidgm/89_1_9.wsq,impostor,4,19,4,,False,50.283753,0
3171,derive,53,DB1_Lumidgm:53:1,DB1_Lumidgm/89_1_9.wsq,impostor,4,19,4,,False,49.351225,0
3172,derive,51,DB1_Lumidgm:51:7,DB1_Lumidgm/79_1_7.wsq,impostor,8,19,8,,False,39.138697,0
3172,stored,51,DB1_Lumidgm:51:7,DB1_Lumidgm/79_1_7.wsq,impostor,8,19,8,,False,38.975345,0
3173,stored,60,DB1_Lumidgm:60:7,DB1_Lumidgm/49_1_4.wsq,impostor,5,19,5,,False,37.439027,0
3173,derive,60,DB1_Lumidgm:60:7,DB1_Lumidgm/49_1_4.wsq,impostor,5,19,5,,False,34.893951,0
3174,derive,45,DB1_Lumidgm:45:2,DB1_Lumidgm/66_1_5.wsq,impostor,10,19,10,,False,37.024121,0
3174,stored,45,DB1_Lumidgm:45:2,DB1_Lumidgm/66_1_5.wsq,impostor,10,19,10,,False,46.10079,0
3175,stored,67,DB1_Lumidgm:67:8,DB1_Lumidgm/65_1_5.wsq,impostor,9,19,9,,False,43.528122,0
3175,derive,67,DB1_Lumidgm:67:8,DB1_Lumidgm/65_1_5.wsq,impostor,9,19,9,,False,40.649956,0
3176,derive,74,DB1_Lumidgm:74:8,DB1_Lumidgm/42_1_6.wsq,impostor,7,19,7,,False,48.033355,0
3176,stored,74,DB1_Lumidgm:74:8,DB1_Lumidgm/42_1_6.wsq,impostor,7,19,7,,False,38.842851,0
3177,stored,32,DB1_Lumidgm:32:9,DB1_Lumidgm/56_1_1.wsq,impostor,8,19,8,,False,39.821116,0
3177,derive,32,DB1_Lumidgm:32:9,DB1_Lumidgm/56_1_1.wsq,impostor,8,19,8,,False,44.40162,0
3178,derive,45,DB1_Lumidgm:45:8,DB1_Lumidgm/84_1_6.wsq,impostor,4,19,4,,False,38.643313,0
3178,stored,45,DB1_Lumidgm:45:8,DB1_Lumidgm/84_1_6.wsq,impostor,4,19,4,,False,40.603333,0
3179,stored,38,DB1_Lumidgm:38:1,DB1_Lumidgm/29_1_2.wsq,impostor,10,19,10,,False,39.47798,0
3179,derive,38,DB1_Lumidgm:38:1,DB1_Lumidgm/29_1_2.wsq,impostor,10,19,10,,False,40.18303,0
3180,derive,27,DB1_Lumidgm:27:6,DB1_Lumidgm/80_1_4.wsq,impostor,9,19,9,,False,37.848283,0
3180,stored,27,DB1_Lumidgm:27:6,DB1_Lumidgm/80_1_4.wsq,impostor,9,19,9,,False,35.267894,0
3181,stored,85,DB1_Lumidgm:85:4,DB1_Lumidgm/91_1_9.wsq,impostor,6,19,6,,False,42.24729,0
3181,derive,85,DB1_Lumidgm:85:4,DB1_Lumidgm/91_1_9.wsq,impostor,6,19,6,,False,41.471957,0
3182,derive,90,DB1_Lumidgm:90:7,DB1_Lumidgm/45_1_5.wsq,impostor,5,19,5,,False,39.953827,0
3182,stored,90,DB1_Lumidgm:90:7,DB1_Lumidgm/45_1_5.wsq,impostor,5,19,5,,False,39.782454,0
3183,stored,64,DB1_Lumidgm:64:10,DB1_Lumidgm/90_1_1.wsq,impostor,5,19,5,,False,52.243714,0
3183,derive,64,DB1_Lumidgm:64:10,DB1_Lumidgm/90_1_1.wsq,impostor,5,19,5,,False,40.328704,0
3184,derive,83,DB1_Lumidgm:83:4,DB1_Lumidgm/45_1_7.wsq,impostor,13,19,13,,False,41.210822,0
3184,stored,83,DB1_Lumidgm:83:4,DB1_Lumidgm/45_1_7.wsq,impostor,13,19,13,,False,43.594922,0
3185,stored,46,DB1_Lumidgm:46:6,DB1_Lumidgm/61_1_9.wsq,impostor,7,19,7,,False,42.604653,0
3185,derive,46,DB1_Lumidgm:46:6,DB1_Lumidgm/61_1_9.wsq,impostor,7,19,7,,False,41.698207,0
3186,derive,93,DB1_Lumidgm:93:5,DB1_Lumidgm/82_1_6.wsq,impostor,12,19,12,,False,40.047167,0
3186,stored,93,DB1_Lumidgm:93:5,DB1_Lumidgm/82_1_6.wsq,impostor,12,19,12,,False,40.078649,0
3187,stored,99,DB1_Lumidgm:99:7,DB1_Lumidgm/86_1_4.wsq,impostor,10,19,10,,False,39.483749,0
3187,derive,99,DB1_Lumidgm:99:7,DB1_Lumidgm/86_1_4.wsq,impostor,10,19,10,,False,34.409345,0
3188,derive,40,DB1_Lumidgm:40:10,DB1_Lumidgm/68_1_5.wsq,impostor,4,19,4,,False,34.214763,0
3188,stored,40,DB1_Lumidgm:40:10,DB1_Lumidgm/68_1_5.wsq,impostor,4,19,4,,False,33.292367,0
3189,stored,53,DB1_Lumidgm:53:10,DB1_Lumidgm/58_1_10.wsq,impostor,7,19,7,,False,42.880066,0
3189,derive,53,DB1_Lumidgm:53:10,DB1_Lumidgm/58_1_10.wsq,impostor,7,19,7,,False,42.74909,0
3190,derive,72,DB1_Lumidgm:72:9,DB1_Lumidgm/93_1_9.wsq,impostor,10,19,10,,False,45.976717,0
3190,stored,72,DB1_Lumidgm:72:9,DB1_Lumidgm/93_1_9.wsq,impostor,10,19,10,,False,40.82985,0
3191,stored,30,DB1_Lumidgm:30:3,DB1_Lumidgm/33_1_10.wsq,impostor,5,19,5,,False,36.01321,0
3191,derive,30,DB1_Lumidgm:30:3,DB1_Lumidgm/33_1_10.wsq,impostor,5,19,5,,False,33.796095,0
3192,derive,71,DB1_Lumidgm:71:10,DB1_Lumidgm/44_1_6.wsq,impostor,4,19,4,,False,38.130955,0
3192,stored,71,DB1_Lumidgm:71:10,DB1_Lumidgm/44_1_6.wsq,impostor,4,19,4,,False,40.767238,0
3193,stored,27,DB1_Lumidgm:27:1,DB1_Lumidgm/80_1_4.wsq,impostor,3,19,3,,False,35.069514,0
3193,derive,27,DB1_Lumidgm:27:1,DB1_Lumidgm/80_1_4.wsq,impostor,3,19,3,,False,35.697438,0
3194,derive,42,DB1_Lumidgm:42:4,DB1_Lumidgm/53_1_8.wsq,impostor,18,19,18,,False,39.901926,0
3194,stored,42,DB1_Lumidgm:42:4,DB1_Lumidgm/53_1_8.wsq,impostor,18,19,18,,False,39.217292,0
3195,stored,69,DB1_Lumidgm:69:3,DB1_Lumidgm/34_1_8.wsq,impostor,5,19,5,,False,39.98848,0
3195,derive,69,DB1_Lumidgm:69:3,DB1_Lumidgm/34_1_8.wsq,impostor,5,19,5,,False,39.850566,0
3196,derive,90,DB1_Lumidgm:90:3,DB1_Lumidgm/27_1_8.wsq,impostor,4,19,4,,False,38.452305,0
3196,stored,90,DB1_Lumidgm:90:3,DB1_Lumidgm/27_1_8.wsq,impostor,4,19,4,,False,39.673808,0
3197,stored,72,DB1_Lumidgm:72:6,DB1_Lumidgm/42_1_5.wsq,impostor,6,19,6,,False,36.722341,0
3197,derive,72,DB1_Lumidgm:72:6,DB1_Lumidgm/42_1_5.wsq,impostor,6,19,6,,False,36.812414,0
3198,derive,93,DB1_Lumidgm:93:4,DB1_Lumidgm/44_1_5.wsq,impostor,10,19,10,,False,43.826142,0
3198,stored,93,DB1_Lumidgm:93:4,DB1_Lumidgm/44_1_5.wsq,impostor,10,19,10,,False,43.498072,0
3199,stored,65,DB1_Lumidgm:65:2,DB1_Lumidgm/88_1_3.wsq,impostor,15,19,15,,False,51.077011,0
3199,derive,65,DB1_Lumidgm:65:2,DB1_Lumidgm/88_1_3.wsq,impostor,15,19,15,,False,41.994178,0
3200,derive,68,DB1_Lumidgm:68:3,DB1_Lumidgm/73_1_1.wsq,impostor,9,19,9,,False,42.709179,0
3200,stored,68,DB1_Lumidgm:68:3,DB1_Lumidgm/73_1_1.wsq,impostor,9,19,9,,False,40.970013,0
3201,stored,74,DB1_Lumidgm:74:10,DB1_Lumidgm/74_2_10.wsq,genuine,383,19,383,,True,44.785255,1211
3201,derive,74,DB1_Lumidgm:74:10,DB1_Lumidgm/74_2_10.wsq,genuine,383,19,383,,True,37.296877,1211
3202,derive,43,DB1_Lumidgm:43:5,DB1_Lumidgm/49_1_7.wsq,impostor,8,19,8,,False,39.071195,0
3202,stored,43,DB1_Lumidgm:43:5,DB1_Lumidgm/49_1_7.wsq,impostor,8,19,8,,False,39.834033,0
3203,stored,37,DB1_Lumidgm:37:9,DB1_Lumidgm/84_1_8.wsq,impostor,6,19,6,,False,40.75723,0
3203,derive,37,DB1_Lumidgm:37:9,DB1_Lumidgm/84_1_8.wsq,impostor,6,19,6,,False,40.639772,0
3204,derive,78,DB1_Lumidgm:78:7,DB1_Lumidgm/96_1_9.wsq,impostor,11,19,11,,False,47.037519,0
3204,stored,78,DB1_Lumidgm:78:7,DB1_Lumidgm/96_1_9.wsq,impostor,11,19,11,,False,45.439122,0
3205,stored,34,DB1_Lumidgm:34:2,DB1_Lumidgm/76_1_2.wsq,impostor,5,19,5,,False,38.130359,0
3205,derive,34,DB1_Lumidgm:34:2,DB1_Lumidgm/76_1_2.wsq,impostor,5,19,5,,False,38.319689,0
3206,derive,54,DB1_Lumidgm:54:3,DB1_Lumidgm/73_1_2.wsq,impostor,10,19,10,,False,37.274972,0
3206,stored,54,DB1_Lumidgm:54:3,DB1_Lumidgm/73_1_2.wsq,impostor,10,19,10,,False,45.128492,0
3207,stored,27,DB1_Lumidgm:27:1,DB1_Lumidgm/22_1_8.wsq,impostor,4,19,4,,False,39.667554,0
3207,derive,27,DB1_Lumidgm:27:1,DB1_Lumidgm/22_1_8.wsq,impostor,4,19,4,,False,38.637337,0
3208,derive,92,DB1_Lumidgm:92:2,DB1_Lumidgm/37_1_9.wsq,impostor,6,19,6,,False,41.712752,0
3208,stored,92,DB1_Lumidgm:92:2,DB1_Lumidgm/37_1_9.wsq,impostor,6,19,6,,False,40.721654,0
3209,stored,66,DB1_Lumidgm:66:10,DB1_Lumidgm/38_1_6.wsq,impostor,3,19,3,,False,50.894754,0
3209,derive,66,DB1_Lumidgm:66:10,DB1_Lumidgm/38_1_6.wsq,impostor,3,19,3,,False,47.624962,0
3210,derive,98,DB1_Lumidgm:98:7,DB1_Lumidgm/28_1_5.wsq,impostor,8,19,8,,False,48.60578,0
3210,stored,98,DB1_Lumidgm:98:7,DB1_Lumidgm/28_1_5.wsq,impostor,8,19,8,,False,46.435877,0
3211,stored,41,DB1_Lumidgm:41:8,DB1_Lumidgm/52_1_4.wsq,impostor,6,19,6,,False,37.495977,0
3211,derive,41,DB1_Lumidgm:41:8,DB1_Lumidgm/52_1_4.wsq,impostor,6,19,6,,False,38.840394,0
3212,derive,77,DB1_Lumidgm:77:7,DB1_Lumidgm/77_4_7.wsq,genuine,32,19,32,,True,51.959714,1210
3212,stored,77,DB1_Lumidgm:77:7,DB1_Lumidgm/77_4_7.wsq,genuine,32,19,32,,True,46.94534,1210
3213,stored,39,DB1_Lumidgm:39:4,DB1_Lumidgm/42_1_3.wsq,impostor,3,19,3,,False,40.679693,0
3213,derive,39,DB1_Lumidgm:39:4,DB1_Lumidgm/42_1_3.wsq,impostor,3,19,3,,False,40.680097,0
3214,derive,76,DB1_Lumidgm:76:3,DB1_Lumidgm/88_1_10.wsq,impostor,4,19,4,,False,43.484398,0
3214,stored,76,DB1_Lumidgm:76:3,DB1_Lumidgm/88_1_10.wsq,impostor,4,19,4,,False,40.853028,0
3215,stored,70,DB1_Lumidgm:70:6,DB1_Lumidgm/72_1_3.wsq,impostor,9,19,9,,False,39.673165,0
3215,derive,70,DB1_Lumidgm:70:6,DB1_Lumidgm/72_1_3.wsq,impostor,9,19,9,,False,39.555773,0
3216,derive,68,DB1_Lumidgm:68:6,DB1_Lumidgm/50_1_9.wsq,impostor,7,19,7,,False,38.101684,0
3216,stored,68,DB1_Lumidgm:68:6,DB1_Lumidgm/50_1_9.wsq,impostor,7,19,7,,False,41.471003,0
3217,stored,72,DB1_Lumidgm:72:5,DB1_Lumidgm/38_1_7.wsq,impostor,8,19,8,,False,39.542164,0
3217,derive,72,DB1_Lumidgm:72:5,DB1_Lumidgm/38_1_7.wsq,impostor,8,19,8,,False,38.349146,0
3218,derive,87,DB1_Lumidgm:87:3,DB1_Lumidgm/70_1_2.wsq,impostor,7,19,7,,False,42.380922,0
3218,stored,87,DB1_Lumidgm:87:3,DB1_Lumidgm/70_1_2.wsq,impostor,7,19,7,,False,41.169851,0
3219,stored,39,DB1_Lumidgm:39:8,DB1_Lumidgm/39_3_8.wsq,genuine,127,19,127,,True,46.037305,1210
3219,derive,39,DB1_Lumidgm:39:8,DB1_Lumidgm/39_3_8.wsq,genuine,127,19,127,,True,46.593257,1210
3220,derive,27,DB1_Lumidgm:27:4,DB1_Lumidgm/37_1_10.wsq,impostor,7,19,7,,False,34.971552,0
3220,stored,27,DB1_Lumidgm:27:4,DB1_Lumidgm/37_1_10.wsq,impostor,7,19,7,,False,38.175907,0
3221,stored,68,DB1_Lumidgm:68:5,DB1_Lumidgm/58_1_1.wsq,impostor,4,19,4,,False,48.369729,0
3221,derive,68,DB1_Lumidgm:68:5,DB1_Lumidgm/58_1_1.wsq,impostor,4,19,4,,False,46.380028,0
3222,derive,84,DB1_Lumidgm:84:4,DB1_Lumidgm/61_1_9.wsq,impostor,6,19,6,,False,43.269601,0
3222,stored,84,DB1_Lumidgm:84:4,DB1_Lumidgm/61_1_9.wsq,impostor,6,19,6,,False,43.153388,0
3223,stored,83,DB1_Lumidgm:83:2,DB1_Lumidgm/57_1_8.wsq,impostor,8,19,8,,False,43.70107,0
3223,derive,83,DB1_Lumidgm:83:2,DB1_Lumidgm/57_1_8.wsq,impostor,8,19,8,,False,56.967074,0
3224,derive,22,DB1_Lumidgm:22:6,DB1_Lumidgm/76_1_7.wsq,impostor,7,19,7,,False,40.540633,0
3224,stored,22,DB1_Lumidgm:22:6,DB1_Lumidgm/76_1_7.wsq,impostor,7,19,7,,False,46.931917,0
3225,stored,33,DB1_Lumidgm:33:4,DB1_Lumidgm/40_1_2.wsq,impostor,7,19,7,,False,39.73033,0
3225,derive,33,DB1_Lumidgm:33:4,DB1_Lumidgm/40_1_2.wsq,impostor,7,19,7,,False,40.104716,0
3226,derive,89,DB1_Lumidgm:89:5,DB1_Lumidgm/25_1_10.wsq,impostor,9,19,9,,False,37.324078,0
3226,stored,89,DB1_Lumidgm:89:5,DB1_Lumidgm/25_1_10.wsq,impostor,9,19,9,,False,36.347053,0
3227,stored,30,DB1_Lumidgm:30:3,DB1_Lumidgm/87_1_1.wsq,impostor,10,19,10,,False,40.737609,0
3227,derive,30,DB1_Lumidgm:30:3,DB1_Lumidgm/87_1_1.wsq,impostor,10,19,10,,False,39.8674,0
3228,derive,76,DB1_Lumidgm:76:10,DB1_Lumidgm/40_1_9.wsq,impostor,11,19,11,,False,39.813447,0
3228,stored,76,DB1_Lumidgm:76:10,DB1_Lumidgm/40_1_9.wsq,impostor,11,19,11,,False,39.895797,0
3229,stored,30,DB1_Lumidgm:30:6,DB1_Lumidgm/65_1_1.wsq,impostor,5,19,5,,False,47.677012,0
3229,derive,30,DB1_Lumidgm:30:6,DB1_Lumidgm/65_1_1.wsq,impostor,5,19,5,,False,46.746674,0
3230,derive,90,DB1_Lumidgm:90:7,DB1_Lumidgm/83_1_1.wsq,impostor,5,19,5,,False,38.831658,0
3230,stored,90,DB1_Lumidgm:90:7,DB1_Lumidgm/83_1_1.wsq,impostor,5,19,5,,False,39.933309,0
3231,stored,88,DB1_Lumidgm:88:1,DB1_Lumidgm/75_1_2.wsq,impostor,4,19,4,,False,41.477068,0
3231,derive,88,DB1_Lumidgm:88:1,DB1_Lumidgm/75_1_2.wsq,impostor,4,19,4,,False,45.920345,0
3232,derive,56,DB1_Lumidgm:56:6,DB1_Lumidgm/71_1_10.wsq,impostor,8,19,8,,False,41.773351,0
3232,stored,56,DB1_Lumidgm:56:6,DB1_Lumidgm/71_1_10.wsq,impostor,8,19,8,,False,38.238442,0
3233,stored,84,DB1_Lumidgm:84:8,DB1_Lumidgm/29_1_5.wsq,impostor,14,19,14,,False,39.86915,0
3233,derive,84,DB1_Lumidgm:84:8,DB1_Lumidgm/29_1_5.wsq,impostor,14,19,14,,False,37.119765,0
3234,derive,60,DB1_Lumidgm:60:2,DB1_Lumidgm/65_1_4.wsq,impostor,14,19,14,,False,43.724744,0
3234,stored,60,DB1_Lumidgm:60:2,DB1_Lumidgm/65_1_4.wsq,impostor,14,19,14,,False,42.039951,0
3235,stored,38,DB1_Lumidgm:38:8,DB1_Lumidgm/47_1_9.wsq,impostor,12,19,12,,False,38.172047,0
3235,derive,38,DB1_Lumidgm:38:8,DB1_Lumidgm/47_1_9.wsq,impostor,12,19,12,,False,37.849956,0
3236,derive,70,DB1_Lumidgm:70:8,DB1_Lumidgm/36_1_2.wsq,impostor,8,19,8,,False,39.647129,0
3236,stored,70,DB1_Lumidgm:70:8,DB1_Lumidgm/36_1_2.wsq,impostor,8,19,8,,False,39.753831,0
3237,stored,56,DB1_Lumidgm:56:1,DB1_Lumidgm/52_1_2.wsq,impostor,6,19,6,,False,37.732927,0
3237,derive,56,DB1_Lumidgm:56:1,DB1_Lumidgm/52_1_2.wsq,impostor,6,19,6,,False,39.209941,0
3238,derive,66,DB1_Lumidgm:66:7,DB1_Lumidgm/22_1_2.wsq,impostor,8,19,8,,False,38.057824,0
3238,stored,66,DB1_Lumidgm:66:7,DB1_Lumidgm/22_1_2.wsq,impostor,8,19,8,,False,35.805009,0
3239,stored,51,DB1_Lumidgm:51:3,DB1_Lumidgm/88_1_4.wsq,impostor,7,19,7,,False,44.517875,0
3239,derive,51,DB1_Lumidgm:51:3,DB1_Lumidgm/88_1_4.wsq,impostor,7,19,7,,False,44.887248,0
3240,derive,98,DB1_Lumidgm:98:1,DB1_Lumidgm/73_1_8.wsq,impostor,4,19,4,,False,41.113804,0
3240,stored,98,DB1_Lumidgm:98:1,DB1_Lumidgm/73_1_8.wsq,impostor,4,19,4,,False,39.475592,0
3241,stored,98,DB1_Lumidgm:98:2,DB1_Lumidgm/21_1_9.wsq,impostor,5,19,5,,False,41.78138,0
3241,derive,98,DB1_Lumidgm:98:2,DB1_Lumidgm/21_1_9.wsq,impostor,5,19,5,,False,38.199325,0
3242,derive,77,DB1_Lumidgm:77:4,DB1_Lumidgm/45_1_3.wsq,impostor,8,19,8,,False,38.998762,0
3242,stored,77,DB1_Lumidgm:77:4,DB1_Lumidgm/45_1_3.wsq,impostor,8,19,8,,False,39.698792,0
3243,stored,41,DB1_Lumidgm:41:7,DB1_Lumidgm/41_4_7.wsq,genuine,246,19,246,,True,55.603335,1210
3243,derive,41,DB1_Lumidgm:41:7,DB1_Lumidgm/41_4_7.wsq,genuine,246,19,246,,True,54.052308,1210
3244,derive,93,DB1_Lumidgm:93:3,DB1_Lumidgm/27_1_7.wsq,impostor,7,19,7,,False,38.76933,0
3244,stored,93,DB1_Lumidgm:93:3,DB1_Lumidgm/27_1_7.wsq,impostor,7,19,7,,False,37.608276,0
3245,stored,93,DB1_Lumidgm:93:1,DB1_Lumidgm/31_1_5.wsq,impostor,4,19,4,,False,38.961104,0
3245,derive,93,DB1_Lumidgm:93:1,DB1_Lumidgm/31_1_5.wsq,impostor,4,19,4,,False,37.794093,0
3246,derive,63,DB1_Lumidgm:63:3,DB1_Lumidgm/63_4_3.wsq,genuine,72,19,72,,True,42.51362,1210
3246,stored,63,DB1_Lumidgm:63:3,DB1_Lumidgm/63_4_3.wsq,genuine,72,19,72,,True,44.552251,1210
3247,stored,26,DB1_Lumidgm:26:3,DB1_Lumidgm/46_1_8.wsq,impostor,11,19,11,,False,40.558965,0
3247,derive,26,DB1_Lumidgm:26:3,DB1_Lumidgm/46_1_8.wsq,impostor,11,19,11,,False,39.933166,0
3248,derive,39,DB1_Lumidgm:39:7,DB1_Lumidgm/39_1_1.wsq,impostor,11,19,11,,False,40.368156,0
3248,stored,39,DB1_Lumidgm:39:7,DB1_Lumidgm/39_1_1.wsq,impostor,11,19,11,,False,39.960468,0
3249,stored,60,DB1_Lumidgm:60:4,DB1_Lumidgm/32_1_9.wsq,impostor,7,19,7,,False,36.522091,0
3249,derive,60,DB1_Lumidgm:60:4,DB1_Lumidgm/32_1_9.wsq,impostor,7,19,7,,False,35.97731,0
3250,derive,47,DB1_Lumidgm:47:5,DB1_Lumidgm/75_1_3.wsq,impostor,5,19,5,,False,35.655671,0
3250,stored,47,DB1_Lumidgm:47:5,DB1_Lumidgm/75_1_3.wsq,impostor,5,19,5,,False,36.419843,0
3251,stored,94,DB1_Lumidgm:94:6,DB1_Lumidgm/92_1_4.wsq,impostor,6,19,6,,False,43.576257,0
3251,derive,94,DB1_Lumidgm:94:6,DB1_Lumidgm/92_1_4.wsq,impostor,6,19,6,,False,43.992712,0
3252,derive,77,DB1_Lumidgm:77:6,DB1_Lumidgm/85_1_7.wsq,impostor,8,19,8,,False,38.478929,0
3252,stored,77,DB1_Lumidgm:77:6,DB1_Lumidgm/85_1_7.wsq,impostor,8,19,8,,False,36.741947,0
3253,stored,54,DB1_Lumidgm:54:4,DB1_Lumidgm/22_1_6.wsq,impostor,5,19,5,,False,41.006953,0
3253,derive,54,DB1_Lumidgm:54:4,DB1_Lumidgm/22_1_6.wsq,impostor,5,19,5,,False,38.488043,0
3254,derive,61,DB1_Lumidgm:61:9,DB1_Lumidgm/49_1_7.wsq,impostor,5,19,5,,False,38.824175,0
3254,stored,61,DB1_Lumidgm:61:9,DB1_Lumidgm/49_1_7.wsq,impostor,5,19,5,,False,38.602646,0
3255,stored,96,DB1_Lumidgm:96:8,DB1_Lumidgm/41_1_4.wsq,impostor,3,19,3,,False,44.456745,0
3255,derive,96,DB1_Lumidgm:96:8,DB1_Lumidgm/41_1_4.wsq,impostor,3,19,3,,False,38.984756,0
3256,derive,33,DB1_Lumidgm:33:3,DB1_Lumidgm/75_1_3.wsq,impostor,5,19,5,,False,37.601978,0
3256,stored,33,DB1_Lumidgm:33:3,DB1_Lumidgm/75_1_3.wsq,impostor,5,19,5,,False,41.598147,0
3257,stored,98,DB1_Lumidgm:98:10,DB1_Lumidgm/41_1_3.wsq,impostor,5,19,5,,False,46.774357,0
3257,derive,98,DB1_Lumidgm:98:10,DB1_Lumidgm/41_1_3.wsq,impostor,5,19,5,,False,45.688145,0
3258,derive,83,DB1_Lumidgm:83:8,DB1_Lumidgm/48_1_5.wsq,impostor,4,19,4,,False,41.912162,0
3258,stored,83,DB1_Lumidgm:83:8,DB1_Lumidgm/48_1_5.wsq,impostor,4,19,4,,False,41.493581,0
3259,stored,45,DB1_Lumidgm:45:2,DB1_Lumidgm/94_1_2.wsq,impostor,6,19,6,,False,45.043114,0
3259,derive,45,DB1_Lumidgm:45:2,DB1_Lumidgm/94_1_2.wsq,impostor,6,19,6,,False,46.741299,0
3260,derive,90,DB1_Lumidgm:90:2,DB1_Lumidgm/90_2_2.wsq,genuine,39,19,39,,True,64.109551,1210
3260,stored,90,DB1_Lumidgm:90:2,DB1_Lumidgm/90_2_2.wsq,genuine,39,19,39,,True,49.34975,1210
3261,stored,67,DB1_Lumidgm:67:6,DB1_Lumidgm/40_1_6.wsq,impostor,4,19,4,,False,44.994732,0
3261,derive,67,DB1_Lumidgm:67:6,DB1_Lumidgm/40_1_6.wsq,impostor,4,19,4,,False,38.215903,0
3262,derive,44,DB1_Lumidgm:44:3,DB1_Lumidgm/39_1_7.wsq,impostor,5,19,5,,False,39.516943,0
3262,stored,44,DB1_Lumidgm:44:3,DB1_Lumidgm/39_1_7.wsq,impostor,5,19,5,,False,39.731657,0
3263,stored,39,DB1_Lumidgm:39:4,DB1_Lumidgm/58_1_4.wsq,impostor,6,19,6,,False,45.892668,0
3263,derive,39,DB1_Lumidgm:39:4,DB1_Lumidgm/58_1_4.wsq,impostor,6,19,6,,False,43.206454,0
3264,derive,56,DB1_Lumidgm:56:7,DB1_Lumidgm/55_1_10.wsq,impostor,14,19,14,,False,40.849909,0
3264,stored,56,DB1_Lumidgm:56:7,DB1_Lumidgm/55_1_10.wsq,impostor,14,19,14,,False,38.904603,0
3265,stored,54,DB1_Lumidgm:54:2,DB1_Lumidgm/61_1_1.wsq,impostor,4,19,4,,False,40.794233,0
3265,derive,54,DB1_Lumidgm:54:2,DB1_Lumidgm/61_1_1.wsq,impostor,4,19,4,,False,39.819396,0
3266,derive,38,DB1_Lumidgm:38:2,DB1_Lumidgm/38_4_2.wsq,genuine,125,19,125,,True,61.041587,1210
3266,stored,38,DB1_Lumidgm:38:2,DB1_Lumidgm/38_4_2.wsq,genuine,125,19,125,,True,47.347161,1210
3267,stored,41,DB1_Lumidgm:41:7,DB1_Lumidgm/50_1_10.wsq,impostor,10,19,10,,False,38.985823,0
3267,derive,41,DB1_Lumidgm:41:7,DB1_Lumidgm/50_1_10.wsq,impostor,10,19,10,,False,39.670733,0
3268,derive,37,DB1_Lumidgm:37:6,DB1_Lumidgm/61_1_4.wsq,impostor,7,19,7,,False,46.620562,0
3268,stored,37,DB1_Lumidgm:37:6,DB1_Lumidgm/61_1_4.wsq,impostor,7,19,7,,False,45.812773,0
3269,stored,94,DB1_Lumidgm:94:4,DB1_Lumidgm/39_1_8.wsq,impostor,5,19,5,,False,37.165931,0
3269,derive,94,DB1_Lumidgm:94:4,DB1_Lumidgm/39_1_8.wsq,impostor,5,19,5,,False,36.270767,0
3270,derive,90,DB1_Lumidgm:90:10,DB1_Lumidgm/53_1_10.wsq,impostor,4,19,4,,False,37.096417,0
3270,stored,90,DB1_Lumidgm:90:10,DB1_Lumidgm/53_1_10.wsq,impostor,4,19,4,,False,38.386917,0
3271,stored,81,DB1_Lumidgm:81:5,DB1_Lumidgm/23_1_3.wsq,impostor,8,19,8,,False,43.118823,0
3271,derive,81,DB1_Lumidgm:81:5,DB1_Lumidgm/23_1_3.wsq,impostor,8,19,8,,False,37.988125,0
3272,derive,55,DB1_Lumidgm:55:7,DB1_Lumidgm/75_1_9.wsq,impostor,6,19,6,,False,36.526148,0
3272,stored,55,DB1_Lumidgm:55:7,DB1_Lumidgm/75_1_9.wsq,impostor,6,19,6,,False,39.70714,0
3273,stored,82,DB1_Lumidgm:82:4,DB1_Lumidgm/40_1_6.wsq,impostor,4,19,4,,False,37.125862,0
3273,derive,82,DB1_Lumidgm:82:4,DB1_Lumidgm/40_1_6.wsq,impostor,4,19,4,,False,35.893545,0
3274,derive,46,DB1_Lumidgm:46:8,DB1_Lumidgm/28_1_7.wsq,impostor,6,19,6,,False,40.348043,0
3274,stored,46,DB1_Lumidgm:46:8,DB1_Lumidgm/28_1_7.wsq,impostor,6,19,6,,False,39.036203,0
3275,stored,68,DB1_Lumidgm:68:10,DB1_Lumidgm/71_1_5.wsq,impostor,8,19,8,,False,37.014033,0
3275,derive,68,DB1_Lumidgm:68:10,DB1_Lumidgm/71_1_5.wsq,impostor,8,19,8,,False,37.77291,0
3276,derive,44,DB1_Lumidgm:44:10,DB1_Lumidgm/42_1_2.wsq,impostor,9,19,9,,False,40.066994,0
3276,stored,44,DB1_Lumidgm:44:10,DB1_Lumidgm/42_1_2.wsq,impostor,9,19,9,,False,38.588996,0
3277,stored,63,DB1_Lumidgm:63:2,DB1_Lumidgm/36_1_7.wsq,impostor,8,19,8,,False,38.851231,0
3277,derive,63,DB1_Lumidgm:63:2,DB1_Lumidgm/36_1_7.wsq,impostor,8,19,8,,False,37.772905,0
3278,derive,31,DB1_Lumidgm:31:8,DB1_Lumidgm/31_2_8.wsq,genuine,53,19,53,,True,48.237855,1210
3278,stored,31,DB1_Lumidgm:31:8,DB1_Lumidgm/31_2_8.wsq,genuine,53,19,53,,True,44.715438,1210
3279,stored,98,DB1_Lumidgm:98:2,DB1_Lumidgm/87_1_3.wsq,impostor,10,19,10,,False,40.055236,0
3279,derive,98,DB1_Lumidgm:98:2,DB1_Lumidgm/87_1_3.wsq,impostor,10,19,10,,False,39.146104,0
3280,derive,27,DB1_Lumidgm:27:4,DB1_Lumidgm/22_1_5.wsq,impostor,6,19,6,,False,35.556687,0
3280,stored,27,DB1_Lumidgm:27:4,DB1_Lumidgm/22_1_5.wsq,impostor,6,19,6,,False,37.102314,0
3281,stored,39,DB1_Lumidgm:39:9,DB1_Lumidgm/27_1_4.wsq,impostor,9,19,9,,False,37.749772,0
3281,derive,39,DB1_Lumidgm:39:9,DB1_Lumidgm/27_1_4.wsq,impostor,9,19,9,,False,42.049635,0
3282,derive,74,DB1_Lumidgm:74:6,DB1_Lumidgm/80_1_10.wsq,impostor,4,19,4,,False,36.488909,0
3282,stored,74,DB1_Lumidgm:74:6,DB1_Lumidgm/80_1_10.wsq,impostor,4,19,4,,False,36.653239,0
3283,stored,33,DB1_Lumidgm:33:7,DB1_Lumidgm/63_1_8.wsq,impostor,5,19,5,,False,37.443505,0
3283,derive,33,DB1_Lumidgm:33:7,DB1_Lumidgm/63_1_8.wsq,impostor,5,19,5,,False,36.513052,0
3284,derive,85,DB1_Lumidgm:85:2,DB1_Lumidgm/31_1_1.wsq,impostor,6,19,6,,False,38.046952,0
3284,stored,85,DB1_Lumidgm:85:2,DB1_Lumidgm/31_1_1.wsq,impostor,6,19,6,,False,64.276612,0
3285,stored,31,DB1_Lumidgm:31:2,DB1_Lumidgm/31_2_2.wsq,genuine,56,19,56,,True,51.927345,1210
3285,derive,31,DB1_Lumidgm:31:2,DB1_Lumidgm/31_2_2.wsq,genuine,56,19,56,,True,40.551986,1210
3286,derive,40,DB1_Lumidgm:40:1,DB1_Lumidgm/66_1_6.wsq,impostor,5,19,5,,False,38.765289,0
3286,stored,40,DB1_Lumidgm:40:1,DB1_Lumidgm/66_1_6.wsq,impostor,5,19,5,,False,38.954609,0
3287,stored,43,DB1_Lumidgm:43:5,DB1_Lumidgm/45_1_10.wsq,impostor,9,19,9,,False,39.727279,0
3287,derive,43,DB1_Lumidgm:43:5,DB1_Lumidgm/45_1_10.wsq,impostor,9,19,9,,False,38.925003,0
3288,derive,96,DB1_Lumidgm:96:3,DB1_Lumidgm/73_1_8.wsq,impostor,3,19,3,,False,39.645658,0
3288,stored,96,DB1_Lumidgm:96:3,DB1_Lumidgm/73_1_8.wsq,impostor,3,19,3,,False,41.846295,0
3289,stored,95,DB1_Lumidgm:95:10,DB1_Lumidgm/23_1_5.wsq,impostor,7,19,7,,False,35.87092,0
3289,derive,95,DB1_Lumidgm:95:10,DB1_Lumidgm/23_1_5.wsq,impostor,7,19,7,,False,34.096593,0
3290,derive,83,DB1_Lumidgm:83:5,DB1_Lumidgm/37_1_10.wsq,impostor,10,19,10,,False,35.326501,0
3290,stored,83,DB1_Lumidgm:83:5,DB1_Lumidgm/37_1_10.wsq,impostor,10,19,10,,False,36.305417,0
3291,stored,81,DB1_Lumidgm:81:9,DB1_Lumidgm/60_1_8.wsq,impostor,8,19,8,,False,39.139205,0
3291,derive,81,DB1_Lumidgm:81:9,DB1_Lumidgm/60_1_8.wsq,impostor,8,19,8,,False,37.606508,0
3292,derive,33,DB1_Lumidgm:33:9,DB1_Lumidgm/57_1_7.wsq,impostor,15,19,15,,False,40.538287,0
3292,stored,33,DB1_Lumidgm:33:9,DB1_Lumidgm/57_1_7.wsq,impostor,15,19,15,,False,42.99181,0
3293,stored,84,DB1_Lumidgm:84:10,DB1_Lumidgm/94_1_7.wsq,impostor,14,19,14,,False,66.763551,0
3293,derive,84,DB1_Lumidgm:84:10,DB1_Lumidgm/94_1_7.wsq,impostor,14,19,14,,False,42.421015,0
3294,derive,66,DB1_Lumidgm:66:7,DB1_Lumidgm/43_1_1.wsq,impostor,6,19,6,,False,46.438128,0
3294,stored,66,DB1_Lumidgm:66:7,DB1_Lumidgm/43_1_1.wsq,impostor,6,19,6,,False,41.115987,0
3295,stored,56,DB1_Lumidgm:56:3,DB1_Lumidgm/25_1_6.wsq,impostor,6,19,6,,False,41.289746,0
3295,derive,56,DB1_Lumidgm:56:3,DB1_Lumidgm/25_1_6.wsq,impostor,6,19,6,,False,46.584974,0
3296,derive,23,DB1_Lumidgm:23:4,DB1_Lumidgm/75_1_1.wsq,impostor,5,19,5,,False,39.287411,0
3296,stored,23,DB1_Lumidgm:23:4,DB1_Lumidgm/75_1_1.wsq,impostor,5,19,5,,False,40.995321,0
3297,stored,99,DB1_Lumidgm:99:9,DB1_Lumidgm/33_1_8.wsq,impostor,4,19,4,,False,39.728464,0
3297,derive,99,DB1_Lumidgm:99:9,DB1_Lumidgm/33_1_8.wsq,impostor,4,19,4,,False,41.983342,0
3298,derive,79,DB1_Lumidgm:79:6,DB1_Lumidgm/60_1_9.wsq,impostor,6,19,6,,False,38.738863,0
3298,stored,79,DB1_Lumidgm:79:6,DB1_Lumidgm/60_1_9.wsq,impostor,6,19,6,,False,43.090824,0
3299,stored,47,DB1_Lumidgm:47:2,DB1_Lumidgm/48_1_9.wsq,impostor,9,19,9,,False,37.867709,0
3299,derive,47,DB1_Lumidgm:47:2,DB1_Lumidgm/48_1_9.wsq,impostor,9,19,9,,False,37.328773,0
3300,derive,76,DB1_Lumidgm:76:4,DB1_Lumidgm/60_1_3.wsq,impostor,13,19,13,,False,39.186081,0
3300,stored,76,DB1_Lumidgm:76:4,DB1_Lumidgm/60_1_3.wsq,impostor,13,19,13,,False,38.943026,0
3301,stored,55,DB1_Lumidgm:55:6,DB1_Lumidgm/40_1_2.wsq,impostor,0,19,0,,False,41.014336,0
3301,derive,55,DB1_Lumidgm:55:6,DB1_Lumidgm/40_1_2.wsq,impostor,0,19,0,,False,40.417621,0
3302,derive,21,DB1_Lumidgm:21:7,DB1_Lumidgm/54_1_6.wsq,impostor,4,19,4,,False,40.558127,0
3302,stored,21,DB1_Lumidgm:21:7,DB1_Lumidgm/54_1_6.wsq,impostor,4,19,4,,False,38.228278,0
3303,stored,76,DB1_Lumidgm:76:1,DB1_Lumidgm/76_3_1.wsq,genuine,139,19,139,,True,45.080655,1210
3303,derive,76,DB1_Lumidgm:76:1,DB1_Lumidgm/76_3_1.wsq,genuine,139,19,139,,True,46.28179,1210
3304,derive,23,DB1_Lumidgm:23:6,DB1_Lumidgm/45_1_10.wsq,impostor,5,19,5,,False,39.203029,0
3304,stored,23,DB1_Lumidgm:23:6,DB1_Lumidgm/45_1_10.wsq,impostor,5,19,5,,False,38.414895,0
3305,stored,45,DB1_Lumidgm:45:4,DB1_Lumidgm/45_2_4.wsq,genuine,134,19,134,,True,57.216258,1210
3305,derive,45,DB1_Lumidgm:45:4,DB1_Lumidgm/45_2_4.wsq,genuine,134,19,134,,True,63.243634,1210
3306,derive,83,DB1_Lumidgm:83:10,DB1_Lumidgm/90_1_1.wsq,impostor,6,19,6,,False,43.996799,0
3306,stored,83,DB1_Lumidgm:83:10,DB1_Lumidgm/90_1_1.wsq,impostor,6,19,6,,False,38.951406,0
3307,stored,95,DB1_Lumidgm:95:4,DB1_Lumidgm/43_1_1.wsq,impostor,8,19,8,,False,38.424942,0
3307,derive,95,DB1_Lumidgm:95:4,DB1_Lumidgm/43_1_1.wsq,impostor,8,19,8,,False,40.212138,0
3308,derive,67,DB1_Lumidgm:67:6,DB1_Lumidgm/93_1_4.wsq,impostor,6,19,6,,False,43.211804,0
3308,stored,67,DB1_Lumidgm:67:6,DB1_Lumidgm/93_1_4.wsq,impostor,6,19,6,,False,46.814596,0
3309,stored,80,DB1_Lumidgm:80:9,DB1_Lumidgm/96_1_2.wsq,impostor,7,19,7,,False,38.148304,0
3309,derive,80,DB1_Lumidgm:80:9,DB1_Lumidgm/96_1_2.wsq,impostor,7,19,7,,False,35.955882,0
3310,derive,66,DB1_Lumidgm:66:4,DB1_Lumidgm/55_1_1.wsq,impostor,7,19,7,,False,37.406121,0
3310,stored,66,DB1_Lumidgm:66:4,DB1_Lumidgm/55_1_1.wsq,impostor,7,19,7,,False,38.435897,0
3311,stored,55,DB1_Lumidgm:55:6,DB1_Lumidgm/21_1_10.wsq,impostor,7,19,7,,False,37.49287,0
3311,derive,55,DB1_Lumidgm:55:6,DB1_Lumidgm/21_1_10.wsq,impostor,7,19,7,,False,38.164182,0
3312,derive,53,DB1_Lumidgm:53:1,DB1_Lumidgm/53_2_1.wsq,genuine,137,19,137,,True,62.012527,1210
3312,stored,53,DB1_Lumidgm:53:1,DB1_Lumidgm/53_2_1.wsq,genuine,137,19,137,,True,40.058065,1210
3313,stored,29,DB1_Lumidgm:29:1,DB1_Lumidgm/26_1_5.wsq,impostor,8,19,8,,False,37.352716,0
3313,derive,29,DB1_Lumidgm:29:1,DB1_Lumidgm/26_1_5.wsq,impostor,8,19,8,,False,36.018317,0
3314,derive,46,DB1_Lumidgm:46:4,DB1_Lumidgm/73_1_1.wsq,impostor,7,19,7,,False,38.05775,0
3314,stored,46,DB1_Lumidgm:46:4,DB1_Lumidgm/73_1_1.wsq,impostor,7,19,7,,False,40.15609,0
3315,stored,87,DB1_Lumidgm:87:2,DB1_Lumidgm/32_1_6.wsq,impostor,11,19,11,,False,38.283728,0
3315,derive,87,DB1_Lumidgm:87:2,DB1_Lumidgm/32_1_6.wsq,impostor,11,19,11,,False,41.711858,0
3316,derive,77,DB1_Lumidgm:77:7,DB1_Lumidgm/42_1_8.wsq,impostor,12,19,12,,False,40.770267,0
3316,stored,77,DB1_Lumidgm:77:7,DB1_Lumidgm/42_1_8.wsq,impostor,12,19,12,,False,37.307667,0
3317,stored,49,DB1_Lumidgm:49:5,DB1_Lumidgm/49_4_5.wsq,genuine,51,19,51,,True,221.606204,1210
3317,derive,49,DB1_Lumidgm:49:5,DB1_Lumidgm/49_4_5.wsq,genuine,51,19,51,,True,37.36171,1210
3318,derive,29,DB1_Lumidgm:29:1,DB1_Lumidgm/89_1_1.wsq,impostor,12,19,12,,False,44.94027,0
3318,stored,29,DB1_Lumidgm:29:1,DB1_Lumidgm/89_1_1.wsq,impostor,12,19,12,,False,43.599093,0
3319,stored,42,DB1_Lumidgm:42:4,DB1_Lumidgm/65_1_4.wsq,impostor,7,19,7,,False,41.227398,0
3319,derive,42,DB1_Lumidgm:42:4,DB1_Lumidgm/65_1_4.wsq,impostor,7,19,7,,False,56.399252,0
3320,derive,90,DB1_Lumidgm:90:4,DB1_Lumidgm/28_1_3.wsq,impostor,5,19,5,,False,42.60664,0
3320,stored,90,DB1_Lumidgm:90:4,DB1_Lumidgm/28_1_3.wsq,impostor,5,19,5,,False,42.168723,0
3321,stored,96,DB1_Lumidgm:96:2,DB1_Lumidgm/40_1_9.wsq,impostor,7,19,7,,False,41.48465,0
3321,derive,96,DB1_Lumidgm:96:2,DB1_Lumidgm/40_1_9.wsq,impostor,7,19,7,,False,38.516486,0
3322,derive,96,DB1_Lumidgm:96:2,DB1_Lumidgm/45_1_8.wsq,impostor,4,19,4,,False,42.322267,0
3322,stored,96,DB1_Lumidgm:96:2,DB1_Lumidgm/45_1_8.wsq,impostor,4,19,4,,False,41.118277,0
3323,stored,39,DB1_Lumidgm:39:9,DB1_Lumidgm/92_1_5.wsq,impostor,5,19,5,,False,41.109772,0
3323,derive,39,DB1_Lumidgm:39:9,DB1_Lumidgm/92_1_5.wsq,impostor,5,19,5,,False,40.133619,0
3324,derive,22,DB1_Lumidgm:22:4,DB1_Lumidgm/71_1_4.wsq,impostor,5,19,5,,False,38.94764,0
3324,stored,22,DB1_Lumidgm:22:4,DB1_Lumidgm/71_1_4.wsq,impostor,5,19,5,,False,37.377974,0
3325,stored,37,DB1_Lumidgm:37:2,DB1_Lumidgm/41_1_2.wsq,impostor,9,19,9,,False,51.099736,0
3325,derive,37,DB1_Lumidgm:37:2,DB1_Lumidgm/41_1_2.wsq,impostor,9,19,9,,False,39.60471,0
3326,derive,43,DB1_Lumidgm:43:4,DB1_Lumidgm/33_1_3.wsq,impostor,8,19,8,,False,38.278607,0
3326,stored,43,DB1_Lumidgm:43:4,DB1_Lumidgm/33_1_3.wsq,impostor,8,19,8,,False,41.604256,0
3327,stored,99,DB1_Lumidgm:99:7,DB1_Lumidgm/31_1_4.wsq,impostor,4,19,4,,False,39.236301,0
3327,derive,99,DB1_Lumidgm:99:7,DB1_Lumidgm/31_1_4.wsq,impostor,4,19,4,,False,41.120281,0
3328,derive,100,DB1_Lumidgm:100:9,DB1_Lumidgm/77_1_4.wsq,impostor,9,19,9,,False,40.315277,0
3328,stored,100,DB1_Lumidgm:100:9,DB1_Lumidgm/77_1_4.wsq,impostor,9,19,9,,False,37.149806,0
3329,stored,54,DB1_Lumidgm:54:4,DB1_Lumidgm/37_1_6.wsq,impostor,5,19,5,,False,43.757869,0
3329,derive,54,DB1_Lumidgm:54:4,DB1_Lumidgm/37_1_6.wsq,impostor,5,19,5,,False,40.523875,0
3330,derive,70,DB1_Lumidgm:70:2,DB1_Lumidgm/77_1_9.wsq,impostor,8,19,8,,False,44.184651,0
3330,stored,70,DB1_Lumidgm:70:2,DB1_Lumidgm/77_1_9.wsq,impostor,8,19,8,,False,54.575786,0
3331,stored,85,DB1_Lumidgm:85:7,DB1_Lumidgm/39_1_4.wsq,impostor,6,19,6,,False,45.230466,0
3331,derive,85,DB1_Lumidgm:85:7,DB1_Lumidgm/39_1_4.wsq,impostor,6,19,6,,False,43.264532,0
3332,derive,62,DB1_Lumidgm:62:10,DB1_Lumidgm/66_1_5.wsq,impostor,7,19,7,,False,42.024363,0
3332,stored,62,DB1_Lumidgm:62:10,DB1_Lumidgm/66_1_5.wsq,impostor,7,19,7,,False,36.744146,0
3333,stored,80,DB1_Lumidgm:80:10,DB1_Lumidgm/53_1_10.wsq,impostor,8,19,8,,False,37.955655,0
3333,derive,80,DB1_Lumidgm:80:10,DB1_Lumidgm/53_1_10.wsq,impostor,8,19,8,,False,37.070083,0
3334,derive,42,DB1_Lumidgm:42:7,DB1_Lumidgm/27_1_9.wsq,impostor,7,19,7,,False,41.488667,0
3334,stored,42,DB1_Lumidgm:42:7,DB1_Lumidgm/27_1_9.wsq,impostor,7,19,7,,False,42.567581,0
3335,stored,77,DB1_Lumidgm:77:10,DB1_Lumidgm/47_1_4.wsq,impostor,9,19,9,,False,35.723912,0
3335,derive,77,DB1_Lumidgm:77:10,DB1_Lumidgm/47_1_4.wsq,impostor,9,19,9,,False,36.020848,0
3336,derive,56,DB1_Lumidgm:56:6,DB1_Lumidgm/42_1_7.wsq,impostor,5,19,5,,False,39.506353,0
3336,stored,56,DB1_Lumidgm:56:6,DB1_Lumidgm/42_1_7.wsq,impostor,5,19,5,,False,39.376639,0
3337,stored,45,DB1_Lumidgm:45:9,DB1_Lumidgm/70_1_2.wsq,impostor,6,19,6,,False,40.772484,0
3337,derive,45,DB1_Lumidgm:45:9,DB1_Lumidgm/70_1_2.wsq,impostor,6,19,6,,False,41.858112,0
3338,derive,36,DB1_Lumidgm:36:7,DB1_Lumidgm/42_1_5.wsq,impostor,6,19,6,,False,36.697755,0
3338,stored,36,DB1_Lumidgm:36:7,DB1_Lumidgm/42_1_5.wsq,impostor,6,19,6,,False,35.704559,0
3339,stored,49,DB1_Lumidgm:49:10,DB1_Lumidgm/86_1_2.wsq,impostor,17,19,17,,False,38.709869,0
3339,derive,49,DB1_Lumidgm:49:10,DB1_Lumidgm/86_1_2.wsq,impostor,17,19,17,,False,36.552367,0
3340,derive,24,DB1_Lumidgm:24:6,DB1_Lumidgm/24_3_6.wsq,genuine,75,19,75,,True,39.577001,1210
3340,stored,24,DB1_Lumidgm:24:6,DB1_Lumidgm/24_3_6.wsq,genuine,75,19,75,,True,39.101015,1210
3341,stored,51,DB1_Lumidgm:51:5,DB1_Lumidgm/51_2_5.wsq,genuine,149,19,149,,True,41.478624,1210
3341,derive,51,DB1_Lumidgm:51:5,DB1_Lumidgm/51_2_5.wsq,genuine,149,19,149,,True,39.095964,1210
3342,derive,73,DB1_Lumidgm:73:1,DB1_Lumidgm/76_1_8.wsq,impostor,7,19,7,,False,36.310749,0
3342,stored,73,DB1_Lumidgm:73:1,DB1_Lumidgm/76_1_8.wsq,impostor,7,19,7,,False,35.323135,0
3343,stored,75,DB1_Lumidgm:75:1,DB1_Lumidgm/75_3_1.wsq,genuine,46,19,46,,True,46.167062,1210
3343,derive,75,DB1_Lumidgm:75:1,DB1_Lumidgm/75_3_1.wsq,genuine,46,19,46,,True,49.166187,1210
3344,derive,36,DB1_Lumidgm:36:6,DB1_Lumidgm/43_1_6.wsq,impostor,10,19,10,,False,39.044762,0
3344,stored,36,DB1_Lumidgm:36:6,DB1_Lumidgm/43_1_6.wsq,impostor,10,19,10,,False,42.138219,0
3345,stored,38,DB1_Lumidgm:38:6,DB1_Lumidgm/89_1_10.wsq,impostor,11,19,11,,False,45.488955,0
3345,derive,38,DB1_Lumidgm:38:6,DB1_Lumidgm/89_1_10.wsq,impostor,11,19,11,,False,45.18875,0
3346,derive,29,DB1_Lumidgm:29:7,DB1_Lumidgm/74_1_8.wsq,impostor,4,19,4,,False,38.42737,0
3346,stored,29,DB1_Lumidgm:29:7,DB1_Lumidgm/74_1_8.wsq,impostor,4,19,4,,False,38.432079,0
3347,stored,47,DB1_Lumidgm:47:6,DB1_Lumidgm/69_1_1.wsq,impostor,9,19,9,,False,39.832102,0
3347,derive,47,DB1_Lumidgm:47:6,DB1_Lumidgm/69_1_1.wsq,impostor,9,19,9,,False,39.442152,0
3348,derive,53,DB1_Lumidgm:53:3,DB1_Lumidgm/53_4_3.wsq,genuine,225,19,225,,True,68.310055,1210
3348,stored,53,DB1_Lumidgm:53:3,DB1_Lumidgm/53_4_3.wsq,genuine,225,19,225,,True,66.64102,1210
3349,stored,33,DB1_Lumidgm:33:5,DB1_Lumidgm/33_2_5.wsq,genuine,27,19,27,,True,42.870282,1210
3349,derive,33,DB1_Lumidgm:33:5,DB1_Lumidgm/33_2_5.wsq,genuine,27,19,27,,True,41.406371,1210
3350,derive,54,DB1_Lumidgm:54:3,DB1_Lumidgm/23_1_3.wsq,impostor,9,19,9,,False,40.395527,0
3350,stored,54,DB1_Lumidgm:54:3,DB1_Lumidgm/23_1_3.wsq,impostor,9,19,9,,False,50.299065,0
3351,stored,75,DB1_Lumidgm:75:8,DB1_Lumidgm/26_1_5.wsq,impostor,12,19,12,,False,55.185678,0
3351,derive,75,DB1_Lumidgm:75:8,DB1_Lumidgm/26_1_5.wsq,impostor,12,19,12,,False,36.48146,0
3352,derive,58,DB1_Lumidgm:58:8,DB1_Lumidgm/50_1_8.wsq,impostor,6,19,6,,False,42.004836,0
3352,stored,58,DB1_Lumidgm:58:8,DB1_Lumidgm/50_1_8.wsq,impostor,6,19,6,,False,39.275438,0
3353,stored,50,DB1_Lumidgm:50:1,DB1_Lumidgm/43_1_10.wsq,impostor,9,19,9,,False,36.922759,0
3353,derive,50,DB1_Lumidgm:50:1,DB1_Lumidgm/43_1_10.wsq,impostor,9,19,9,,False,36.840428,0
3354,derive,61,DB1_Lumidgm:61:8,DB1_Lumidgm/26_1_1.wsq,impostor,8,19,8,,False,38.546811,0
3354,stored,61,DB1_Lumidgm:61:8,DB1_Lumidgm/26_1_1.wsq,impostor,8,19,8,,False,38.20252,0
3355,stored,92,DB1_Lumidgm:92:9,DB1_Lumidgm/50_1_5.wsq,impostor,6,19,6,,False,38.495404,0
3355,derive,92,DB1_Lumidgm:92:9,DB1_Lumidgm/50_1_5.wsq,impostor,6,19,6,,False,37.012062,0
3356,derive,55,DB1_Lumidgm:55:5,DB1_Lumidgm/52_1_9.wsq,impostor,7,19,7,,False,38.598266,0
3356,stored,55,DB1_Lumidgm:55:5,DB1_Lumidgm/52_1_9.wsq,impostor,7,19,7,,False,41.847926,0
3357,stored,29,DB1_Lumidgm:29:9,DB1_Lumidgm/42_1_2.wsq,impostor,7,19,7,,False,48.325364,0
3357,derive,29,DB1_Lumidgm:29:9,DB1_Lumidgm/42_1_2.wsq,impostor,7,19,7,,False,44.872637,0
3358,derive,91,DB1_Lumidgm:91:9,DB1_Lumidgm/58_1_9.wsq,impostor,8,19,8,,False,43.638975,0
3358,stored,91,DB1_Lumidgm:91:9,DB1_Lumidgm/58_1_9.wsq,impostor,8,19,8,,False,56.392797,0
3359,stored,44,DB1_Lumidgm:44:7,DB1_Lumidgm/72_1_1.wsq,impostor,4,19,4,,False,39.089952,0
3359,derive,44,DB1_Lumidgm:44:7,DB1_Lumidgm/72_1_1.wsq,impostor,4,19,4,,False,36.984612,0
3360,derive,34,DB1_Lumidgm:34:9,DB1_Lumidgm/86_1_2.wsq,impostor,9,19,9,,False,36.878637,0
3360,stored,34,DB1_Lumidgm:34:9,DB1_Lumidgm/86_1_2.wsq,impostor,9,19,9,,False,35.72191,0
3361,stored,61,DB1_Lumidgm:61:3,DB1_Lumidgm/25_1_7.wsq,impostor,14,19,14,,False,40.769276,0
3361,derive,61,DB1_Lumidgm:61:3,DB1_Lumidgm/25_1_7.wsq,impostor,14,19,14,,False,37.845771,0
3362,derive,32,DB1_Lumidgm:32:4,DB1_Lumidgm/77_1_8.wsq,impostor,10,19,10,,False,38.133787,0
3362,stored,32,DB1_Lumidgm:32:4,DB1_Lumidgm/77_1_8.wsq,impostor,10,19,10,,False,40.498078,0
3363,stored,55,DB1_Lumidgm:55:10,DB1_Lumidgm/95_1_5.wsq,impostor,7,19,7,,False,40.148626,0
3363,derive,55,DB1_Lumidgm:55:10,DB1_Lumidgm/95_1_5.wsq,impostor,7,19,7,,False,39.823375,0
3364,derive,80,DB1_Lumidgm:80:4,DB1_Lumidgm/40_1_5.wsq,impostor,7,19,7,,False,37.360013,0
3364,stored,80,DB1_Lumidgm:80:4,DB1_Lumidgm/40_1_5.wsq,impostor,7,19,7,,False,37.680681,0
3365,stored,30,DB1_Lumidgm:30:3,DB1_Lumidgm/58_1_10.wsq,impostor,6,19,6,,False,42.718693,0
3365,derive,30,DB1_Lumidgm:30:3,DB1_Lumidgm/58_1_10.wsq,impostor,6,19,6,,False,44.603083,0
3366,derive,45,DB1_Lumidgm:45:2,DB1_Lumidgm/90_1_1.wsq,impostor,5,19,5,,False,41.680555,0
3366,stored,45,DB1_Lumidgm:45:2,DB1_Lumidgm/90_1_1.wsq,impostor,5,19,5,,False,42.030568,0
3367,stored,56,DB1_Lumidgm:56:9,DB1_Lumidgm/85_1_9.wsq,impostor,10,19,10,,False,37.35186,0
3367,derive,56,DB1_Lumidgm:56:9,DB1_Lumidgm/85_1_9.wsq,impostor,10,19,10,,False,42.992363,0
3368,derive,21,DB1_Lumidgm:21:1,DB1_Lumidgm/29_1_5.wsq,impostor,11,19,11,,False,43.089171,0
3368,stored,21,DB1_Lumidgm:21:1,DB1_Lumidgm/29_1_5.wsq,impostor,11,19,11,,False,37.918764,0
3369,stored,42,DB1_Lumidgm:42:2,DB1_Lumidgm/42_4_2.wsq,genuine,25,19,25,,True,42.052769,1210
3369,derive,42,DB1_Lumidgm:42:2,DB1_Lumidgm/42_4_2.wsq,genuine,25,19,25,,True,40.466602,1210
3370,derive,72,DB1_Lumidgm:72:10,DB1_Lumidgm/79_1_2.wsq,impostor,6,19,6,,False,36.312722,0
3370,stored,72,DB1_Lumidgm:72:10,DB1_Lumidgm/79_1_2.wsq,impostor,6,19,6,,False,36.586141,0
3371,stored,47,DB1_Lumidgm:47:10,DB1_Lumidgm/38_1_7.wsq,impostor,11,19,11,,False,39.017132,0
3371,derive,47,DB1_Lumidgm:47:10,DB1_Lumidgm/38_1_7.wsq,impostor,11,19,11,,False,36.357852,0
3372,derive,70,DB1_Lumidgm:70:1,DB1_Lumidgm/84_1_5.wsq,impostor,6,19,6,,False,35.351279,0
3372,stored,70,DB1_Lumidgm:70:1,DB1_Lumidgm/84_1_5.wsq,impostor,6,19,6,,False,35.65082,0
3373,stored,95,DB1_Lumidgm:95:6,DB1_Lumidgm/21_1_10.wsq,impostor,4,19,4,,False,37.425725,0
3373,derive,95,DB1_Lumidgm:95:6,DB1_Lumidgm/21_1_10.wsq,impostor,4,19,4,,False,41.324364,0
3374,derive,91,DB1_Lumidgm:91:4,DB1_Lumidgm/29_1_7.wsq,impostor,9,19,9,,False,36.388915,0
3374,stored,91,DB1_Lumidgm:91:4,DB1_Lumidgm/29_1_7.wsq,impostor,9,19,9,,False,36.687822,0
3375,stored,94,DB1_Lumidgm:94:1,DB1_Lumidgm/42_1_7.wsq,impostor,5,19,5,,False,37.569331,0
3375,derive,94,DB1_Lumidgm:94:1,DB1_Lumidgm/42_1_7.wsq,impostor,5,19,5,,False,47.612829,0
3376,derive,56,DB1_Lumidgm:56:5,DB1_Lumidgm/58_1_8.wsq,impostor,5,19,5,,False,59.084205,0
3376,stored,56,DB1_Lumidgm:56:5,DB1_Lumidgm/58_1_8.wsq,impostor,5,19,5,,False,60.058153,0
3377,stored,29,DB1_Lumidgm:29:2,DB1_Lumidgm/22_1_4.wsq,impostor,8,19,8,,False,50.830107,0
3377,derive,29,DB1_Lumidgm:29:2,DB1_Lumidgm/22_1_4.wsq,impostor,8,19,8,,False,48.35884,0
3378,derive,34,DB1_Lumidgm:34:5,DB1_Lumidgm/48_1_7.wsq,impostor,8,19,8,,False,48.553912,0
3378,stored,34,DB1_Lumidgm:34:5,DB1_Lumidgm/48_1_7.wsq,impostor,8,19,8,,False,54.449713,0
3379,stored,77,DB1_Lumidgm:77:4,DB1_Lumidgm/30_1_1.wsq,impostor,6,19,6,,False,54.143484,0
3379,derive,77,DB1_Lumidgm:77:4,DB1_Lumidgm/30_1_1.wsq,impostor,6,19,6,,False,50.975592,0
3380,derive,28,DB1_Lumidgm:28:1,DB1_Lumidgm/93_1_8.wsq,impostor,5,19,5,,False,51.101307,0
3380,stored,28,DB1_Lumidgm:28:1,DB1_Lumidgm/93_1_8.wsq,impostor,5,19,5,,False,45.844947,0
3381,stored,50,DB1_Lumidgm:50:1,DB1_Lumidgm/93_1_1.wsq,impostor,8,19,8,,False,47.863159,0
3381,derive,50,DB1_Lumidgm:50:1,DB1_Lumidgm/93_1_1.wsq,impostor,8,19,8,,False,47.475385,0
3382,derive,54,DB1_Lumidgm:54:1,DB1_Lumidgm/76_1_5.wsq,impostor,6,19,6,,False,35.602676,0
3382,stored,54,DB1_Lumidgm:54:1,DB1_Lumidgm/76_1_5.wsq,impostor,6,19,6,,False,36.321972,0
3383,stored,45,DB1_Lumidgm:45:9,DB1_Lumidgm/56_1_1.wsq,impostor,5,19,5,,False,39.443298,0
3383,derive,45,DB1_Lumidgm:45:9,DB1_Lumidgm/56_1_1.wsq,impostor,5,19,5,,False,39.420826,0
3384,derive,90,DB1_Lumidgm:90:4,DB1_Lumidgm/49_1_1.wsq,impostor,5,19,5,,False,38.178139,0
3384,stored,90,DB1_Lumidgm:90:4,DB1_Lumidgm/49_1_1.wsq,impostor,5,19,5,,False,38.534279,0
3385,stored,43,DB1_Lumidgm:43:3,DB1_Lumidgm/59_1_2.wsq,impostor,9,19,9,,False,39.8245,0
3385,derive,43,DB1_Lumidgm:43:3,DB1_Lumidgm/59_1_2.wsq,impostor,9,19,9,,False,40.591384,0
3386,derive,71,DB1_Lumidgm:71:4,DB1_Lumidgm/75_1_10.wsq,impostor,5,19,5,,False,37.241968,0
3386,stored,71,DB1_Lumidgm:71:4,DB1_Lumidgm/75_1_10.wsq,impostor,5,19,5,,False,33.085911,0
3387,stored,23,DB1_Lumidgm:23:8,DB1_Lumidgm/23_4_8.wsq,genuine,134,19,134,,True,46.192369,1210
3387,derive,23,DB1_Lumidgm:23:8,DB1_Lumidgm/23_4_8.wsq,genuine,134,19,134,,True,47.212748,1210
3388,derive,55,DB1_Lumidgm:55:5,DB1_Lumidgm/44_1_9.wsq,impostor,7,19,7,,False,40.173076,0
3388,stored,55,DB1_Lumidgm:55:5,DB1_Lumidgm/44_1_9.wsq,impostor,7,19,7,,False,40.505076,0
3389,stored,30,DB1_Lumidgm:30:9,DB1_Lumidgm/40_1_1.wsq,impostor,7,19,7,,False,42.051044,0
3389,derive,30,DB1_Lumidgm:30:9,DB1_Lumidgm/40_1_1.wsq,impostor,7,19,7,,False,41.918696,0
3390,derive,69,DB1_Lumidgm:69:4,DB1_Lumidgm/90_1_10.wsq,impostor,4,19,4,,False,39.340214,0
3390,stored,69,DB1_Lumidgm:69:4,DB1_Lumidgm/90_1_10.wsq,impostor,4,19,4,,False,40.031626,0
3391,stored,42,DB1_Lumidgm:42:5,DB1_Lumidgm/42_3_5.wsq,genuine,58,19,58,,True,42.726544,1210
3391,derive,42,DB1_Lumidgm:42:5,DB1_Lumidgm/42_3_5.wsq,genuine,58,19,58,,True,44.336301,1210
3392,derive,87,DB1_Lumidgm:87:3,DB1_Lumidgm/80_1_1.wsq,impostor,4,19,4,,False,38.110143,0
3392,stored,87,DB1_Lumidgm:87:3,DB1_Lumidgm/80_1_1.wsq,impostor,4,19,4,,False,36.309632,0
3393,stored,23,DB1_Lumidgm:23:2,DB1_Lumidgm/53_1_8.wsq,impostor,7,19,7,,False,39.665695,0
3393,derive,23,DB1_Lumidgm:23:2,DB1_Lumidgm/53_1_8.wsq,impostor,7,19,7,,False,38.142424,0
3394,derive,41,DB1_Lumidgm:41:2,DB1_Lumidgm/25_1_10.wsq,impostor,4,19,4,,False,35.60157,0
3394,stored,41,DB1_Lumidgm:41:2,DB1_Lumidgm/25_1_10.wsq,impostor,4,19,4,,False,35.576097,0
3395,stored,66,DB1_Lumidgm:66:10,DB1_Lumidgm/79_1_8.wsq,impostor,7,19,7,,False,39.953588,0
3395,derive,66,DB1_Lumidgm:66:10,DB1_Lumidgm/79_1_8.wsq,impostor,7,19,7,,False,37.07787,0
3396,derive,51,DB1_Lumidgm:51:10,DB1_Lumidgm/71_1_3.wsq,impostor,5,19,5,,False,41.162583,0
3396,stored,51,DB1_Lumidgm:51:10,DB1_Lumidgm/71_1_3.wsq,impostor,5,19,5,,False,38.486969,0
3397,stored,36,DB1_Lumidgm:36:5,DB1_Lumidgm/39_1_1.wsq,impostor,7,19,7,,False,37.502991,0
3397,derive,36,DB1_Lumidgm:36:5,DB1_Lumidgm/39_1_1.wsq,impostor,7,19,7,,False,37.443273,0
3398,derive,83,DB1_Lumidgm:83:4,DB1_Lumidgm/73_1_5.wsq,impostor,5,19,5,,False,39.785918,0
3398,stored,83,DB1_Lumidgm:83:4,DB1_Lumidgm/73_1_5.wsq,impostor,5,19,5,,False,37.668919,0
3399,stored,64,DB1_Lumidgm:64:3,DB1_Lumidgm/81_1_3.wsq,impostor,7,19,7,,False,38.548456,0
3399,derive,64,DB1_Lumidgm:64:3,DB1_Lumidgm/81_1_3.wsq,impostor,7,19,7,,False,38.985641,0
3400,derive,68,DB1_Lumidgm:68:3,DB1_Lumidgm/30_1_1.wsq,impostor,7,19,7,,False,39.211547,0
3400,stored,68,DB1_Lumidgm:68:3,DB1_Lumidgm/30_1_1.wsq,impostor,7,19,7,,False,40.70067,0
3401,stored,28,DB1_Lumidgm:28:4,DB1_Lumidgm/95_1_9.wsq,impostor,13,19,13,,False,47.150932,0
3401,derive,28,DB1_Lumidgm:28:4,DB1_Lumidgm/95_1_9.wsq,impostor,13,19,13,,False,47.546688,0
3402,derive,40,DB1_Lumidgm:40:4,DB1_Lumidgm/69_1_5.wsq,impostor,7,19,7,,False,33.390533,0
3402,stored,40,DB1_Lumidgm:40:4,DB1_Lumidgm/69_1_5.wsq,impostor,7,19,7,,False,33.01912,0
3403,stored,77,DB1_Lumidgm:77:4,DB1_Lumidgm/79_1_10.wsq,impostor,8,19,8,,False,42.066959,0
3403,derive,77,DB1_Lumidgm:77:4,DB1_Lumidgm/79_1_10.wsq,impostor,8,19,8,,False,45.510694,0
3404,derive,84,DB1_Lumidgm:84:6,DB1_Lumidgm/33_1_9.wsq,impostor,9,19,9,,False,39.818601,0
3404,stored,84,DB1_Lumidgm:84:6,DB1_Lumidgm/33_1_9.wsq,impostor,9,19,9,,False,42.571029,0
3405,stored,34,DB1_Lumidgm:34:9,DB1_Lumidgm/59_1_3.wsq,impostor,5,19,5,,False,42.69452,0
3405,derive,34,DB1_Lumidgm:34:9,DB1_Lumidgm/59_1_3.wsq,impostor,5,19,5,,False,40.668542,0
3406,derive,25,DB1_Lumidgm:25:7,DB1_Lumidgm/25_4_7.wsq,genuine,96,19,96,,True,46.38995,1210
3406,stored,25,DB1_Lumidgm:25:7,DB1_Lumidgm/25_4_7.wsq,genuine,96,19,96,,True,44.803163,1210
3407,stored,37,DB1_Lumidgm:37:1,DB1_Lumidgm/39_1_2.wsq,impostor,3,19,3,,False,40.577462,0
3407,derive,37,DB1_Lumidgm:37:1,DB1_Lumidgm/39_1_2.wsq,impostor,3,19,3,,False,35.769497,0
3408,derive,21,DB1_Lumidgm:21:6,DB1_Lumidgm/36_1_8.wsq,impostor,4,19,4,,False,38.181584,0
3408,stored,21,DB1_Lumidgm:21:6,DB1_Lumidgm/36_1_8.wsq,impostor,4,19,4,,False,38.154987,0
3409,stored,86,DB1_Lumidgm:86:10,DB1_Lumidgm/93_1_9.wsq,impostor,19,19,19,,True,45.237217,1211
3409,derive,86,DB1_Lumidgm:86:10,DB1_Lumidgm/93_1_9.wsq,impostor,19,19,19,,True,46.868086,1211
3410,derive,39,DB1_Lumidgm:39:3,DB1_Lumidgm/32_1_4.wsq,impostor,5,19,5,,False,50.788199,0
3410,stored,39,DB1_Lumidgm:39:3,DB1_Lumidgm/32_1_4.wsq,impostor,5,19,5,,False,36.47505,0
3411,stored,27,DB1_Lumidgm:27:2,DB1_Lumidgm/27_4_2.wsq,genuine,73,19,73,,True,42.675176,1210
3411,derive,27,DB1_Lumidgm:27:2,DB1_Lumidgm/27_4_2.wsq,genuine,73,19,73,,True,41.038021,1210
3412,derive,82,DB1_Lumidgm:82:2,DB1_Lumidgm/89_1_6.wsq,impostor,5,19,5,,False,51.911515,0
3412,stored,82,DB1_Lumidgm:82:2,DB1_Lumidgm/89_1_6.wsq,impostor,5,19,5,,False,50.821809,0
3413,stored,78,DB1_Lumidgm:78:3,DB1_Lumidgm/91_1_2.wsq,impostor,5,19,5,,False,41.868003,0
3413,derive,78,DB1_Lumidgm:78:3,DB1_Lumidgm/91_1_2.wsq,impostor,5,19,5,,False,42.667363,0
3414,derive,31,DB1_Lumidgm:31:2,DB1_Lumidgm/66_1_4.wsq,impostor,7,19,7,,False,36.84538,0
3414,stored,31,DB1_Lumidgm:31:2,DB1_Lumidgm/66_1_4.wsq,impostor,7,19,7,,False,37.187849,0
3415,stored,25,DB1_Lumidgm:25:6,DB1_Lumidgm/71_1_10.wsq,impostor,6,19,6,,False,41.091384,0
3415,derive,25,DB1_Lumidgm:25:6,DB1_Lumidgm/71_1_10.wsq,impostor,6,19,6,,False,37.21306,0
3416,derive,24,DB1_Lumidgm:24:2,DB1_Lumidgm/70_1_2.wsq,impostor,4,19,4,,False,41.511065,0
3416,stored,24,DB1_Lumidgm:24:2,DB1_Lumidgm/70_1_2.wsq,impostor,4,19,4,,False,43.547266,0
3417,stored,78,DB1_Lumidgm:78:8,DB1_Lumidgm/60_1_6.wsq,impostor,5,19,5,,False,40.784826,0
3417,derive,78,DB1_Lumidgm:78:8,DB1_Lumidgm/60_1_6.wsq,impostor,5,19,5,,False,38.185825,0
3418,derive,31,DB1_Lumidgm:31:8,DB1_Lumidgm/88_1_3.wsq,impostor,5,19,5,,False,43.185181,0
3418,stored,31,DB1_Lumidgm:31:8,DB1_Lumidgm/88_1_3.wsq,impostor,5,19,5,,False,43.267719,0
3419,stored,34,DB1_Lumidgm:34:8,DB1_Lumidgm/67_1_10.wsq,impostor,5,19,5,,False,38.01865,0
3419,derive,34,DB1_Lumidgm:34:8,DB1_Lumidgm/67_1_10.wsq,impostor,5,19,5,,False,38.84617,0
3420,derive,44,DB1_Lumidgm:44:10,DB1_Lumidgm/47_1_2.wsq,impostor,5,19,5,,False,37.587294,0
3420,stored,44,DB1_Lumidgm:44:10,DB1_Lumidgm/47_1_2.wsq,impostor,5,19,5,,False,37.650502,0
3421,stored,25,DB1_Lumidgm:25:3,DB1_Lumidgm/43_1_10.wsq,impostor,12,19,12,,False,36.993699,0
3421,derive,25,DB1_Lumidgm:25:3,DB1_Lumidgm/43_1_10.wsq,impostor,12,19,12,,False,37.373634,0
3422,derive,93,DB1_Lumidgm:93:8,DB1_Lumidgm/98_1_3.wsq,impostor,10,19,10,,False,41.626825,0
3422,stored,93,DB1_Lumidgm:93:8,DB1_Lumidgm/98_1_3.wsq,impostor,10,19,10,,False,40.522489,0
3423,stored,44,DB1_Lumidgm:44:2,DB1_Lumidgm/39_1_5.wsq,impostor,10,19,10,,False,37.106937,0
3423,derive,44,DB1_Lumidgm:44:2,DB1_Lumidgm/39_1_5.wsq,impostor,10,19,10,,False,35.919941,0
3424,derive,25,DB1_Lumidgm:25:8,DB1_Lumidgm/60_1_5.wsq,impostor,14,19,14,,False,40.503582,0
3424,stored,25,DB1_Lumidgm:25:8,DB1_Lumidgm/60_1_5.wsq,impostor,14,19,14,,False,40.251542,0
3425,stored,74,DB1_Lumidgm:74:1,DB1_Lumidgm/64_1_3.wsq,impostor,6,19,6,,False,39.267723,0
3425,derive,74,DB1_Lumidgm:74:1,DB1_Lumidgm/64_1_3.wsq,impostor,6,19,6,,False,39.11867,0
3426,derive,46,DB1_Lumidgm:46:7,DB1_Lumidgm/85_1_9.wsq,impostor,9,19,9,,False,35.781225,0
3426,stored,46,DB1_Lumidgm:46:7,DB1_Lumidgm/85_1_9.wsq,impostor,9,19,9,,False,36.499627,0
3427,stored,92,DB1_Lumidgm:92:10,DB1_Lumidgm/69_1_8.wsq,impostor,6,19,6,,False,36.740207,0
3427,derive,92,DB1_Lumidgm:92:10,DB1_Lumidgm/69_1_8.wsq,impostor,6,19,6,,False,36.797617,0
3428,derive,53,DB1_Lumidgm:53:10,DB1_Lumidgm/28_1_5.wsq,impostor,4,19,4,,False,36.991008,0
3428,stored,53,DB1_Lumidgm:53:10,DB1_Lumidgm/28_1_5.wsq,impostor,4,19,4,,False,40.164682,0
3429,stored,86,DB1_Lumidgm:86:3,DB1_Lumidgm/32_1_7.wsq,impostor,6,19,6,,False,38.407956,0
3429,derive,86,DB1_Lumidgm:86:3,DB1_Lumidgm/32_1_7.wsq,impostor,6,19,6,,False,38.541522,0
3430,derive,70,DB1_Lumidgm:70:2,DB1_Lumidgm/75_1_6.wsq,impostor,6,19,6,,False,37.276561,0
3430,stored,70,DB1_Lumidgm:70:2,DB1_Lumidgm/75_1_6.wsq,impostor,6,19,6,,False,38.960541,0
3431,stored,51,DB1_Lumidgm:51:10,DB1_Lumidgm/34_1_3.wsq,impostor,9,19,9,,False,39.473633,0
3431,derive,51,DB1_Lumidgm:51:10,DB1_Lumidgm/34_1_3.wsq,impostor,9,19,9,,False,40.808374,0
3432,derive,55,DB1_Lumidgm:55:3,DB1_Lumidgm/77_1_8.wsq,impostor,6,19,6,,False,39.144319,0
3432,stored,55,DB1_Lumidgm:55:3,DB1_Lumidgm/77_1_8.wsq,impostor,6,19,6,,False,37.890837,0
3433,stored,61,DB1_Lumidgm:61:6,DB1_Lumidgm/65_1_2.wsq,impostor,4,19,4,,False,53.984827,0
3433,derive,61,DB1_Lumidgm:61:6,DB1_Lumidgm/65_1_2.wsq,impostor,4,19,4,,False,43.492288,0
3434,derive,78,DB1_Lumidgm:78:9,DB1_Lumidgm/81_1_10.wsq,impostor,6,19,6,,False,36.668589,0
3434,stored,78,DB1_Lumidgm:78:9,DB1_Lumidgm/81_1_10.wsq,impostor,6,19,6,,False,38.354974,0
3435,stored,61,DB1_Lumidgm:61:10,DB1_Lumidgm/68_1_9.wsq,impostor,12,19,12,,False,39.713916,0
3435,derive,61,DB1_Lumidgm:61:10,DB1_Lumidgm/68_1_9.wsq,impostor,12,19,12,,False,39.668242,0
3436,derive,80,DB1_Lumidgm:80:9,DB1_Lumidgm/80_4_9.wsq,genuine,29,19,29,,True,38.068769,1210
3436,stored,80,DB1_Lumidgm:80:9,DB1_Lumidgm/80_4_9.wsq,genuine,29,19,29,,True,38.459532,1210
3437,stored,40,DB1_Lumidgm:40:3,DB1_Lumidgm/51_1_1.wsq,impostor,8,19,8,,False,42.103107,0
3437,derive,40,DB1_Lumidgm:40:3,DB1_Lumidgm/51_1_1.wsq,impostor,8,19,8,,False,37.104922,0
3438,derive,24,DB1_Lumidgm:24:3,DB1_Lumidgm/87_1_10.wsq,impostor,13,19,13,,False,38.694003,0
3438,stored,24,DB1_Lumidgm:24:3,DB1_Lumidgm/87_1_10.wsq,impostor,13,19,13,,False,38.702332,0
3439,stored,48,DB1_Lumidgm:48:1,DB1_Lumidgm/69_1_1.wsq,impostor,6,19,6,,False,36.570846,0
3439,derive,48,DB1_Lumidgm:48:1,DB1_Lumidgm/69_1_1.wsq,impostor,6,19,6,,False,36.270707,0
3440,derive,89,DB1_Lumidgm:89:4,DB1_Lumidgm/65_1_2.wsq,impostor,9,19,9,,False,47.481517,0
3440,stored,89,DB1_Lumidgm:89:4,DB1_Lumidgm/65_1_2.wsq,impostor,9,19,9,,False,46.38805,0
3441,stored,34,DB1_Lumidgm:34:3,DB1_Lumidgm/34_2_3.wsq,genuine,237,19,237,,True,50.80298,1210
3441,derive,34,DB1_Lumidgm:34:3,DB1_Lumidgm/34_2_3.wsq,genuine,237,19,237,,True,53.779504,1210
3442,derive,93,DB1_Lumidgm:93:3,DB1_Lumidgm/23_1_1.wsq,impostor,5,19,5,,False,41.109203,0
3442,stored,93,DB1_Lumidgm:93:3,DB1_Lumidgm/23_1_1.wsq,impostor,5,19,5,,False,39.150505,0
3443,stored,100,DB1_Lumidgm:100:7,DB1_Lumidgm/34_1_1.wsq,impostor,8,19,8,,False,40.852862,0
3443,derive,100,DB1_Lumidgm:100:7,DB1_Lumidgm/34_1_1.wsq,impostor,8,19,8,,False,38.222965,0
3444,derive,76,DB1_Lumidgm:76:9,DB1_Lumidgm/76_3_9.wsq,genuine,40,19,40,,True,40.176289,1210
3444,stored,76,DB1_Lumidgm:76:9,DB1_Lumidgm/76_3_9.wsq,genuine,40,19,40,,True,40.12242,1210
3445,stored,36,DB1_Lumidgm:36:1,DB1_Lumidgm/56_1_6.wsq,impostor,6,19,6,,False,45.380463,0
3445,derive,36,DB1_Lumidgm:36:1,DB1_Lumidgm/56_1_6.wsq,impostor,6,19,6,,False,39.771227,0
3446,derive,78,DB1_Lumidgm:78:4,DB1_Lumidgm/56_1_2.wsq,impostor,12,19,12,,False,38.786267,0
3446,stored,78,DB1_Lumidgm:78:4,DB1_Lumidgm/56_1_2.wsq,impostor,12,19,12,,False,37.207618,0
3447,stored,73,DB1_Lumidgm:73:4,DB1_Lumidgm/66_1_1.wsq,impostor,5,19,5,,False,39.838525,0
3447,derive,73,DB1_Lumidgm:73:4,DB1_Lumidgm/66_1_1.wsq,impostor,5,19,5,,False,39.546243,0
3448,derive,21,DB1_Lumidgm:21:2,DB1_Lumidgm/64_1_7.wsq,impostor,10,19,10,,False,37.651907,0
3448,stored,21,DB1_Lumidgm:21:2,DB1_Lumidgm/64_1_7.wsq,impostor,10,19,10,,False,37.684283,0
3449,stored,85,DB1_Lumidgm:85:5,DB1_Lumidgm/80_1_4.wsq,impostor,7,19,7,,False,33.964146,0
3449,derive,85,DB1_Lumidgm:85:5,DB1_Lumidgm/80_1_4.wsq,impostor,7,19,7,,False,34.957117,0
3450,derive,40,DB1_Lumidgm:40:10,DB1_Lumidgm/30_1_1.wsq,impostor,5,19,5,,False,38.542139,0
3450,stored,40,DB1_Lumidgm:40:10,DB1_Lumidgm/30_1_1.wsq,impostor,5,19,5,,False,42.646854,0
3451,stored,64,DB1_Lumidgm:64:10,DB1_Lumidgm/92_1_9.wsq,impostor,4,19,4,,False,40.853536,0
3451,derive,64,DB1_Lumidgm:64:10,DB1_Lumidgm/92_1_9.wsq,impostor,4,19,4,,False,42.806894,0
3452,derive,48,DB1_Lumidgm:48:4,DB1_Lumidgm/56_1_9.wsq,impostor,6,19,6,,False,39.024467,0
3452,stored,48,DB1_Lumidgm:48:4,DB1_Lumidgm/56_1_9.wsq,impostor,6,19,6,,False,38.132476,0
3453,stored,83,DB1_Lumidgm:83:1,DB1_Lumidgm/43_1_3.wsq,impostor,3,19,3,,False,36.496508,0
3453,derive,83,DB1_Lumidgm:83:1,DB1_Lumidgm/43_1_3.wsq,impostor,3,19,3,,False,42.278137,0
3454,derive,60,DB1_Lumidgm:60:4,DB1_Lumidgm/62_1_4.wsq,impostor,15,19,15,,False,56.648955,0
3454,stored,60,DB1_Lumidgm:60:4,DB1_Lumidgm/62_1_4.wsq,impostor,15,19,15,,False,57.86778,0
3455,stored,90,DB1_Lumidgm:90:6,DB1_Lumidgm/45_1_8.wsq,impostor,5,19,5,,False,47.222732,0
3455,derive,90,DB1_Lumidgm:90:6,DB1_Lumidgm/45_1_8.wsq,impostor,5,19,5,,False,42.922298,0
3456,derive,93,DB1_Lumidgm:93:9,DB1_Lumidgm/70_1_2.wsq,impostor,4,19,4,,False,55.70247,0
3456,stored,93,DB1_Lumidgm:93:9,DB1_Lumidgm/70_1_2.wsq,impostor,4,19,4,,False,39.304644,0
3457,stored,27,DB1_Lumidgm:27:6,DB1_Lumidgm/33_1_2.wsq,impostor,4,19,4,,False,36.717041,0
3457,derive,27,DB1_Lumidgm:27:6,DB1_Lumidgm/33_1_2.wsq,impostor,4,19,4,,False,35.525077,0
3458,derive,97,DB1_Lumidgm:97:7,DB1_Lumidgm/42_1_5.wsq,impostor,5,19,5,,False,38.344852,0
3458,stored,97,DB1_Lumidgm:97:7,DB1_Lumidgm/42_1_5.wsq,impostor,5,19,5,,False,36.220588,0
3459,stored,46,DB1_Lumidgm:46:6,DB1_Lumidgm/27_1_1.wsq,impostor,4,19,4,,False,38.567499,0
3459,derive,46,DB1_Lumidgm:46:6,DB1_Lumidgm/27_1_1.wsq,impostor,4,19,4,,False,37.684753,0
3460,derive,31,DB1_Lumidgm:31:6,DB1_Lumidgm/32_1_2.wsq,impostor,6,19,6,,False,37.062761,0
3460,stored,31,DB1_Lumidgm:31:6,DB1_Lumidgm/32_1_2.wsq,impostor,6,19,6,,False,35.514882,0
3461,stored,75,DB1_Lumidgm:75:2,DB1_Lumidgm/92_1_9.wsq,impostor,4,19,4,,False,42.441779,0
3461,derive,75,DB1_Lumidgm:75:2,DB1_Lumidgm/92_1_9.wsq,impostor,4,19,4,,False,42.78668,0
3462,derive,34,DB1_Lumidgm:34:6,DB1_Lumidgm/61_1_3.wsq,impostor,6,19,6,,False,37.288988,0
3462,stored,34,DB1_Lumidgm:34:6,DB1_Lumidgm/61_1_3.wsq,impostor,6,19,6,,False,39.649977,0
3463,stored,74,DB1_Lumidgm:74:1,DB1_Lumidgm/47_1_4.wsq,impostor,4,19,4,,False,35.508619,0
3463,derive,74,DB1_Lumidgm:74:1,DB1_Lumidgm/47_1_4.wsq,impostor,4,19,4,,False,36.214414,0
3464,derive,83,DB1_Lumidgm:83:5,DB1_Lumidgm/38_1_4.wsq,impostor,6,19,6,,False,37.984757,0
3464,stored,83,DB1_Lumidgm:83:5,DB1_Lumidgm/38_1_4.wsq,impostor,6,19,6,,False,40.425536,0
3465,stored,50,DB1_Lumidgm:50:4,DB1_Lumidgm/62_1_1.wsq,impostor,8,19,8,,False,52.07264,0
3465,derive,50,DB1_Lumidgm:50:4,DB1_Lumidgm/62_1_1.wsq,impostor,8,19,8,,False,48.660659,0
3466,derive,82,DB1_Lumidgm:82:3,DB1_Lumidgm/65_1_2.wsq,impostor,8,19,8,,False,45.502144,0
3466,stored,82,DB1_Lumidgm:82:3,DB1_Lumidgm/65_1_2.wsq,impostor,8,19,8,,False,48.41818,0
3467,stored,51,DB1_Lumidgm:51:4,DB1_Lumidgm/91_1_6.wsq,impostor,5,19,5,,False,44.891534,0
3467,derive,51,DB1_Lumidgm:51:4,DB1_Lumidgm/91_1_6.wsq,impostor,5,19,5,,False,44.093925,0
3468,derive,64,DB1_Lumidgm:64:3,DB1_Lumidgm/94_1_4.wsq,impostor,5,19,5,,False,45.989301,0
3468,stored,64,DB1_Lumidgm:64:3,DB1_Lumidgm/94_1_4.wsq,impostor,5,19,5,,False,44.203856,0
3469,stored,78,DB1_Lumidgm:78:7,DB1_Lumidgm/45_1_7.wsq,impostor,6,19,6,,False,41.146122,0
3469,derive,78,DB1_Lumidgm:78:7,DB1_Lumidgm/45_1_7.wsq,impostor,6,19,6,,False,45.033612,0
3470,derive,37,DB1_Lumidgm:37:8,DB1_Lumidgm/43_1_7.wsq,impostor,6,19,6,,False,37.855484,0
3470,stored,37,DB1_Lumidgm:37:8,DB1_Lumidgm/43_1_7.wsq,impostor,6,19,6,,False,35.134558,0
3471,stored,52,DB1_Lumidgm:52:6,DB1_Lumidgm/29_1_10.wsq,impostor,6,19,6,,False,38.526988,0
3471,derive,52,DB1_Lumidgm:52:6,DB1_Lumidgm/29_1_10.wsq,impostor,6,19,6,,False,38.232634,0
3472,derive,34,DB1_Lumidgm:34:6,DB1_Lumidgm/98_1_8.wsq,impostor,0,19,0,,False,39.537403,0
3472,stored,34,DB1_Lumidgm:34:6,DB1_Lumidgm/98_1_8.wsq,impostor,0,19,0,,False,38.823817,0
3473,stored,22,DB1_Lumidgm:22:8,DB1_Lumidgm/30_1_9.wsq,impostor,8,19,8,,False,38.790216,0
3473,derive,22,DB1_Lumidgm:22:8,DB1_Lumidgm/30_1_9.wsq,impostor,8,19,8,,False,41.796814,0
3474,derive,88,DB1_Lumidgm:88:2,DB1_Lumidgm/88_2_2.wsq,genuine,129,19,129,,True,67.305133,1210
3474,stored,88,DB1_Lumidgm:88:2,DB1_Lumidgm/88_2_2.wsq,genuine,129,19,129,,True,71.563455,1210
3475,stored,34,DB1_Lumidgm:34:2,DB1_Lumidgm/41_1_1.wsq,impostor,7,19,7,,False,45.250865,0
3475,derive,34,DB1_Lumidgm:34:2,DB1_Lumidgm/41_1_1.wsq,impostor,7,19,7,,False,41.641577,0
3476,derive,58,DB1_Lumidgm:58:6,DB1_Lumidgm/27_1_10.wsq,impostor,5,19,5,,False,37.258992,0
3476,stored,58,DB1_Lumidgm:58:6,DB1_Lumidgm/27_1_10.wsq,impostor,5,19,5,,False,39.28926,0
3477,stored,98,DB1_Lumidgm:98:3,DB1_Lumidgm/42_1_8.wsq,impostor,7,19,7,,False,39.569623,0
3477,derive,98,DB1_Lumidgm:98:3,DB1_Lumidgm/42_1_8.wsq,impostor,7,19,7,,False,39.850492,0
3478,derive,83,DB1_Lumidgm:83:5,DB1_Lumidgm/88_1_9.wsq,impostor,4,19,4,,False,41.248259,0
3478,stored,83,DB1_Lumidgm:83:5,DB1_Lumidgm/88_1_9.wsq,impostor,4,19,4,,False,41.699867,0
3479,stored,46,DB1_Lumidgm:46:10,DB1_Lumidgm/40_1_5.wsq,impostor,6,19,6,,False,37.680326,0
3479,derive,46,DB1_Lumidgm:46:10,DB1_Lumidgm/40_1_5.wsq,impostor,6,19,6,,False,46.044776,0
3480,derive,93,DB1_Lumidgm:93:10,DB1_Lumidgm/72_1_10.wsq,impostor,7,19,7,,False,37.391998,0
3480,stored,93,DB1_Lumidgm:93:10,DB1_Lumidgm/72_1_10.wsq,impostor,7,19,7,,False,36.023512,0
3481,stored,22,DB1_Lumidgm:22:8,DB1_Lumidgm/50_1_5.wsq,impostor,5,19,5,,False,39.175266,0
3481,derive,22,DB1_Lumidgm:22:8,DB1_Lumidgm/50_1_5.wsq,impostor,5,19,5,,False,39.766959,0
3482,derive,35,DB1_Lumidgm:35:4,DB1_Lumidgm/81_1_5.wsq,impostor,16,19,16,,False,39.532262,0
3482,stored,35,DB1_Lumidgm:35:4,DB1_Lumidgm/81_1_5.wsq,impostor,16,19,16,,False,38.29786,0
3483,stored,89,DB1_Lumidgm:89:6,DB1_Lumidgm/29_1_4.wsq,impostor,6,19,6,,False,40.691008,0
3483,derive,89,DB1_Lumidgm:89:6,DB1_Lumidgm/29_1_4.wsq,impostor,6,19,6,,False,39.196067,0
3484,derive,46,DB1_Lumidgm:46:9,DB1_Lumidgm/99_1_5.wsq,impostor,5,19,5,,False,34.754341,0
3484,stored,46,DB1_Lumidgm:46:9,DB1_Lumidgm/99_1_5.wsq,impostor,5,19,5,,False,38.02713,0
3485,stored,35,DB1_Lumidgm:35:9,DB1_Lumidgm/38_1_5.wsq,impostor,6,19,6,,False,37.705682,0
3485,derive,35,DB1_Lumidgm:35:9,DB1_Lumidgm/38_1_5.wsq,impostor,6,19,6,,False,36.713226,0
3486,derive,98,DB1_Lumidgm:98:5,DB1_Lumidgm/99_1_1.wsq,impostor,4,19,4,,False,40.528373,0
3486,stored,98,DB1_Lumidgm:98:5,DB1_Lumidgm/99_1_1.wsq,impostor,4,19,4,,False,38.154933,0
3487,stored,42,DB1_Lumidgm:42:7,DB1_Lumidgm/90_1_5.wsq,impostor,9,19,9,,False,37.477585,0
3487,derive,42,DB1_Lumidgm:42:7,DB1_Lumidgm/90_1_5.wsq,impostor,9,19,9,,False,34.717928,0
3488,derive,30,DB1_Lumidgm:30:10,DB1_Lumidgm/44_1_7.wsq,impostor,4,19,4,,False,39.500672,0
3488,stored,30,DB1_Lumidgm:30:10,DB1_Lumidgm/44_1_7.wsq,impostor,4,19,4,,False,39.066021,0
3489,stored,84,DB1_Lumidgm:84:7,DB1_Lumidgm/84_4_7.wsq,genuine,48,19,48,,True,43.678084,1210
3489,derive,84,DB1_Lumidgm:84:7,DB1_Lumidgm/84_4_7.wsq,genuine,48,19,48,,True,42.045469,1210
3490,derive,36,DB1_Lumidgm:36:6,DB1_Lumidgm/97_1_10.wsq,impostor,6,19,6,,False,39.15079,0
3490,stored,36,DB1_Lumidgm:36:6,DB1_Lumidgm/97_1_10.wsq,impostor,6,19,6,,False,41.169917,0
3491,stored,44,DB1_Lumidgm:44:7,DB1_Lumidgm/40_1_8.wsq,impostor,11,19,11,,False,53.968639,0
3491,derive,44,DB1_Lumidgm:44:7,DB1_Lumidgm/40_1_8.wsq,impostor,11,19,11,,False,44.029748,0
3492,derive,85,DB1_Lumidgm:85:7,DB1_Lumidgm/37_1_9.wsq,impostor,4,19,4,,False,39.661001,0
3492,stored,85,DB1_Lumidgm:85:7,DB1_Lumidgm/37_1_9.wsq,impostor,4,19,4,,False,40.915274,0
3493,stored,70,DB1_Lumidgm:70:5,DB1_Lumidgm/86_1_2.wsq,impostor,8,19,8,,False,37.112165,0
3493,derive,70,DB1_Lumidgm:70:5,DB1_Lumidgm/86_1_2.wsq,impostor,8,19,8,,False,46.133892,0
3494,derive,99,DB1_Lumidgm:99:2,DB1_Lumidgm/32_1_4.wsq,impostor,5,19,5,,False,41.71416,0
3494,stored,99,DB1_Lumidgm:99:2,DB1_Lumidgm/32_1_4.wsq,impostor,5,19,5,,False,55.497635,0
3495,stored,79,DB1_Lumidgm:79:7,DB1_Lumidgm/95_1_8.wsq,impostor,5,19,5,,False,60.593649,0
3495,derive,79,DB1_Lumidgm:79:7,DB1_Lumidgm/95_1_8.wsq,impostor,5,19,5,,False,51.355176,0
3496,derive,93,DB1_Lumidgm:93:6,DB1_Lumidgm/95_1_1.wsq,impostor,5,19,5,,False,46.397534,0
3496,stored,93,DB1_Lumidgm:93:6,DB1_Lumidgm/95_1_1.wsq,impostor,5,19,5,,False,48.747007,0
3497,stored,53,DB1_Lumidgm:53:6,DB1_Lumidgm/26_1_10.wsq,impostor,7,19,7,,False,36.332552,0
3497,derive,53,DB1_Lumidgm:53:6,DB1_Lumidgm/26_1_10.wsq,impostor,7,19,7,,False,37.809156,0
3498,derive,95,DB1_Lumidgm:95:6,DB1_Lumidgm/37_1_10.wsq,impostor,4,19,4,,False,34.618322,0
3498,stored,95,DB1_Lumidgm:95:6,DB1_Lumidgm/37_1_10.wsq,impostor,4,19,4,,False,35.47188,0
3499,stored,27,DB1_Lumidgm:27:2,DB1_Lumidgm/67_1_6.wsq,impostor,15,19,15,,False,47.959706,0
3499,derive,27,DB1_Lumidgm:27:2,DB1_Lumidgm/67_1_6.wsq,impostor,15,19,15,,False,42.340442,0
3500,derive,40,DB1_Lumidgm:40:7,DB1_Lumidgm/82_1_1.wsq,impostor,4,19,4,,False,42.141069,0
3500,stored,40,DB1_Lumidgm:40:7,DB1_Lumidgm/82_1_1.wsq,impostor,4,19,4,,False,55.542093,0
3501,stored,69,DB1_Lumidgm:69:3,DB1_Lumidgm/69_3_3.wsq,genuine,116,19,116,,True,42.417084,1210
3501,derive,69,DB1_Lumidgm:69:3,DB1_Lumidgm/69_3_3.wsq,genuine,116,19,116,,True,40.152673,1210
3502,derive,48,DB1_Lumidgm:48:5,DB1_Lumidgm/33_1_5.wsq,impostor,5,19,5,,False,37.757398,0
3502,stored,48,DB1_Lumidgm:48:5,DB1_Lumidgm/33_1_5.wsq,impostor,5,19,5,,False,37.274597,0
3503,stored,78,DB1_Lumidgm:78:5,DB1_Lumidgm/87_1_7.wsq,impostor,10,19,10,,False,47.079447,0
3503,derive,78,DB1_Lumidgm:78:5,DB1_Lumidgm/87_1_7.wsq,impostor,10,19,10,,False,40.734748,0
3504,derive,98,DB1_Lumidgm:98:6,DB1_Lumidgm/98_4_6.wsq,genuine,78,19,78,,True,44.715381,1210
3504,stored,98,DB1_Lumidgm:98:6,DB1_Lumidgm/98_4_6.wsq,genuine,78,19,78,,True,48.869919,1210
3505,stored,30,DB1_Lumidgm:30:9,DB1_Lumidgm/42_1_1.wsq,impostor,5,19,5,,False,40.348544,0
3505,derive,30,DB1_Lumidgm:30:9,DB1_Lumidgm/42_1_1.wsq,impostor,5,19,5,,False,37.970186,0
3506,derive,89,DB1_Lumidgm:89:8,DB1_Lumidgm/86_1_10.wsq,impostor,12,19,12,,False,44.048543,0
3506,stored,89,DB1_Lumidgm:89:8,DB1_Lumidgm/86_1_10.wsq,impostor,12,19,12,,False,41.774308,0
3507,stored,86,DB1_Lumidgm:86:1,DB1_Lumidgm/69_1_7.wsq,impostor,4,19,4,,False,39.277069,0
3507,derive,86,DB1_Lumidgm:86:1,DB1_Lumidgm/69_1_7.wsq,impostor,4,19,4,,False,36.589244,0
3508,derive,99,DB1_Lumidgm:99:2,DB1_Lumidgm/46_1_3.wsq,impostor,12,19,12,,False,47.078498,0
3508,stored,99,DB1_Lumidgm:99:2,DB1_Lumidgm/46_1_3.wsq,impostor,12,19,12,,False,40.130708,0
3509,stored,78,DB1_Lumidgm:78:3,DB1_Lumidgm/71_1_8.wsq,impostor,7,19,7,,False,39.070116,0
3509,derive,78,DB1_Lumidgm:78:3,DB1_Lumidgm/71_1_8.wsq,impostor,7,19,7,,False,38.146856,0
3510,derive,84,DB1_Lumidgm:84:3,DB1_Lumidgm/84_3_3.wsq,genuine,42,19,42,,True,43.252587,1210
3510,stored,84,DB1_Lumidgm:84:3,DB1_Lumidgm/84_3_3.wsq,genuine,42,19,42,,True,42.389706,1210
3511,stored,51,DB1_Lumidgm:51:8,DB1_Lumidgm/51_2_8.wsq,genuine,147,19,147,,True,62.092162,1210
3511,derive,51,DB1_Lumidgm:51:8,DB1_Lumidgm/51_2_8.wsq,genuine,147,19,147,,True,59.909982,1210
3512,derive,73,DB1_Lumidgm:73:7,DB1_Lumidgm/82_1_8.wsq,impostor,6,19,6,,False,35.472017,0
3512,stored,73,DB1_Lumidgm:73:7,DB1_Lumidgm/82_1_8.wsq,impostor,6,19,6,,False,37.960829,0
3513,stored,40,DB1_Lumidgm:40:1,DB1_Lumidgm/40_2_1.wsq,genuine,48,19,48,,True,45.583774,1210
3513,derive,40,DB1_Lumidgm:40:1,DB1_Lumidgm/40_2_1.wsq,genuine,48,19,48,,True,40.590902,1210
3514,derive,41,DB1_Lumidgm:41:5,DB1_Lumidgm/65_1_5.wsq,impostor,5,19,5,,False,40.399548,0
3514,stored,41,DB1_Lumidgm:41:5,DB1_Lumidgm/65_1_5.wsq,impostor,5,19,5,,False,43.120129,0
3515,stored,56,DB1_Lumidgm:56:1,DB1_Lumidgm/87_1_6.wsq,impostor,14,19,14,,False,41.4539,0
3515,derive,56,DB1_Lumidgm:56:1,DB1_Lumidgm/87_1_6.wsq,impostor,14,19,14,,False,40.405798,0
3516,derive,32,DB1_Lumidgm:32:5,DB1_Lumidgm/62_1_2.wsq,impostor,5,19,5,,False,46.992377,0
3516,stored,32,DB1_Lumidgm:32:5,DB1_Lumidgm/62_1_2.wsq,impostor,5,19,5,,False,47.459419,0
3517,stored,87,DB1_Lumidgm:87:7,DB1_Lumidgm/54_1_3.wsq,impostor,9,19,9,,False,43.194074,0
3517,derive,87,DB1_Lumidgm:87:7,DB1_Lumidgm/54_1_3.wsq,impostor,9,19,9,,False,40.407783,0
3518,derive,55,DB1_Lumidgm:55:1,DB1_Lumidgm/67_1_4.wsq,impostor,5,19,5,,False,34.53043,0
3518,stored,55,DB1_Lumidgm:55:1,DB1_Lumidgm/67_1_4.wsq,impostor,5,19,5,,False,36.276451,0
3519,stored,81,DB1_Lumidgm:81:5,DB1_Lumidgm/72_1_6.wsq,impostor,10,19,10,,False,42.809605,0
3519,derive,81,DB1_Lumidgm:81:5,DB1_Lumidgm/72_1_6.wsq,impostor,10,19,10,,False,44.116419,0
3520,derive,71,DB1_Lumidgm:71:4,DB1_Lumidgm/71_3_4.wsq,genuine,6,19,6,,False,43.694847,0
3520,stored,71,DB1_Lumidgm:71:4,DB1_Lumidgm/71_3_4.wsq,genuine,6,19,6,,False,51.628892,0
3521,stored,96,DB1_Lumidgm:96:1,DB1_Lumidgm/29_1_3.wsq,impostor,6,19,6,,False,41.886407,0
3521,derive,96,DB1_Lumidgm:96:1,DB1_Lumidgm/29_1_3.wsq,impostor,6,19,6,,False,41.94213,0
3522,derive,47,DB1_Lumidgm:47:3,DB1_Lumidgm/52_1_5.wsq,impostor,14,19,14,,False,41.229588,0
3522,stored,47,DB1_Lumidgm:47:3,DB1_Lumidgm/52_1_5.wsq,impostor,14,19,14,,False,41.895401,0
3523,stored,22,DB1_Lumidgm:22:8,DB1_Lumidgm/86_1_10.wsq,impostor,14,19,14,,False,47.071432,0
3523,derive,22,DB1_Lumidgm:22:8,DB1_Lumidgm/86_1_10.wsq,impostor,14,19,14,,False,43.797053,0
3524,derive,49,DB1_Lumidgm:49:4,DB1_Lumidgm/34_1_9.wsq,impostor,0,19,0,,False,46.036169,0
3524,stored,49,DB1_Lumidgm:49:4,DB1_Lumidgm/34_1_9.wsq,impostor,0,19,0,,False,40.310724,0
3525,stored,43,DB1_Lumidgm:43:10,DB1_Lumidgm/99_1_4.wsq,impostor,12,19,12,,False,43.992361,0
3525,derive,43,DB1_Lumidgm:43:10,DB1_Lumidgm/99_1_4.wsq,impostor,12,19,12,,False,39.138241,0
3526,derive,28,DB1_Lumidgm:28:2,DB1_Lumidgm/45_1_10.wsq,impostor,5,19,5,,False,39.818015,0
3526,stored,28,DB1_Lumidgm:28:2,DB1_Lumidgm/45_1_10.wsq,impostor,5,19,5,,False,41.216923,0
3527,stored,94,DB1_Lumidgm:94:1,DB1_Lumidgm/94_2_1.wsq,genuine,65,19,65,,True,47.090561,1210
3527,derive,94,DB1_Lumidgm:94:1,DB1_Lumidgm/94_2_1.wsq,genuine,65,19,65,,True,46.259764,1210
3528,derive,77,DB1_Lumidgm:77:3,DB1_Lumidgm/75_1_3.wsq,impostor,5,19,5,,False,38.747218,0
3528,stored,77,DB1_Lumidgm:77:3,DB1_Lumidgm/75_1_3.wsq,impostor,5,19,5,,False,37.250432,0
3529,stored,77,DB1_Lumidgm:77:1,DB1_Lumidgm/77_2_1.wsq,genuine,275,19,275,,True,60.326465,1210
3529,derive,77,DB1_Lumidgm:77:1,DB1_Lumidgm/77_2_1.wsq,genuine,275,19,275,,True,63.256488,1210
3530,derive,96,DB1_Lumidgm:96:3,DB1_Lumidgm/52_1_10.wsq,impostor,5,19,5,,False,36.250487,0
3530,stored,96,DB1_Lumidgm:96:3,DB1_Lumidgm/52_1_10.wsq,impostor,5,19,5,,False,37.017903,0
3531,stored,92,DB1_Lumidgm:92:5,DB1_Lumidgm/68_1_10.wsq,impostor,6,19,6,,False,35.814565,0
3531,derive,92,DB1_Lumidgm:92:5,DB1_Lumidgm/68_1_10.wsq,impostor,6,19,6,,False,33.923246,0
3532,derive,51,DB1_Lumidgm:51:3,DB1_Lumidgm/51_1_4.wsq,impostor,14,19,14,,False,37.227927,0
3532,stored,51,DB1_Lumidgm:51:3,DB1_Lumidgm/51_1_4.wsq,impostor,14,19,14,,False,37.422594,0
3533,stored,70,DB1_Lumidgm:70:9,DB1_Lumidgm/70_4_9.wsq,genuine,179,19,179,,True,59.056914,1210
3533,derive,70,DB1_Lumidgm:70:9,DB1_Lumidgm/70_4_9.wsq,genuine,179,19,179,,True,59.259877,1210
3534,derive,56,DB1_Lumidgm:56:7,DB1_Lumidgm/80_1_7.wsq,impostor,6,19,6,,False,37.129946,0
3534,stored,56,DB1_Lumidgm:56:7,DB1_Lumidgm/80_1_7.wsq,impostor,6,19,6,,False,35.203369,0
3535,stored,21,DB1_Lumidgm:21:4,DB1_Lumidgm/72_1_8.wsq,impostor,3,19,3,,False,37.215285,0
3535,derive,21,DB1_Lumidgm:21:4,DB1_Lumidgm/72_1_8.wsq,impostor,3,19,3,,False,36.594607,0
3536,derive,90,DB1_Lumidgm:90:4,DB1_Lumidgm/93_1_8.wsq,impostor,4,19,4,,False,42.467208,0
3536,stored,90,DB1_Lumidgm:90:4,DB1_Lumidgm/93_1_8.wsq,impostor,4,19,4,,False,42.232064,0
3537,stored,59,DB1_Lumidgm:59:7,DB1_Lumidgm/53_1_6.wsq,impostor,4,19,4,,False,38.332543,0
3537,derive,59,DB1_Lumidgm:59:7,DB1_Lumidgm/53_1_6.wsq,impostor,4,19,4,,False,40.238465,0
3538,derive,79,DB1_Lumidgm:79:3,DB1_Lumidgm/28_1_9.wsq,impostor,12,19,12,,False,48.580554,0
3538,stored,79,DB1_Lumidgm:79:3,DB1_Lumidgm/28_1_9.wsq,impostor,12,19,12,,False,43.509953,0
3539,stored,81,DB1_Lumidgm:81:5,DB1_Lumidgm/94_1_10.wsq,impostor,5,19,5,,False,43.684855,0
3539,derive,81,DB1_Lumidgm:81:5,DB1_Lumidgm/94_1_10.wsq,impostor,5,19,5,,False,41.973025,0
3540,derive,57,DB1_Lumidgm:57:1,DB1_Lumidgm/67_1_9.wsq,impostor,5,19,5,,False,43.007966,0
3540,stored,57,DB1_Lumidgm:57:1,DB1_Lumidgm/67_1_9.wsq,impostor,5,19,5,,False,40.458346,0
3541,stored,53,DB1_Lumidgm:53:8,DB1_Lumidgm/82_1_2.wsq,impostor,7,19,7,,False,40.251335,0
3541,derive,53,DB1_Lumidgm:53:8,DB1_Lumidgm/82_1_2.wsq,impostor,7,19,7,,False,64.787967,0
3542,derive,48,DB1_Lumidgm:48:5,DB1_Lumidgm/43_1_4.wsq,impostor,5,19,5,,False,59.967615,0
3542,stored,48,DB1_Lumidgm:48:5,DB1_Lumidgm/43_1_4.wsq,impostor,5,19,5,,False,59.486346,0
3543,stored,41,DB1_Lumidgm:41:9,DB1_Lumidgm/50_1_7.wsq,impostor,6,19,6,,False,66.95581,0
3543,derive,41,DB1_Lumidgm:41:9,DB1_Lumidgm/50_1_7.wsq,impostor,6,19,6,,False,59.346367,0
3544,derive,66,DB1_Lumidgm:66:1,DB1_Lumidgm/37_1_4.wsq,impostor,11,19,11,,False,51.1327,0
3544,stored,66,DB1_Lumidgm:66:1,DB1_Lumidgm/37_1_4.wsq,impostor,11,19,11,,False,51.846259,0
3545,stored,35,DB1_Lumidgm:35:2,DB1_Lumidgm/68_1_10.wsq,impostor,9,19,9,,False,47.513721,0
3545,derive,35,DB1_Lumidgm:35:2,DB1_Lumidgm/68_1_10.wsq,impostor,9,19,9,,False,46.411956,0
3546,derive,50,DB1_Lumidgm:50:3,DB1_Lumidgm/50_3_3.wsq,genuine,135,19,135,,True,64.095828,1210
3546,stored,50,DB1_Lumidgm:50:3,DB1_Lumidgm/50_3_3.wsq,genuine,135,19,135,,True,65.256598,1210
3547,stored,47,DB1_Lumidgm:47:8,DB1_Lumidgm/84_1_2.wsq,impostor,7,19,7,,False,51.424183,0
3547,derive,47,DB1_Lumidgm:47:8,DB1_Lumidgm/84_1_2.wsq,impostor,7,19,7,,False,52.4038,0
3548,derive,45,DB1_Lumidgm:45:1,DB1_Lumidgm/27_1_8.wsq,impostor,5,19,5,,False,53.486873,0
3548,stored,45,DB1_Lumidgm:45:1,DB1_Lumidgm/27_1_8.wsq,impostor,5,19,5,,False,45.947158,0
3549,stored,21,DB1_Lumidgm:21:5,DB1_Lumidgm/77_1_8.wsq,impostor,8,19,8,,False,45.225937,0
3549,derive,21,DB1_Lumidgm:21:5,DB1_Lumidgm/77_1_8.wsq,impostor,8,19,8,,False,42.725397,0
3550,derive,25,DB1_Lumidgm:25:10,DB1_Lumidgm/53_1_2.wsq,impostor,6,19,6,,False,49.31924,0
3550,stored,25,DB1_Lumidgm:25:10,DB1_Lumidgm/53_1_2.wsq,impostor,6,19,6,,False,36.643581,0
3551,stored,26,DB1_Lumidgm:26:2,DB1_Lumidgm/29_1_5.wsq,impostor,9,19,9,,False,45.716295,0
3551,derive,26,DB1_Lumidgm:26:2,DB1_Lumidgm/29_1_5.wsq,impostor,9,19,9,,False,38.751689,0
3552,derive,90,DB1_Lumidgm:90:9,DB1_Lumidgm/38_1_1.wsq,impostor,11,19,11,,False,48.355964,0
3552,stored,90,DB1_Lumidgm:90:9,DB1_Lumidgm/38_1_1.wsq,impostor,11,19,11,,False,40.039475,0
3553,stored,66,DB1_Lumidgm:66:6,DB1_Lumidgm/66_2_6.wsq,genuine,78,19,78,,True,74.998707,1210
3553,derive,66,DB1_Lumidgm:66:6,DB1_Lumidgm/66_2_6.wsq,genuine,78,19,78,,True,45.637626,1210
3554,derive,46,DB1_Lumidgm:46:4,DB1_Lumidgm/72_1_1.wsq,impostor,3,19,3,,False,35.014242,0
3554,stored,46,DB1_Lumidgm:46:4,DB1_Lumidgm/72_1_1.wsq,impostor,3,19,3,,False,36.492167,0
3555,stored,65,DB1_Lumidgm:65:7,DB1_Lumidgm/65_2_7.wsq,genuine,202,19,202,,True,68.205972,1210
3555,derive,65,DB1_Lumidgm:65:7,DB1_Lumidgm/65_2_7.wsq,genuine,202,19,202,,True,62.053955,1210
3556,derive,53,DB1_Lumidgm:53:5,DB1_Lumidgm/45_1_2.wsq,impostor,12,19,12,,False,38.3798,0
3556,stored,53,DB1_Lumidgm:53:5,DB1_Lumidgm/45_1_2.wsq,impostor,12,19,12,,False,40.116957,0
3557,stored,81,DB1_Lumidgm:81:6,DB1_Lumidgm/61_1_2.wsq,impostor,5,19,5,,False,50.967915,0
3557,derive,81,DB1_Lumidgm:81:6,DB1_Lumidgm/61_1_2.wsq,impostor,5,19,5,,False,40.965322,0
3558,derive,43,DB1_Lumidgm:43:7,DB1_Lumidgm/36_1_2.wsq,impostor,5,19,5,,False,43.522014,0
3558,stored,43,DB1_Lumidgm:43:7,DB1_Lumidgm/36_1_2.wsq,impostor,5,19,5,,False,43.524035,0
3559,stored,21,DB1_Lumidgm:21:10,DB1_Lumidgm/38_1_9.wsq,impostor,5,19,5,,False,37.687599,0
3559,derive,21,DB1_Lumidgm:21:10,DB1_Lumidgm/38_1_9.wsq,impostor,5,19,5,,False,36.178881,0
3560,derive,29,DB1_Lumidgm:29:3,DB1_Lumidgm/69_1_6.wsq,impostor,5,19,5,,False,36.295836,0
3560,stored,29,DB1_Lumidgm:29:3,DB1_Lumidgm/69_1_6.wsq,impostor,5,19,5,,False,37.674252,0
3561,stored,68,DB1_Lumidgm:68:3,DB1_Lumidgm/40_1_10.wsq,impostor,7,19,7,,False,38.007052,0
3561,derive,68,DB1_Lumidgm:68:3,DB1_Lumidgm/40_1_10.wsq,impostor,7,19,7,,False,34.962133,0
3562,derive,81,DB1_Lumidgm:81:5,DB1_Lumidgm/96_1_10.wsq,impostor,5,19,5,,False,33.588993,0
3562,stored,81,DB1_Lumidgm:81:5,DB1_Lumidgm/96_1_10.wsq,impostor,5,19,5,,False,33.264821,0
3563,stored,76,DB1_Lumidgm:76:7,DB1_Lumidgm/84_1_1.wsq,impostor,4,19,4,,False,35.896759,0
3563,derive,76,DB1_Lumidgm:76:7,DB1_Lumidgm/84_1_1.wsq,impostor,4,19,4,,False,36.071,0
3564,derive,42,DB1_Lumidgm:42:4,DB1_Lumidgm/42_4_4.wsq,genuine,30,19,30,,True,39.235906,1210
3564,stored,42,DB1_Lumidgm:42:4,DB1_Lumidgm/42_4_4.wsq,genuine,30,19,30,,True,39.388253,1210
3565,stored,100,DB1_Lumidgm:100:7,DB1_Lumidgm/100_4_7.wsq,genuine,151,19,151,,True,52.980549,1211
3565,derive,100,DB1_Lumidgm:100:7,DB1_Lumidgm/100_4_7.wsq,genuine,151,19,151,,True,51.259591,1211
3566,derive,73,DB1_Lumidgm:73:7,DB1_Lumidgm/73_3_7.wsq,genuine,8,19,8,,False,39.577317,0
3566,stored,73,DB1_Lumidgm:73:7,DB1_Lumidgm/73_3_7.wsq,genuine,8,19,8,,False,35.473085,0
3567,stored,33,DB1_Lumidgm:33:2,DB1_Lumidgm/33_2_2.wsq,genuine,104,19,104,,True,50.750709,1210
3567,derive,33,DB1_Lumidgm:33:2,DB1_Lumidgm/33_2_2.wsq,genuine,104,19,104,,True,48.108558,1210
3568,derive,58,DB1_Lumidgm:58:4,DB1_Lumidgm/81_1_5.wsq,impostor,5,19,5,,False,34.61642,0
3568,stored,58,DB1_Lumidgm:58:4,DB1_Lumidgm/81_1_5.wsq,impostor,5,19,5,,False,33.849225,0
3569,stored,27,DB1_Lumidgm:27:1,DB1_Lumidgm/43_1_2.wsq,impostor,4,19,4,,False,34.878567,0
3569,derive,27,DB1_Lumidgm:27:1,DB1_Lumidgm/43_1_2.wsq,impostor,4,19,4,,False,35.212491,0
3570,derive,51,DB1_Lumidgm:51:2,DB1_Lumidgm/51_4_2.wsq,genuine,259,19,259,,True,48.6228,1210
3570,stored,51,DB1_Lumidgm:51:2,DB1_Lumidgm/51_4_2.wsq,genuine,259,19,259,,True,52.221883,1210
3571,stored,36,DB1_Lumidgm:36:4,DB1_Lumidgm/82_1_9.wsq,impostor,10,19,10,,False,47.913111,0
3571,derive,36,DB1_Lumidgm:36:4,DB1_Lumidgm/82_1_9.wsq,impostor,10,19,10,,False,45.139442,0
3572,derive,92,DB1_Lumidgm:92:9,DB1_Lumidgm/21_1_9.wsq,impostor,10,19,10,,False,47.042755,0
3572,stored,92,DB1_Lumidgm:92:9,DB1_Lumidgm/21_1_9.wsq,impostor,10,19,10,,False,42.09815,0
3573,stored,45,DB1_Lumidgm:45:2,DB1_Lumidgm/77_1_7.wsq,impostor,8,19,8,,False,39.102341,0
3573,derive,45,DB1_Lumidgm:45:2,DB1_Lumidgm/77_1_7.wsq,impostor,8,19,8,,False,38.534054,0
3574,derive,35,DB1_Lumidgm:35:3,DB1_Lumidgm/35_3_3.wsq,genuine,122,19,122,,True,50.480907,1210
3574,stored,35,DB1_Lumidgm:35:3,DB1_Lumidgm/35_3_3.wsq,genuine,122,19,122,,True,49.537861,1210
3575,stored,42,DB1_Lumidgm:42:7,DB1_Lumidgm/42_3_7.wsq,genuine,62,19,62,,True,46.886102,1210
3575,derive,42,DB1_Lumidgm:42:7,DB1_Lumidgm/42_3_7.wsq,genuine,62,19,62,,True,51.109645,1210
3576,derive,51,DB1_Lumidgm:51:6,DB1_Lumidgm/51_2_6.wsq,genuine,131,19,131,,True,45.614377,1210
3576,stored,51,DB1_Lumidgm:51:6,DB1_Lumidgm/51_2_6.wsq,genuine,131,19,131,,True,42.634207,1210
3577,stored,85,DB1_Lumidgm:85:3,DB1_Lumidgm/81_1_6.wsq,impostor,5,19,5,,False,41.342492,0
3577,derive,85,DB1_Lumidgm:85:3,DB1_Lumidgm/81_1_6.wsq,impostor,5,19,5,,False,39.624003,0
3578,derive,69,DB1_Lumidgm:69:10,DB1_Lumidgm/29_1_3.wsq,impostor,5,19,5,,False,40.948239,0
3578,stored,69,DB1_Lumidgm:69:10,DB1_Lumidgm/29_1_3.wsq,impostor,5,19,5,,False,40.46888,0
3579,stored,33,DB1_Lumidgm:33:10,DB1_Lumidgm/87_1_7.wsq,impostor,5,19,5,,False,48.706032,0
3579,derive,33,DB1_Lumidgm:33:10,DB1_Lumidgm/87_1_7.wsq,impostor,5,19,5,,False,44.489453,0
3580,derive,75,DB1_Lumidgm:75:3,DB1_Lumidgm/55_1_5.wsq,impostor,6,19,6,,False,40.244879,0
3580,stored,75,DB1_Lumidgm:75:3,DB1_Lumidgm/55_1_5.wsq,impostor,6,19,6,,False,41.165085,0
3581,stored,34,DB1_Lumidgm:34:10,DB1_Lumidgm/32_1_1.wsq,impostor,10,19,10,,False,40.957536,0
3581,derive,34,DB1_Lumidgm:34:10,DB1_Lumidgm/32_1_1.wsq,impostor,10,19,10,,False,40.101286,0
3582,derive,70,DB1_Lumidgm:70:7,DB1_Lumidgm/76_1_10.wsq,impostor,8,19,8,,False,38.021229,0
3582,stored,70,DB1_Lumidgm:70:7,DB1_Lumidgm/76_1_10.wsq,impostor,8,19,8,,False,36.707717,0
3583,stored,62,DB1_Lumidgm:62:5,DB1_Lumidgm/97_1_5.wsq,impostor,10,19,10,,False,39.130154,0
3583,derive,62,DB1_Lumidgm:62:5,DB1_Lumidgm/97_1_5.wsq,impostor,10,19,10,,False,39.692182,0
3584,derive,68,DB1_Lumidgm:68:1,DB1_Lumidgm/52_1_2.wsq,impostor,5,19,5,,False,42.972779,0
3584,stored,68,DB1_Lumidgm:68:1,DB1_Lumidgm/52_1_2.wsq,impostor,5,19,5,,False,40.103131,0
3585,stored,88,DB1_Lumidgm:88:7,DB1_Lumidgm/42_1_10.wsq,impostor,7,19,7,,False,42.353532,0
3585,derive,88,DB1_Lumidgm:88:7,DB1_Lumidgm/42_1_10.wsq,impostor,7,19,7,,False,42.057183,0
3586,derive,57,DB1_Lumidgm:57:9,DB1_Lumidgm/95_1_3.wsq,impostor,6,19,6,,False,47.209806,0
3586,stored,57,DB1_Lumidgm:57:9,DB1_Lumidgm/95_1_3.wsq,impostor,6,19,6,,False,45.33083,0
3587,stored,36,DB1_Lumidgm:36:6,DB1_Lumidgm/76_1_8.wsq,impostor,6,19,6,,False,39.517833,0
3587,derive,36,DB1_Lumidgm:36:6,DB1_Lumidgm/76_1_8.wsq,impostor,6,19,6,,False,39.873498,0
3588,derive,44,DB1_Lumidgm:44:3,DB1_Lumidgm/44_2_3.wsq,genuine,62,19,62,,True,42.944519,1210
3588,stored,44,DB1_Lumidgm:44:3,DB1_Lumidgm/44_2_3.wsq,genuine,62,19,62,,True,44.794022,1210
3589,stored,67,DB1_Lumidgm:67:9,DB1_Lumidgm/31_1_9.wsq,impostor,9,19,9,,False,43.383165,0
3589,derive,67,DB1_Lumidgm:67:9,DB1_Lumidgm/31_1_9.wsq,impostor,9,19,9,,False,39.360401,0
3590,derive,98,DB1_Lumidgm:98:5,DB1_Lumidgm/71_1_8.wsq,impostor,9,19,9,,False,43.77801,0
3590,stored,98,DB1_Lumidgm:98:5,DB1_Lumidgm/71_1_8.wsq,impostor,9,19,9,,False,41.285076,0
3591,stored,35,DB1_Lumidgm:35:2,DB1_Lumidgm/35_3_2.wsq,genuine,94,19,94,,True,42.205638,1210
3591,derive,35,DB1_Lumidgm:35:2,DB1_Lumidgm/35_3_2.wsq,genuine,94,19,94,,True,41.359868,1210
3592,derive,91,DB1_Lumidgm:91:4,DB1_Lumidgm/97_1_4.wsq,impostor,10,19,10,,False,38.568785,0
3592,stored,91,DB1_Lumidgm:91:4,DB1_Lumidgm/97_1_4.wsq,impostor,10,19,10,,False,37.596135,0
3593,stored,30,DB1_Lumidgm:30:8,DB1_Lumidgm/82_1_2.wsq,impostor,9,19,9,,False,36.712874,0
3593,derive,30,DB1_Lumidgm:30:8,DB1_Lumidgm/82_1_2.wsq,impostor,9,19,9,,False,41.757698,0
3594,derive,79,DB1_Lumidgm:79:6,DB1_Lumidgm/44_1_1.wsq,impostor,5,19,5,,False,38.023168,0
3594,stored,79,DB1_Lumidgm:79:6,DB1_Lumidgm/44_1_1.wsq,impostor,5,19,5,,False,39.723378,0
3595,stored,23,DB1_Lumidgm:23:3,DB1_Lumidgm/33_1_5.wsq,impostor,7,19,7,,False,35.520908,0
3595,derive,23,DB1_Lumidgm:23:3,DB1_Lumidgm/33_1_5.wsq,impostor,7,19,7,,False,34.977239,0
3596,derive,63,DB1_Lumidgm:63:6,DB1_Lumidgm/80_1_9.wsq,impostor,6,19,6,,False,35.608406,0
3596,stored,63,DB1_Lumidgm:63:6,DB1_Lumidgm/80_1_9.wsq,impostor,6,19,6,,False,34.510849,0
3597,stored,72,DB1_Lumidgm:72:4,DB1_Lumidgm/35_1_1.wsq,impostor,7,19,7,,False,37.684393,0
3597,derive,72,DB1_Lumidgm:72:4,DB1_Lumidgm/35_1_1.wsq,impostor,7,19,7,,False,37.374111,0
3598,derive,90,DB1_Lumidgm:90:10,DB1_Lumidgm/24_1_1.wsq,impostor,7,19,7,,False,39.030569,0
3598,stored,90,DB1_Lumidgm:90:10,DB1_Lumidgm/24_1_1.wsq,impostor,7,19,7,,False,36.156316,0
3599,stored,22,DB1_Lumidgm:22:4,DB1_Lumidgm/100_1_5.wsq,impostor,5,19,5,,False,33.628665,0
3599,derive,22,DB1_Lumidgm:22:4,DB1_Lumidgm/100_1_5.wsq,impostor,5,19,5,,False,33.655077,0
3600,derive,21,DB1_Lumidgm:21:2,DB1_Lumidgm/45_1_2.wsq,impostor,12,19,12,,False,36.29241,0
3600,stored,21,DB1_Lumidgm:21:2,DB1_Lumidgm/45_1_2.wsq,impostor,12,19,12,,False,37.096192,0
3601,stored,67,DB1_Lumidgm:67:9,DB1_Lumidgm/46_1_7.wsq,impostor,6,19,6,,False,40.364994,0
3601,derive,67,DB1_Lumidgm:67:9,DB1_Lumidgm/46_1_7.wsq,impostor,6,19,6,,False,38.987676,0
3602,derive,89,DB1_Lumidgm:89:7,DB1_Lumidgm/64_1_4.wsq,impostor,8,19,8,,False,37.424231,0
3602,stored,89,DB1_Lumidgm:89:7,DB1_Lumidgm/64_1_4.wsq,impostor,8,19,8,,False,36.523777,0
3603,stored,72,DB1_Lumidgm:72:2,DB1_Lumidgm/32_1_8.wsq,impostor,13,19,13,,False,35.966347,0
3603,derive,72,DB1_Lumidgm:72:2,DB1_Lumidgm/32_1_8.wsq,impostor,13,19,13,,False,35.714693,0
3604,derive,23,DB1_Lumidgm:23:10,DB1_Lumidgm/43_1_8.wsq,impostor,5,19,5,,False,36.106884,0
3604,stored,23,DB1_Lumidgm:23:10,DB1_Lumidgm/43_1_8.wsq,impostor,5,19,5,,False,35.544408,0
3605,stored,60,DB1_Lumidgm:60:7,DB1_Lumidgm/26_1_6.wsq,impostor,7,19,7,,False,39.449227,0
3605,derive,60,DB1_Lumidgm:60:7,DB1_Lumidgm/26_1_6.wsq,impostor,7,19,7,,False,37.792973,0
3606,derive,58,DB1_Lumidgm:58:6,DB1_Lumidgm/29_1_7.wsq,impostor,7,19,7,,False,34.984888,0
3606,stored,58,DB1_Lumidgm:58:6,DB1_Lumidgm/29_1_7.wsq,impostor,7,19,7,,False,35.641494,0
3607,stored,40,DB1_Lumidgm:40:8,DB1_Lumidgm/90_1_1.wsq,impostor,4,19,4,,False,37.793957,0
3607,derive,40,DB1_Lumidgm:40:8,DB1_Lumidgm/90_1_1.wsq,impostor,4,19,4,,False,41.752781,0
3608,derive,37,DB1_Lumidgm:37:7,DB1_Lumidgm/100_1_5.wsq,impostor,7,19,7,,False,34.306216,0
3608,stored,37,DB1_Lumidgm:37:7,DB1_Lumidgm/100_1_5.wsq,impostor,7,19,7,,False,36.297436,0
3609,stored,63,DB1_Lumidgm:63:4,DB1_Lumidgm/100_1_4.wsq,impostor,6,19,6,,False,37.488555,0
3609,derive,63,DB1_Lumidgm:63:4,DB1_Lumidgm/100_1_4.wsq,impostor,6,19,6,,False,42.204252,0
3610,derive,66,DB1_Lumidgm:66:3,DB1_Lumidgm/53_1_4.wsq,impostor,4,19,4,,False,39.09495,0
3610,stored,66,DB1_Lumidgm:66:3,DB1_Lumidgm/53_1_4.wsq,impostor,4,19,4,,False,39.338389,0
3611,stored,78,DB1_Lumidgm:78:8,DB1_Lumidgm/30_1_10.wsq,impostor,10,19,10,,False,39.992816,0
3611,derive,78,DB1_Lumidgm:78:8,DB1_Lumidgm/30_1_10.wsq,impostor,10,19,10,,False,35.659394,0
3612,derive,66,DB1_Lumidgm:66:7,DB1_Lumidgm/92_1_1.wsq,impostor,8,19,8,,False,46.174824,0
3612,stored,66,DB1_Lumidgm:66:7,DB1_Lumidgm/92_1_1.wsq,impostor,8,19,8,,False,50.559385,0
3613,stored,29,DB1_Lumidgm:29:4,DB1_Lumidgm/46_1_10.wsq,impostor,8,19,8,,False,50.370694,0
3613,derive,29,DB1_Lumidgm:29:4,DB1_Lumidgm/46_1_10.wsq,impostor,8,19,8,,False,43.302502,0
3614,derive,86,DB1_Lumidgm:86:8,DB1_Lumidgm/59_1_1.wsq,impostor,9,19,9,,False,42.566282,0
3614,stored,86,DB1_Lumidgm:86:8,DB1_Lumidgm/59_1_1.wsq,impostor,9,19,9,,False,40.57753,0
3615,stored,88,DB1_Lumidgm:88:8,DB1_Lumidgm/42_1_9.wsq,impostor,9,19,9,,False,41.313823,0
3615,derive,88,DB1_Lumidgm:88:8,DB1_Lumidgm/42_1_9.wsq,impostor,9,19,9,,False,39.487528,0
3616,derive,65,DB1_Lumidgm:65:9,DB1_Lumidgm/38_1_7.wsq,impostor,6,19,6,,False,37.200225,0
3616,stored,65,DB1_Lumidgm:65:9,DB1_Lumidgm/38_1_7.wsq,impostor,6,19,6,,False,40.502164,0
3617,stored,26,DB1_Lumidgm:26:8,DB1_Lumidgm/82_1_2.wsq,impostor,11,19,11,,False,44.762083,0
3617,derive,26,DB1_Lumidgm:26:8,DB1_Lumidgm/82_1_2.wsq,impostor,11,19,11,,False,39.788672,0
3618,derive,66,DB1_Lumidgm:66:9,DB1_Lumidgm/70_1_8.wsq,impostor,6,19,6,,False,39.436783,0
3618,stored,66,DB1_Lumidgm:66:9,DB1_Lumidgm/70_1_8.wsq,impostor,6,19,6,,False,37.302662,0
3619,stored,45,DB1_Lumidgm:45:2,DB1_Lumidgm/36_1_7.wsq,impostor,7,19,7,,False,36.629674,0
3619,derive,45,DB1_Lumidgm:45:2,DB1_Lumidgm/36_1_7.wsq,impostor,7,19,7,,False,35.665528,0
3620,derive,30,DB1_Lumidgm:30:8,DB1_Lumidgm/30_4_8.wsq,genuine,11,19,11,,False,45.898904,0
3620,stored,30,DB1_Lumidgm:30:8,DB1_Lumidgm/30_4_8.wsq,genuine,11,19,11,,False,36.683983,0
3621,stored,26,DB1_Lumidgm:26:9,DB1_Lumidgm/26_2_9.wsq,genuine,115,19,115,,True,51.843568,1210
3621,derive,26,DB1_Lumidgm:26:9,DB1_Lumidgm/26_2_9.wsq,genuine,115,19,115,,True,43.094265,1210
3622,derive,75,DB1_Lumidgm:75:4,DB1_Lumidgm/97_1_3.wsq,impostor,3,19,3,,False,38.810894,0
3622,stored,75,DB1_Lumidgm:75:4,DB1_Lumidgm/97_1_3.wsq,impostor,3,19,3,,False,38.670762,0
3623,stored,26,DB1_Lumidgm:26:3,DB1_Lumidgm/100_1_1.wsq,impostor,4,19,4,,False,38.147918,0
3623,derive,26,DB1_Lumidgm:26:3,DB1_Lumidgm/100_1_1.wsq,impostor,4,19,4,,False,37.715892,0
3624,derive,46,DB1_Lumidgm:46:1,DB1_Lumidgm/64_1_6.wsq,impostor,6,19,6,,False,39.624767,0
3624,stored,46,DB1_Lumidgm:46:1,DB1_Lumidgm/64_1_6.wsq,impostor,6,19,6,,False,38.596727,0
3625,stored,67,DB1_Lumidgm:67:5,DB1_Lumidgm/100_1_9.wsq,impostor,5,19,5,,False,38.965952,0
3625,derive,67,DB1_Lumidgm:67:5,DB1_Lumidgm/100_1_9.wsq,impostor,5,19,5,,False,39.955399,0
3626,derive,39,DB1_Lumidgm:39:7,DB1_Lumidgm/78_1_3.wsq,impostor,12,19,12,,False,37.223139,0
3626,stored,39,DB1_Lumidgm:39:7,DB1_Lumidgm/78_1_3.wsq,impostor,12,19,12,,False,40.82755,0
3627,stored,41,DB1_Lumidgm:41:1,DB1_Lumidgm/68_1_9.wsq,impostor,7,19,7,,False,38.794428,0
3627,derive,41,DB1_Lumidgm:41:1,DB1_Lumidgm/68_1_9.wsq,impostor,7,19,7,,False,38.67053,0
3628,derive,48,DB1_Lumidgm:48:10,DB1_Lumidgm/73_1_8.wsq,impostor,6,19,6,,False,40.312263,0
3628,stored,48,DB1_Lumidgm:48:10,DB1_Lumidgm/73_1_8.wsq,impostor,6,19,6,,False,42.204512,0
3629,stored,27,DB1_Lumidgm:27:9,DB1_Lumidgm/27_4_9.wsq,genuine,27,19,27,,True,43.476224,1210
3629,derive,27,DB1_Lumidgm:27:9,DB1_Lumidgm/27_4_9.wsq,genuine,27,19,27,,True,41.928635,1210
3630,derive,38,DB1_Lumidgm:38:7,DB1_Lumidgm/47_1_2.wsq,impostor,9,19,9,,False,36.603146,0
3630,stored,38,DB1_Lumidgm:38:7,DB1_Lumidgm/47_1_2.wsq,impostor,9,19,9,,False,36.957768,0
3631,stored,34,DB1_Lumidgm:34:8,DB1_Lumidgm/83_1_8.wsq,impostor,8,19,8,,False,38.760863,0
3631,derive,34,DB1_Lumidgm:34:8,DB1_Lumidgm/83_1_8.wsq,impostor,8,19,8,,False,37.822671,0
3632,derive,49,DB1_Lumidgm:49:8,DB1_Lumidgm/38_1_7.wsq,impostor,5,19,5,,False,36.882454,0
3632,stored,49,DB1_Lumidgm:49:8,DB1_Lumidgm/38_1_7.wsq,impostor,5,19,5,,False,38.20007,0
3633,stored,90,DB1_Lumidgm:90:10,DB1_Lumidgm/90_2_10.wsq,genuine,28,19,28,,True,42.124542,1211
3633,derive,90,DB1_Lumidgm:90:10,DB1_Lumidgm/90_2_10.wsq,genuine,28,19,28,,True,38.339089,1211
3634,derive,60,DB1_Lumidgm:60:6,DB1_Lumidgm/38_1_4.wsq,impostor,4,19,4,,False,36.102677,0
3634,stored,60,DB1_Lumidgm:60:6,DB1_Lumidgm/38_1_4.wsq,impostor,4,19,4,,False,38.875287,0
3635,stored,24,DB1_Lumidgm:24:4,DB1_Lumidgm/94_1_3.wsq,impostor,5,19,5,,False,45.278451,0
3635,derive,24,DB1_Lumidgm:24:4,DB1_Lumidgm/94_1_3.wsq,impostor,5,19,5,,False,41.067248,0
3636,derive,100,DB1_Lumidgm:100:2,DB1_Lumidgm/31_1_2.wsq,impostor,11,19,11,,False,36.36441,0
3636,stored,100,DB1_Lumidgm:100:2,DB1_Lumidgm/31_1_2.wsq,impostor,11,19,11,,False,36.516388,0
3637,stored,57,DB1_Lumidgm:57:2,DB1_Lumidgm/68_1_6.wsq,impostor,8,19,8,,False,36.820303,0
3637,derive,57,DB1_Lumidgm:57:2,DB1_Lumidgm/68_1_6.wsq,impostor,8,19,8,,False,37.508127,0
3638,derive,77,DB1_Lumidgm:77:7,DB1_Lumidgm/41_1_8.wsq,impostor,5,19,5,,False,41.320196,0
3638,stored,77,DB1_Lumidgm:77:7,DB1_Lumidgm/41_1_8.wsq,impostor,5,19,5,,False,42.245704,0
3639,stored,31,DB1_Lumidgm:31:6,DB1_Lumidgm/31_2_6.wsq,genuine,21,19,21,,True,44.124911,1210
3639,derive,31,DB1_Lumidgm:31:6,DB1_Lumidgm/31_2_6.wsq,genuine,21,19,21,,True,41.548174,1210
3640,derive,76,DB1_Lumidgm:76:8,DB1_Lumidgm/64_1_4.wsq,impostor,8,19,8,,False,38.151342,0
3640,stored,76,DB1_Lumidgm:76:8,DB1_Lumidgm/64_1_4.wsq,impostor,8,19,8,,False,38.313529,0
3641,stored,43,DB1_Lumidgm:43:2,DB1_Lumidgm/59_1_7.wsq,impostor,4,19,4,,False,38.328408,0
3641,derive,43,DB1_Lumidgm:43:2,DB1_Lumidgm/59_1_7.wsq,impostor,4,19,4,,False,37.238802,0
3642,derive,82,DB1_Lumidgm:82:3,DB1_Lumidgm/85_1_10.wsq,impostor,7,19,7,,False,45.317746,0
3642,stored,82,DB1_Lumidgm:82:3,DB1_Lumidgm/85_1_10.wsq,impostor,7,19,7,,False,35.854785,0
3643,stored,29,DB1_Lumidgm:29:1,DB1_Lumidgm/93_1_10.wsq,impostor,8,19,8,,False,40.605047,0
3643,derive,29,DB1_Lumidgm:29:1,DB1_Lumidgm/93_1_10.wsq,impostor,8,19,8,,False,38.201311,0
3644,derive,65,DB1_Lumidgm:65:8,DB1_Lumidgm/64_1_5.wsq,impostor,6,19,6,,False,42.600124,0
3644,stored,65,DB1_Lumidgm:65:8,DB1_Lumidgm/64_1_5.wsq,impostor,6,19,6,,False,37.590905,0
3645,stored,44,DB1_Lumidgm:44:9,DB1_Lumidgm/85_1_7.wsq,impostor,8,19,8,,False,37.237652,0
3645,derive,44,DB1_Lumidgm:44:9,DB1_Lumidgm/85_1_7.wsq,impostor,8,19,8,,False,37.108896,0
3646,derive,65,DB1_Lumidgm:65:5,DB1_Lumidgm/87_1_9.wsq,impostor,6,19,6,,False,38.48091,0
3646,stored,65,DB1_Lumidgm:65:5,DB1_Lumidgm/87_1_9.wsq,impostor,6,19,6,,False,39.854705,0
3647,stored,68,DB1_Lumidgm:68:2,DB1_Lumidgm/51_1_8.wsq,impostor,15,19,15,,False,39.845168,0
3647,derive,68,DB1_Lumidgm:68:2,DB1_Lumidgm/51_1_8.wsq,impostor,15,19,15,,False,38.972438,0
3648,derive,69,DB1_Lumidgm:69:2,DB1_Lumidgm/53_1_2.wsq,impostor,6,19,6,,False,37.424844,0
3648,stored,69,DB1_Lumidgm:69:2,DB1_Lumidgm/53_1_2.wsq,impostor,6,19,6,,False,34.961629,0
3649,stored,22,DB1_Lumidgm:22:10,DB1_Lumidgm/67_1_3.wsq,impostor,6,19,6,,False,36.587324,0
3649,derive,22,DB1_Lumidgm:22:10,DB1_Lumidgm/67_1_3.wsq,impostor,6,19,6,,False,37.92429,0
3650,derive,62,DB1_Lumidgm:62:10,DB1_Lumidgm/27_1_3.wsq,impostor,10,19,10,,False,41.080275,0
3650,stored,62,DB1_Lumidgm:62:10,DB1_Lumidgm/27_1_3.wsq,impostor,10,19,10,,False,40.207982,0
3651,stored,84,DB1_Lumidgm:84:3,DB1_Lumidgm/21_1_1.wsq,impostor,8,19,8,,False,39.165362,0
3651,derive,84,DB1_Lumidgm:84:3,DB1_Lumidgm/21_1_1.wsq,impostor,8,19,8,,False,44.761365,0
3652,derive,76,DB1_Lumidgm:76:6,DB1_Lumidgm/48_1_5.wsq,impostor,5,19,5,,False,38.035349,0
3652,stored,76,DB1_Lumidgm:76:6,DB1_Lumidgm/48_1_5.wsq,impostor,5,19,5,,False,37.555961,0
3653,stored,84,DB1_Lumidgm:84:7,DB1_Lumidgm/22_1_5.wsq,impostor,6,19,6,,False,35.293793,0
3653,derive,84,DB1_Lumidgm:84:7,DB1_Lumidgm/22_1_5.wsq,impostor,6,19,6,,False,35.846414,0
3654,derive,51,DB1_Lumidgm:51:8,DB1_Lumidgm/100_1_8.wsq,impostor,5,19,5,,False,39.924477,0
3654,stored,51,DB1_Lumidgm:51:8,DB1_Lumidgm/100_1_8.wsq,impostor,5,19,5,,False,38.347097,0
3655,stored,80,DB1_Lumidgm:80:1,DB1_Lumidgm/22_1_6.wsq,impostor,6,19,6,,False,37.266014,0
3655,derive,80,DB1_Lumidgm:80:1,DB1_Lumidgm/22_1_6.wsq,impostor,6,19,6,,False,38.266456,0
3656,derive,29,DB1_Lumidgm:29:6,DB1_Lumidgm/27_1_3.wsq,impostor,6,19,6,,False,42.018592,0
3656,stored,29,DB1_Lumidgm:29:6,DB1_Lumidgm/27_1_3.wsq,impostor,6,19,6,,False,38.581316,0
3657,stored,34,DB1_Lumidgm:34:4,DB1_Lumidgm/35_1_1.wsq,impostor,6,19,6,,False,39.752606,0
3657,derive,34,DB1_Lumidgm:34:4,DB1_Lumidgm/35_1_1.wsq,impostor,6,19,6,,False,39.434141,0
3658,derive,97,DB1_Lumidgm:97:9,DB1_Lumidgm/89_1_7.wsq,impostor,7,19,7,,False,51.988013,0
3658,stored,97,DB1_Lumidgm:97:9,DB1_Lumidgm/89_1_7.wsq,impostor,7,19,7,,False,44.038487,0
3659,stored,23,DB1_Lumidgm:23:5,DB1_Lumidgm/44_1_4.wsq,impostor,5,19,5,,False,37.711299,0
3659,derive,23,DB1_Lumidgm:23:5,DB1_Lumidgm/44_1_4.wsq,impostor,5,19,5,,False,40.071443,0
3660,derive,31,DB1_Lumidgm:31:3,DB1_Lumidgm/21_1_3.wsq,impostor,22,19,22,,True,42.163115,1210
3660,stored,31,DB1_Lumidgm:31:3,DB1_Lumidgm/21_1_3.wsq,impostor,22,19,22,,True,41.05291,1210
3661,stored,76,DB1_Lumidgm:76:7,DB1_Lumidgm/23_1_10.wsq,impostor,6,19,6,,False,33.650797,0
3661,derive,76,DB1_Lumidgm:76:7,DB1_Lumidgm/23_1_10.wsq,impostor,6,19,6,,False,32.69098,0
3662,derive,100,DB1_Lumidgm:100:10,DB1_Lumidgm/96_1_8.wsq,impostor,6,19,6,,False,36.043934,0
3662,stored,100,DB1_Lumidgm:100:10,DB1_Lumidgm/96_1_8.wsq,impostor,6,19,6,,False,36.428023,0
3663,stored,71,DB1_Lumidgm:71:5,DB1_Lumidgm/71_3_5.wsq,genuine,7,19,7,,False,39.505702,0
3663,derive,71,DB1_Lumidgm:71:5,DB1_Lumidgm/71_3_5.wsq,genuine,7,19,7,,False,36.718082,0
3664,derive,90,DB1_Lumidgm:90:5,DB1_Lumidgm/63_1_8.wsq,impostor,7,19,7,,False,35.100067,0
3664,stored,90,DB1_Lumidgm:90:5,DB1_Lumidgm/63_1_8.wsq,impostor,7,19,7,,False,34.633674,0
3665,stored,58,DB1_Lumidgm:58:9,DB1_Lumidgm/76_1_7.wsq,impostor,7,19,7,,False,36.534907,0
3665,derive,58,DB1_Lumidgm:58:9,DB1_Lumidgm/76_1_7.wsq,impostor,7,19,7,,False,36.462632,0
3666,derive,69,DB1_Lumidgm:69:3,DB1_Lumidgm/96_1_8.wsq,impostor,5,19,5,,False,38.591426,0
3666,stored,69,DB1_Lumidgm:69:3,DB1_Lumidgm/96_1_8.wsq,impostor,5,19,5,,False,39.15852,0
3667,stored,80,DB1_Lumidgm:80:4,DB1_Lumidgm/60_1_4.wsq,impostor,5,19,5,,False,38.961669,0
3667,derive,80,DB1_Lumidgm:80:4,DB1_Lumidgm/60_1_4.wsq,impostor,5,19,5,,False,37.971756,0
3668,derive,25,DB1_Lumidgm:25:2,DB1_Lumidgm/84_1_5.wsq,impostor,4,19,4,,False,34.354632,0
3668,stored,25,DB1_Lumidgm:25:2,DB1_Lumidgm/84_1_5.wsq,impostor,4,19,4,,False,34.212995,0
3669,stored,28,DB1_Lumidgm:28:10,DB1_Lumidgm/33_1_3.wsq,impostor,5,19,5,,False,37.375903,0
3669,derive,28,DB1_Lumidgm:28:10,DB1_Lumidgm/33_1_3.wsq,impostor,5,19,5,,False,38.273472,0
3670,derive,81,DB1_Lumidgm:81:3,DB1_Lumidgm/88_1_9.wsq,impostor,13,19,13,,False,43.953909,0
3670,stored,81,DB1_Lumidgm:81:3,DB1_Lumidgm/88_1_9.wsq,impostor,13,19,13,,False,46.111444,0
3671,stored,29,DB1_Lumidgm:29:10,DB1_Lumidgm/87_1_10.wsq,impostor,8,19,8,,False,39.976678,0
3671,derive,29,DB1_Lumidgm:29:10,DB1_Lumidgm/87_1_10.wsq,impostor,8,19,8,,False,39.569133,0
3672,derive,21,DB1_Lumidgm:21:5,DB1_Lumidgm/94_1_2.wsq,impostor,13,19,13,,False,40.493111,0
3672,stored,21,DB1_Lumidgm:21:5,DB1_Lumidgm/94_1_2.wsq,impostor,13,19,13,,False,42.620494,0
3673,stored,99,DB1_Lumidgm:99:8,DB1_Lumidgm/82_1_3.wsq,impostor,4,19,4,,False,37.753362,0
3673,derive,99,DB1_Lumidgm:99:8,DB1_Lumidgm/82_1_3.wsq,impostor,4,19,4,,False,38.764365,0
3674,derive,98,DB1_Lumidgm:98:6,DB1_Lumidgm/45_1_7.wsq,impostor,11,19,11,,False,37.867766,0
3674,stored,98,DB1_Lumidgm:98:6,DB1_Lumidgm/45_1_7.wsq,impostor,11,19,11,,False,38.610561,0
3675,stored,50,DB1_Lumidgm:50:8,DB1_Lumidgm/51_1_5.wsq,impostor,7,19,7,,False,38.626363,0
3675,derive,50,DB1_Lumidgm:50:8,DB1_Lumidgm/51_1_5.wsq,impostor,7,19,7,,False,37.015007,0
3676,derive,80,DB1_Lumidgm:80:8,DB1_Lumidgm/21_1_6.wsq,impostor,8,19,8,,False,36.289606,0
3676,stored,80,DB1_Lumidgm:80:8,DB1_Lumidgm/21_1_6.wsq,impostor,8,19,8,,False,37.542736,0
3677,stored,21,DB1_Lumidgm:21:7,DB1_Lumidgm/44_1_7.wsq,impostor,9,19,9,,False,37.93179,0
3677,derive,21,DB1_Lumidgm:21:7,DB1_Lumidgm/44_1_7.wsq,impostor,9,19,9,,False,38.131247,0
3678,derive,86,DB1_Lumidgm:86:9,DB1_Lumidgm/96_1_1.wsq,impostor,5,19,5,,False,38.542238,0
3678,stored,86,DB1_Lumidgm:86:9,DB1_Lumidgm/96_1_1.wsq,impostor,5,19,5,,False,38.083351,0
3679,stored,52,DB1_Lumidgm:52:1,DB1_Lumidgm/77_1_7.wsq,impostor,7,19,7,,False,36.244957,0
3679,derive,52,DB1_Lumidgm:52:1,DB1_Lumidgm/77_1_7.wsq,impostor,7,19,7,,False,35.917728,0
3680,derive,79,DB1_Lumidgm:79:7,DB1_Lumidgm/70_1_3.wsq,impostor,5,19,5,,False,38.031454,0
3680,stored,79,DB1_Lumidgm:79:7,DB1_Lumidgm/70_1_3.wsq,impostor,5,19,5,,False,38.136926,0
3681,stored,86,DB1_Lumidgm:86:1,DB1_Lumidgm/67_1_6.wsq,impostor,4,19,4,,False,37.504453,0
3681,derive,86,DB1_Lumidgm:86:1,DB1_Lumidgm/67_1_6.wsq,impostor,4,19,4,,False,37.140363,0
3682,derive,69,DB1_Lumidgm:69:1,DB1_Lumidgm/29_1_6.wsq,impostor,7,19,7,,False,38.278966,0
3682,stored,69,DB1_Lumidgm:69:1,DB1_Lumidgm/29_1_6.wsq,impostor,7,19,7,,False,37.905835,0
3683,stored,76,DB1_Lumidgm:76:6,DB1_Lumidgm/71_1_10.wsq,impostor,6,19,6,,False,36.606362,0
3683,derive,76,DB1_Lumidgm:76:6,DB1_Lumidgm/71_1_10.wsq,impostor,6,19,6,,False,36.754099,0
3684,derive,62,DB1_Lumidgm:62:3,DB1_Lumidgm/62_3_3.wsq,genuine,155,19,155,,True,55.63431,1210
3684,stored,62,DB1_Lumidgm:62:3,DB1_Lumidgm/62_3_3.wsq,genuine,155,19,155,,True,54.035799,1210
3685,stored,59,DB1_Lumidgm:59:3,DB1_Lumidgm/85_1_6.wsq,impostor,8,19,8,,False,39.015869,0
3685,derive,59,DB1_Lumidgm:59:3,DB1_Lumidgm/85_1_6.wsq,impostor,8,19,8,,False,40.642629,0
3686,derive,40,DB1_Lumidgm:40:6,DB1_Lumidgm/30_1_7.wsq,impostor,8,19,8,,False,39.266276,0
3686,stored,40,DB1_Lumidgm:40:6,DB1_Lumidgm/30_1_7.wsq,impostor,8,19,8,,False,37.782761,0
3687,stored,81,DB1_Lumidgm:81:7,DB1_Lumidgm/61_1_2.wsq,impostor,10,19,10,,False,38.207238,0
3687,derive,81,DB1_Lumidgm:81:7,DB1_Lumidgm/61_1_2.wsq,impostor,10,19,10,,False,41.359251,0
3688,derive,85,DB1_Lumidgm:85:10,DB1_Lumidgm/94_1_7.wsq,impostor,4,19,4,,False,41.18963,0
3688,stored,85,DB1_Lumidgm:85:10,DB1_Lumidgm/94_1_7.wsq,impostor,4,19,4,,False,40.093075,0
3689,stored,85,DB1_Lumidgm:85:8,DB1_Lumidgm/67_1_4.wsq,impostor,6,19,6,,False,34.918229,0
3689,derive,85,DB1_Lumidgm:85:8,DB1_Lumidgm/67_1_4.wsq,impostor,6,19,6,,False,45.452966,0
3690,derive,85,DB1_Lumidgm:85:10,DB1_Lumidgm/88_1_10.wsq,impostor,5,19,5,,False,42.46727,0
3690,stored,85,DB1_Lumidgm:85:10,DB1_Lumidgm/88_1_10.wsq,impostor,5,19,5,,False,39.372276,0
3691,stored,57,DB1_Lumidgm:57:3,DB1_Lumidgm/59_1_2.wsq,impostor,6,19,6,,False,38.664361,0
3691,derive,57,DB1_Lumidgm:57:3,DB1_Lumidgm/59_1_2.wsq,impostor,6,19,6,,False,41.612021,0
3692,derive,61,DB1_Lumidgm:61:6,DB1_Lumidgm/95_1_1.wsq,impostor,4,19,4,,False,46.652594,0
3692,stored,61,DB1_Lumidgm:61:6,DB1_Lumidgm/95_1_1.wsq,impostor,4,19,4,,False,43.719724,0
3693,stored,61,DB1_Lumidgm:61:5,DB1_Lumidgm/57_1_1.wsq,impostor,8,19,8,,False,39.668286,0
3693,derive,61,DB1_Lumidgm:61:5,DB1_Lumidgm/57_1_1.wsq,impostor,8,19,8,,False,37.866353,0
3694,derive,43,DB1_Lumidgm:43:1,DB1_Lumidgm/94_1_2.wsq,impostor,7,19,7,,False,39.810595,0
3694,stored,43,DB1_Lumidgm:43:1,DB1_Lumidgm/94_1_2.wsq,impostor,7,19,7,,False,39.096863,0
3695,stored,84,DB1_Lumidgm:84:7,DB1_Lumidgm/95_1_6.wsq,impostor,3,19,3,,False,43.295835,0
3695,derive,84,DB1_Lumidgm:84:7,DB1_Lumidgm/95_1_6.wsq,impostor,3,19,3,,False,42.786852,0
3696,derive,47,DB1_Lumidgm:47:9,DB1_Lumidgm/96_1_7.wsq,impostor,6,19,6,,False,38.462481,0
3696,stored,47,DB1_Lumidgm:47:9,DB1_Lumidgm/96_1_7.wsq,impostor,6,19,6,,False,35.258806,0
3697,stored,94,DB1_Lumidgm:94:10,DB1_Lumidgm/44_1_5.wsq,impostor,13,19,13,,False,41.002395,0
3697,derive,94,DB1_Lumidgm:94:10,DB1_Lumidgm/44_1_5.wsq,impostor,13,19,13,,False,40.771522,0
3698,derive,88,DB1_Lumidgm:88:8,DB1_Lumidgm/28_1_4.wsq,impostor,9,19,9,,False,41.418982,0
3698,stored,88,DB1_Lumidgm:88:8,DB1_Lumidgm/28_1_4.wsq,impostor,9,19,9,,False,44.325071,0
3699,stored,22,DB1_Lumidgm:22:6,DB1_Lumidgm/22_4_6.wsq,genuine,61,19,61,,True,54.197225,1210
3699,derive,22,DB1_Lumidgm:22:6,DB1_Lumidgm/22_4_6.wsq,genuine,61,19,61,,True,51.311801,1210
3700,derive,36,DB1_Lumidgm:36:5,DB1_Lumidgm/79_1_3.wsq,impostor,10,19,10,,False,42.963992,0
3700,stored,36,DB1_Lumidgm:36:5,DB1_Lumidgm/79_1_3.wsq,impostor,10,19,10,,False,39.866945,0
3701,stored,56,DB1_Lumidgm:56:8,DB1_Lumidgm/63_1_7.wsq,impostor,11,19,11,,False,34.533397,0
3701,derive,56,DB1_Lumidgm:56:8,DB1_Lumidgm/63_1_7.wsq,impostor,11,19,11,,False,35.789545,0
3702,derive,96,DB1_Lumidgm:96:6,DB1_Lumidgm/49_1_7.wsq,impostor,4,19,4,,False,36.058592,0
3702,stored,96,DB1_Lumidgm:96:6,DB1_Lumidgm/49_1_7.wsq,impostor,4,19,4,,False,36.261883,0
3703,stored,55,DB1_Lumidgm:55:1,DB1_Lumidgm/88_1_6.wsq,impostor,3,19,3,,False,44.392981,0
3703,derive,55,DB1_Lumidgm:55:1,DB1_Lumidgm/88_1_6.wsq,impostor,3,19,3,,False,44.859137,0
3704,derive,66,DB1_Lumidgm:66:4,DB1_Lumidgm/57_1_6.wsq,impostor,6,19,6,,False,40.036192,0
3704,stored,66,DB1_Lumidgm:66:4,DB1_Lumidgm/57_1_6.wsq,impostor,6,19,6,,False,40.663929,0
3705,stored,48,DB1_Lumidgm:48:8,DB1_Lumidgm/75_1_2.wsq,impostor,7,19,7,,False,46.957282,0
3705,derive,48,DB1_Lumidgm:48:8,DB1_Lumidgm/75_1_2.wsq,impostor,7,19,7,,False,38.287136,0
3706,derive,62,DB1_Lumidgm:62:1,DB1_Lumidgm/55_1_5.wsq,impostor,5,19,5,,False,38.841671,0
3706,stored,62,DB1_Lumidgm:62:1,DB1_Lumidgm/55_1_5.wsq,impostor,5,19,5,,False,36.945453,0
3707,stored,45,DB1_Lumidgm:45:4,DB1_Lumidgm/41_1_3.wsq,impostor,8,19,8,,False,37.063278,0
3707,derive,45,DB1_Lumidgm:45:4,DB1_Lumidgm/41_1_3.wsq,impostor,8,19,8,,False,37.521108,0
3708,derive,59,DB1_Lumidgm:59:9,DB1_Lumidgm/51_1_4.wsq,impostor,5,19,5,,False,34.915344,0
3708,stored,59,DB1_Lumidgm:59:9,DB1_Lumidgm/51_1_4.wsq,impostor,5,19,5,,False,35.63213,0
3709,stored,54,DB1_Lumidgm:54:1,DB1_Lumidgm/76_1_7.wsq,impostor,6,19,6,,False,37.079768,0
3709,derive,54,DB1_Lumidgm:54:1,DB1_Lumidgm/76_1_7.wsq,impostor,6,19,6,,False,36.149871,0
3710,derive,91,DB1_Lumidgm:91:7,DB1_Lumidgm/51_1_9.wsq,impostor,10,19,10,,False,38.279324,0
3710,stored,91,DB1_Lumidgm:91:7,DB1_Lumidgm/51_1_9.wsq,impostor,10,19,10,,False,39.920653,0
3711,stored,93,DB1_Lumidgm:93:10,DB1_Lumidgm/54_1_7.wsq,impostor,12,19,12,,False,41.766725,0
3711,derive,93,DB1_Lumidgm:93:10,DB1_Lumidgm/54_1_7.wsq,impostor,12,19,12,,False,38.266871,0
3712,derive,83,DB1_Lumidgm:83:5,DB1_Lumidgm/83_2_5.wsq,genuine,131,19,131,,True,50.726079,1210
3712,stored,83,DB1_Lumidgm:83:5,DB1_Lumidgm/83_2_5.wsq,genuine,131,19,131,,True,49.453445,1210
3713,stored,98,DB1_Lumidgm:98:4,DB1_Lumidgm/90_1_9.wsq,impostor,5,19,5,,False,39.921161,0
3713,derive,98,DB1_Lumidgm:98:4,DB1_Lumidgm/90_1_9.wsq,impostor,5,19,5,,False,36.274537,0
3714,derive,41,DB1_Lumidgm:41:3,DB1_Lumidgm/54_1_8.wsq,impostor,10,19,10,,False,38.401946,0
3714,stored,41,DB1_Lumidgm:41:3,DB1_Lumidgm/54_1_8.wsq,impostor,10,19,10,,False,37.634728,0
3715,stored,34,DB1_Lumidgm:34:10,DB1_Lumidgm/56_1_1.wsq,impostor,7,19,7,,False,38.861803,0
3715,derive,34,DB1_Lumidgm:34:10,DB1_Lumidgm/56_1_1.wsq,impostor,7,19,7,,False,38.303263,0
3716,derive,85,DB1_Lumidgm:85:6,DB1_Lumidgm/72_1_3.wsq,impostor,7,19,7,,False,36.921982,0
3716,stored,85,DB1_Lumidgm:85:6,DB1_Lumidgm/72_1_3.wsq,impostor,7,19,7,,False,37.258546,0
3717,stored,97,DB1_Lumidgm:97:3,DB1_Lumidgm/93_1_10.wsq,impostor,10,19,10,,False,37.384364,0
3717,derive,97,DB1_Lumidgm:97:3,DB1_Lumidgm/93_1_10.wsq,impostor,10,19,10,,False,37.64482,0
3718,derive,27,DB1_Lumidgm:27:10,DB1_Lumidgm/27_3_10.wsq,genuine,17,19,17,,False,38.823991,0
3718,stored,27,DB1_Lumidgm:27:10,DB1_Lumidgm/27_3_10.wsq,genuine,17,19,17,,False,39.203957,0
3719,stored,73,DB1_Lumidgm:73:7,DB1_Lumidgm/60_1_4.wsq,impostor,7,19,7,,False,37.876224,0
3719,derive,73,DB1_Lumidgm:73:7,DB1_Lumidgm/60_1_4.wsq,impostor,7,19,7,,False,37.929119,0
3720,derive,24,DB1_Lumidgm:24:6,DB1_Lumidgm/51_1_4.wsq,impostor,6,19,6,,False,35.430327,0
3720,stored,24,DB1_Lumidgm:24:6,DB1_Lumidgm/51_1_4.wsq,impostor,6,19,6,,False,37.969587,0
3721,stored,41,DB1_Lumidgm:41:8,DB1_Lumidgm/82_1_4.wsq,impostor,4,19,4,,False,35.547109,0
3721,derive,41,DB1_Lumidgm:41:8,DB1_Lumidgm/82_1_4.wsq,impostor,4,19,4,,False,34.152244,0
3722,derive,48,DB1_Lumidgm:48:6,DB1_Lumidgm/40_1_7.wsq,impostor,4,19,4,,False,37.831307,0
3722,stored,48,DB1_Lumidgm:48:6,DB1_Lumidgm/40_1_7.wsq,impostor,4,19,4,,False,35.866474,0
3723,stored,95,DB1_Lumidgm:95:1,DB1_Lumidgm/31_1_2.wsq,impostor,4,19,4,,False,35.230014,0
3723,derive,95,DB1_Lumidgm:95:1,DB1_Lumidgm/31_1_2.wsq,impostor,4,19,4,,False,35.717263,0
3724,derive,31,DB1_Lumidgm:31:6,DB1_Lumidgm/54_1_1.wsq,impostor,5,19,5,,False,38.339944,0
3724,stored,31,DB1_Lumidgm:31:6,DB1_Lumidgm/54_1_1.wsq,impostor,5,19,5,,False,38.347089,0
3725,stored,39,DB1_Lumidgm:39:1,DB1_Lumidgm/39_2_1.wsq,genuine,130,19,130,,True,45.705888,1210
3725,derive,39,DB1_Lumidgm:39:1,DB1_Lumidgm/39_2_1.wsq,genuine,130,19,130,,True,42.944635,1210
3726,derive,27,DB1_Lumidgm:27:5,DB1_Lumidgm/70_1_2.wsq,impostor,5,19,5,,False,38.944085,0
3726,stored,27,DB1_Lumidgm:27:5,DB1_Lumidgm/70_1_2.wsq,impostor,5,19,5,,False,37.594272,0
3727,stored,64,DB1_Lumidgm:64:7,DB1_Lumidgm/60_1_4.wsq,impostor,8,19,8,,False,38.448045,0
3727,derive,64,DB1_Lumidgm:64:7,DB1_Lumidgm/60_1_4.wsq,impostor,8,19,8,,False,40.660818,0
3728,derive,23,DB1_Lumidgm:23:8,DB1_Lumidgm/45_1_4.wsq,impostor,9,19,9,,False,37.366759,0
3728,stored,23,DB1_Lumidgm:23:8,DB1_Lumidgm/45_1_4.wsq,impostor,9,19,9,,False,37.636899,0
3729,stored,37,DB1_Lumidgm:37:3,DB1_Lumidgm/71_1_10.wsq,impostor,4,19,4,,False,36.674226,0
3729,derive,37,DB1_Lumidgm:37:3,DB1_Lumidgm/71_1_10.wsq,impostor,4,19,4,,False,39.271196,0
3730,derive,42,DB1_Lumidgm:42:10,DB1_Lumidgm/42_4_10.wsq,genuine,6,19,6,,False,37.574784,0
3730,stored,42,DB1_Lumidgm:42:10,DB1_Lumidgm/42_4_10.wsq,genuine,6,19,6,,False,37.396038,0
3731,stored,77,DB1_Lumidgm:77:3,DB1_Lumidgm/23_1_5.wsq,impostor,10,19,10,,False,32.456408,0
3731,derive,77,DB1_Lumidgm:77:3,DB1_Lumidgm/23_1_5.wsq,impostor,10,19,10,,False,31.969062,0
3732,derive,85,DB1_Lumidgm:85:3,DB1_Lumidgm/85_2_3.wsq,genuine,185,19,185,,True,75.520299,1210
3732,stored,85,DB1_Lumidgm:85:3,DB1_Lumidgm/85_2_3.wsq,genuine,185,19,185,,True,73.635069,1210
3733,stored,70,DB1_Lumidgm:70:1,DB1_Lumidgm/52_1_8.wsq,impostor,9,19,9,,False,40.071265,0
3733,derive,70,DB1_Lumidgm:70:1,DB1_Lumidgm/52_1_8.wsq,impostor,9,19,9,,False,38.907436,0
3734,derive,94,DB1_Lumidgm:94:4,DB1_Lumidgm/70_1_7.wsq,impostor,3,19,3,,False,37.229586,0
3734,stored,94,DB1_Lumidgm:94:4,DB1_Lumidgm/70_1_7.wsq,impostor,3,19,3,,False,38.455498,0
3735,stored,74,DB1_Lumidgm:74:2,DB1_Lumidgm/96_1_6.wsq,impostor,5,19,5,,False,36.89715,0
3735,derive,74,DB1_Lumidgm:74:2,DB1_Lumidgm/96_1_6.wsq,impostor,5,19,5,,False,37.812176,0
3736,derive,51,DB1_Lumidgm:51:9,DB1_Lumidgm/73_1_8.wsq,impostor,16,19,16,,False,43.061883,0
3736,stored,51,DB1_Lumidgm:51:9,DB1_Lumidgm/73_1_8.wsq,impostor,16,19,16,,False,38.968127,0
3737,stored,50,DB1_Lumidgm:50:10,DB1_Lumidgm/50_1_9.wsq,impostor,11,19,11,,False,37.992173,0
3737,derive,50,DB1_Lumidgm:50:10,DB1_Lumidgm/50_1_9.wsq,impostor,11,19,11,,False,37.897618,0
3738,derive,27,DB1_Lumidgm:27:7,DB1_Lumidgm/99_1_1.wsq,impostor,5,19,5,,False,37.118555,0
3738,stored,27,DB1_Lumidgm:27:7,DB1_Lumidgm/99_1_1.wsq,impostor,5,19,5,,False,36.84688,0
3739,stored,100,DB1_Lumidgm:100:4,DB1_Lumidgm/48_1_5.wsq,impostor,5,19,5,,False,39.831967,0
3739,derive,100,DB1_Lumidgm:100:4,DB1_Lumidgm/48_1_5.wsq,impostor,5,19,5,,False,40.183578,0
3740,derive,33,DB1_Lumidgm:33:1,DB1_Lumidgm/33_4_1.wsq,genuine,4,19,4,,False,37.314509,0
3740,stored,33,DB1_Lumidgm:33:1,DB1_Lumidgm/33_4_1.wsq,genuine,4,19,4,,False,36.025974,0
3741,stored,34,DB1_Lumidgm:34:7,DB1_Lumidgm/41_1_5.wsq,impostor,10,19,10,,False,38.011517,0
3741,derive,34,DB1_Lumidgm:34:7,DB1_Lumidgm/41_1_5.wsq,impostor,10,19,10,,False,39.676204,0
3742,derive,44,DB1_Lumidgm:44:6,DB1_Lumidgm/27_1_1.wsq,impostor,7,19,7,,False,35.394486,0
3742,stored,44,DB1_Lumidgm:44:6,DB1_Lumidgm/27_1_1.wsq,impostor,7,19,7,,False,35.375905,0
3743,stored,50,DB1_Lumidgm:50:6,DB1_Lumidgm/65_1_9.wsq,impostor,8,19,8,,False,44.207252,0
3743,derive,50,DB1_Lumidgm:50:6,DB1_Lumidgm/65_1_9.wsq,impostor,8,19,8,,False,45.883019,0
3744,derive,49,DB1_Lumidgm:49:8,DB1_Lumidgm/94_1_1.wsq,impostor,4,19,4,,False,43.988028,0
3744,stored,49,DB1_Lumidgm:49:8,DB1_Lumidgm/94_1_1.wsq,impostor,4,19,4,,False,41.635249,0
3745,stored,22,DB1_Lumidgm:22:6,DB1_Lumidgm/22_2_6.wsq,genuine,165,19,165,,True,68.253744,1210
3745,derive,22,DB1_Lumidgm:22:6,DB1_Lumidgm/22_2_6.wsq,genuine,165,19,165,,True,65.184425,1210
3746,derive,27,DB1_Lumidgm:27:1,DB1_Lumidgm/87_1_10.wsq,impostor,5,19,5,,False,38.695806,0
3746,stored,27,DB1_Lumidgm:27:1,DB1_Lumidgm/87_1_10.wsq,impostor,5,19,5,,False,38.949611,0
3747,stored,48,DB1_Lumidgm:48:1,DB1_Lumidgm/83_1_2.wsq,impostor,6,19,6,,False,38.238026,0
3747,derive,48,DB1_Lumidgm:48:1,DB1_Lumidgm/83_1_2.wsq,impostor,6,19,6,,False,36.869838,0
3748,derive,78,DB1_Lumidgm:78:3,DB1_Lumidgm/21_1_3.wsq,impostor,19,19,19,,True,39.600936,1210
3748,stored,78,DB1_Lumidgm:78:3,DB1_Lumidgm/21_1_3.wsq,impostor,19,19,19,,True,39.541485,1210
3749,stored,21,DB1_Lumidgm:21:6,DB1_Lumidgm/21_2_6.wsq,genuine,141,19,141,,True,55.40126,1210
3749,derive,21,DB1_Lumidgm:21:6,DB1_Lumidgm/21_2_6.wsq,genuine,141,19,141,,True,57.655508,1210
3750,derive,28,DB1_Lumidgm:28:8,DB1_Lumidgm/96_1_8.wsq,impostor,3,19,3,,False,41.8663,0
3750,stored,28,DB1_Lumidgm:28:8,DB1_Lumidgm/96_1_8.wsq,impostor,3,19,3,,False,35.492053,0
3751,stored,44,DB1_Lumidgm:44:8,DB1_Lumidgm/74_1_10.wsq,impostor,8,19,8,,False,34.063324,0
3751,derive,44,DB1_Lumidgm:44:8,DB1_Lumidgm/74_1_10.wsq,impostor,8,19,8,,False,36.56429,0
3752,derive,68,DB1_Lumidgm:68:6,DB1_Lumidgm/30_1_5.wsq,impostor,10,19,10,,False,38.262315,0
3752,stored,68,DB1_Lumidgm:68:6,DB1_Lumidgm/30_1_5.wsq,impostor,10,19,10,,False,36.604035,0
3753,stored,53,DB1_Lumidgm:53:1,DB1_Lumidgm/53_4_1.wsq,genuine,156,19,156,,True,40.211013,1210
3753,derive,53,DB1_Lumidgm:53:1,DB1_Lumidgm/53_4_1.wsq,genuine,156,19,156,,True,38.588411,1210
3754,derive,28,DB1_Lumidgm:28:7,DB1_Lumidgm/63_1_9.wsq,impostor,5,19,5,,False,36.231448,0
3754,stored,28,DB1_Lumidgm:28:7,DB1_Lumidgm/63_1_9.wsq,impostor,5,19,5,,False,36.5937,0
3755,stored,48,DB1_Lumidgm:48:1,DB1_Lumidgm/48_4_1.wsq,genuine,47,19,47,,True,41.878539,1210
3755,derive,48,DB1_Lumidgm:48:1,DB1_Lumidgm/48_4_1.wsq,genuine,47,19,47,,True,49.424365,1210
3756,derive,46,DB1_Lumidgm:46:7,DB1_Lumidgm/37_1_5.wsq,impostor,6,19,6,,False,33.308785,0
3756,stored,46,DB1_Lumidgm:46:7,DB1_Lumidgm/37_1_5.wsq,impostor,6,19,6,,False,35.783273,0
3757,stored,50,DB1_Lumidgm:50:7,DB1_Lumidgm/86_1_4.wsq,impostor,6,19,6,,False,36.848413,0
3757,derive,50,DB1_Lumidgm:50:7,DB1_Lumidgm/86_1_4.wsq,impostor,6,19,6,,False,36.628173,0
3758,derive,72,DB1_Lumidgm:72:1,DB1_Lumidgm/53_1_6.wsq,impostor,3,19,3,,False,36.866852,0
3758,stored,72,DB1_Lumidgm:72:1,DB1_Lumidgm/53_1_6.wsq,impostor,3,19,3,,False,37.745234,0
3759,stored,89,DB1_Lumidgm:89:2,DB1_Lumidgm/66_1_9.wsq,impostor,6,19,6,,False,36.719999,0
3759,derive,89,DB1_Lumidgm:89:2,DB1_Lumidgm/66_1_9.wsq,impostor,6,19,6,,False,36.378844,0
3760,derive,27,DB1_Lumidgm:27:2,DB1_Lumidgm/31_1_3.wsq,impostor,16,19,16,,False,37.412538,0
3760,stored,27,DB1_Lumidgm:27:2,DB1_Lumidgm/31_1_3.wsq,impostor,16,19,16,,False,37.11433,0
3761,stored,30,DB1_Lumidgm:30:2,DB1_Lumidgm/30_4_2.wsq,genuine,58,19,58,,True,41.268517,1210
3761,derive,30,DB1_Lumidgm:30:2,DB1_Lumidgm/30_4_2.wsq,genuine,58,19,58,,True,37.342241,1210
3762,derive,64,DB1_Lumidgm:64:5,DB1_Lumidgm/42_1_6.wsq,impostor,4,19,4,,False,39.000872,0
3762,stored,64,DB1_Lumidgm:64:5,DB1_Lumidgm/42_1_6.wsq,impostor,4,19,4,,False,38.691556,0
3763,stored,49,DB1_Lumidgm:49:5,DB1_Lumidgm/60_1_6.wsq,impostor,15,19,15,,False,38.123941,0
3763,derive,49,DB1_Lumidgm:49:5,DB1_Lumidgm/60_1_6.wsq,impostor,15,19,15,,False,39.765061,0
3764,derive,94,DB1_Lumidgm:94:3,DB1_Lumidgm/67_1_1.wsq,impostor,6,19,6,,False,38.98901,0
3764,stored,94,DB1_Lumidgm:94:3,DB1_Lumidgm/67_1_1.wsq,impostor,6,19,6,,False,35.333059,0
3765,stored,63,DB1_Lumidgm:63:5,DB1_Lumidgm/34_1_7.wsq,impostor,5,19,5,,False,38.217466,0
3765,derive,63,DB1_Lumidgm:63:5,DB1_Lumidgm/34_1_7.wsq,impostor,5,19,5,,False,37.559889,0
3766,derive,69,DB1_Lumidgm:69:8,DB1_Lumidgm/55_1_5.wsq,impostor,9,19,9,,False,36.161039,0
3766,stored,69,DB1_Lumidgm:69:8,DB1_Lumidgm/55_1_5.wsq,impostor,9,19,9,,False,35.533795,0
3767,stored,33,DB1_Lumidgm:33:7,DB1_Lumidgm/40_1_8.wsq,impostor,5,19,5,,False,37.078944,0
3767,derive,33,DB1_Lumidgm:33:7,DB1_Lumidgm/40_1_8.wsq,impostor,5,19,5,,False,36.886121,0
3768,derive,78,DB1_Lumidgm:78:6,DB1_Lumidgm/39_1_2.wsq,impostor,4,19,4,,False,46.178271,0
3768,stored,78,DB1_Lumidgm:78:6,DB1_Lumidgm/39_1_2.wsq,impostor,4,19,4,,False,39.454319,0
3769,stored,54,DB1_Lumidgm:54:4,DB1_Lumidgm/52_1_8.wsq,impostor,6,19,6,,False,40.865082,0
3769,derive,54,DB1_Lumidgm:54:4,DB1_Lumidgm/52_1_8.wsq,impostor,6,19,6,,False,38.317462,0
3770,derive,64,DB1_Lumidgm:64:2,DB1_Lumidgm/82_1_10.wsq,impostor,10,19,10,,False,36.496152,0
3770,stored,64,DB1_Lumidgm:64:2,DB1_Lumidgm/82_1_10.wsq,impostor,10,19,10,,False,35.271482,0
3771,stored,91,DB1_Lumidgm:91:6,DB1_Lumidgm/35_1_9.wsq,impostor,5,19,5,,False,36.323584,0
3771,derive,91,DB1_Lumidgm:91:6,DB1_Lumidgm/35_1_9.wsq,impostor,5,19,5,,False,36.230641,0
3772,derive,48,DB1_Lumidgm:48:5,DB1_Lumidgm/57_1_5.wsq,impostor,10,19,10,,False,34.562804,0
3772,stored,48,DB1_Lumidgm:48:5,DB1_Lumidgm/57_1_5.wsq,impostor,10,19,10,,False,34.724075,0
3773,stored,35,DB1_Lumidgm:35:10,DB1_Lumidgm/42_1_6.wsq,impostor,4,19,4,,False,37.14093,0
3773,derive,35,DB1_Lumidgm:35:10,DB1_Lumidgm/42_1_6.wsq,impostor,4,19,4,,False,36.89615,0
3774,derive,42,DB1_Lumidgm:42:1,DB1_Lumidgm/65_1_7.wsq,impostor,7,19,7,,False,42.98405,0
3774,stored,42,DB1_Lumidgm:42:1,DB1_Lumidgm/65_1_7.wsq,impostor,7,19,7,,False,42.238467,0
3775,stored,98,DB1_Lumidgm:98:4,DB1_Lumidgm/31_1_1.wsq,impostor,5,19,5,,False,37.424193,0
3775,derive,98,DB1_Lumidgm:98:4,DB1_Lumidgm/31_1_1.wsq,impostor,5,19,5,,False,38.165633,0
3776,derive,42,DB1_Lumidgm:42:2,DB1_Lumidgm/67_1_2.wsq,impostor,8,19,8,,False,36.239362,0
3776,stored,42,DB1_Lumidgm:42:2,DB1_Lumidgm/67_1_2.wsq,impostor,8,19,8,,False,35.510948,0
3777,stored,26,DB1_Lumidgm:26:9,DB1_Lumidgm/26_4_9.wsq,genuine,118,19,118,,True,42.189767,1210
3777,derive,26,DB1_Lumidgm:26:9,DB1_Lumidgm/26_4_9.wsq,genuine,118,19,118,,True,39.213407,1210
3778,derive,36,DB1_Lumidgm:36:3,DB1_Lumidgm/48_1_5.wsq,impostor,7,19,7,,False,37.30249,0
3778,stored,36,DB1_Lumidgm:36:3,DB1_Lumidgm/48_1_5.wsq,impostor,7,19,7,,False,38.40895,0
3779,stored,29,DB1_Lumidgm:29:5,DB1_Lumidgm/33_1_6.wsq,impostor,6,19,6,,False,37.348054,0
3779,derive,29,DB1_Lumidgm:29:5,DB1_Lumidgm/33_1_6.wsq,impostor,6,19,6,,False,37.257928,0
3780,derive,26,DB1_Lumidgm:26:4,DB1_Lumidgm/23_1_8.wsq,impostor,8,19,8,,False,34.299022,0
3780,stored,26,DB1_Lumidgm:26:4,DB1_Lumidgm/23_1_8.wsq,impostor,8,19,8,,False,34.579838,0
3781,stored,26,DB1_Lumidgm:26:8,DB1_Lumidgm/98_1_1.wsq,impostor,7,19,7,,False,38.394007,0
3781,derive,26,DB1_Lumidgm:26:8,DB1_Lumidgm/98_1_1.wsq,impostor,7,19,7,,False,37.456178,0
3782,derive,21,DB1_Lumidgm:21:1,DB1_Lumidgm/81_1_1.wsq,impostor,13,19,13,,False,38.334408,0
3782,stored,21,DB1_Lumidgm:21:1,DB1_Lumidgm/81_1_1.wsq,impostor,13,19,13,,False,40.402835,0
3783,stored,40,DB1_Lumidgm:40:5,DB1_Lumidgm/87_1_10.wsq,impostor,7,19,7,,False,36.930583,0
3783,derive,40,DB1_Lumidgm:40:5,DB1_Lumidgm/87_1_10.wsq,impostor,7,19,7,,False,37.17285,0
3784,derive,44,DB1_Lumidgm:44:1,DB1_Lumidgm/90_1_5.wsq,impostor,5,19,5,,False,35.326587,0
3784,stored,44,DB1_Lumidgm:44:1,DB1_Lumidgm/90_1_5.wsq,impostor,5,19,5,,False,34.512812,0
3785,stored,68,DB1_Lumidgm:68:8,DB1_Lumidgm/89_1_3.wsq,impostor,7,19,7,,False,45.008008,0
3785,derive,68,DB1_Lumidgm:68:8,DB1_Lumidgm/89_1_3.wsq,impostor,7,19,7,,False,45.226748,0
3786,derive,98,DB1_Lumidgm:98:5,DB1_Lumidgm/100_1_1.wsq,impostor,4,19,4,,False,36.844808,0
3786,stored,98,DB1_Lumidgm:98:5,DB1_Lumidgm/100_1_1.wsq,impostor,4,19,4,,False,36.969879,0
3787,stored,48,DB1_Lumidgm:48:7,DB1_Lumidgm/60_1_5.wsq,impostor,8,19,8,,False,36.488559,0
3787,derive,48,DB1_Lumidgm:48:7,DB1_Lumidgm/60_1_5.wsq,impostor,8,19,8,,False,35.597251,0
3788,derive,65,DB1_Lumidgm:65:5,DB1_Lumidgm/27_1_9.wsq,impostor,13,19,13,,False,40.541083,0
3788,stored,65,DB1_Lumidgm:65:5,DB1_Lumidgm/27_1_9.wsq,impostor,13,19,13,,False,41.129899,0
3789,stored,50,DB1_Lumidgm:50:8,DB1_Lumidgm/74_1_6.wsq,impostor,4,19,4,,False,37.024004,0
3789,derive,50,DB1_Lumidgm:50:8,DB1_Lumidgm/74_1_6.wsq,impostor,4,19,4,,False,38.308424,0
3790,derive,56,DB1_Lumidgm:56:4,DB1_Lumidgm/51_1_2.wsq,impostor,16,19,16,,False,41.067464,0
3790,stored,56,DB1_Lumidgm:56:4,DB1_Lumidgm/51_1_2.wsq,impostor,16,19,16,,False,43.160328,0
3791,stored,26,DB1_Lumidgm:26:4,DB1_Lumidgm/26_3_4.wsq,genuine,94,19,94,,True,49.582745,1210
3791,derive,26,DB1_Lumidgm:26:4,DB1_Lumidgm/26_3_4.wsq,genuine,94,19,94,,True,48.136577,1210
3792,derive,60,DB1_Lumidgm:60:2,DB1_Lumidgm/78_1_2.wsq,impostor,4,19,4,,False,37.386979,0
3792,stored,60,DB1_Lumidgm:60:2,DB1_Lumidgm/78_1_2.wsq,impostor,4,19,4,,False,36.102603,0
3793,stored,29,DB1_Lumidgm:29:1,DB1_Lumidgm/46_1_5.wsq,impostor,8,19,8,,False,34.071333,0
3793,derive,29,DB1_Lumidgm:29:1,DB1_Lumidgm/46_1_5.wsq,impostor,8,19,8,,False,33.680738,0
3794,derive,74,DB1_Lumidgm:74:4,DB1_Lumidgm/74_3_4.wsq,genuine,87,19,87,,True,46.475527,1210
3794,stored,74,DB1_Lumidgm:74:4,DB1_Lumidgm/74_3_4.wsq,genuine,87,19,87,,True,40.451146,1210
3795,stored,37,DB1_Lumidgm:37:8,DB1_Lumidgm/45_1_2.wsq,impostor,6,19,6,,False,36.661899,0
3795,derive,37,DB1_Lumidgm:37:8,DB1_Lumidgm/45_1_2.wsq,impostor,6,19,6,,False,37.456732,0
3796,derive,78,DB1_Lumidgm:78:10,DB1_Lumidgm/31_1_8.wsq,impostor,11,19,11,,False,37.266454,0
3796,stored,78,DB1_Lumidgm:78:10,DB1_Lumidgm/31_1_8.wsq,impostor,11,19,11,,False,36.483299,0
3797,stored,89,DB1_Lumidgm:89:7,DB1_Lumidgm/44_1_2.wsq,impostor,6,19,6,,False,37.532685,0
3797,derive,89,DB1_Lumidgm:89:7,DB1_Lumidgm/44_1_2.wsq,impostor,6,19,6,,False,37.318747,0
3798,derive,36,DB1_Lumidgm:36:4,DB1_Lumidgm/82_1_1.wsq,impostor,11,19,11,,False,37.420316,0
3798,stored,36,DB1_Lumidgm:36:4,DB1_Lumidgm/82_1_1.wsq,impostor,11,19,11,,False,38.449857,0
3799,stored,32,DB1_Lumidgm:32:3,DB1_Lumidgm/50_1_1.wsq,impostor,6,19,6,,False,38.699787,0
3799,derive,32,DB1_Lumidgm:32:3,DB1_Lumidgm/50_1_1.wsq,impostor,6,19,6,,False,38.349771,0
3800,derive,92,DB1_Lumidgm:92:9,DB1_Lumidgm/68_1_2.wsq,impostor,5,19,5,,False,39.662136,0
3800,stored,92,DB1_Lumidgm:92:9,DB1_Lumidgm/68_1_2.wsq,impostor,5,19,5,,False,37.1588,0
3801,stored,27,DB1_Lumidgm:27:4,DB1_Lumidgm/98_1_2.wsq,impostor,8,19,8,,False,39.176445,0
3801,derive,27,DB1_Lumidgm:27:4,DB1_Lumidgm/98_1_2.wsq,impostor,8,19,8,,False,38.00039,0
3802,derive,72,DB1_Lumidgm:72:7,DB1_Lumidgm/30_1_10.wsq,impostor,7,19,7,,False,33.758973,0
3802,stored,72,DB1_Lumidgm:72:7,DB1_Lumidgm/30_1_10.wsq,impostor,7,19,7,,False,34.469263,0
3803,stored,25,DB1_Lumidgm:25:7,DB1_Lumidgm/63_1_2.wsq,impostor,12,19,12,,False,33.71468,0
3803,derive,25,DB1_Lumidgm:25:7,DB1_Lumidgm/63_1_2.wsq,impostor,12,19,12,,False,34.423863,0
3804,derive,35,DB1_Lumidgm:35:3,DB1_Lumidgm/86_1_10.wsq,impostor,6,19,6,,False,41.429921,0
3804,stored,35,DB1_Lumidgm:35:3,DB1_Lumidgm/86_1_10.wsq,impostor,6,19,6,,False,36.540645,0
3805,stored,52,DB1_Lumidgm:52:3,DB1_Lumidgm/52_1_9.wsq,impostor,5,19,5,,False,37.104156,0
3805,derive,52,DB1_Lumidgm:52:3,DB1_Lumidgm/52_1_9.wsq,impostor,5,19,5,,False,37.253753,0
3806,derive,68,DB1_Lumidgm:68:1,DB1_Lumidgm/24_1_3.wsq,impostor,6,19,6,,False,34.27973,0
3806,stored,68,DB1_Lumidgm:68:1,DB1_Lumidgm/24_1_3.wsq,impostor,6,19,6,,False,34.398095,0
3807,stored,43,DB1_Lumidgm:43:2,DB1_Lumidgm/87_1_7.wsq,impostor,6,19,6,,False,36.881455,0
3807,derive,43,DB1_Lumidgm:43:2,DB1_Lumidgm/87_1_7.wsq,impostor,6,19,6,,False,36.709962,0
3808,derive,26,DB1_Lumidgm:26:8,DB1_Lumidgm/26_1_7.wsq,impostor,29,19,29,,True,37.935984,1210
3808,stored,26,DB1_Lumidgm:26:8,DB1_Lumidgm/26_1_7.wsq,impostor,29,19,29,,True,38.562545,1210
3809,stored,45,DB1_Lumidgm:45:1,DB1_Lumidgm/90_1_2.wsq,impostor,4,19,4,,False,40.657341,0
3809,derive,45,DB1_Lumidgm:45:1,DB1_Lumidgm/90_1_2.wsq,impostor,4,19,4,,False,36.478298,0
3810,derive,75,DB1_Lumidgm:75:2,DB1_Lumidgm/22_1_4.wsq,impostor,6,19,6,,False,37.361016,0
3810,stored,75,DB1_Lumidgm:75:2,DB1_Lumidgm/22_1_4.wsq,impostor,6,19,6,,False,37.075639,0
3811,stored,50,DB1_Lumidgm:50:9,DB1_Lumidgm/27_1_5.wsq,impostor,9,19,9,,False,35.461739,0
3811,derive,50,DB1_Lumidgm:50:9,DB1_Lumidgm/27_1_5.wsq,impostor,9,19,9,,False,35.39439,0
3812,derive,29,DB1_Lumidgm:29:6,DB1_Lumidgm/49_1_6.wsq,impostor,17,19,17,,False,43.709645,0
3812,stored,29,DB1_Lumidgm:29:6,DB1_Lumidgm/49_1_6.wsq,impostor,17,19,17,,False,41.0708,0
3813,stored,83,DB1_Lumidgm:83:6,DB1_Lumidgm/83_1_4.wsq,impostor,8,19,8,,False,35.383517,0
3813,derive,83,DB1_Lumidgm:83:6,DB1_Lumidgm/83_1_4.wsq,impostor,8,19,8,,False,35.019696,0
3814,derive,59,DB1_Lumidgm:59:6,DB1_Lumidgm/77_1_5.wsq,impostor,9,19,9,,False,35.175096,0
3814,stored,59,DB1_Lumidgm:59:6,DB1_Lumidgm/77_1_5.wsq,impostor,9,19,9,,False,33.704702,0
3815,stored,70,DB1_Lumidgm:70:8,DB1_Lumidgm/70_2_8.wsq,genuine,199,19,199,,True,49.74848,1210
3815,derive,70,DB1_Lumidgm:70:8,DB1_Lumidgm/70_2_8.wsq,genuine,199,19,199,,True,42.122541,1210
3816,derive,78,DB1_Lumidgm:78:4,DB1_Lumidgm/31_1_5.wsq,impostor,14,19,14,,False,35.550059,0
3816,stored,78,DB1_Lumidgm:78:4,DB1_Lumidgm/31_1_5.wsq,impostor,14,19,14,,False,35.648737,0
3817,stored,76,DB1_Lumidgm:76:9,DB1_Lumidgm/93_1_8.wsq,impostor,3,19,3,,False,40.996337,0
3817,derive,76,DB1_Lumidgm:76:9,DB1_Lumidgm/93_1_8.wsq,impostor,3,19,3,,False,40.699462,0
3818,derive,91,DB1_Lumidgm:91:7,DB1_Lumidgm/91_4_7.wsq,genuine,44,19,44,,True,40.952247,1210
3818,stored,91,DB1_Lumidgm:91:7,DB1_Lumidgm/91_4_7.wsq,genuine,44,19,44,,True,38.176756,1210
3819,stored,54,DB1_Lumidgm:54:1,DB1_Lumidgm/88_1_3.wsq,impostor,7,19,7,,False,41.343373,0
3819,derive,54,DB1_Lumidgm:54:1,DB1_Lumidgm/88_1_3.wsq,impostor,7,19,7,,False,41.081539,0
3820,derive,62,DB1_Lumidgm:62:10,DB1_Lumidgm/69_1_10.wsq,impostor,8,19,8,,False,35.172367,0
3820,stored,62,DB1_Lumidgm:62:10,DB1_Lumidgm/69_1_10.wsq,impostor,8,19,8,,False,35.083316,0
3821,stored,21,DB1_Lumidgm:21:4,DB1_Lumidgm/27_1_8.wsq,impostor,5,19,5,,False,37.64388,0
3821,derive,21,DB1_Lumidgm:21:4,DB1_Lumidgm/27_1_8.wsq,impostor,5,19,5,,False,37.028941,0
3822,derive,75,DB1_Lumidgm:75:9,DB1_Lumidgm/92_1_8.wsq,impostor,3,19,3,,False,38.333313,0
3822,stored,75,DB1_Lumidgm:75:9,DB1_Lumidgm/92_1_8.wsq,impostor,3,19,3,,False,38.842011,0
3823,stored,75,DB1_Lumidgm:75:8,DB1_Lumidgm/22_1_4.wsq,impostor,6,19,6,,False,38.251381,0
3823,derive,75,DB1_Lumidgm:75:8,DB1_Lumidgm/22_1_4.wsq,impostor,6,19,6,,False,36.897083,0
3824,derive,90,DB1_Lumidgm:90:9,DB1_Lumidgm/46_1_3.wsq,impostor,9,19,9,,False,39.836411,0
3824,stored,90,DB1_Lumidgm:90:9,DB1_Lumidgm/46_1_3.wsq,impostor,9,19,9,,False,37.067777,0
3825,stored,86,DB1_Lumidgm:86:1,DB1_Lumidgm/68_1_4.wsq,impostor,3,19,3,,False,32.616484,0
3825,derive,86,DB1_Lumidgm:86:1,DB1_Lumidgm/68_1_4.wsq,impostor,3,19,3,,False,32.44057,0
3826,derive,57,DB1_Lumidgm:57:6,DB1_Lumidgm/64_1_8.wsq,impostor,6,19,6,,False,36.118749,0
3826,stored,57,DB1_Lumidgm:57:6,DB1_Lumidgm/64_1_8.wsq,impostor,6,19,6,,False,36.654251,0
3827,stored,84,DB1_Lumidgm:84:4,DB1_Lumidgm/32_1_7.wsq,impostor,4,19,4,,False,38.730208,0
3827,derive,84,DB1_Lumidgm:84:4,DB1_Lumidgm/32_1_7.wsq,impostor,4,19,4,,False,37.869599,0
3828,derive,42,DB1_Lumidgm:42:8,DB1_Lumidgm/91_1_7.wsq,impostor,6,19,6,,False,40.730612,0
3828,stored,42,DB1_Lumidgm:42:8,DB1_Lumidgm/91_1_7.wsq,impostor,6,19,6,,False,42.152201,0
3829,stored,58,DB1_Lumidgm:58:6,DB1_Lumidgm/88_1_4.wsq,impostor,8,19,8,,False,45.271244,0
3829,derive,58,DB1_Lumidgm:58:6,DB1_Lumidgm/88_1_4.wsq,impostor,8,19,8,,False,43.946369,0
3830,derive,74,DB1_Lumidgm:74:4,DB1_Lumidgm/26_1_7.wsq,impostor,18,19,18,,False,39.689708,0
3830,stored,74,DB1_Lumidgm:74:4,DB1_Lumidgm/26_1_7.wsq,impostor,18,19,18,,False,39.069467,0
3831,stored,98,DB1_Lumidgm:98:7,DB1_Lumidgm/69_1_6.wsq,impostor,7,19,7,,False,41.260849,0
3831,derive,98,DB1_Lumidgm:98:7,DB1_Lumidgm/69_1_6.wsq,impostor,7,19,7,,False,38.977266,0
3832,derive,45,DB1_Lumidgm:45:10,DB1_Lumidgm/22_1_3.wsq,impostor,10,19,10,,False,40.326293,0
3832,stored,45,DB1_Lumidgm:45:10,DB1_Lumidgm/22_1_3.wsq,impostor,10,19,10,,False,37.399628,0
3833,stored,25,DB1_Lumidgm:25:6,DB1_Lumidgm/83_1_5.wsq,impostor,9,19,9,,False,45.266301,0
3833,derive,25,DB1_Lumidgm:25:6,DB1_Lumidgm/83_1_5.wsq,impostor,9,19,9,,False,35.709559,0
3834,derive,42,DB1_Lumidgm:42:1,DB1_Lumidgm/94_1_9.wsq,impostor,5,19,5,,False,40.331715,0
3834,stored,42,DB1_Lumidgm:42:1,DB1_Lumidgm/94_1_9.wsq,impostor,5,19,5,,False,38.707216,0
3835,stored,64,DB1_Lumidgm:64:2,DB1_Lumidgm/79_1_5.wsq,impostor,6,19,6,,False,36.163074,0
3835,derive,64,DB1_Lumidgm:64:2,DB1_Lumidgm/79_1_5.wsq,impostor,6,19,6,,False,38.06634,0
3836,derive,57,DB1_Lumidgm:57:2,DB1_Lumidgm/64_1_7.wsq,impostor,9,19,9,,False,36.240562,0
3836,stored,57,DB1_Lumidgm:57:2,DB1_Lumidgm/64_1_7.wsq,impostor,9,19,9,,False,35.931042,0
3837,stored,99,DB1_Lumidgm:99:6,DB1_Lumidgm/32_1_4.wsq,impostor,4,19,4,,False,34.797299,0
3837,derive,99,DB1_Lumidgm:99:6,DB1_Lumidgm/32_1_4.wsq,impostor,4,19,4,,False,35.006679,0
3838,derive,24,DB1_Lumidgm:24:9,DB1_Lumidgm/69_1_4.wsq,impostor,10,19,10,,False,35.820268,0
3838,stored,24,DB1_Lumidgm:24:9,DB1_Lumidgm/69_1_4.wsq,impostor,10,19,10,,False,34.357895,0
3839,stored,45,DB1_Lumidgm:45:4,DB1_Lumidgm/28_1_6.wsq,impostor,4,19,4,,False,38.650997,0
3839,derive,45,DB1_Lumidgm:45:4,DB1_Lumidgm/28_1_6.wsq,impostor,4,19,4,,False,38.61688,0
3840,derive,39,DB1_Lumidgm:39:9,DB1_Lumidgm/94_1_2.wsq,impostor,7,19,7,,False,39.370103,0
3840,stored,39,DB1_Lumidgm:39:9,DB1_Lumidgm/94_1_2.wsq,impostor,7,19,7,,False,39.238997,0
3841,stored,50,DB1_Lumidgm:50:4,DB1_Lumidgm/82_1_3.wsq,impostor,7,19,7,,False,40.19394,0
3841,derive,50,DB1_Lumidgm:50:4,DB1_Lumidgm/82_1_3.wsq,impostor,7,19,7,,False,37.884686,0
3842,derive,80,DB1_Lumidgm:80:6,DB1_Lumidgm/38_1_4.wsq,impostor,9,19,9,,False,36.507304,0
3842,stored,80,DB1_Lumidgm:80:6,DB1_Lumidgm/38_1_4.wsq,impostor,9,19,9,,False,35.563143,0
3843,stored,25,DB1_Lumidgm:25:6,DB1_Lumidgm/60_1_5.wsq,impostor,14,19,14,,False,38.496475,0
3843,derive,25,DB1_Lumidgm:25:6,DB1_Lumidgm/60_1_5.wsq,impostor,14,19,14,,False,36.357243,0
3844,derive,49,DB1_Lumidgm:49:2,DB1_Lumidgm/26_1_2.wsq,impostor,8,19,8,,False,35.861049,0
3844,stored,49,DB1_Lumidgm:49:2,DB1_Lumidgm/26_1_2.wsq,impostor,8,19,8,,False,35.158057,0
3845,stored,93,DB1_Lumidgm:93:4,DB1_Lumidgm/32_1_9.wsq,impostor,6,19,6,,False,35.212555,0
3845,derive,93,DB1_Lumidgm:93:4,DB1_Lumidgm/32_1_9.wsq,impostor,6,19,6,,False,35.003193,0
3846,derive,32,DB1_Lumidgm:32:5,DB1_Lumidgm/32_2_5.wsq,genuine,71,19,71,,True,42.702454,1210
3846,stored,32,DB1_Lumidgm:32:5,DB1_Lumidgm/32_2_5.wsq,genuine,71,19,71,,True,39.838365,1210
3847,stored,58,DB1_Lumidgm:58:1,DB1_Lumidgm/43_1_4.wsq,impostor,5,19,5,,False,39.337936,0
3847,derive,58,DB1_Lumidgm:58:1,DB1_Lumidgm/43_1_4.wsq,impostor,5,19,5,,False,38.46503,0
3848,derive,84,DB1_Lumidgm:84:3,DB1_Lumidgm/36_1_1.wsq,impostor,4,19,4,,False,36.558556,0
3848,stored,84,DB1_Lumidgm:84:3,DB1_Lumidgm/36_1_1.wsq,impostor,4,19,4,,False,36.490663,0
3849,stored,89,DB1_Lumidgm:89:9,DB1_Lumidgm/25_1_6.wsq,impostor,10,19,10,,False,39.279421,0
3849,derive,89,DB1_Lumidgm:89:9,DB1_Lumidgm/25_1_6.wsq,impostor,10,19,10,,False,38.121498,0
3850,derive,64,DB1_Lumidgm:64:7,DB1_Lumidgm/98_1_8.wsq,impostor,5,19,5,,False,37.64915,0
3850,stored,64,DB1_Lumidgm:64:7,DB1_Lumidgm/98_1_8.wsq,impostor,5,19,5,,False,37.376691,0
3851,stored,96,DB1_Lumidgm:96:10,DB1_Lumidgm/39_1_9.wsq,impostor,6,19,6,,False,36.962016,0
3851,derive,96,DB1_Lumidgm:96:10,DB1_Lumidgm/39_1_9.wsq,impostor,6,19,6,,False,35.7482,0
3852,derive,78,DB1_Lumidgm:78:5,DB1_Lumidgm/58_1_2.wsq,impostor,9,19,9,,False,45.892066,0
3852,stored,78,DB1_Lumidgm:78:5,DB1_Lumidgm/58_1_2.wsq,impostor,9,19,9,,False,43.619426,0
3853,stored,87,DB1_Lumidgm:87:10,DB1_Lumidgm/36_1_7.wsq,impostor,4,19,4,,False,36.705429,0
3853,derive,87,DB1_Lumidgm:87:10,DB1_Lumidgm/36_1_7.wsq,impostor,4,19,4,,False,34.272118,0
3854,derive,44,DB1_Lumidgm:44:9,DB1_Lumidgm/69_1_3.wsq,impostor,5,19,5,,False,36.388603,0
3854,stored,44,DB1_Lumidgm:44:9,DB1_Lumidgm/69_1_3.wsq,impostor,5,19,5,,False,35.298688,0
3855,stored,52,DB1_Lumidgm:52:7,DB1_Lumidgm/36_1_1.wsq,impostor,4,19,4,,False,36.684122,0
3855,derive,52,DB1_Lumidgm:52:7,DB1_Lumidgm/36_1_1.wsq,impostor,4,19,4,,False,38.650034,0
3856,derive,48,DB1_Lumidgm:48:4,DB1_Lumidgm/85_1_2.wsq,impostor,6,19,6,,False,40.186301,0
3856,stored,48,DB1_Lumidgm:48:4,DB1_Lumidgm/85_1_2.wsq,impostor,6,19,6,,False,37.131722,0
3857,stored,85,DB1_Lumidgm:85:2,DB1_Lumidgm/80_1_5.wsq,impostor,12,19,12,,False,36.268221,0
3857,derive,85,DB1_Lumidgm:85:2,DB1_Lumidgm/80_1_5.wsq,impostor,12,19,12,,False,35.410476,0
3858,derive,62,DB1_Lumidgm:62:5,DB1_Lumidgm/26_1_2.wsq,impostor,5,19,5,,False,37.595852,0
3858,stored,62,DB1_Lumidgm:62:5,DB1_Lumidgm/26_1_2.wsq,impostor,5,19,5,,False,36.836393,0
3859,stored,76,DB1_Lumidgm:76:3,DB1_Lumidgm/76_3_3.wsq,genuine,155,19,155,,True,50.949264,1210
3859,derive,76,DB1_Lumidgm:76:3,DB1_Lumidgm/76_3_3.wsq,genuine,155,19,155,,True,45.813308,1210
3860,derive,65,DB1_Lumidgm:65:6,DB1_Lumidgm/73_1_3.wsq,impostor,9,19,9,,False,39.445969,0
3860,stored,65,DB1_Lumidgm:65:6,DB1_Lumidgm/73_1_3.wsq,impostor,9,19,9,,False,40.024043,0
3861,stored,23,DB1_Lumidgm:23:3,DB1_Lumidgm/42_1_6.wsq,impostor,8,19,8,,False,37.637947,0
3861,derive,23,DB1_Lumidgm:23:3,DB1_Lumidgm/42_1_6.wsq,impostor,8,19,8,,False,39.755695,0
3862,derive,49,DB1_Lumidgm:49:2,DB1_Lumidgm/56_1_1.wsq,impostor,5,19,5,,False,38.723168,0
3862,stored,49,DB1_Lumidgm:49:2,DB1_Lumidgm/56_1_1.wsq,impostor,5,19,5,,False,40.028108,0
3863,stored,31,DB1_Lumidgm:31:10,DB1_Lumidgm/62_1_1.wsq,impostor,12,19,12,,False,46.60172,0
3863,derive,31,DB1_Lumidgm:31:10,DB1_Lumidgm/62_1_1.wsq,impostor,12,19,12,,False,48.17493,0
3864,derive,82,DB1_Lumidgm:82:3,DB1_Lumidgm/89_1_3.wsq,impostor,10,19,10,,False,45.764935,0
3864,stored,82,DB1_Lumidgm:82:3,DB1_Lumidgm/89_1_3.wsq,impostor,10,19,10,,False,45.558051,0
3865,stored,37,DB1_Lumidgm:37:1,DB1_Lumidgm/59_1_7.wsq,impostor,6,19,6,,False,36.311152,0
3865,derive,37,DB1_Lumidgm:37:1,DB1_Lumidgm/59_1_7.wsq,impostor,6,19,6,,False,37.630675,0
3866,derive,25,DB1_Lumidgm:25:10,DB1_Lumidgm/37_1_6.wsq,impostor,8,19,8,,False,38.840767,0
3866,stored,25,DB1_Lumidgm:25:10,DB1_Lumidgm/37_1_6.wsq,impostor,8,19,8,,False,36.698804,0
3867,stored,73,DB1_Lumidgm:73:6,DB1_Lumidgm/69_1_2.wsq,impostor,6,19,6,,False,34.774234,0
3867,derive,73,DB1_Lumidgm:73:6,DB1_Lumidgm/69_1_2.wsq,impostor,6,19,6,,False,35.695474,0
3868,derive,89,DB1_Lumidgm:89:6,DB1_Lumidgm/100_1_5.wsq,impostor,6,19,6,,False,34.706712,0
3868,stored,89,DB1_Lumidgm:89:6,DB1_Lumidgm/100_1_5.wsq,impostor,6,19,6,,False,36.436837,0
3869,stored,27,DB1_Lumidgm:27:10,DB1_Lumidgm/86_1_8.wsq,impostor,13,19,13,,False,41.056585,0
3869,derive,27,DB1_Lumidgm:27:10,DB1_Lumidgm/86_1_8.wsq,impostor,13,19,13,,False,39.721241,0
3870,derive,60,DB1_Lumidgm:60:2,DB1_Lumidgm/60_2_2.wsq,genuine,144,19,144,,True,49.849447,1210
3870,stored,60,DB1_Lumidgm:60:2,DB1_Lumidgm/60_2_2.wsq,genuine,144,19,144,,True,45.776637,1210
3871,stored,42,DB1_Lumidgm:42:7,DB1_Lumidgm/42_4_7.wsq,genuine,27,19,27,,True,37.831303,1210
3871,derive,42,DB1_Lumidgm:42:7,DB1_Lumidgm/42_4_7.wsq,genuine,27,19,27,,True,35.900829,1210
3872,derive,97,DB1_Lumidgm:97:10,DB1_Lumidgm/93_1_3.wsq,impostor,9,19,9,,False,44.036136,0
3872,stored,97,DB1_Lumidgm:97:10,DB1_Lumidgm/93_1_3.wsq,impostor,9,19,9,,False,41.701787,0
3873,stored,89,DB1_Lumidgm:89:8,DB1_Lumidgm/81_1_9.wsq,impostor,13,19,13,,False,38.298774,0
3873,derive,89,DB1_Lumidgm:89:8,DB1_Lumidgm/81_1_9.wsq,impostor,13,19,13,,False,37.411438,0
3874,derive,65,DB1_Lumidgm:65:7,DB1_Lumidgm/95_1_1.wsq,impostor,6,19,6,,False,42.981698,0
3874,stored,65,DB1_Lumidgm:65:7,DB1_Lumidgm/95_1_1.wsq,impostor,6,19,6,,False,44.184658,0
3875,stored,79,DB1_Lumidgm:79:8,DB1_Lumidgm/32_1_10.wsq,impostor,6,19,6,,False,44.665689,0
3875,derive,79,DB1_Lumidgm:79:8,DB1_Lumidgm/32_1_10.wsq,impostor,6,19,6,,False,35.120451,0
3876,derive,48,DB1_Lumidgm:48:3,DB1_Lumidgm/48_4_3.wsq,genuine,119,19,119,,True,43.94755,1210
3876,stored,48,DB1_Lumidgm:48:3,DB1_Lumidgm/48_4_3.wsq,genuine,119,19,119,,True,43.247702,1210
3877,stored,53,DB1_Lumidgm:53:5,DB1_Lumidgm/61_1_10.wsq,impostor,3,19,3,,False,42.12991,0
3877,derive,53,DB1_Lumidgm:53:5,DB1_Lumidgm/61_1_10.wsq,impostor,3,19,3,,False,42.175958,0
3878,derive,50,DB1_Lumidgm:50:2,DB1_Lumidgm/90_1_2.wsq,impostor,8,19,8,,False,39.680436,0
3878,stored,50,DB1_Lumidgm:50:2,DB1_Lumidgm/90_1_2.wsq,impostor,8,19,8,,False,37.15107,0
3879,stored,22,DB1_Lumidgm:22:1,DB1_Lumidgm/22_2_1.wsq,genuine,113,19,113,,True,59.303208,1210
3879,derive,22,DB1_Lumidgm:22:1,DB1_Lumidgm/22_2_1.wsq,genuine,113,19,113,,True,56.569858,1210
3880,derive,75,DB1_Lumidgm:75:10,DB1_Lumidgm/49_1_1.wsq,impostor,6,19,6,,False,37.102761,0
3880,stored,75,DB1_Lumidgm:75:10,DB1_Lumidgm/49_1_1.wsq,impostor,6,19,6,,False,37.049417,0
3881,stored,93,DB1_Lumidgm:93:5,DB1_Lumidgm/97_1_6.wsq,impostor,4,19,4,,False,36.737323,0
3881,derive,93,DB1_Lumidgm:93:5,DB1_Lumidgm/97_1_6.wsq,impostor,4,19,4,,False,38.282936,0
3882,derive,41,DB1_Lumidgm:41:7,DB1_Lumidgm/43_1_2.wsq,impostor,7,19,7,,False,35.883894,0
3882,stored,41,DB1_Lumidgm:41:7,DB1_Lumidgm/43_1_2.wsq,impostor,7,19,7,,False,36.127859,0
3883,stored,87,DB1_Lumidgm:87:8,DB1_Lumidgm/89_1_9.wsq,impostor,12,19,12,,False,44.890907,0
3883,derive,87,DB1_Lumidgm:87:8,DB1_Lumidgm/89_1_9.wsq,impostor,12,19,12,,False,46.02249,0
3884,derive,92,DB1_Lumidgm:92:4,DB1_Lumidgm/59_1_3.wsq,impostor,4,19,4,,False,39.115459,0
3884,stored,92,DB1_Lumidgm:92:4,DB1_Lumidgm/59_1_3.wsq,impostor,4,19,4,,False,42.753841,0
3885,stored,36,DB1_Lumidgm:36:9,DB1_Lumidgm/99_1_8.wsq,impostor,14,19,14,,False,42.155935,0
3885,derive,36,DB1_Lumidgm:36:9,DB1_Lumidgm/99_1_8.wsq,impostor,14,19,14,,False,39.106295,0
3886,derive,73,DB1_Lumidgm:73:4,DB1_Lumidgm/21_1_2.wsq,impostor,4,19,4,,False,46.662083,0
3886,stored,73,DB1_Lumidgm:73:4,DB1_Lumidgm/21_1_2.wsq,impostor,4,19,4,,False,49.126123,0
3887,stored,25,DB1_Lumidgm:25:10,DB1_Lumidgm/68_1_8.wsq,impostor,8,19,8,,False,37.739273,0
3887,derive,25,DB1_Lumidgm:25:10,DB1_Lumidgm/68_1_8.wsq,impostor,8,19,8,,False,36.105928,0
3888,derive,39,DB1_Lumidgm:39:8,DB1_Lumidgm/38_1_5.wsq,impostor,7,19,7,,False,34.50929,0
3888,stored,39,DB1_Lumidgm:39:8,DB1_Lumidgm/38_1_5.wsq,impostor,7,19,7,,False,38.145041,0
3889,stored,41,DB1_Lumidgm:41:2,DB1_Lumidgm/31_1_10.wsq,impostor,7,19,7,,False,39.206914,0
3889,derive,41,DB1_Lumidgm:41:2,DB1_Lumidgm/31_1_10.wsq,impostor,7,19,7,,False,37.008643,0
3890,derive,64,DB1_Lumidgm:64:1,DB1_Lumidgm/75_1_3.wsq,impostor,13,19,13,,False,34.349428,0
3890,stored,64,DB1_Lumidgm:64:1,DB1_Lumidgm/75_1_3.wsq,impostor,13,19,13,,False,36.804732,0
3891,stored,42,DB1_Lumidgm:42:6,DB1_Lumidgm/44_1_9.wsq,impostor,7,19,7,,False,38.891344,0
3891,derive,42,DB1_Lumidgm:42:6,DB1_Lumidgm/44_1_9.wsq,impostor,7,19,7,,False,39.781361,0
3892,derive,28,DB1_Lumidgm:28:10,DB1_Lumidgm/54_1_7.wsq,impostor,10,19,10,,False,38.657232,0
3892,stored,28,DB1_Lumidgm:28:10,DB1_Lumidgm/54_1_7.wsq,impostor,10,19,10,,False,38.293343,0
3893,stored,86,DB1_Lumidgm:86:3,DB1_Lumidgm/54_1_1.wsq,impostor,8,19,8,,False,39.346784,0
3893,derive,86,DB1_Lumidgm:86:3,DB1_Lumidgm/54_1_1.wsq,impostor,8,19,8,,False,38.513817,0
3894,derive,54,DB1_Lumidgm:54:5,DB1_Lumidgm/54_3_5.wsq,genuine,89,19,89,,True,41.052968,1210
3894,stored,54,DB1_Lumidgm:54:5,DB1_Lumidgm/54_3_5.wsq,genuine,89,19,89,,True,38.492181,1210
3895,stored,62,DB1_Lumidgm:62:7,DB1_Lumidgm/66_1_9.wsq,impostor,8,19,8,,False,35.883287,0
3895,derive,62,DB1_Lumidgm:62:7,DB1_Lumidgm/66_1_9.wsq,impostor,8,19,8,,False,38.134745,0
3896,derive,63,DB1_Lumidgm:63:7,DB1_Lumidgm/97_1_3.wsq,impostor,9,19,9,,False,39.714351,0
3896,stored,63,DB1_Lumidgm:63:7,DB1_Lumidgm/97_1_3.wsq,impostor,9,19,9,,False,51.119089,0
3897,stored,52,DB1_Lumidgm:52:2,DB1_Lumidgm/64_1_4.wsq,impostor,11,19,11,,False,40.806994,0
3897,derive,52,DB1_Lumidgm:52:2,DB1_Lumidgm/64_1_4.wsq,impostor,11,19,11,,False,38.194691,0
3898,derive,28,DB1_Lumidgm:28:2,DB1_Lumidgm/27_1_7.wsq,impostor,4,19,4,,False,34.991654,0
3898,stored,28,DB1_Lumidgm:28:2,DB1_Lumidgm/27_1_7.wsq,impostor,4,19,4,,False,38.057535,0
3899,stored,26,DB1_Lumidgm:26:8,DB1_Lumidgm/98_1_5.wsq,impostor,6,19,6,,False,39.630307,0
3899,derive,26,DB1_Lumidgm:26:8,DB1_Lumidgm/98_1_5.wsq,impostor,6,19,6,,False,35.829957,0
3900,derive,97,DB1_Lumidgm:97:5,DB1_Lumidgm/97_3_5.wsq,genuine,80,19,80,,True,55.771871,1210
3900,stored,97,DB1_Lumidgm:97:5,DB1_Lumidgm/97_3_5.wsq,genuine,80,19,80,,True,53.024701,1210
3901,stored,95,DB1_Lumidgm:95:9,DB1_Lumidgm/35_1_3.wsq,impostor,5,19,5,,False,40.869133,0
3901,derive,95,DB1_Lumidgm:95:9,DB1_Lumidgm/35_1_3.wsq,impostor,5,19,5,,False,38.459945,0
3902,derive,46,DB1_Lumidgm:46:7,DB1_Lumidgm/85_1_2.wsq,impostor,7,19,7,,False,37.603167,0
3902,stored,46,DB1_Lumidgm:46:7,DB1_Lumidgm/85_1_2.wsq,impostor,7,19,7,,False,37.559549,0
3903,stored,78,DB1_Lumidgm:78:1,DB1_Lumidgm/66_1_3.wsq,impostor,8,19,8,,False,39.526149,0
3903,derive,78,DB1_Lumidgm:78:1,DB1_Lumidgm/66_1_3.wsq,impostor,8,19,8,,False,37.864885,0
3904,derive,71,DB1_Lumidgm:71:3,DB1_Lumidgm/24_1_5.wsq,impostor,10,19,10,,False,32.861608,0
3904,stored,71,DB1_Lumidgm:71:3,DB1_Lumidgm/24_1_5.wsq,impostor,10,19,10,,False,33.690738,0
3905,stored,33,DB1_Lumidgm:33:3,DB1_Lumidgm/92_1_8.wsq,impostor,6,19,6,,False,38.08754,0
3905,derive,33,DB1_Lumidgm:33:3,DB1_Lumidgm/92_1_8.wsq,impostor,6,19,6,,False,42.70611,0
3906,derive,30,DB1_Lumidgm:30:3,DB1_Lumidgm/30_4_3.wsq,genuine,166,19,166,,True,58.433505,1210
3906,stored,30,DB1_Lumidgm:30:3,DB1_Lumidgm/30_4_3.wsq,genuine,166,19,166,,True,55.643388,1210
3907,stored,96,DB1_Lumidgm:96:6,DB1_Lumidgm/46_1_3.wsq,impostor,4,19,4,,False,36.601127,0
3907,derive,96,DB1_Lumidgm:96:6,DB1_Lumidgm/46_1_3.wsq,impostor,4,19,4,,False,37.969172,0
3908,derive,41,DB1_Lumidgm:41:2,DB1_Lumidgm/78_1_2.wsq,impostor,9,19,9,,False,38.663182,0
3908,stored,41,DB1_Lumidgm:41:2,DB1_Lumidgm/78_1_2.wsq,impostor,9,19,9,,False,41.571234,0
3909,stored,24,DB1_Lumidgm:24:5,DB1_Lumidgm/67_1_3.wsq,impostor,6,19,6,,False,35.865508,0
3909,derive,24,DB1_Lumidgm:24:5,DB1_Lumidgm/67_1_3.wsq,impostor,6,19,6,,False,35.905263,0
3910,derive,36,DB1_Lumidgm:36:9,DB1_Lumidgm/25_1_2.wsq,impostor,7,19,7,,False,35.977091,0
3910,stored,36,DB1_Lumidgm:36:9,DB1_Lumidgm/25_1_2.wsq,impostor,7,19,7,,False,35.001297,0
3911,stored,96,DB1_Lumidgm:96:8,DB1_Lumidgm/29_1_6.wsq,impostor,6,19,6,,False,37.115015,0
3911,derive,96,DB1_Lumidgm:96:8,DB1_Lumidgm/29_1_6.wsq,impostor,6,19,6,,False,44.726462,0
3912,derive,85,DB1_Lumidgm:85:7,DB1_Lumidgm/92_1_7.wsq,impostor,4,19,4,,False,56.859425,0
3912,stored,85,DB1_Lumidgm:85:7,DB1_Lumidgm/92_1_7.wsq,impostor,4,19,4,,False,42.651962,0
3913,stored,30,DB1_Lumidgm:30:6,DB1_Lumidgm/28_1_2.wsq,impostor,4,19,4,,False,40.793851,0
3913,derive,30,DB1_Lumidgm:30:6,DB1_Lumidgm/28_1_2.wsq,impostor,4,19,4,,False,39.381954,0
3914,derive,47,DB1_Lumidgm:47:4,DB1_Lumidgm/55_1_6.wsq,impostor,6,19,6,,False,43.559176,0
3914,stored,47,DB1_Lumidgm:47:4,DB1_Lumidgm/55_1_6.wsq,impostor,6,19,6,,False,44.288157,0
3915,stored,62,DB1_Lumidgm:62:9,DB1_Lumidgm/54_1_5.wsq,impostor,6,19,6,,False,37.169724,0
3915,derive,62,DB1_Lumidgm:62:9,DB1_Lumidgm/54_1_5.wsq,impostor,6,19,6,,False,36.541427,0
3916,derive,26,DB1_Lumidgm:26:4,DB1_Lumidgm/26_4_4.wsq,genuine,223,19,223,,True,123.888564,1210
3916,stored,26,DB1_Lumidgm:26:4,DB1_Lumidgm/26_4_4.wsq,genuine,223,19,223,,True,123.104358,1210
3917,stored,51,DB1_Lumidgm:51:4,DB1_Lumidgm/51_2_4.wsq,genuine,128,19,128,,True,50.087297,1210
3917,derive,51,DB1_Lumidgm:51:4,DB1_Lumidgm/51_2_4.wsq,genuine,128,19,128,,True,47.917764,1210
3918,derive,84,DB1_Lumidgm:84:3,DB1_Lumidgm/43_1_6.wsq,impostor,10,19,10,,False,37.778659,0
3918,stored,84,DB1_Lumidgm:84:3,DB1_Lumidgm/43_1_6.wsq,impostor,10,19,10,,False,38.587257,0
3919,stored,23,DB1_Lumidgm:23:3,DB1_Lumidgm/56_1_3.wsq,impostor,4,19,4,,False,38.135815,0
3919,derive,23,DB1_Lumidgm:23:3,DB1_Lumidgm/56_1_3.wsq,impostor,4,19,4,,False,37.406365,0
3920,derive,87,DB1_Lumidgm:87:4,DB1_Lumidgm/41_1_9.wsq,impostor,4,19,4,,False,37.252179,0
3920,stored,87,DB1_Lumidgm:87:4,DB1_Lumidgm/41_1_9.wsq,impostor,4,19,4,,False,36.695045,0
3921,stored,44,DB1_Lumidgm:44:1,DB1_Lumidgm/95_1_6.wsq,impostor,7,19,7,,False,42.690468,0
3921,derive,44,DB1_Lumidgm:44:1,DB1_Lumidgm/95_1_6.wsq,impostor,7,19,7,,False,45.366982,0
3922,derive,72,DB1_Lumidgm:72:8,DB1_Lumidgm/83_1_10.wsq,impostor,11,19,11,,False,34.222891,0
3922,stored,72,DB1_Lumidgm:72:8,DB1_Lumidgm/83_1_10.wsq,impostor,11,19,11,,False,33.198699,0
3923,stored,38,DB1_Lumidgm:38:2,DB1_Lumidgm/100_1_1.wsq,impostor,3,19,3,,False,38.641508,0
3923,derive,38,DB1_Lumidgm:38:2,DB1_Lumidgm/100_1_1.wsq,impostor,3,19,3,,False,40.3121,0
3924,derive,31,DB1_Lumidgm:31:7,DB1_Lumidgm/87_1_4.wsq,impostor,5,19,5,,False,38.509207,0
3924,stored,31,DB1_Lumidgm:31:7,DB1_Lumidgm/87_1_4.wsq,impostor,5,19,5,,False,36.244265,0
3925,stored,57,DB1_Lumidgm:57:10,DB1_Lumidgm/100_1_10.wsq,impostor,7,19,7,,False,34.911157,0
3925,derive,57,DB1_Lumidgm:57:10,DB1_Lumidgm/100_1_10.wsq,impostor,7,19,7,,False,35.576419,0
3926,derive,74,DB1_Lumidgm:74:5,DB1_Lumidgm/74_2_5.wsq,genuine,470,19,470,,True,47.313304,1210
3926,stored,74,DB1_Lumidgm:74:5,DB1_Lumidgm/74_2_5.wsq,genuine,470,19,470,,True,47.161487,1210
3927,stored,94,DB1_Lumidgm:94:6,DB1_Lumidgm/41_1_4.wsq,impostor,3,19,3,,False,41.968611,0
3927,derive,94,DB1_Lumidgm:94:6,DB1_Lumidgm/41_1_4.wsq,impostor,3,19,3,,False,42.388197,0
3928,derive,81,DB1_Lumidgm:81:1,DB1_Lumidgm/81_4_1.wsq,genuine,209,19,209,,True,49.13882,1210
3928,stored,81,DB1_Lumidgm:81:1,DB1_Lumidgm/81_4_1.wsq,genuine,209,19,209,,True,44.198427,1210
3929,stored,92,DB1_Lumidgm:92:1,DB1_Lumidgm/64_1_3.wsq,impostor,4,19,4,,False,38.02474,0
3929,derive,92,DB1_Lumidgm:92:1,DB1_Lumidgm/64_1_3.wsq,impostor,4,19,4,,False,37.448329,0
3930,derive,55,DB1_Lumidgm:55:1,DB1_Lumidgm/55_3_1.wsq,genuine,140,19,140,,True,52.414211,1210
3930,stored,55,DB1_Lumidgm:55:1,DB1_Lumidgm/55_3_1.wsq,genuine,140,19,140,,True,39.478185,1210
3931,stored,91,DB1_Lumidgm:91:2,DB1_Lumidgm/45_1_2.wsq,impostor,11,19,11,,False,36.634106,0
3931,derive,91,DB1_Lumidgm:91:2,DB1_Lumidgm/45_1_2.wsq,impostor,11,19,11,,False,36.850151,0
3932,derive,95,DB1_Lumidgm:95:10,DB1_Lumidgm/100_1_2.wsq,impostor,6,19,6,,False,39.867661,0
3932,stored,95,DB1_Lumidgm:95:10,DB1_Lumidgm/100_1_2.wsq,impostor,6,19,6,,False,38.357588,0
3933,stored,42,DB1_Lumidgm:42:6,DB1_Lumidgm/67_1_4.wsq,impostor,7,19,7,,False,35.371342,0
3933,derive,42,DB1_Lumidgm:42:6,DB1_Lumidgm/67_1_4.wsq,impostor,7,19,7,,False,33.310098,0
3934,derive,70,DB1_Lumidgm:70:6,DB1_Lumidgm/58_1_2.wsq,impostor,6,19,6,,False,44.326421,0
3934,stored,70,DB1_Lumidgm:70:6,DB1_Lumidgm/58_1_2.wsq,impostor,6,19,6,,False,44.044348,0
3935,stored,64,DB1_Lumidgm:64:8,DB1_Lumidgm/44_1_1.wsq,impostor,5,19,5,,False,38.436216,0
3935,derive,64,DB1_Lumidgm:64:8,DB1_Lumidgm/44_1_1.wsq,impostor,5,19,5,,False,38.559382,0
3936,derive,32,DB1_Lumidgm:32:6,DB1_Lumidgm/29_1_2.wsq,impostor,5,19,5,,False,37.152735,0
3936,stored,32,DB1_Lumidgm:32:6,DB1_Lumidgm/29_1_2.wsq,impostor,5,19,5,,False,36.394802,0
3937,stored,57,DB1_Lumidgm:57:4,DB1_Lumidgm/29_1_2.wsq,impostor,10,19,10,,False,37.61924,0
3937,derive,57,DB1_Lumidgm:57:4,DB1_Lumidgm/29_1_2.wsq,impostor,10,19,10,,False,39.020839,0
3938,derive,65,DB1_Lumidgm:65:7,DB1_Lumidgm/42_1_5.wsq,impostor,9,19,9,,False,35.427322,0
3938,stored,65,DB1_Lumidgm:65:7,DB1_Lumidgm/42_1_5.wsq,impostor,9,19,9,,False,37.193612,0
3939,stored,50,DB1_Lumidgm:50:7,DB1_Lumidgm/50_1_5.wsq,impostor,6,19,6,,False,37.440258,0
3939,derive,50,DB1_Lumidgm:50:7,DB1_Lumidgm/50_1_5.wsq,impostor,6,19,6,,False,37.39043,0
3940,derive,57,DB1_Lumidgm:57:8,DB1_Lumidgm/99_1_6.wsq,impostor,5,19,5,,False,38.28458,0
3940,stored,57,DB1_Lumidgm:57:8,DB1_Lumidgm/99_1_6.wsq,impostor,5,19,5,,False,36.183982,0
3941,stored,69,DB1_Lumidgm:69:5,DB1_Lumidgm/34_1_1.wsq,impostor,12,19,12,,False,37.408722,0
3941,derive,69,DB1_Lumidgm:69:5,DB1_Lumidgm/34_1_1.wsq,impostor,12,19,12,,False,38.954481,0
3942,derive,74,DB1_Lumidgm:74:4,DB1_Lumidgm/100_1_9.wsq,impostor,6,19,6,,False,36.640183,0
3942,stored,74,DB1_Lumidgm:74:4,DB1_Lumidgm/100_1_9.wsq,impostor,6,19,6,,False,36.790305,0
3943,stored,65,DB1_Lumidgm:65:6,DB1_Lumidgm/65_2_6.wsq,genuine,12,19,12,,False,45.801034,0
3943,derive,65,DB1_Lumidgm:65:6,DB1_Lumidgm/65_2_6.wsq,genuine,12,19,12,,False,44.347119,0
3944,derive,69,DB1_Lumidgm:69:9,DB1_Lumidgm/72_1_4.wsq,impostor,12,19,12,,False,36.432396,0
3944,stored,69,DB1_Lumidgm:69:9,DB1_Lumidgm/72_1_4.wsq,impostor,12,19,12,,False,35.35862,0
3945,stored,33,DB1_Lumidgm:33:10,DB1_Lumidgm/26_1_10.wsq,impostor,8,19,8,,False,35.072641,0
3945,derive,33,DB1_Lumidgm:33:10,DB1_Lumidgm/26_1_10.wsq,impostor,8,19,8,,False,34.433632,0
3946,derive,46,DB1_Lumidgm:46:5,DB1_Lumidgm/54_1_10.wsq,impostor,9,19,9,,False,36.023164,0
3946,stored,46,DB1_Lumidgm:46:5,DB1_Lumidgm/54_1_10.wsq,impostor,9,19,9,,False,36.057956,0
3947,stored,71,DB1_Lumidgm:71:5,DB1_Lumidgm/28_1_2.wsq,impostor,5,19,5,,False,36.418145,0
3947,derive,71,DB1_Lumidgm:71:5,DB1_Lumidgm/28_1_2.wsq,impostor,5,19,5,,False,36.969489,0
3948,derive,78,DB1_Lumidgm:78:2,DB1_Lumidgm/84_1_6.wsq,impostor,6,19,6,,False,37.005795,0
3948,stored,78,DB1_Lumidgm:78:2,DB1_Lumidgm/84_1_6.wsq,impostor,6,19,6,,False,37.965644,0
3949,stored,25,DB1_Lumidgm:25:4,DB1_Lumidgm/71_1_8.wsq,impostor,7,19,7,,False,35.76229,0
3949,derive,25,DB1_Lumidgm:25:4,DB1_Lumidgm/71_1_8.wsq,impostor,7,19,7,,False,36.094883,0
3950,derive,82,DB1_Lumidgm:82:10,DB1_Lumidgm/97_1_5.wsq,impostor,12,19,12,,False,36.850374,0
3950,stored,82,DB1_Lumidgm:82:10,DB1_Lumidgm/97_1_5.wsq,impostor,12,19,12,,False,38.351516,0
3951,stored,31,DB1_Lumidgm:31:8,DB1_Lumidgm/45_1_9.wsq,impostor,5,19,5,,False,38.265434,0
3951,derive,31,DB1_Lumidgm:31:8,DB1_Lumidgm/45_1_9.wsq,impostor,5,19,5,,False,37.663896,0
3952,derive,41,DB1_Lumidgm:41:5,DB1_Lumidgm/46_1_10.wsq,impostor,6,19,6,,False,38.341569,0
3952,stored,41,DB1_Lumidgm:41:5,DB1_Lumidgm/46_1_10.wsq,impostor,6,19,6,,False,36.843016,0
3953,stored,71,DB1_Lumidgm:71:1,DB1_Lumidgm/30_1_4.wsq,impostor,11,19,11,,False,36.713055,0
3953,derive,71,DB1_Lumidgm:71:1,DB1_Lumidgm/30_1_4.wsq,impostor,11,19,11,,False,35.985176,0
3954,derive,64,DB1_Lumidgm:64:9,DB1_Lumidgm/56_1_5.wsq,impostor,3,19,3,,False,34.36534,0
3954,stored,64,DB1_Lumidgm:64:9,DB1_Lumidgm/56_1_5.wsq,impostor,3,19,3,,False,34.423075,0
3955,stored,89,DB1_Lumidgm:89:9,DB1_Lumidgm/76_1_3.wsq,impostor,10,19,10,,False,39.650723,0
3955,derive,89,DB1_Lumidgm:89:9,DB1_Lumidgm/76_1_3.wsq,impostor,10,19,10,,False,39.476875,0
3956,derive,78,DB1_Lumidgm:78:7,DB1_Lumidgm/78_4_7.wsq,genuine,88,19,88,,True,51.228538,1210
3956,stored,78,DB1_Lumidgm:78:7,DB1_Lumidgm/78_4_7.wsq,genuine,88,19,88,,True,43.784,1210
3957,stored,63,DB1_Lumidgm:63:10,DB1_Lumidgm/78_1_6.wsq,impostor,5,19,5,,False,41.897462,0
3957,derive,63,DB1_Lumidgm:63:10,DB1_Lumidgm/78_1_6.wsq,impostor,5,19,5,,False,59.623196,0
3958,derive,67,DB1_Lumidgm:67:7,DB1_Lumidgm/92_1_3.wsq,impostor,5,19,5,,False,43.926872,0
3958,stored,67,DB1_Lumidgm:67:7,DB1_Lumidgm/92_1_3.wsq,impostor,5,19,5,,False,41.077514,0
3959,stored,96,DB1_Lumidgm:96:7,DB1_Lumidgm/73_1_9.wsq,impostor,3,19,3,,False,35.605964,0
3959,derive,96,DB1_Lumidgm:96:7,DB1_Lumidgm/73_1_9.wsq,impostor,3,19,3,,False,35.971555,0
3960,derive,59,DB1_Lumidgm:59:8,DB1_Lumidgm/21_1_5.wsq,impostor,6,19,6,,False,38.115735,0
3960,stored,59,DB1_Lumidgm:59:8,DB1_Lumidgm/21_1_5.wsq,impostor,6,19,6,,False,39.775508,0
3961,stored,45,DB1_Lumidgm:45:8,DB1_Lumidgm/85_1_8.wsq,impostor,8,19,8,,False,36.577268,0
3961,derive,45,DB1_Lumidgm:45:8,DB1_Lumidgm/85_1_8.wsq,impostor,8,19,8,,False,39.815191,0
3962,derive,70,DB1_Lumidgm:70:9,DB1_Lumidgm/81_1_10.wsq,impostor,15,19,15,,False,35.889273,0
3962,stored,70,DB1_Lumidgm:70:9,DB1_Lumidgm/81_1_10.wsq,impostor,15,19,15,,False,36.483771,0
3963,stored,58,DB1_Lumidgm:58:10,DB1_Lumidgm/99_1_9.wsq,impostor,4,19,4,,False,35.55864,0
3963,derive,58,DB1_Lumidgm:58:10,DB1_Lumidgm/99_1_9.wsq,impostor,4,19,4,,False,36.009668,0
3964,derive,75,DB1_Lumidgm:75:4,DB1_Lumidgm/26_1_5.wsq,impostor,6,19,6,,False,34.047001,0
3964,stored,75,DB1_Lumidgm:75:4,DB1_Lumidgm/26_1_5.wsq,impostor,6,19,6,,False,34.05019,0
3965,stored,87,DB1_Lumidgm:87:6,DB1_Lumidgm/56_1_3.wsq,impostor,7,19,7,,False,36.790991,0
3965,derive,87,DB1_Lumidgm:87:6,DB1_Lumidgm/56_1_3.wsq,impostor,7,19,7,,False,37.892639,0
3966,derive,64,DB1_Lumidgm:64:9,DB1_Lumidgm/97_1_7.wsq,impostor,9,19,9,,False,37.22153,0
3966,stored,64,DB1_Lumidgm:64:9,DB1_Lumidgm/97_1_7.wsq,impostor,9,19,9,,False,37.957567,0
3967,stored,87,DB1_Lumidgm:87:6,DB1_Lumidgm/34_1_5.wsq,impostor,6,19,6,,False,35.182936,0
3967,derive,87,DB1_Lumidgm:87:6,DB1_Lumidgm/34_1_5.wsq,impostor,6,19,6,,False,34.678838,0
3968,derive,81,DB1_Lumidgm:81:4,DB1_Lumidgm/83_1_10.wsq,impostor,4,19,4,,False,33.242787,0
3968,stored,81,DB1_Lumidgm:81:4,DB1_Lumidgm/83_1_10.wsq,impostor,4,19,4,,False,33.277265,0
3969,stored,22,DB1_Lumidgm:22:5,DB1_Lumidgm/68_1_1.wsq,impostor,7,19,7,,False,37.29821,0
3969,derive,22,DB1_Lumidgm:22:5,DB1_Lumidgm/68_1_1.wsq,impostor,7,19,7,,False,38.018647,0
3970,derive,76,DB1_Lumidgm:76:8,DB1_Lumidgm/54_1_5.wsq,impostor,7,19,7,,False,34.881934,0
3970,stored,76,DB1_Lumidgm:76:8,DB1_Lumidgm/54_1_5.wsq,impostor,7,19,7,,False,36.097123,0
3971,stored,75,DB1_Lumidgm:75:5,DB1_Lumidgm/94_1_5.wsq,impostor,3,19,3,,False,40.212903,0
3971,derive,75,DB1_Lumidgm:75:5,DB1_Lumidgm/94_1_5.wsq,impostor,3,19,3,,False,41.674544,0
3972,derive,51,DB1_Lumidgm:51:7,DB1_Lumidgm/51_2_7.wsq,genuine,131,19,131,,True,51.45523,1210
3972,stored,51,DB1_Lumidgm:51:7,DB1_Lumidgm/51_2_7.wsq,genuine,131,19,131,,True,46.235346,1210
3973,stored,44,DB1_Lumidgm:44:2,DB1_Lumidgm/40_1_4.wsq,impostor,15,19,15,,False,36.979977,0
3973,derive,44,DB1_Lumidgm:44:2,DB1_Lumidgm/40_1_4.wsq,impostor,15,19,15,,False,37.645854,0
3974,derive,74,DB1_Lumidgm:74:3,DB1_Lumidgm/94_1_1.wsq,impostor,3,19,3,,False,42.244961,0
3974,stored,74,DB1_Lumidgm:74:3,DB1_Lumidgm/94_1_1.wsq,impostor,3,19,3,,False,41.829219,0
3975,stored,29,DB1_Lumidgm:29:3,DB1_Lumidgm/60_1_5.wsq,impostor,8,19,8,,False,35.539998,0
3975,derive,29,DB1_Lumidgm:29:3,DB1_Lumidgm/60_1_5.wsq,impostor,8,19,8,,False,36.908728,0
3976,derive,47,DB1_Lumidgm:47:6,DB1_Lumidgm/79_1_2.wsq,impostor,6,19,6,,False,35.758692,0
3976,stored,47,DB1_Lumidgm:47:6,DB1_Lumidgm/79_1_2.wsq,impostor,6,19,6,,False,35.288077,0
3977,stored,42,DB1_Lumidgm:42:8,DB1_Lumidgm/89_1_4.wsq,impostor,6,19,6,,False,48.645847,0
3977,derive,42,DB1_Lumidgm:42:8,DB1_Lumidgm/89_1_4.wsq,impostor,6,19,6,,False,49.740008,0
3978,derive,69,DB1_Lumidgm:69:1,DB1_Lumidgm/94_1_6.wsq,impostor,5,19,5,,False,38.595561,0
3978,stored,69,DB1_Lumidgm:69:1,DB1_Lumidgm/94_1_6.wsq,impostor,5,19,5,,False,39.841326,0
3979,stored,83,DB1_Lumidgm:83:2,DB1_Lumidgm/25_1_6.wsq,impostor,5,19,5,,False,37.152465,0
3979,derive,83,DB1_Lumidgm:83:2,DB1_Lumidgm/25_1_6.wsq,impostor,5,19,5,,False,35.87969,0
3980,derive,86,DB1_Lumidgm:86:7,DB1_Lumidgm/45_1_4.wsq,impostor,10,19,10,,False,36.686438,0
3980,stored,86,DB1_Lumidgm:86:7,DB1_Lumidgm/45_1_4.wsq,impostor,10,19,10,,False,36.878395,0
3981,stored,45,DB1_Lumidgm:45:7,DB1_Lumidgm/28_1_2.wsq,impostor,5,19,5,,False,39.511697,0
3981,derive,45,DB1_Lumidgm:45:7,DB1_Lumidgm/28_1_2.wsq,impostor,5,19,5,,False,40.700487,0
3982,derive,37,DB1_Lumidgm:37:6,DB1_Lumidgm/99_1_7.wsq,impostor,13,19,13,,False,36.738695,0
3982,stored,37,DB1_Lumidgm:37:6,DB1_Lumidgm/99_1_7.wsq,impostor,13,19,13,,False,36.639551,0
3983,stored,47,DB1_Lumidgm:47:6,DB1_Lumidgm/74_1_1.wsq,impostor,6,19,6,,False,40.350502,0
3983,derive,47,DB1_Lumidgm:47:6,DB1_Lumidgm/74_1_1.wsq,impostor,6,19,6,,False,37.086083,0
3984,derive,26,DB1_Lumidgm:26:5,DB1_Lumidgm/42_1_10.wsq,impostor,3,19,3,,False,36.243823,0
3984,stored,26,DB1_Lumidgm:26:5,DB1_Lumidgm/42_1_10.wsq,impostor,3,19,3,,False,36.667667,0
3985,stored,57,DB1_Lumidgm:57:5,DB1_Lumidgm/51_1_10.wsq,impostor,8,19,8,,False,33.125259,0
3985,derive,57,DB1_Lumidgm:57:5,DB1_Lumidgm/51_1_10.wsq,impostor,8,19,8,,False,33.296109,0
3986,derive,80,DB1_Lumidgm:80:3,DB1_Lumidgm/64_1_3.wsq,impostor,4,19,4,,False,37.101614,0
3986,stored,80,DB1_Lumidgm:80:3,DB1_Lumidgm/64_1_3.wsq,impostor,4,19,4,,False,37.426345,0
3987,stored,71,DB1_Lumidgm:71:4,DB1_Lumidgm/45_1_4.wsq,impostor,11,19,11,,False,37.063267,0
3987,derive,71,DB1_Lumidgm:71:4,DB1_Lumidgm/45_1_4.wsq,impostor,11,19,11,,False,37.514068,0
3988,derive,84,DB1_Lumidgm:84:8,DB1_Lumidgm/78_1_6.wsq,impostor,5,19,5,,False,35.293634,0
3988,stored,84,DB1_Lumidgm:84:8,DB1_Lumidgm/78_1_6.wsq,impostor,5,19,5,,False,36.030001,0
3989,stored,67,DB1_Lumidgm:67:5,DB1_Lumidgm/67_3_5.wsq,genuine,89,19,89,,True,43.129792,1210
3989,derive,67,DB1_Lumidgm:67:5,DB1_Lumidgm/67_3_5.wsq,genuine,89,19,89,,True,36.032706,1210
3990,derive,26,DB1_Lumidgm:26:3,DB1_Lumidgm/27_1_6.wsq,impostor,8,19,8,,False,39.036872,0
3990,stored,26,DB1_Lumidgm:26:3,DB1_Lumidgm/27_1_6.wsq,impostor,8,19,8,,False,38.213532,0
3991,stored,67,DB1_Lumidgm:67:4,DB1_Lumidgm/21_1_4.wsq,impostor,9,19,9,,False,37.654607,0
3991,derive,67,DB1_Lumidgm:67:4,DB1_Lumidgm/21_1_4.wsq,impostor,9,19,9,,False,37.321435,0
3992,derive,89,DB1_Lumidgm:89:2,DB1_Lumidgm/80_1_2.wsq,impostor,6,19,6,,False,34.750573,0
3992,stored,89,DB1_Lumidgm:89:2,DB1_Lumidgm/80_1_2.wsq,impostor,6,19,6,,False,35.288852,0
3993,stored,34,DB1_Lumidgm:34:9,DB1_Lumidgm/75_1_9.wsq,impostor,3,19,3,,False,32.444943,0
3993,derive,34,DB1_Lumidgm:34:9,DB1_Lumidgm/75_1_9.wsq,impostor,3,19,3,,False,33.277869,0
3994,derive,79,DB1_Lumidgm:79:8,DB1_Lumidgm/79_4_8.wsq,genuine,55,19,55,,True,53.245147,1210
3994,stored,79,DB1_Lumidgm:79:8,DB1_Lumidgm/79_4_8.wsq,genuine,55,19,55,,True,46.152808,1210
3995,stored,86,DB1_Lumidgm:86:6,DB1_Lumidgm/48_1_1.wsq,impostor,4,19,4,,False,38.059678,0
3995,derive,86,DB1_Lumidgm:86:6,DB1_Lumidgm/48_1_1.wsq,impostor,4,19,4,,False,37.175015,0
3996,derive,94,DB1_Lumidgm:94:7,DB1_Lumidgm/30_1_3.wsq,impostor,7,19,7,,False,37.339933,0
3996,stored,94,DB1_Lumidgm:94:7,DB1_Lumidgm/30_1_3.wsq,impostor,7,19,7,,False,39.509102,0
3997,stored,48,DB1_Lumidgm:48:1,DB1_Lumidgm/52_1_10.wsq,impostor,7,19,7,,False,35.335453,0
3997,derive,48,DB1_Lumidgm:48:1,DB1_Lumidgm/52_1_10.wsq,impostor,7,19,7,,False,34.6629,0
3998,derive,45,DB1_Lumidgm:45:6,DB1_Lumidgm/72_1_4.wsq,impostor,11,19,11,,False,35.925916,0
3998,stored,45,DB1_Lumidgm:45:6,DB1_Lumidgm/72_1_4.wsq,impostor,11,19,11,,False,35.331053,0
3999,stored,62,DB1_Lumidgm:62:10,DB1_Lumidgm/63_1_6.wsq,impostor,5,19,5,,False,36.624458,0
3999,derive,62,DB1_Lumidgm:62:10,DB1_Lumidgm/63_1_6.wsq,impostor,5,19,5,,False,37.037827,0
4000,derive,48,DB1_Lumidgm:48:3,DB1_Lumidgm/26_1_3.wsq,impostor,5,19,5,,False,36.93159,0
4000,stored,48,DB1_Lumidgm:48:3,DB1_Lumidgm/26_1_3.wsq,impostor,5,19,5,,False,39.694391,0
4001,stored,43,DB1_Lumidgm:43:2,DB1_Lumidgm/33_1_3.wsq,impostor,10,19,10,,False,40.099629,0
4001,derive,43,DB1_Lumidgm:43:2,DB1_Lumidgm/33_1_3.wsq,impostor,10,19,10,,False,36.35045,0
4002,derive,52,DB1_Lumidgm:52:6,DB1_Lumidgm/44_1_2.wsq,impostor,7,19,7,,False,37.414119,0
4002,stored,52,DB1_Lumidgm:52:6,DB1_Lumidgm/44_1_2.wsq,impostor,7,19,7,,False,36.97506,0
4003,stored,58,DB1_Lumidgm:58:5,DB1_Lumidgm/94_1_2.wsq,impostor,14,19,14,,False,41.201874,0
4003,derive,58,DB1_Lumidgm:58:5,DB1_Lumidgm/94_1_2.wsq,impostor,14,19,14,,False,40.265598,0
4004,derive,76,DB1_Lumidgm:76:2,DB1_Lumidgm/66_1_8.wsq,impostor,5,19,5,,False,39.97388,0
4004,stored,76,DB1_Lumidgm:76:2,DB1_Lumidgm/66_1_8.wsq,impostor,5,19,5,,False,37.276147,0
4005,stored,83,DB1_Lumidgm:83:4,DB1_Lumidgm/53_1_4.wsq,impostor,16,19,16,,False,37.958939,0
4005,derive,83,DB1_Lumidgm:83:4,DB1_Lumidgm/53_1_4.wsq,impostor,16,19,16,,False,40.207933,0
4006,derive,80,DB1_Lumidgm:80:8,DB1_Lumidgm/95_1_4.wsq,impostor,4,19,4,,False,42.647779,0
4006,stored,80,DB1_Lumidgm:80:8,DB1_Lumidgm/95_1_4.wsq,impostor,4,19,4,,False,37.48602,0
4007,stored,35,DB1_Lumidgm:35:10,DB1_Lumidgm/64_1_8.wsq,impostor,5,19,5,,False,37.26608,0
4007,derive,35,DB1_Lumidgm:35:10,DB1_Lumidgm/64_1_8.wsq,impostor,5,19,5,,False,35.89459,0
4008,derive,51,DB1_Lumidgm:51:9,DB1_Lumidgm/66_1_6.wsq,impostor,6,19,6,,False,38.277504,0
4008,stored,51,DB1_Lumidgm:51:9,DB1_Lumidgm/66_1_6.wsq,impostor,6,19,6,,False,36.773752,0
4009,stored,30,DB1_Lumidgm:30:7,DB1_Lumidgm/87_1_9.wsq,impostor,6,19,6,,False,38.781226,0
4009,derive,30,DB1_Lumidgm:30:7,DB1_Lumidgm/87_1_9.wsq,impostor,6,19,6,,False,37.237745,0
4010,derive,62,DB1_Lumidgm:62:6,DB1_Lumidgm/62_3_6.wsq,genuine,90,19,90,,True,74.219918,1210
4010,stored,62,DB1_Lumidgm:62:6,DB1_Lumidgm/62_3_6.wsq,genuine,90,19,90,,True,68.961154,1210
4011,stored,98,DB1_Lumidgm:98:9,DB1_Lumidgm/60_1_5.wsq,impostor,8,19,8,,False,36.129924,0
4011,derive,98,DB1_Lumidgm:98:9,DB1_Lumidgm/60_1_5.wsq,impostor,8,19,8,,False,36.799363,0
4012,derive,99,DB1_Lumidgm:99:5,DB1_Lumidgm/84_1_8.wsq,impostor,10,19,10,,False,38.615818,0
4012,stored,99,DB1_Lumidgm:99:5,DB1_Lumidgm/84_1_8.wsq,impostor,10,19,10,,False,38.438358,0
4013,stored,58,DB1_Lumidgm:58:1,DB1_Lumidgm/36_1_6.wsq,impostor,8,19,8,,False,39.994118,0
4013,derive,58,DB1_Lumidgm:58:1,DB1_Lumidgm/36_1_6.wsq,impostor,8,19,8,,False,38.52574,0
4014,derive,95,DB1_Lumidgm:95:6,DB1_Lumidgm/95_4_6.wsq,genuine,29,19,29,,True,39.596881,1210
4014,stored,95,DB1_Lumidgm:95:6,DB1_Lumidgm/95_4_6.wsq,genuine,29,19,29,,True,38.02736,1210
4015,stored,39,DB1_Lumidgm:39:1,DB1_Lumidgm/29_1_1.wsq,impostor,10,19,10,,False,39.985234,0
4015,derive,39,DB1_Lumidgm:39:1,DB1_Lumidgm/29_1_1.wsq,impostor,10,19,10,,False,39.140782,0
4016,derive,40,DB1_Lumidgm:40:9,DB1_Lumidgm/40_2_9.wsq,genuine,89,19,89,,True,53.639743,1210
4016,stored,40,DB1_Lumidgm:40:9,DB1_Lumidgm/40_2_9.wsq,genuine,89,19,89,,True,42.765357,1210
4017,stored,55,DB1_Lumidgm:55:2,DB1_Lumidgm/100_1_3.wsq,impostor,6,19,6,,False,38.502281,0
4017,derive,55,DB1_Lumidgm:55:2,DB1_Lumidgm/100_1_3.wsq,impostor,6,19,6,,False,37.258104,0
4018,derive,98,DB1_Lumidgm:98:7,DB1_Lumidgm/57_1_6.wsq,impostor,6,19,6,,False,39.59997,0
4018,stored,98,DB1_Lumidgm:98:7,DB1_Lumidgm/57_1_6.wsq,impostor,6,19,6,,False,39.400529,0
4019,stored,38,DB1_Lumidgm:38:2,DB1_Lumidgm/95_1_9.wsq,impostor,6,19,6,,False,48.06264,0
4019,derive,38,DB1_Lumidgm:38:2,DB1_Lumidgm/95_1_9.wsq,impostor,6,19,6,,False,44.216451,0
4020,derive,57,DB1_Lumidgm:57:3,DB1_Lumidgm/82_1_8.wsq,impostor,5,19,5,,False,36.948076,0
4020,stored,57,DB1_Lumidgm:57:3,DB1_Lumidgm/82_1_8.wsq,impostor,5,19,5,,False,35.268848,0
4021,stored,73,DB1_Lumidgm:73:1,DB1_Lumidgm/48_1_4.wsq,impostor,4,19,4,,False,38.380937,0
4021,derive,73,DB1_Lumidgm:73:1,DB1_Lumidgm/48_1_4.wsq,impostor,4,19,4,,False,40.42726,0
4022,derive,96,DB1_Lumidgm:96:9,DB1_Lumidgm/96_3_9.wsq,genuine,179,19,179,,True,52.061773,1210
4022,stored,96,DB1_Lumidgm:96:9,DB1_Lumidgm/96_3_9.wsq,genuine,179,19,179,,True,44.298225,1210
4023,stored,89,DB1_Lumidgm:89:2,DB1_Lumidgm/26_1_4.wsq,impostor,7,19,7,,False,39.082035,0
4023,derive,89,DB1_Lumidgm:89:2,DB1_Lumidgm/26_1_4.wsq,impostor,7,19,7,,False,37.72296,0
4024,derive,21,DB1_Lumidgm:21:8,DB1_Lumidgm/66_1_4.wsq,impostor,7,19,7,,False,36.232916,0
4024,stored,21,DB1_Lumidgm:21:8,DB1_Lumidgm/66_1_4.wsq,impostor,7,19,7,,False,37.031329,0
4025,stored,86,DB1_Lumidgm:86:7,DB1_Lumidgm/49_1_6.wsq,impostor,4,19,4,,False,41.351887,0
4025,derive,86,DB1_Lumidgm:86:7,DB1_Lumidgm/49_1_6.wsq,impostor,4,19,4,,False,38.487705,0
4026,derive,85,DB1_Lumidgm:85:1,DB1_Lumidgm/63_1_10.wsq,impostor,8,19,8,,False,37.41443,0
4026,stored,85,DB1_Lumidgm:85:1,DB1_Lumidgm/63_1_10.wsq,impostor,8,19,8,,False,35.572266,0
4027,stored,93,DB1_Lumidgm:93:6,DB1_Lumidgm/93_2_6.wsq,genuine,68,19,68,,True,44.462363,1210
4027,derive,93,DB1_Lumidgm:93:6,DB1_Lumidgm/93_2_6.wsq,genuine,68,19,68,,True,43.497416,1210
4028,derive,36,DB1_Lumidgm:36:9,DB1_Lumidgm/48_1_6.wsq,impostor,8,19,8,,False,38.831628,0
4028,stored,36,DB1_Lumidgm:36:9,DB1_Lumidgm/48_1_6.wsq,impostor,8,19,8,,False,39.66176,0
4029,stored,37,DB1_Lumidgm:37:8,DB1_Lumidgm/100_1_2.wsq,impostor,5,19,5,,False,38.446811,0
4029,derive,37,DB1_Lumidgm:37:8,DB1_Lumidgm/100_1_2.wsq,impostor,5,19,5,,False,38.720444,0
4030,derive,25,DB1_Lumidgm:25:7,DB1_Lumidgm/99_1_5.wsq,impostor,6,19,6,,False,36.105002,0
4030,stored,25,DB1_Lumidgm:25:7,DB1_Lumidgm/99_1_5.wsq,impostor,6,19,6,,False,35.852248,0
4031,stored,56,DB1_Lumidgm:56:5,DB1_Lumidgm/32_1_10.wsq,impostor,6,19,6,,False,35.500618,0
4031,derive,56,DB1_Lumidgm:56:5,DB1_Lumidgm/32_1_10.wsq,impostor,6,19,6,,False,34.902486,0
4032,derive,65,DB1_Lumidgm:65:10,DB1_Lumidgm/55_1_1.wsq,impostor,3,19,3,,False,37.782321,0
4032,stored,65,DB1_Lumidgm:65:10,DB1_Lumidgm/55_1_1.wsq,impostor,3,19,3,,False,37.668906,0
4033,stored,44,DB1_Lumidgm:44:1,DB1_Lumidgm/42_1_2.wsq,impostor,7,19,7,,False,36.319774,0
4033,derive,44,DB1_Lumidgm:44:1,DB1_Lumidgm/42_1_2.wsq,impostor,7,19,7,,False,36.193221,0
4034,derive,62,DB1_Lumidgm:62:7,DB1_Lumidgm/74_1_3.wsq,impostor,4,19,4,,False,38.68432,0
4034,stored,62,DB1_Lumidgm:62:7,DB1_Lumidgm/74_1_3.wsq,impostor,4,19,4,,False,37.160428,0
4035,stored,33,DB1_Lumidgm:33:6,DB1_Lumidgm/57_1_10.wsq,impostor,6,19,6,,False,37.122041,0
4035,derive,33,DB1_Lumidgm:33:6,DB1_Lumidgm/57_1_10.wsq,impostor,6,19,6,,False,35.369133,0
4036,derive,65,DB1_Lumidgm:65:4,DB1_Lumidgm/27_1_4.wsq,impostor,12,19,12,,False,38.162789,0
4036,stored,65,DB1_Lumidgm:65:4,DB1_Lumidgm/27_1_4.wsq,impostor,12,19,12,,False,38.224893,0
4037,stored,57,DB1_Lumidgm:57:8,DB1_Lumidgm/64_1_6.wsq,impostor,8,19,8,,False,38.348161,0
4037,derive,57,DB1_Lumidgm:57:8,DB1_Lumidgm/64_1_6.wsq,impostor,8,19,8,,False,38.809366,0
4038,derive,48,DB1_Lumidgm:48:10,DB1_Lumidgm/51_1_5.wsq,impostor,6,19,6,,False,36.076214,0
4038,stored,48,DB1_Lumidgm:48:10,DB1_Lumidgm/51_1_5.wsq,impostor,6,19,6,,False,36.245972,0
4039,stored,95,DB1_Lumidgm:95:2,DB1_Lumidgm/58_1_4.wsq,impostor,6,19,6,,False,43.498164,0
4039,derive,95,DB1_Lumidgm:95:2,DB1_Lumidgm/58_1_4.wsq,impostor,6,19,6,,False,42.306851,0
4040,derive,42,DB1_Lumidgm:42:2,DB1_Lumidgm/27_1_8.wsq,impostor,6,19,6,,False,36.572578,0
4040,stored,42,DB1_Lumidgm:42:2,DB1_Lumidgm/27_1_8.wsq,impostor,6,19,6,,False,36.931072,0
4041,stored,100,DB1_Lumidgm:100:9,DB1_Lumidgm/82_1_1.wsq,impostor,9,19,9,,False,39.0647,0
4041,derive,100,DB1_Lumidgm:100:9,DB1_Lumidgm/82_1_1.wsq,impostor,9,19,9,,False,39.061478,0
4042,derive,87,DB1_Lumidgm:87:4,DB1_Lumidgm/95_1_10.wsq,impostor,4,19,4,,False,41.739184,0
4042,stored,87,DB1_Lumidgm:87:4,DB1_Lumidgm/95_1_10.wsq,impostor,4,19,4,,False,42.514754,0
4043,stored,39,DB1_Lumidgm:39:2,DB1_Lumidgm/96_1_8.wsq,impostor,5,19,5,,False,35.760354,0
4043,derive,39,DB1_Lumidgm:39:2,DB1_Lumidgm/96_1_8.wsq,impostor,5,19,5,,False,36.927897,0
4044,derive,77,DB1_Lumidgm:77:10,DB1_Lumidgm/92_1_9.wsq,impostor,4,19,4,,False,45.015574,0
4044,stored,77,DB1_Lumidgm:77:10,DB1_Lumidgm/92_1_9.wsq,impostor,4,19,4,,False,42.514128,0
4045,stored,64,DB1_Lumidgm:64:10,DB1_Lumidgm/64_3_10.wsq,genuine,50,19,50,,True,41.631535,1211
4045,derive,64,DB1_Lumidgm:64:10,DB1_Lumidgm/64_3_10.wsq,genuine,50,19,50,,True,39.43696,1211
4046,derive,50,DB1_Lumidgm:50:10,DB1_Lumidgm/31_1_8.wsq,impostor,9,19,9,,False,37.919949,0
4046,stored,50,DB1_Lumidgm:50:10,DB1_Lumidgm/31_1_8.wsq,impostor,9,19,9,,False,38.398671,0
4047,stored,30,DB1_Lumidgm:30:7,DB1_Lumidgm/83_1_9.wsq,impostor,4,19,4,,False,35.588327,0
4047,derive,30,DB1_Lumidgm:30:7,DB1_Lumidgm/83_1_9.wsq,impostor,4,19,4,,False,34.38928,0
4048,derive,54,DB1_Lumidgm:54:6,DB1_Lumidgm/54_3_6.wsq,genuine,160,19,160,,True,53.318101,1210
4048,stored,54,DB1_Lumidgm:54:6,DB1_Lumidgm/54_3_6.wsq,genuine,160,19,160,,True,52.586619,1210
4049,stored,51,DB1_Lumidgm:51:5,DB1_Lumidgm/94_1_6.wsq,impostor,5,19,5,,False,38.921207,0
4049,derive,51,DB1_Lumidgm:51:5,DB1_Lumidgm/94_1_6.wsq,impostor,5,19,5,,False,39.060973,0
4050,derive,66,DB1_Lumidgm:66:10,DB1_Lumidgm/96_1_5.wsq,impostor,5,19,5,,False,34.202222,0
4050,stored,66,DB1_Lumidgm:66:10,DB1_Lumidgm/96_1_5.wsq,impostor,5,19,5,,False,33.861632,0
4051,stored,66,DB1_Lumidgm:66:10,DB1_Lumidgm/26_1_9.wsq,impostor,7,19,7,,False,38.227445,0
4051,derive,66,DB1_Lumidgm:66:10,DB1_Lumidgm/26_1_9.wsq,impostor,7,19,7,,False,37.089487,0
4052,derive,89,DB1_Lumidgm:89:6,DB1_Lumidgm/57_1_9.wsq,impostor,10,19,10,,False,39.457232,0
4052,stored,89,DB1_Lumidgm:89:6,DB1_Lumidgm/57_1_9.wsq,impostor,10,19,10,,False,41.30824,0
4053,stored,31,DB1_Lumidgm:31:5,DB1_Lumidgm/79_1_7.wsq,impostor,6,19,6,,False,38.504345,0
4053,derive,31,DB1_Lumidgm:31:5,DB1_Lumidgm/79_1_7.wsq,impostor,6,19,6,,False,38.283965,0
4054,derive,49,DB1_Lumidgm:49:1,DB1_Lumidgm/49_2_1.wsq,genuine,72,19,72,,True,71.596888,1210
4054,stored,49,DB1_Lumidgm:49:1,DB1_Lumidgm/49_2_1.wsq,genuine,72,19,72,,True,70.845678,1210
4055,stored,56,DB1_Lumidgm:56:6,DB1_Lumidgm/45_1_4.wsq,impostor,11,19,11,,False,38.490724,0
4055,derive,56,DB1_Lumidgm:56:6,DB1_Lumidgm/45_1_4.wsq,impostor,11,19,11,,False,37.768639,0
4056,derive,42,DB1_Lumidgm:42:1,DB1_Lumidgm/96_1_7.wsq,impostor,5,19,5,,False,36.922394,0
4056,stored,42,DB1_Lumidgm:42:1,DB1_Lumidgm/96_1_7.wsq,impostor,5,19,5,,False,35.484295,0
4057,stored,71,DB1_Lumidgm:71:8,DB1_Lumidgm/49_1_10.wsq,impostor,14,19,14,,False,34.31278,0
4057,derive,71,DB1_Lumidgm:71:8,DB1_Lumidgm/49_1_10.wsq,impostor,14,19,14,,False,33.441329,0
4058,derive,65,DB1_Lumidgm:65:8,DB1_Lumidgm/45_1_8.wsq,impostor,7,19,7,,False,38.792153,0
4058,stored,65,DB1_Lumidgm:65:8,DB1_Lumidgm/45_1_8.wsq,impostor,7,19,7,,False,39.580883,0
4059,stored,94,DB1_Lumidgm:94:2,DB1_Lumidgm/68_1_5.wsq,impostor,5,19,5,,False,32.636012,0
4059,derive,94,DB1_Lumidgm:94:2,DB1_Lumidgm/68_1_5.wsq,impostor,5,19,5,,False,33.029805,0
4060,derive,61,DB1_Lumidgm:61:5,DB1_Lumidgm/79_1_4.wsq,impostor,6,19,6,,False,37.617828,0
4060,stored,61,DB1_Lumidgm:61:5,DB1_Lumidgm/79_1_4.wsq,impostor,6,19,6,,False,37.44233,0
4061,stored,88,DB1_Lumidgm:88:1,DB1_Lumidgm/88_2_1.wsq,genuine,78,19,78,,True,46.421019,1210
4061,derive,88,DB1_Lumidgm:88:1,DB1_Lumidgm/88_2_1.wsq,genuine,78,19,78,,True,45.275211,1210
4062,derive,43,DB1_Lumidgm:43:3,DB1_Lumidgm/69_1_5.wsq,impostor,5,19,5,,False,32.949088,0
4062,stored,43,DB1_Lumidgm:43:3,DB1_Lumidgm/69_1_5.wsq,impostor,5,19,5,,False,32.505499,0
4063,stored,37,DB1_Lumidgm:37:1,DB1_Lumidgm/94_1_5.wsq,impostor,6,19,6,,False,40.684206,0
4063,derive,37,DB1_Lumidgm:37:1,DB1_Lumidgm/94_1_5.wsq,impostor,6,19,6,,False,40.680494,0
4064,derive,55,DB1_Lumidgm:55:6,DB1_Lumidgm/55_2_6.wsq,genuine,69,19,69,,True,41.463465,1210
4064,stored,55,DB1_Lumidgm:55:6,DB1_Lumidgm/55_2_6.wsq,genuine,69,19,69,,True,38.768305,1210
4065,stored,27,DB1_Lumidgm:27:7,DB1_Lumidgm/27_2_7.wsq,genuine,200,19,200,,True,45.743386,1210
4065,derive,27,DB1_Lumidgm:27:7,DB1_Lumidgm/27_2_7.wsq,genuine,200,19,200,,True,43.982812,1210
4066,derive,63,DB1_Lumidgm:63:3,DB1_Lumidgm/39_1_3.wsq,impostor,9,19,9,,False,38.027751,0
4066,stored,63,DB1_Lumidgm:63:3,DB1_Lumidgm/39_1_3.wsq,impostor,9,19,9,,False,36.108185,0
4067,stored,59,DB1_Lumidgm:59:1,DB1_Lumidgm/59_4_1.wsq,genuine,66,19,66,,True,41.782576,1210
4067,derive,59,DB1_Lumidgm:59:1,DB1_Lumidgm/59_4_1.wsq,genuine,66,19,66,,True,40.4703,1210
4068,derive,93,DB1_Lumidgm:93:2,DB1_Lumidgm/31_1_4.wsq,impostor,6,19,6,,False,38.91989,0
4068,stored,93,DB1_Lumidgm:93:2,DB1_Lumidgm/31_1_4.wsq,impostor,6,19,6,,False,39.159852,0
4069,stored,78,DB1_Lumidgm:78:2,DB1_Lumidgm/45_1_6.wsq,impostor,9,19,9,,False,39.161787,0
4069,derive,78,DB1_Lumidgm:78:2,DB1_Lumidgm/45_1_6.wsq,impostor,9,19,9,,False,38.697988,0
4070,derive,86,DB1_Lumidgm:86:1,DB1_Lumidgm/23_1_5.wsq,impostor,5,19,5,,False,32.445499,0
4070,stored,86,DB1_Lumidgm:86:1,DB1_Lumidgm/23_1_5.wsq,impostor,5,19,5,,False,31.956812,0
4071,stored,27,DB1_Lumidgm:27:5,DB1_Lumidgm/34_1_2.wsq,impostor,6,19,6,,False,38.295898,0
4071,derive,27,DB1_Lumidgm:27:5,DB1_Lumidgm/34_1_2.wsq,impostor,6,19,6,,False,36.287747,0
4072,derive,97,DB1_Lumidgm:97:8,DB1_Lumidgm/97_1_2.wsq,impostor,5,19,5,,False,36.213586,0
4072,stored,97,DB1_Lumidgm:97:8,DB1_Lumidgm/97_1_2.wsq,impostor,5,19,5,,False,35.763738,0
4073,stored,83,DB1_Lumidgm:83:1,DB1_Lumidgm/34_1_1.wsq,impostor,5,19,5,,False,39.947082,0
4073,derive,83,DB1_Lumidgm:83:1,DB1_Lumidgm/34_1_1.wsq,impostor,5,19,5,,False,37.384632,0
4074,derive,86,DB1_Lumidgm:86:4,DB1_Lumidgm/45_1_6.wsq,impostor,9,19,9,,False,39.12585,0
4074,stored,86,DB1_Lumidgm:86:4,DB1_Lumidgm/45_1_6.wsq,impostor,9,19,9,,False,39.931007,0
4075,stored,87,DB1_Lumidgm:87:9,DB1_Lumidgm/23_1_2.wsq,impostor,5,19,5,,False,38.726968,0
4075,derive,87,DB1_Lumidgm:87:9,DB1_Lumidgm/23_1_2.wsq,impostor,5,19,5,,False,37.181992,0
4076,derive,42,DB1_Lumidgm:42:8,DB1_Lumidgm/29_1_6.wsq,impostor,17,19,17,,False,39.964023,0
4076,stored,42,DB1_Lumidgm:42:8,DB1_Lumidgm/29_1_6.wsq,impostor,17,19,17,,False,38.339214,0
4077,stored,75,DB1_Lumidgm:75:7,DB1_Lumidgm/23_1_8.wsq,impostor,11,19,11,,False,35.354329,0
4077,derive,75,DB1_Lumidgm:75:7,DB1_Lumidgm/23_1_8.wsq,impostor,11,19,11,,False,35.060981,0
4078,derive,84,DB1_Lumidgm:84:3,DB1_Lumidgm/84_4_3.wsq,genuine,55,19,55,,True,55.107104,1210
4078,stored,84,DB1_Lumidgm:84:3,DB1_Lumidgm/84_4_3.wsq,genuine,55,19,55,,True,42.295479,1210
4079,stored,78,DB1_Lumidgm:78:2,DB1_Lumidgm/58_1_6.wsq,impostor,5,19,5,,False,44.128906,0
4079,derive,78,DB1_Lumidgm:78:2,DB1_Lumidgm/58_1_6.wsq,impostor,5,19,5,,False,43.141438,0
4080,derive,66,DB1_Lumidgm:66:2,DB1_Lumidgm/86_1_7.wsq,impostor,5,19,5,,False,37.107033,0
4080,stored,66,DB1_Lumidgm:66:2,DB1_Lumidgm/86_1_7.wsq,impostor,5,19,5,,False,37.925353,0
4081,stored,66,DB1_Lumidgm:66:10,DB1_Lumidgm/66_2_10.wsq,genuine,41,19,41,,True,37.771159,1211
4081,derive,66,DB1_Lumidgm:66:10,DB1_Lumidgm/66_2_10.wsq,genuine,41,19,41,,True,38.949431,1211
4082,derive,33,DB1_Lumidgm:33:1,DB1_Lumidgm/36_1_7.wsq,impostor,6,19,6,,False,35.260106,0
4082,stored,33,DB1_Lumidgm:33:1,DB1_Lumidgm/36_1_7.wsq,impostor,6,19,6,,False,35.508445,0
4083,stored,47,DB1_Lumidgm:47:7,DB1_Lumidgm/95_1_5.wsq,impostor,8,19,8,,False,39.763098,0
4083,derive,47,DB1_Lumidgm:47:7,DB1_Lumidgm/95_1_5.wsq,impostor,8,19,8,,False,39.639487,0
4084,derive,49,DB1_Lumidgm:49:6,DB1_Lumidgm/66_1_6.wsq,impostor,9,19,9,,False,37.365709,0
4084,stored,49,DB1_Lumidgm:49:6,DB1_Lumidgm/66_1_6.wsq,impostor,9,19,9,,False,37.988178,0
4085,stored,87,DB1_Lumidgm:87:10,DB1_Lumidgm/35_1_4.wsq,impostor,6,19,6,,False,51.645869,0
4085,derive,87,DB1_Lumidgm:87:10,DB1_Lumidgm/35_1_4.wsq,impostor,6,19,6,,False,41.926888,0
4086,derive,82,DB1_Lumidgm:82:7,DB1_Lumidgm/76_1_8.wsq,impostor,12,19,12,,False,40.717373,0
4086,stored,82,DB1_Lumidgm:82:7,DB1_Lumidgm/76_1_8.wsq,impostor,12,19,12,,False,41.318225,0
4087,stored,80,DB1_Lumidgm:80:6,DB1_Lumidgm/35_1_3.wsq,impostor,3,19,3,,False,47.881153,0
4087,derive,80,DB1_Lumidgm:80:6,DB1_Lumidgm/35_1_3.wsq,impostor,3,19,3,,False,41.778755,0
4088,derive,36,DB1_Lumidgm:36:7,DB1_Lumidgm/36_3_7.wsq,genuine,86,19,86,,True,38.80049,1210
4088,stored,36,DB1_Lumidgm:36:7,DB1_Lumidgm/36_3_7.wsq,genuine,86,19,86,,True,38.07837,1210
4089,stored,61,DB1_Lumidgm:61:4,DB1_Lumidgm/91_1_10.wsq,impostor,4,19,4,,False,41.830653,0
4089,derive,61,DB1_Lumidgm:61:4,DB1_Lumidgm/91_1_10.wsq,impostor,4,19,4,,False,42.642635,0
4090,derive,97,DB1_Lumidgm:97:2,DB1_Lumidgm/66_1_9.wsq,impostor,14,19,14,,False,36.659425,0
4090,stored,97,DB1_Lumidgm:97:2,DB1_Lumidgm/66_1_9.wsq,impostor,14,19,14,,False,36.15599,0
4091,stored,70,DB1_Lumidgm:70:4,DB1_Lumidgm/89_1_6.wsq,impostor,8,19,8,,False,46.180183,0
4091,derive,70,DB1_Lumidgm:70:4,DB1_Lumidgm/89_1_6.wsq,impostor,8,19,8,,False,45.715505,0
4092,derive,73,DB1_Lumidgm:73:4,DB1_Lumidgm/53_1_10.wsq,impostor,4,19,4,,False,36.114725,0
4092,stored,73,DB1_Lumidgm:73:4,DB1_Lumidgm/53_1_10.wsq,impostor,4,19,4,,False,36.024766,0
4093,stored,86,DB1_Lumidgm:86:7,DB1_Lumidgm/35_1_9.wsq,impostor,5,19,5,,False,37.943019,0
4093,derive,86,DB1_Lumidgm:86:7,DB1_Lumidgm/35_1_9.wsq,impostor,5,19,5,,False,36.2708,0
4094,derive,94,DB1_Lumidgm:94:1,DB1_Lumidgm/73_1_1.wsq,impostor,7,19,7,,False,36.964122,0
4094,stored,94,DB1_Lumidgm:94:1,DB1_Lumidgm/73_1_1.wsq,impostor,7,19,7,,False,37.367626,0
4095,stored,53,DB1_Lumidgm:53:4,DB1_Lumidgm/93_1_4.wsq,impostor,6,19,6,,False,43.083885,0
4095,derive,53,DB1_Lumidgm:53:4,DB1_Lumidgm/93_1_4.wsq,impostor,6,19,6,,False,43.585501,0
4096,derive,40,DB1_Lumidgm:40:7,DB1_Lumidgm/21_1_7.wsq,impostor,5,19,5,,False,40.239604,0
4096,stored,40,DB1_Lumidgm:40:7,DB1_Lumidgm/21_1_7.wsq,impostor,5,19,5,,False,39.429929,0
4097,stored,70,DB1_Lumidgm:70:10,DB1_Lumidgm/63_1_1.wsq,impostor,8,19,8,,False,37.678193,0
4097,derive,70,DB1_Lumidgm:70:10,DB1_Lumidgm/63_1_1.wsq,impostor,8,19,8,,False,37.547236,0
4098,derive,68,DB1_Lumidgm:68:2,DB1_Lumidgm/100_1_9.wsq,impostor,19,19,19,,True,37.5508,1210
4098,stored,68,DB1_Lumidgm:68:2,DB1_Lumidgm/100_1_9.wsq,impostor,19,19,19,,True,37.391474,1210
4099,stored,66,DB1_Lumidgm:66:8,DB1_Lumidgm/25_1_2.wsq,impostor,4,19,4,,False,36.285006,0
4099,derive,66,DB1_Lumidgm:66:8,DB1_Lumidgm/25_1_2.wsq,impostor,4,19,4,,False,36.211449,0
4100,derive,74,DB1_Lumidgm:74:8,DB1_Lumidgm/45_1_6.wsq,impostor,9,19,9,,False,37.877108,0
4100,stored,74,DB1_Lumidgm:74:8,DB1_Lumidgm/45_1_6.wsq,impostor,9,19,9,,False,37.527681,0
4101,stored,30,DB1_Lumidgm:30:9,DB1_Lumidgm/73_1_5.wsq,impostor,7,19,7,,False,38.015351,0
4101,derive,30,DB1_Lumidgm:30:9,DB1_Lumidgm/73_1_5.wsq,impostor,7,19,7,,False,36.907948,0
4102,derive,100,DB1_Lumidgm:100:5,DB1_Lumidgm/80_1_9.wsq,impostor,6,19,6,,False,46.32449,0
4102,stored,100,DB1_Lumidgm:100:5,DB1_Lumidgm/80_1_9.wsq,impostor,6,19,6,,False,36.856265,0
4103,stored,78,DB1_Lumidgm:78:2,DB1_Lumidgm/34_1_8.wsq,impostor,5,19,5,,False,38.067277,0
4103,derive,78,DB1_Lumidgm:78:2,DB1_Lumidgm/34_1_8.wsq,impostor,5,19,5,,False,39.123481,0
4104,derive,89,DB1_Lumidgm:89:4,DB1_Lumidgm/43_1_3.wsq,impostor,7,19,7,,False,38.278817,0
4104,stored,89,DB1_Lumidgm:89:4,DB1_Lumidgm/43_1_3.wsq,impostor,7,19,7,,False,38.022898,0
4105,stored,64,DB1_Lumidgm:64:4,DB1_Lumidgm/60_1_8.wsq,impostor,5,19,5,,False,36.768121,0
4105,derive,64,DB1_Lumidgm:64:4,DB1_Lumidgm/60_1_8.wsq,impostor,5,19,5,,False,36.552316,0
4106,derive,36,DB1_Lumidgm:36:10,DB1_Lumidgm/79_1_3.wsq,impostor,5,19,5,,False,36.205358,0
4106,stored,36,DB1_Lumidgm:36:10,DB1_Lumidgm/79_1_3.wsq,impostor,5,19,5,,False,38.184728,0
4107,stored,23,DB1_Lumidgm:23:5,DB1_Lumidgm/83_1_2.wsq,impostor,4,19,4,,False,36.319931,0
4107,derive,23,DB1_Lumidgm:23:5,DB1_Lumidgm/83_1_2.wsq,impostor,4,19,4,,False,36.717519,0
4108,derive,93,DB1_Lumidgm:93:8,DB1_Lumidgm/73_1_3.wsq,impostor,6,19,6,,False,41.273897,0
4108,stored,93,DB1_Lumidgm:93:8,DB1_Lumidgm/73_1_3.wsq,impostor,6,19,6,,False,40.157299,0
4109,stored,33,DB1_Lumidgm:33:1,DB1_Lumidgm/44_1_1.wsq,impostor,10,19,10,,False,39.115673,0
4109,derive,33,DB1_Lumidgm:33:1,DB1_Lumidgm/44_1_1.wsq,impostor,10,19,10,,False,39.110461,0
4110,derive,75,DB1_Lumidgm:75:2,DB1_Lumidgm/43_1_9.wsq,impostor,9,19,9,,False,40.89702,0
4110,stored,75,DB1_Lumidgm:75:2,DB1_Lumidgm/43_1_9.wsq,impostor,9,19,9,,False,40.284653,0
4111,stored,81,DB1_Lumidgm:81:8,DB1_Lumidgm/45_1_6.wsq,impostor,7,19,7,,False,39.001652,0
4111,derive,81,DB1_Lumidgm:81:8,DB1_Lumidgm/45_1_6.wsq,impostor,7,19,7,,False,37.790686,0
4112,derive,87,DB1_Lumidgm:87:2,DB1_Lumidgm/75_1_1.wsq,impostor,7,19,7,,False,36.618922,0
4112,stored,87,DB1_Lumidgm:87:2,DB1_Lumidgm/75_1_1.wsq,impostor,7,19,7,,False,35.832324,0
4113,stored,97,DB1_Lumidgm:97:5,DB1_Lumidgm/38_1_6.wsq,impostor,8,19,8,,False,37.305804,0
4113,derive,97,DB1_Lumidgm:97:5,DB1_Lumidgm/38_1_6.wsq,impostor,8,19,8,,False,36.981042,0
4114,derive,57,DB1_Lumidgm:57:1,DB1_Lumidgm/85_1_6.wsq,impostor,8,19,8,,False,38.757918,0
4114,stored,57,DB1_Lumidgm:57:1,DB1_Lumidgm/85_1_6.wsq,impostor,8,19,8,,False,37.928512,0
4115,stored,53,DB1_Lumidgm:53:3,DB1_Lumidgm/53_3_3.wsq,genuine,162,19,162,,True,49.758592,1210
4115,derive,53,DB1_Lumidgm:53:3,DB1_Lumidgm/53_3_3.wsq,genuine,162,19,162,,True,47.326569,1210
4116,derive,42,DB1_Lumidgm:42:5,DB1_Lumidgm/28_1_6.wsq,impostor,4,19,4,,False,41.580298,0
4116,stored,42,DB1_Lumidgm:42:5,DB1_Lumidgm/28_1_6.wsq,impostor,4,19,4,,False,38.580127,0
4117,stored,88,DB1_Lumidgm:88:5,DB1_Lumidgm/46_1_5.wsq,impostor,5,19,5,,False,34.336649,0
4117,derive,88,DB1_Lumidgm:88:5,DB1_Lumidgm/46_1_5.wsq,impostor,5,19,5,,False,34.029588,0
4118,derive,70,DB1_Lumidgm:70:2,DB1_Lumidgm/31_1_4.wsq,impostor,5,19,5,,False,41.099206,0
4118,stored,70,DB1_Lumidgm:70:2,DB1_Lumidgm/31_1_4.wsq,impostor,5,19,5,,False,37.908442,0
4119,stored,83,DB1_Lumidgm:83:5,DB1_Lumidgm/83_1_7.wsq,impostor,8,19,8,,False,34.691933,0
4119,derive,83,DB1_Lumidgm:83:5,DB1_Lumidgm/83_1_7.wsq,impostor,8,19,8,,False,35.147573,0
4120,derive,41,DB1_Lumidgm:41:4,DB1_Lumidgm/45_1_5.wsq,impostor,9,19,9,,False,36.039138,0
4120,stored,41,DB1_Lumidgm:41:4,DB1_Lumidgm/45_1_5.wsq,impostor,9,19,9,,False,36.743105,0
4121,stored,91,DB1_Lumidgm:91:10,DB1_Lumidgm/22_1_1.wsq,impostor,5,19,5,,False,37.135741,0
4121,derive,91,DB1_Lumidgm:91:10,DB1_Lumidgm/22_1_1.wsq,impostor,5,19,5,,False,36.75541,0
4122,derive,45,DB1_Lumidgm:45:7,DB1_Lumidgm/52_1_8.wsq,impostor,5,19,5,,False,39.087841,0
4122,stored,45,DB1_Lumidgm:45:7,DB1_Lumidgm/52_1_8.wsq,impostor,5,19,5,,False,38.571354,0
4123,stored,44,DB1_Lumidgm:44:10,DB1_Lumidgm/37_1_2.wsq,impostor,5,19,5,,False,35.676659,0
4123,derive,44,DB1_Lumidgm:44:10,DB1_Lumidgm/37_1_2.wsq,impostor,5,19,5,,False,37.102266,0
4124,derive,65,DB1_Lumidgm:65:1,DB1_Lumidgm/40_1_1.wsq,impostor,13,19,13,,False,42.967436,0
4124,stored,65,DB1_Lumidgm:65:1,DB1_Lumidgm/40_1_1.wsq,impostor,13,19,13,,False,39.847741,0
4125,stored,23,DB1_Lumidgm:23:5,DB1_Lumidgm/50_1_2.wsq,impostor,10,19,10,,False,39.604243,0
4125,derive,23,DB1_Lumidgm:23:5,DB1_Lumidgm/50_1_2.wsq,impostor,10,19,10,,False,44.666683,0
4126,derive,51,DB1_Lumidgm:51:8,DB1_Lumidgm/99_1_10.wsq,impostor,11,19,11,,False,36.367149,0
4126,stored,51,DB1_Lumidgm:51:8,DB1_Lumidgm/99_1_10.wsq,impostor,11,19,11,,False,37.638275,0
4127,stored,26,DB1_Lumidgm:26:9,DB1_Lumidgm/88_1_10.wsq,impostor,8,19,8,,False,38.566837,0
4127,derive,26,DB1_Lumidgm:26:9,DB1_Lumidgm/88_1_10.wsq,impostor,8,19,8,,False,38.841849,0
4128,derive,40,DB1_Lumidgm:40:3,DB1_Lumidgm/40_4_3.wsq,genuine,22,19,22,,True,43.187169,1210
4128,stored,40,DB1_Lumidgm:40:3,DB1_Lumidgm/40_4_3.wsq,genuine,22,19,22,,True,36.852388,1210
4129,stored,38,DB1_Lumidgm:38:8,DB1_Lumidgm/58_1_10.wsq,impostor,8,19,8,,False,41.611088,0
4129,derive,38,DB1_Lumidgm:38:8,DB1_Lumidgm/58_1_10.wsq,impostor,8,19,8,,False,42.266183,0
4130,derive,30,DB1_Lumidgm:30:10,DB1_Lumidgm/91_1_5.wsq,impostor,5,19,5,,False,38.664764,0
4130,stored,30,DB1_Lumidgm:30:10,DB1_Lumidgm/91_1_5.wsq,impostor,5,19,5,,False,38.086738,0
4131,stored,54,DB1_Lumidgm:54:1,DB1_Lumidgm/27_1_10.wsq,impostor,5,19,5,,False,36.00502,0
4131,derive,54,DB1_Lumidgm:54:1,DB1_Lumidgm/27_1_10.wsq,impostor,5,19,5,,False,36.067371,0
4132,derive,93,DB1_Lumidgm:93:7,DB1_Lumidgm/99_1_8.wsq,impostor,6,19,6,,False,39.371038,0
4132,stored,93,DB1_Lumidgm:93:7,DB1_Lumidgm/99_1_8.wsq,impostor,6,19,6,,False,38.359108,0
4133,stored,43,DB1_Lumidgm:43:6,DB1_Lumidgm/30_1_2.wsq,impostor,4,19,4,,False,35.61865,0
4133,derive,43,DB1_Lumidgm:43:6,DB1_Lumidgm/30_1_2.wsq,impostor,4,19,4,,False,43.764666,0
4134,derive,45,DB1_Lumidgm:45:5,DB1_Lumidgm/91_1_8.wsq,impostor,8,19,8,,False,42.733706,0
4134,stored,45,DB1_Lumidgm:45:5,DB1_Lumidgm/91_1_8.wsq,impostor,8,19,8,,False,42.620585,0
4135,stored,98,DB1_Lumidgm:98:2,DB1_Lumidgm/77_1_5.wsq,impostor,8,19,8,,False,33.905372,0
4135,derive,98,DB1_Lumidgm:98:2,DB1_Lumidgm/77_1_5.wsq,impostor,8,19,8,,False,34.160653,0
4136,derive,94,DB1_Lumidgm:94:9,DB1_Lumidgm/50_1_5.wsq,impostor,6,19,6,,False,36.983568,0
4136,stored,94,DB1_Lumidgm:94:9,DB1_Lumidgm/50_1_5.wsq,impostor,6,19,6,,False,38.318769,0
4137,stored,43,DB1_Lumidgm:43:7,DB1_Lumidgm/88_1_5.wsq,impostor,5,19,5,,False,45.639161,0
4137,derive,43,DB1_Lumidgm:43:7,DB1_Lumidgm/88_1_5.wsq,impostor,5,19,5,,False,41.570468,0
4138,derive,31,DB1_Lumidgm:31:8,DB1_Lumidgm/31_3_8.wsq,genuine,65,19,65,,True,58.673143,1210
4138,stored,31,DB1_Lumidgm:31:8,DB1_Lumidgm/31_3_8.wsq,genuine,65,19,65,,True,52.473053,1210
4139,stored,95,DB1_Lumidgm:95:5,DB1_Lumidgm/62_1_5.wsq,impostor,8,19,8,,False,49.707605,0
4139,derive,95,DB1_Lumidgm:95:5,DB1_Lumidgm/62_1_5.wsq,impostor,8,19,8,,False,47.816632,0
4140,derive,59,DB1_Lumidgm:59:8,DB1_Lumidgm/31_1_9.wsq,impostor,7,19,7,,False,37.220901,0
4140,stored,59,DB1_Lumidgm:59:8,DB1_Lumidgm/31_1_9.wsq,impostor,7,19,7,,False,39.023048,0
4141,stored,65,DB1_Lumidgm:65:7,DB1_Lumidgm/30_1_10.wsq,impostor,6,19,6,,False,34.325702,0
4141,derive,65,DB1_Lumidgm:65:7,DB1_Lumidgm/30_1_10.wsq,impostor,6,19,6,,False,33.691571,0
4142,derive,45,DB1_Lumidgm:45:6,DB1_Lumidgm/45_2_6.wsq,genuine,104,19,104,,True,48.022954,1210
4142,stored,45,DB1_Lumidgm:45:6,DB1_Lumidgm/45_2_6.wsq,genuine,104,19,104,,True,47.02505,1210
4143,stored,54,DB1_Lumidgm:54:8,DB1_Lumidgm/85_1_2.wsq,impostor,8,19,8,,False,37.878241,0
4143,derive,54,DB1_Lumidgm:54:8,DB1_Lumidgm/85_1_2.wsq,impostor,8,19,8,,False,37.459241,0
4144,derive,78,DB1_Lumidgm:78:7,DB1_Lumidgm/27_1_9.wsq,impostor,7,19,7,,False,38.023274,0
4144,stored,78,DB1_Lumidgm:78:7,DB1_Lumidgm/27_1_9.wsq,impostor,7,19,7,,False,38.863079,0
4145,stored,36,DB1_Lumidgm:36:4,DB1_Lumidgm/69_1_7.wsq,impostor,14,19,14,,False,38.546887,0
4145,derive,36,DB1_Lumidgm:36:4,DB1_Lumidgm/69_1_7.wsq,impostor,14,19,14,,False,38.743734,0
4146,derive,97,DB1_Lumidgm:97:1,DB1_Lumidgm/97_2_1.wsq,genuine,22,19,22,,True,39.540156,1210
4146,stored,97,DB1_Lumidgm:97:1,DB1_Lumidgm/97_2_1.wsq,genuine,22,19,22,,True,38.763333,1210
4147,stored,51,DB1_Lumidgm:51:8,DB1_Lumidgm/94_1_4.wsq,impostor,5,19,5,,False,43.887941,0
4147,derive,51,DB1_Lumidgm:51:8,DB1_Lumidgm/94_1_4.wsq,impostor,5,19,5,,False,44.699558,0
4148,derive,37,DB1_Lumidgm:37:7,DB1_Lumidgm/88_1_9.wsq,impostor,4,19,4,,False,52.16939,0
4148,stored,37,DB1_Lumidgm:37:7,DB1_Lumidgm/88_1_9.wsq,impostor,4,19,4,,False,44.6067,0
4149,stored,75,DB1_Lumidgm:75:9,DB1_Lumidgm/68_1_2.wsq,impostor,8,19,8,,False,36.472357,0
4149,derive,75,DB1_Lumidgm:75:9,DB1_Lumidgm/68_1_2.wsq,impostor,8,19,8,,False,36.690288,0
4150,derive,92,DB1_Lumidgm:92:4,DB1_Lumidgm/86_1_6.wsq,impostor,7,19,7,,False,38.93683,0
4150,stored,92,DB1_Lumidgm:92:4,DB1_Lumidgm/86_1_6.wsq,impostor,7,19,7,,False,38.092018,0
4151,stored,29,DB1_Lumidgm:29:2,DB1_Lumidgm/26_1_2.wsq,impostor,3,19,3,,False,35.652005,0
4151,derive,29,DB1_Lumidgm:29:2,DB1_Lumidgm/26_1_2.wsq,impostor,3,19,3,,False,37.363422,0
4152,derive,33,DB1_Lumidgm:33:5,DB1_Lumidgm/33_3_5.wsq,genuine,30,19,30,,True,36.858579,1210
4152,stored,33,DB1_Lumidgm:33:5,DB1_Lumidgm/33_3_5.wsq,genuine,30,19,30,,True,41.603972,1210
4153,stored,96,DB1_Lumidgm:96:8,DB1_Lumidgm/93_1_8.wsq,impostor,6,19,6,,False,41.758528,0
4153,derive,96,DB1_Lumidgm:96:8,DB1_Lumidgm/93_1_8.wsq,impostor,6,19,6,,False,41.948739,0
4154,derive,42,DB1_Lumidgm:42:1,DB1_Lumidgm/42_3_1.wsq,genuine,110,19,110,,True,52.439097,1210
4154,stored,42,DB1_Lumidgm:42:1,DB1_Lumidgm/42_3_1.wsq,genuine,110,19,110,,True,51.007286,1210
4155,stored,26,DB1_Lumidgm:26:8,DB1_Lumidgm/39_1_1.wsq,impostor,8,19,8,,False,38.16003,0
4155,derive,26,DB1_Lumidgm:26:8,DB1_Lumidgm/39_1_1.wsq,impostor,8,19,8,,False,37.005974,0
4156,derive,34,DB1_Lumidgm:34:5,DB1_Lumidgm/38_1_8.wsq,impostor,8,19,8,,False,37.680787,0
4156,stored,34,DB1_Lumidgm:34:5,DB1_Lumidgm/38_1_8.wsq,impostor,8,19,8,,False,36.62941,0
4157,stored,93,DB1_Lumidgm:93:6,DB1_Lumidgm/93_3_6.wsq,genuine,45,19,45,,True,43.6081,1210
4157,derive,93,DB1_Lumidgm:93:6,DB1_Lumidgm/93_3_6.wsq,genuine,45,19,45,,True,41.938396,1210
4158,derive,64,DB1_Lumidgm:64:7,DB1_Lumidgm/85_1_7.wsq,impostor,7,19,7,,False,37.234171,0
4158,stored,64,DB1_Lumidgm:64:7,DB1_Lumidgm/85_1_7.wsq,impostor,7,19,7,,False,36.451725,0
4159,stored,65,DB1_Lumidgm:65:7,DB1_Lumidgm/61_1_1.wsq,impostor,9,19,9,,False,38.678478,0
4159,derive,65,DB1_Lumidgm:65:7,DB1_Lumidgm/61_1_1.wsq,impostor,9,19,9,,False,40.496719,0
4160,derive,48,DB1_Lumidgm:48:6,DB1_Lumidgm/69_1_3.wsq,impostor,5,19,5,,False,35.271078,0
4160,stored,48,DB1_Lumidgm:48:6,DB1_Lumidgm/69_1_3.wsq,impostor,5,19,5,,False,35.299379,0
4161,stored,59,DB1_Lumidgm:59:5,DB1_Lumidgm/21_1_4.wsq,impostor,13,19,13,,False,37.403738,0
4161,derive,59,DB1_Lumidgm:59:5,DB1_Lumidgm/21_1_4.wsq,impostor,13,19,13,,False,36.122894,0
4162,derive,40,DB1_Lumidgm:40:4,DB1_Lumidgm/55_1_1.wsq,impostor,5,19,5,,False,37.38419,0
4162,stored,40,DB1_Lumidgm:40:4,DB1_Lumidgm/55_1_1.wsq,impostor,5,19,5,,False,36.96999,0
4163,stored,41,DB1_Lumidgm:41:5,DB1_Lumidgm/41_2_5.wsq,genuine,128,19,128,,True,50.409099,1210
4163,derive,41,DB1_Lumidgm:41:5,DB1_Lumidgm/41_2_5.wsq,genuine,128,19,128,,True,45.311491,1210
4164,derive,87,DB1_Lumidgm:87:3,DB1_Lumidgm/23_1_8.wsq,impostor,11,19,11,,False,34.85022,0
4164,stored,87,DB1_Lumidgm:87:3,DB1_Lumidgm/23_1_8.wsq,impostor,11,19,11,,False,35.281004,0
4165,stored,81,DB1_Lumidgm:81:5,DB1_Lumidgm/83_1_4.wsq,impostor,15,19,15,,False,37.784445,0
4165,derive,81,DB1_Lumidgm:81:5,DB1_Lumidgm/83_1_4.wsq,impostor,15,19,15,,False,38.818305,0
4166,derive,26,DB1_Lumidgm:26:4,DB1_Lumidgm/34_1_7.wsq,impostor,5,19,5,,False,44.383599,0
4166,stored,26,DB1_Lumidgm:26:4,DB1_Lumidgm/34_1_7.wsq,impostor,5,19,5,,False,40.455748,0
4167,stored,33,DB1_Lumidgm:33:5,DB1_Lumidgm/90_1_8.wsq,impostor,5,19,5,,False,38.493237,0
4167,derive,33,DB1_Lumidgm:33:5,DB1_Lumidgm/90_1_8.wsq,impostor,5,19,5,,False,40.622637,0
4168,derive,73,DB1_Lumidgm:73:6,DB1_Lumidgm/27_1_4.wsq,impostor,7,19,7,,False,36.976091,0
4168,stored,73,DB1_Lumidgm:73:6,DB1_Lumidgm/27_1_4.wsq,impostor,7,19,7,,False,37.095678,0
4169,stored,23,DB1_Lumidgm:23:7,DB1_Lumidgm/86_1_8.wsq,impostor,4,19,4,,False,37.576322,0
4169,derive,23,DB1_Lumidgm:23:7,DB1_Lumidgm/86_1_8.wsq,impostor,4,19,4,,False,38.590607,0
4170,derive,69,DB1_Lumidgm:69:10,DB1_Lumidgm/30_1_5.wsq,impostor,8,19,8,,False,36.07746,0
4170,stored,69,DB1_Lumidgm:69:10,DB1_Lumidgm/30_1_5.wsq,impostor,8,19,8,,False,36.060916,0
4171,stored,41,DB1_Lumidgm:41:5,DB1_Lumidgm/67_1_1.wsq,impostor,7,19,7,,False,35.737916,0
4171,derive,41,DB1_Lumidgm:41:5,DB1_Lumidgm/67_1_1.wsq,impostor,7,19,7,,False,36.07169,0
4172,derive,33,DB1_Lumidgm:33:5,DB1_Lumidgm/57_1_3.wsq,impostor,6,19,6,,False,39.147135,0
4172,stored,33,DB1_Lumidgm:33:5,DB1_Lumidgm/57_1_3.wsq,impostor,6,19,6,,False,37.359297,0
4173,stored,53,DB1_Lumidgm:53:10,DB1_Lumidgm/40_1_2.wsq,impostor,5,19,5,,False,38.506753,0
4173,derive,53,DB1_Lumidgm:53:10,DB1_Lumidgm/40_1_2.wsq,impostor,5,19,5,,False,39.571612,0
4174,derive,83,DB1_Lumidgm:83:5,DB1_Lumidgm/100_1_7.wsq,impostor,13,19,13,,False,42.475519,0
4174,stored,83,DB1_Lumidgm:83:5,DB1_Lumidgm/100_1_7.wsq,impostor,13,19,13,,False,39.133395,0
4175,stored,83,DB1_Lumidgm:83:1,DB1_Lumidgm/45_1_10.wsq,impostor,4,19,4,,False,39.947597,0
4175,derive,83,DB1_Lumidgm:83:1,DB1_Lumidgm/45_1_10.wsq,impostor,4,19,4,,False,37.10291,0
4176,derive,99,DB1_Lumidgm:99:5,DB1_Lumidgm/26_1_10.wsq,impostor,13,19,13,,False,35.90764,0
4176,stored,99,DB1_Lumidgm:99:5,DB1_Lumidgm/26_1_10.wsq,impostor,13,19,13,,False,38.315285,0
4177,stored,24,DB1_Lumidgm:24:3,DB1_Lumidgm/24_3_3.wsq,genuine,175,19,175,,True,50.004149,1210
4177,derive,24,DB1_Lumidgm:24:3,DB1_Lumidgm/24_3_3.wsq,genuine,175,19,175,,True,49.094171,1210
4178,derive,100,DB1_Lumidgm:100:4,DB1_Lumidgm/63_1_7.wsq,impostor,5,19,5,,False,36.057803,0
4178,stored,100,DB1_Lumidgm:100:4,DB1_Lumidgm/63_1_7.wsq,impostor,5,19,5,,False,34.70918,0
4179,stored,87,DB1_Lumidgm:87:10,DB1_Lumidgm/31_1_6.wsq,impostor,9,19,9,,False,44.635551,0
4179,derive,87,DB1_Lumidgm:87:10,DB1_Lumidgm/31_1_6.wsq,impostor,9,19,9,,False,43.132484,0
4180,derive,61,DB1_Lumidgm:61:5,DB1_Lumidgm/55_1_6.wsq,impostor,5,19,5,,False,39.580454,0
4180,stored,61,DB1_Lumidgm:61:5,DB1_Lumidgm/55_1_6.wsq,impostor,5,19,5,,False,37.425212,0
4181,stored,21,DB1_Lumidgm:21:5,DB1_Lumidgm/21_2_5.wsq,genuine,51,19,51,,True,38.401629,1210
4181,derive,21,DB1_Lumidgm:21:5,DB1_Lumidgm/21_2_5.wsq,genuine,51,19,51,,True,37.128983,1210
4182,derive,22,DB1_Lumidgm:22:3,DB1_Lumidgm/61_1_9.wsq,impostor,11,19,11,,False,40.613165,0
4182,stored,22,DB1_Lumidgm:22:3,DB1_Lumidgm/61_1_9.wsq,impostor,11,19,11,,False,39.991632,0
4183,stored,51,DB1_Lumidgm:51:9,DB1_Lumidgm/60_1_4.wsq,impostor,6,19,6,,False,39.516256,0
4183,derive,51,DB1_Lumidgm:51:9,DB1_Lumidgm/60_1_4.wsq,impostor,6,19,6,,False,38.290401,0
4184,derive,72,DB1_Lumidgm:72:10,DB1_Lumidgm/61_1_8.wsq,impostor,10,19,10,,False,39.007175,0
4184,stored,72,DB1_Lumidgm:72:10,DB1_Lumidgm/61_1_8.wsq,impostor,10,19,10,,False,39.550506,0
4185,stored,55,DB1_Lumidgm:55:10,DB1_Lumidgm/50_1_6.wsq,impostor,7,19,7,,False,38.083545,0
4185,derive,55,DB1_Lumidgm:55:10,DB1_Lumidgm/50_1_6.wsq,impostor,7,19,7,,False,37.105538,0
4186,derive,46,DB1_Lumidgm:46:4,DB1_Lumidgm/94_1_8.wsq,impostor,4,19,4,,False,44.242207,0
4186,stored,46,DB1_Lumidgm:46:4,DB1_Lumidgm/94_1_8.wsq,impostor,4,19,4,,False,42.476428,0
4187,stored,24,DB1_Lumidgm:24:2,DB1_Lumidgm/74_1_5.wsq,impostor,7,19,7,,False,35.816993,0
4187,derive,24,DB1_Lumidgm:24:2,DB1_Lumidgm/74_1_5.wsq,impostor,7,19,7,,False,35.18152,0
4188,derive,24,DB1_Lumidgm:24:6,DB1_Lumidgm/65_1_9.wsq,impostor,5,19,5,,False,42.220855,0
4188,stored,24,DB1_Lumidgm:24:6,DB1_Lumidgm/65_1_9.wsq,impostor,5,19,5,,False,44.667208,0
4189,stored,92,DB1_Lumidgm:92:2,DB1_Lumidgm/27_1_8.wsq,impostor,5,19,5,,False,38.261228,0
4189,derive,92,DB1_Lumidgm:92:2,DB1_Lumidgm/27_1_8.wsq,impostor,5,19,5,,False,35.768735,0
4190,derive,59,DB1_Lumidgm:59:5,DB1_Lumidgm/96_1_6.wsq,impostor,5,19,5,,False,36.728366,0
4190,stored,59,DB1_Lumidgm:59:5,DB1_Lumidgm/96_1_6.wsq,impostor,5,19,5,,False,36.941187,0
4191,stored,31,DB1_Lumidgm:31:2,DB1_Lumidgm/97_1_6.wsq,impostor,10,19,10,,False,37.201998,0
4191,derive,31,DB1_Lumidgm:31:2,DB1_Lumidgm/97_1_6.wsq,impostor,10,19,10,,False,37.519144,0
4192,derive,81,DB1_Lumidgm:81:6,DB1_Lumidgm/28_1_2.wsq,impostor,5,19,5,,False,37.300189,0
4192,stored,81,DB1_Lumidgm:81:6,DB1_Lumidgm/28_1_2.wsq,impostor,5,19,5,,False,37.546588,0
4193,stored,55,DB1_Lumidgm:55:9,DB1_Lumidgm/93_1_3.wsq,impostor,7,19,7,,False,41.449833,0
4193,derive,55,DB1_Lumidgm:55:9,DB1_Lumidgm/93_1_3.wsq,impostor,7,19,7,,False,42.164398,0
4194,derive,65,DB1_Lumidgm:65:9,DB1_Lumidgm/97_1_8.wsq,impostor,9,19,9,,False,40.461807,0
4194,stored,65,DB1_Lumidgm:65:9,DB1_Lumidgm/97_1_8.wsq,impostor,9,19,9,,False,41.173739,0
4195,stored,39,DB1_Lumidgm:39:8,DB1_Lumidgm/70_1_9.wsq,impostor,11,19,11,,False,37.207246,0
4195,derive,39,DB1_Lumidgm:39:8,DB1_Lumidgm/70_1_9.wsq,impostor,11,19,11,,False,37.821586,0
4196,derive,77,DB1_Lumidgm:77:1,DB1_Lumidgm/41_1_10.wsq,impostor,9,19,9,,False,39.08783,0
4196,stored,77,DB1_Lumidgm:77:1,DB1_Lumidgm/41_1_10.wsq,impostor,9,19,9,,False,40.560797,0
4197,stored,100,DB1_Lumidgm:100:9,DB1_Lumidgm/49_1_1.wsq,impostor,7,19,7,,False,36.258289,0
4197,derive,100,DB1_Lumidgm:100:9,DB1_Lumidgm/49_1_1.wsq,impostor,7,19,7,,False,36.957784,0
4198,derive,88,DB1_Lumidgm:88:4,DB1_Lumidgm/88_2_4.wsq,genuine,78,19,78,,True,42.090752,1210
4198,stored,88,DB1_Lumidgm:88:4,DB1_Lumidgm/88_2_4.wsq,genuine,78,19,78,,True,40.8512,1210
4199,stored,54,DB1_Lumidgm:54:4,DB1_Lumidgm/79_1_8.wsq,impostor,4,19,4,,False,37.719761,0
4199,derive,54,DB1_Lumidgm:54:4,DB1_Lumidgm/79_1_8.wsq,impostor,4,19,4,,False,35.950639,0
4200,derive,32,DB1_Lumidgm:32:3,DB1_Lumidgm/43_1_9.wsq,impostor,14,19,14,,False,37.185795,0
4200,stored,32,DB1_Lumidgm:32:3,DB1_Lumidgm/43_1_9.wsq,impostor,14,19,14,,False,37.83494,0
4201,stored,63,DB1_Lumidgm:63:2,DB1_Lumidgm/30_1_2.wsq,impostor,4,19,4,,False,35.6788,0
4201,derive,63,DB1_Lumidgm:63:2,DB1_Lumidgm/30_1_2.wsq,impostor,4,19,4,,False,35.236266,0
4202,derive,27,DB1_Lumidgm:27:10,DB1_Lumidgm/48_1_9.wsq,impostor,6,19,6,,False,36.848715,0
4202,stored,27,DB1_Lumidgm:27:10,DB1_Lumidgm/48_1_9.wsq,impostor,6,19,6,,False,36.760342,0
4203,stored,57,DB1_Lumidgm:57:2,DB1_Lumidgm/41_1_4.wsq,impostor,6,19,6,,False,38.087332,0
4203,derive,57,DB1_Lumidgm:57:2,DB1_Lumidgm/41_1_4.wsq,impostor,6,19,6,,False,38.229154,0
4204,derive,32,DB1_Lumidgm:32:3,DB1_Lumidgm/32_3_3.wsq,genuine,33,19,33,,True,40.318938,1210
4204,stored,32,DB1_Lumidgm:32:3,DB1_Lumidgm/32_3_3.wsq,genuine,33,19,33,,True,36.824271,1210
4205,stored,60,DB1_Lumidgm:60:7,DB1_Lumidgm/60_2_7.wsq,genuine,131,19,131,,True,48.548184,1210
4205,derive,60,DB1_Lumidgm:60:7,DB1_Lumidgm/60_2_7.wsq,genuine,131,19,131,,True,44.355423,1210
4206,derive,70,DB1_Lumidgm:70:7,DB1_Lumidgm/61_1_7.wsq,impostor,6,19,6,,False,38.796457,0
4206,stored,70,DB1_Lumidgm:70:7,DB1_Lumidgm/61_1_7.wsq,impostor,6,19,6,,False,41.032141,0
4207,stored,92,DB1_Lumidgm:92:8,DB1_Lumidgm/31_1_10.wsq,impostor,4,19,4,,False,33.900554,0
4207,derive,92,DB1_Lumidgm:92:8,DB1_Lumidgm/31_1_10.wsq,impostor,4,19,4,,False,34.228153,0
4208,derive,77,DB1_Lumidgm:77:1,DB1_Lumidgm/42_1_10.wsq,impostor,8,19,8,,False,38.471715,0
4208,stored,77,DB1_Lumidgm:77:1,DB1_Lumidgm/42_1_10.wsq,impostor,8,19,8,,False,38.102,0
4209,stored,29,DB1_Lumidgm:29:4,DB1_Lumidgm/66_1_3.wsq,impostor,3,19,3,,False,36.657682,0
4209,derive,29,DB1_Lumidgm:29:4,DB1_Lumidgm/66_1_3.wsq,impostor,3,19,3,,False,38.171905,0
4210,derive,82,DB1_Lumidgm:82:3,DB1_Lumidgm/55_1_6.wsq,impostor,4,19,4,,False,36.676212,0
4210,stored,82,DB1_Lumidgm:82:3,DB1_Lumidgm/55_1_6.wsq,impostor,4,19,4,,False,36.76307,0
4211,stored,61,DB1_Lumidgm:61:3,DB1_Lumidgm/68_1_3.wsq,impostor,10,19,10,,False,36.897572,0
4211,derive,61,DB1_Lumidgm:61:3,DB1_Lumidgm/68_1_3.wsq,impostor,10,19,10,,False,36.153215,0
4212,derive,25,DB1_Lumidgm:25:2,DB1_Lumidgm/36_1_5.wsq,impostor,7,19,7,,False,46.374703,0
4212,stored,25,DB1_Lumidgm:25:2,DB1_Lumidgm/36_1_5.wsq,impostor,7,19,7,,False,40.855841,0
4213,stored,100,DB1_Lumidgm:100:6,DB1_Lumidgm/85_1_6.wsq,impostor,9,19,9,,False,37.607434,0
4213,derive,100,DB1_Lumidgm:100:6,DB1_Lumidgm/85_1_6.wsq,impostor,9,19,9,,False,37.795101,0
4214,derive,29,DB1_Lumidgm:29:5,DB1_Lumidgm/23_1_5.wsq,impostor,13,19,13,,False,32.182655,0
4214,stored,29,DB1_Lumidgm:29:5,DB1_Lumidgm/23_1_5.wsq,impostor,13,19,13,,False,32.193235,0
4215,stored,59,DB1_Lumidgm:59:9,DB1_Lumidgm/72_1_8.wsq,impostor,7,19,7,,False,38.385826,0
4215,derive,59,DB1_Lumidgm:59:9,DB1_Lumidgm/72_1_8.wsq,impostor,7,19,7,,False,37.432667,0
4216,derive,88,DB1_Lumidgm:88:1,DB1_Lumidgm/35_1_6.wsq,impostor,5,19,5,,False,43.471382,0
4216,stored,88,DB1_Lumidgm:88:1,DB1_Lumidgm/35_1_6.wsq,impostor,5,19,5,,False,38.891942,0
4217,stored,46,DB1_Lumidgm:46:9,DB1_Lumidgm/67_1_7.wsq,impostor,7,19,7,,False,41.100003,0
4217,derive,46,DB1_Lumidgm:46:9,DB1_Lumidgm/67_1_7.wsq,impostor,7,19,7,,False,39.978345,0
4218,derive,93,DB1_Lumidgm:93:9,DB1_Lumidgm/93_3_9.wsq,genuine,29,19,29,,True,48.848646,1210
4218,stored,93,DB1_Lumidgm:93:9,DB1_Lumidgm/93_3_9.wsq,genuine,29,19,29,,True,45.896288,1210
4219,stored,44,DB1_Lumidgm:44:8,DB1_Lumidgm/94_1_7.wsq,impostor,7,19,7,,False,40.364536,0
4219,derive,44,DB1_Lumidgm:44:8,DB1_Lumidgm/94_1_7.wsq,impostor,7,19,7,,False,40.889425,0
4220,derive,35,DB1_Lumidgm:35:2,DB1_Lumidgm/99_1_9.wsq,impostor,5,19,5,,False,36.620713,0
4220,stored,35,DB1_Lumidgm:35:2,DB1_Lumidgm/99_1_9.wsq,impostor,5,19,5,,False,35.270965,0
4221,stored,39,DB1_Lumidgm:39:4,DB1_Lumidgm/39_2_4.wsq,genuine,108,19,108,,True,41.450583,1210
4221,derive,39,DB1_Lumidgm:39:4,DB1_Lumidgm/39_2_4.wsq,genuine,108,19,108,,True,40.458588,1210
4222,derive,22,DB1_Lumidgm:22:3,DB1_Lumidgm/52_1_1.wsq,impostor,5,19,5,,False,39.124382,0
4222,stored,22,DB1_Lumidgm:22:3,DB1_Lumidgm/52_1_1.wsq,impostor,5,19,5,,False,38.916636,0
4223,stored,33,DB1_Lumidgm:33:7,DB1_Lumidgm/26_1_5.wsq,impostor,7,19,7,,False,34.595603,0
4223,derive,33,DB1_Lumidgm:33:7,DB1_Lumidgm/26_1_5.wsq,impostor,7,19,7,,False,36.879081,0
4224,derive,81,DB1_Lumidgm:81:4,DB1_Lumidgm/62_1_9.wsq,impostor,12,19,12,,False,50.193575,0
4224,stored,81,DB1_Lumidgm:81:4,DB1_Lumidgm/62_1_9.wsq,impostor,12,19,12,,False,51.278724,0
4225,stored,84,DB1_Lumidgm:84:2,DB1_Lumidgm/84_3_2.wsq,genuine,68,19,68,,True,50.056083,1210
4225,derive,84,DB1_Lumidgm:84:2,DB1_Lumidgm/84_3_2.wsq,genuine,68,19,68,,True,47.448857,1210
4226,derive,37,DB1_Lumidgm:37:9,DB1_Lumidgm/98_1_8.wsq,impostor,4,19,4,,False,41.960583,0
4226,stored,37,DB1_Lumidgm:37:9,DB1_Lumidgm/98_1_8.wsq,impostor,4,19,4,,False,38.007923,0
4227,stored,79,DB1_Lumidgm:79:5,DB1_Lumidgm/53_1_7.wsq,impostor,3,19,3,,False,37.328566,0
4227,derive,79,DB1_Lumidgm:79:5,DB1_Lumidgm/53_1_7.wsq,impostor,3,19,3,,False,36.156413,0
4228,derive,40,DB1_Lumidgm:40:7,DB1_Lumidgm/87_1_9.wsq,impostor,5,19,5,,False,37.889562,0
4228,stored,40,DB1_Lumidgm:40:7,DB1_Lumidgm/87_1_9.wsq,impostor,5,19,5,,False,37.568128,0
4229,stored,96,DB1_Lumidgm:96:2,DB1_Lumidgm/40_1_1.wsq,impostor,4,19,4,,False,39.208637,0
4229,derive,96,DB1_Lumidgm:96:2,DB1_Lumidgm/40_1_1.wsq,impostor,4,19,4,,False,40.412211,0
4230,derive,83,DB1_Lumidgm:83:1,DB1_Lumidgm/97_1_2.wsq,impostor,4,19,4,,False,35.991068,0
4230,stored,83,DB1_Lumidgm:83:1,DB1_Lumidgm/97_1_2.wsq,impostor,4,19,4,,False,35.521623,0
4231,stored,36,DB1_Lumidgm:36:3,DB1_Lumidgm/47_1_3.wsq,impostor,7,19,7,,False,40.501812,0
4231,derive,36,DB1_Lumidgm:36:3,DB1_Lumidgm/47_1_3.wsq,impostor,7,19,7,,False,37.304163,0
4232,derive,55,DB1_Lumidgm:55:4,DB1_Lumidgm/44_1_7.wsq,impostor,7,19,7,,False,38.960258,0
4232,stored,55,DB1_Lumidgm:55:4,DB1_Lumidgm/44_1_7.wsq,impostor,7,19,7,,False,39.768456,0
4233,stored,65,DB1_Lumidgm:65:7,DB1_Lumidgm/55_1_1.wsq,impostor,4,19,4,,False,37.572426,0
4233,derive,65,DB1_Lumidgm:65:7,DB1_Lumidgm/55_1_1.wsq,impostor,4,19,4,,False,38.279545,0
4234,derive,76,DB1_Lumidgm:76:7,DB1_Lumidgm/80_1_1.wsq,impostor,7,19,7,,False,36.474964,0
4234,stored,76,DB1_Lumidgm:76:7,DB1_Lumidgm/80_1_1.wsq,impostor,7,19,7,,False,36.95089,0
4235,stored,49,DB1_Lumidgm:49:10,DB1_Lumidgm/49_3_10.wsq,genuine,68,19,68,,True,38.462278,1211
4235,derive,49,DB1_Lumidgm:49:10,DB1_Lumidgm/49_3_10.wsq,genuine,68,19,68,,True,38.286836,1211
4236,derive,21,DB1_Lumidgm:21:9,DB1_Lumidgm/74_1_10.wsq,impostor,8,19,8,,False,36.224366,0
4236,stored,21,DB1_Lumidgm:21:9,DB1_Lumidgm/74_1_10.wsq,impostor,8,19,8,,False,34.318588,0
4237,stored,97,DB1_Lumidgm:97:1,DB1_Lumidgm/40_1_3.wsq,impostor,7,19,7,,False,37.144553,0
4237,derive,97,DB1_Lumidgm:97:1,DB1_Lumidgm/40_1_3.wsq,impostor,7,19,7,,False,35.419483,0
4238,derive,57,DB1_Lumidgm:57:7,DB1_Lumidgm/57_2_7.wsq,genuine,55,19,55,,True,36.547174,1210
4238,stored,57,DB1_Lumidgm:57:7,DB1_Lumidgm/57_2_7.wsq,genuine,55,19,55,,True,36.188682,1210
4239,stored,31,DB1_Lumidgm:31:9,DB1_Lumidgm/95_1_8.wsq,impostor,5,19,5,,False,42.066745,0
4239,derive,31,DB1_Lumidgm:31:9,DB1_Lumidgm/95_1_8.wsq,impostor,5,19,5,,False,39.944251,0
4240,derive,22,DB1_Lumidgm:22:2,DB1_Lumidgm/67_1_5.wsq,impostor,16,19,16,,False,35.960164,0
4240,stored,22,DB1_Lumidgm:22:2,DB1_Lumidgm/67_1_5.wsq,impostor,16,19,16,,False,35.101787,0
4241,stored,70,DB1_Lumidgm:70:8,DB1_Lumidgm/72_1_6.wsq,impostor,6,19,6,,False,37.252823,0
4241,derive,70,DB1_Lumidgm:70:8,DB1_Lumidgm/72_1_6.wsq,impostor,6,19,6,,False,36.648598,0
4242,derive,85,DB1_Lumidgm:85:4,DB1_Lumidgm/85_2_4.wsq,genuine,250,19,250,,True,58.143102,1210
4242,stored,85,DB1_Lumidgm:85:4,DB1_Lumidgm/85_2_4.wsq,genuine,250,19,250,,True,49.488618,1210
4243,stored,83,DB1_Lumidgm:83:6,DB1_Lumidgm/63_1_9.wsq,impostor,5,19,5,,False,35.631491,0
4243,derive,83,DB1_Lumidgm:83:6,DB1_Lumidgm/63_1_9.wsq,impostor,5,19,5,,False,35.286136,0
4244,derive,79,DB1_Lumidgm:79:6,DB1_Lumidgm/58_1_5.wsq,impostor,6,19,6,,False,41.438692,0
4244,stored,79,DB1_Lumidgm:79:6,DB1_Lumidgm/58_1_5.wsq,impostor,6,19,6,,False,42.410237,0
4245,stored,74,DB1_Lumidgm:74:5,DB1_Lumidgm/67_1_9.wsq,impostor,6,19,6,,False,35.825685,0
4245,derive,74,DB1_Lumidgm:74:5,DB1_Lumidgm/67_1_9.wsq,impostor,6,19,6,,False,35.389917,0
4246,derive,61,DB1_Lumidgm:61:6,DB1_Lumidgm/87_1_8.wsq,impostor,5,19,5,,False,39.885075,0
4246,stored,61,DB1_Lumidgm:61:6,DB1_Lumidgm/87_1_8.wsq,impostor,5,19,5,,False,36.763256,0
4247,stored,86,DB1_Lumidgm:86:5,DB1_Lumidgm/80_1_8.wsq,impostor,9,19,9,,False,34.306197,0
4247,derive,86,DB1_Lumidgm:86:5,DB1_Lumidgm/80_1_8.wsq,impostor,9,19,9,,False,34.273144,0
4248,derive,80,DB1_Lumidgm:80:10,DB1_Lumidgm/81_1_5.wsq,impostor,4,19,4,,False,35.080504,0
4248,stored,80,DB1_Lumidgm:80:10,DB1_Lumidgm/81_1_5.wsq,impostor,4,19,4,,False,36.771546,0
4249,stored,76,DB1_Lumidgm:76:8,DB1_Lumidgm/76_3_8.wsq,genuine,154,19,154,,True,63.076463,1210
4249,derive,76,DB1_Lumidgm:76:8,DB1_Lumidgm/76_3_8.wsq,genuine,154,19,154,,True,55.344247,1210
4250,derive,36,DB1_Lumidgm:36:10,DB1_Lumidgm/44_1_4.wsq,impostor,8,19,8,,False,37.347623,0
4250,stored,36,DB1_Lumidgm:36:10,DB1_Lumidgm/44_1_4.wsq,impostor,8,19,8,,False,36.399779,0
4251,stored,86,DB1_Lumidgm:86:10,DB1_Lumidgm/99_1_10.wsq,impostor,10,19,10,,False,35.527368,0
4251,derive,86,DB1_Lumidgm:86:10,DB1_Lumidgm/99_1_10.wsq,impostor,10,19,10,,False,34.512645,0
4252,derive,47,DB1_Lumidgm:47:3,DB1_Lumidgm/57_1_3.wsq,impostor,7,19,7,,False,35.742287,0
4252,stored,47,DB1_Lumidgm:47:3,DB1_Lumidgm/57_1_3.wsq,impostor,7,19,7,,False,67.348261,0
4253,stored,72,DB1_Lumidgm:72:3,DB1_Lumidgm/87_1_2.wsq,impostor,15,19,15,,False,36.115272,0
4253,derive,72,DB1_Lumidgm:72:3,DB1_Lumidgm/87_1_2.wsq,impostor,15,19,15,,False,36.22008,0
4254,derive,73,DB1_Lumidgm:73:5,DB1_Lumidgm/61_1_4.wsq,impostor,9,19,9,,False,41.768166,0
4254,stored,73,DB1_Lumidgm:73:5,DB1_Lumidgm/61_1_4.wsq,impostor,9,19,9,,False,39.186065,0
4255,stored,23,DB1_Lumidgm:23:1,DB1_Lumidgm/23_2_1.wsq,genuine,267,19,267,,True,55.294078,1210
4255,derive,23,DB1_Lumidgm:23:1,DB1_Lumidgm/23_2_1.wsq,genuine,267,19,267,,True,51.443849,1210
4256,derive,57,DB1_Lumidgm:57:6,DB1_Lumidgm/57_4_6.wsq,genuine,86,19,86,,True,63.351442,1210
4256,stored,57,DB1_Lumidgm:57:6,DB1_Lumidgm/57_4_6.wsq,genuine,86,19,86,,True,64.854197,1210
4257,stored,95,DB1_Lumidgm:95:10,DB1_Lumidgm/88_1_4.wsq,impostor,6,19,6,,False,43.695169,0
4257,derive,95,DB1_Lumidgm:95:10,DB1_Lumidgm/88_1_4.wsq,impostor,6,19,6,,False,42.661474,0
4258,derive,55,DB1_Lumidgm:55:3,DB1_Lumidgm/48_1_10.wsq,impostor,8,19,8,,False,37.192785,0
4258,stored,55,DB1_Lumidgm:55:3,DB1_Lumidgm/48_1_10.wsq,impostor,8,19,8,,False,38.693764,0
4259,stored,74,DB1_Lumidgm:74:1,DB1_Lumidgm/87_1_4.wsq,impostor,7,19,7,,False,40.010539,0
4259,derive,74,DB1_Lumidgm:74:1,DB1_Lumidgm/87_1_4.wsq,impostor,7,19,7,,False,36.233861,0
4260,derive,39,DB1_Lumidgm:39:7,DB1_Lumidgm/46_1_7.wsq,impostor,6,19,6,,False,38.563794,0
4260,stored,39,DB1_Lumidgm:39:7,DB1_Lumidgm/46_1_7.wsq,impostor,6,19,6,,False,38.394724,0
4261,stored,58,DB1_Lumidgm:58:8,DB1_Lumidgm/69_1_10.wsq,impostor,5,19,5,,False,34.952649,0
4261,derive,58,DB1_Lumidgm:58:8,DB1_Lumidgm/69_1_10.wsq,impostor,5,19,5,,False,32.955021,0
4262,derive,85,DB1_Lumidgm:85:2,DB1_Lumidgm/85_3_2.wsq,genuine,102,19,102,,True,47.127138,1210
4262,stored,85,DB1_Lumidgm:85:2,DB1_Lumidgm/85_3_2.wsq,genuine,102,19,102,,True,45.89387,1210
4263,stored,91,DB1_Lumidgm:91:3,DB1_Lumidgm/91_1_4.wsq,impostor,5,19,5,,False,44.833368,0
4263,derive,91,DB1_Lumidgm:91:3,DB1_Lumidgm/91_1_4.wsq,impostor,5,19,5,,False,42.493058,0
4264,derive,37,DB1_Lumidgm:37:6,DB1_Lumidgm/24_1_3.wsq,impostor,10,19,10,,False,35.452047,0
4264,stored,37,DB1_Lumidgm:37:6,DB1_Lumidgm/24_1_3.wsq,impostor,10,19,10,,False,36.275363,0
4265,stored,97,DB1_Lumidgm:97:4,DB1_Lumidgm/46_1_4.wsq,impostor,5,19,5,,False,41.237739,0
4265,derive,97,DB1_Lumidgm:97:4,DB1_Lumidgm/46_1_4.wsq,impostor,5,19,5,,False,37.611864,0
4266,derive,89,DB1_Lumidgm:89:4,DB1_Lumidgm/51_1_1.wsq,impostor,8,19,8,,False,37.708056,0
4266,stored,89,DB1_Lumidgm:89:4,DB1_Lumidgm/51_1_1.wsq,impostor,8,19,8,,False,38.658147,0
4267,stored,58,DB1_Lumidgm:58:1,DB1_Lumidgm/90_1_6.wsq,impostor,4,19,4,,False,37.609043,0
4267,derive,58,DB1_Lumidgm:58:1,DB1_Lumidgm/90_1_6.wsq,impostor,4,19,4,,False,37.270985,0
4268,derive,83,DB1_Lumidgm:83:5,DB1_Lumidgm/76_1_5.wsq,impostor,6,19,6,,False,33.666343,0
4268,stored,83,DB1_Lumidgm:83:5,DB1_Lumidgm/76_1_5.wsq,impostor,6,19,6,,False,35.060257,0
4269,stored,92,DB1_Lumidgm:92:10,DB1_Lumidgm/63_1_1.wsq,impostor,6,19,6,,False,37.57862,0
4269,derive,92,DB1_Lumidgm:92:10,DB1_Lumidgm/63_1_1.wsq,impostor,6,19,6,,False,37.688124,0
4270,derive,21,DB1_Lumidgm:21:8,DB1_Lumidgm/26_1_4.wsq,impostor,8,19,8,,False,37.124401,0
4270,stored,21,DB1_Lumidgm:21:8,DB1_Lumidgm/26_1_4.wsq,impostor,8,19,8,,False,37.04559,0
4271,stored,61,DB1_Lumidgm:61:2,DB1_Lumidgm/83_1_9.wsq,impostor,5,19,5,,False,33.621472,0
4271,derive,61,DB1_Lumidgm:61:2,DB1_Lumidgm/83_1_9.wsq,impostor,5,19,5,,False,34.568499,0
4272,derive,98,DB1_Lumidgm:98:4,DB1_Lumidgm/71_1_3.wsq,impostor,4,19,4,,False,35.948918,0
4272,stored,98,DB1_Lumidgm:98:4,DB1_Lumidgm/71_1_3.wsq,impostor,4,19,4,,False,36.701714,0
4273,stored,27,DB1_Lumidgm:27:3,DB1_Lumidgm/77_1_10.wsq,impostor,9,19,9,,False,35.715788,0
4273,derive,27,DB1_Lumidgm:27:3,DB1_Lumidgm/77_1_10.wsq,impostor,9,19,9,,False,36.816015,0
4274,derive,22,DB1_Lumidgm:22:2,DB1_Lumidgm/83_1_6.wsq,impostor,14,19,14,,False,40.453243,0
4274,stored,22,DB1_Lumidgm:22:2,DB1_Lumidgm/83_1_6.wsq,impostor,14,19,14,,False,51.629296,0
4275,stored,30,DB1_Lumidgm:30:9,DB1_Lumidgm/97_1_1.wsq,impostor,8,19,8,,False,42.570985,0
4275,derive,30,DB1_Lumidgm:30:9,DB1_Lumidgm/97_1_1.wsq,impostor,8,19,8,,False,38.335145,0
4276,derive,41,DB1_Lumidgm:41:8,DB1_Lumidgm/44_1_4.wsq,impostor,6,19,6,,False,37.919281,0
4276,stored,41,DB1_Lumidgm:41:8,DB1_Lumidgm/44_1_4.wsq,impostor,6,19,6,,False,37.263939,0
4277,stored,57,DB1_Lumidgm:57:9,DB1_Lumidgm/68_1_1.wsq,impostor,8,19,8,,False,38.888419,0
4277,derive,57,DB1_Lumidgm:57:9,DB1_Lumidgm/68_1_1.wsq,impostor,8,19,8,,False,38.500381,0
4278,derive,43,DB1_Lumidgm:43:7,DB1_Lumidgm/43_3_7.wsq,genuine,78,19,78,,True,44.343622,1210
4278,stored,43,DB1_Lumidgm:43:7,DB1_Lumidgm/43_3_7.wsq,genuine,78,19,78,,True,44.258828,1210
4279,stored,71,DB1_Lumidgm:71:5,DB1_Lumidgm/26_1_1.wsq,impostor,9,19,9,,False,37.378031,0
4279,derive,71,DB1_Lumidgm:71:5,DB1_Lumidgm/26_1_1.wsq,impostor,9,19,9,,False,37.032191,0
4280,derive,56,DB1_Lumidgm:56:5,DB1_Lumidgm/80_1_9.wsq,impostor,4,19,4,,False,36.71781,0
4280,stored,56,DB1_Lumidgm:56:5,DB1_Lumidgm/80_1_9.wsq,impostor,4,19,4,,False,43.126141,0
4281,stored,23,DB1_Lumidgm:23:6,DB1_Lumidgm/31_1_9.wsq,impostor,5,19,5,,False,39.957779,0
4281,derive,23,DB1_Lumidgm:23:6,DB1_Lumidgm/31_1_9.wsq,impostor,5,19,5,,False,36.576403,0
4282,derive,31,DB1_Lumidgm:31:6,DB1_Lumidgm/62_1_6.wsq,impostor,20,19,20,,True,50.530189,1210
4282,stored,31,DB1_Lumidgm:31:6,DB1_Lumidgm/62_1_6.wsq,impostor,20,19,20,,True,47.546166,1210
4283,stored,36,DB1_Lumidgm:36:1,DB1_Lumidgm/40_1_7.wsq,impostor,9,19,9,,False,40.101233,0
4283,derive,36,DB1_Lumidgm:36:1,DB1_Lumidgm/40_1_7.wsq,impostor,9,19,9,,False,37.62021,0
4284,derive,42,DB1_Lumidgm:42:10,DB1_Lumidgm/49_1_5.wsq,impostor,3,19,3,,False,36.075587,0
4284,stored,42,DB1_Lumidgm:42:10,DB1_Lumidgm/49_1_5.wsq,impostor,3,19,3,,False,33.703573,0
4285,stored,72,DB1_Lumidgm:72:5,DB1_Lumidgm/72_2_5.wsq,genuine,13,19,13,,False,39.053134,0
4285,derive,72,DB1_Lumidgm:72:5,DB1_Lumidgm/72_2_5.wsq,genuine,13,19,13,,False,37.516353,0
4286,derive,75,DB1_Lumidgm:75:8,DB1_Lumidgm/40_1_3.wsq,impostor,8,19,8,,False,35.251692,0
4286,stored,75,DB1_Lumidgm:75:8,DB1_Lumidgm/40_1_3.wsq,impostor,8,19,8,,False,35.673932,0
4287,stored,36,DB1_Lumidgm:36:6,DB1_Lumidgm/92_1_6.wsq,impostor,4,19,4,,False,43.718894,0
4287,derive,36,DB1_Lumidgm:36:6,DB1_Lumidgm/92_1_6.wsq,impostor,4,19,4,,False,42.423468,0
4288,derive,32,DB1_Lumidgm:32:1,DB1_Lumidgm/82_1_8.wsq,impostor,4,19,4,,False,37.900869,0
4288,stored,32,DB1_Lumidgm:32:1,DB1_Lumidgm/82_1_8.wsq,impostor,4,19,4,,False,34.18788,0
4289,stored,68,DB1_Lumidgm:68:3,DB1_Lumidgm/24_1_6.wsq,impostor,6,19,6,,False,37.392217,0
4289,derive,68,DB1_Lumidgm:68:3,DB1_Lumidgm/24_1_6.wsq,impostor,6,19,6,,False,38.260139,0
4290,derive,84,DB1_Lumidgm:84:8,DB1_Lumidgm/84_3_8.wsq,genuine,48,19,48,,True,44.183641,1210
4290,stored,84,DB1_Lumidgm:84:8,DB1_Lumidgm/84_3_8.wsq,genuine,48,19,48,,True,44.166005,1210
4291,stored,45,DB1_Lumidgm:45:5,DB1_Lumidgm/25_1_2.wsq,impostor,5,19,5,,False,36.338494,0
4291,derive,45,DB1_Lumidgm:45:5,DB1_Lumidgm/25_1_2.wsq,impostor,5,19,5,,False,36.945938,0
4292,derive,99,DB1_Lumidgm:99:5,DB1_Lumidgm/93_1_6.wsq,impostor,9,19,9,,False,41.325436,0
4292,stored,99,DB1_Lumidgm:99:5,DB1_Lumidgm/93_1_6.wsq,impostor,9,19,9,,False,40.262847,0
4293,stored,92,DB1_Lumidgm:92:8,DB1_Lumidgm/52_1_6.wsq,impostor,3,19,3,,False,41.488404,0
4293,derive,92,DB1_Lumidgm:92:8,DB1_Lumidgm/52_1_6.wsq,impostor,3,19,3,,False,37.972621,0
4294,derive,59,DB1_Lumidgm:59:5,DB1_Lumidgm/87_1_6.wsq,impostor,4,19,4,,False,37.561902,0
4294,stored,59,DB1_Lumidgm:59:5,DB1_Lumidgm/87_1_6.wsq,impostor,4,19,4,,False,37.827297,0
4295,stored,59,DB1_Lumidgm:59:10,DB1_Lumidgm/79_1_1.wsq,impostor,7,19,7,,False,38.102683,0
4295,derive,59,DB1_Lumidgm:59:10,DB1_Lumidgm/79_1_1.wsq,impostor,7,19,7,,False,37.711039,0
4296,derive,37,DB1_Lumidgm:37:8,DB1_Lumidgm/87_1_8.wsq,impostor,8,19,8,,False,37.079174,0
4296,stored,37,DB1_Lumidgm:37:8,DB1_Lumidgm/87_1_8.wsq,impostor,8,19,8,,False,37.097452,0
4297,stored,89,DB1_Lumidgm:89:6,DB1_Lumidgm/82_1_7.wsq,impostor,8,19,8,,False,40.918068,0
4297,derive,89,DB1_Lumidgm:89:6,DB1_Lumidgm/82_1_7.wsq,impostor,8,19,8,,False,41.071317,0
4298,derive,62,DB1_Lumidgm:62:10,DB1_Lumidgm/26_1_5.wsq,impostor,3,19,3,,False,34.86636,0
4298,stored,62,DB1_Lumidgm:62:10,DB1_Lumidgm/26_1_5.wsq,impostor,3,19,3,,False,37.050721,0
4299,stored,60,DB1_Lumidgm:60:6,DB1_Lumidgm/43_1_2.wsq,impostor,6,19,6,,False,35.435144,0
4299,derive,60,DB1_Lumidgm:60:6,DB1_Lumidgm/43_1_2.wsq,impostor,6,19,6,,False,35.860795,0
4300,derive,32,DB1_Lumidgm:32:4,DB1_Lumidgm/32_2_4.wsq,genuine,172,19,172,,True,44.26911,1210
4300,stored,32,DB1_Lumidgm:32:4,DB1_Lumidgm/32_2_4.wsq,genuine,172,19,172,,True,41.686738,1210
4301,stored,97,DB1_Lumidgm:97:3,DB1_Lumidgm/32_1_10.wsq,impostor,10,19,10,,False,36.215097,0
4301,derive,97,DB1_Lumidgm:97:3,DB1_Lumidgm/32_1_10.wsq,impostor,10,19,10,,False,35.816049,0
4302,derive,98,DB1_Lumidgm:98:8,DB1_Lumidgm/85_1_1.wsq,impostor,5,19,5,,False,38.724204,0
4302,stored,98,DB1_Lumidgm:98:8,DB1_Lumidgm/85_1_1.wsq,impostor,5,19,5,,False,38.52592,0
4303,stored,80,DB1_Lumidgm:80:5,DB1_Lumidgm/97_1_2.wsq,impostor,10,19,10,,False,36.345251,0
4303,derive,80,DB1_Lumidgm:80:5,DB1_Lumidgm/97_1_2.wsq,impostor,10,19,10,,False,35.706066,0
4304,derive,99,DB1_Lumidgm:99:1,DB1_Lumidgm/38_1_3.wsq,impostor,4,19,4,,False,36.225445,0
4304,stored,99,DB1_Lumidgm:99:1,DB1_Lumidgm/38_1_3.wsq,impostor,4,19,4,,False,36.285798,0
4305,stored,50,DB1_Lumidgm:50:1,DB1_Lumidgm/59_1_1.wsq,impostor,8,19,8,,False,38.364678,0
4305,derive,50,DB1_Lumidgm:50:1,DB1_Lumidgm/59_1_1.wsq,impostor,8,19,8,,False,38.189859,0
4306,derive,39,DB1_Lumidgm:39:1,DB1_Lumidgm/22_1_8.wsq,impostor,3,19,3,,False,37.388409,0
4306,stored,39,DB1_Lumidgm:39:1,DB1_Lumidgm/22_1_8.wsq,impostor,3,19,3,,False,38.682101,0
4307,stored,59,DB1_Lumidgm:59:7,DB1_Lumidgm/59_3_7.wsq,genuine,114,19,114,,True,41.140185,1210
4307,derive,59,DB1_Lumidgm:59:7,DB1_Lumidgm/59_3_7.wsq,genuine,114,19,114,,True,39.80844,1210
4308,derive,21,DB1_Lumidgm:21:7,DB1_Lumidgm/72_1_1.wsq,impostor,3,19,3,,False,37.41443,0
4308,stored,21,DB1_Lumidgm:21:7,DB1_Lumidgm/72_1_1.wsq,impostor,3,19,3,,False,35.611059,0
4309,stored,33,DB1_Lumidgm:33:3,DB1_Lumidgm/34_1_9.wsq,impostor,8,19,8,,False,37.347396,0
4309,derive,33,DB1_Lumidgm:33:3,DB1_Lumidgm/34_1_9.wsq,impostor,8,19,8,,False,38.611847,0
4310,derive,36,DB1_Lumidgm:36:3,DB1_Lumidgm/73_1_4.wsq,impostor,4,19,4,,False,36.860199,0
4310,stored,36,DB1_Lumidgm:36:3,DB1_Lumidgm/73_1_4.wsq,impostor,4,19,4,,False,36.048957,0
4311,stored,51,DB1_Lumidgm:51:4,DB1_Lumidgm/67_1_7.wsq,impostor,6,19,6,,False,35.583756,0
4311,derive,51,DB1_Lumidgm:51:4,DB1_Lumidgm/67_1_7.wsq,impostor,6,19,6,,False,35.533427,0
4312,derive,86,DB1_Lumidgm:86:7,DB1_Lumidgm/48_1_5.wsq,impostor,5,19,5,,False,37.033545,0
4312,stored,86,DB1_Lumidgm:86:7,DB1_Lumidgm/48_1_5.wsq,impostor,5,19,5,,False,37.399102,0
4313,stored,34,DB1_Lumidgm:34:3,DB1_Lumidgm/24_1_5.wsq,impostor,27,19,27,,True,42.092859,1210
4313,derive,34,DB1_Lumidgm:34:3,DB1_Lumidgm/24_1_5.wsq,impostor,27,19,27,,True,41.031446,1210
4314,derive,49,DB1_Lumidgm:49:10,DB1_Lumidgm/49_2_10.wsq,genuine,99,19,99,,True,39.216411,1211
4314,stored,49,DB1_Lumidgm:49:10,DB1_Lumidgm/49_2_10.wsq,genuine,99,19,99,,True,39.098159,1211
4315,stored,88,DB1_Lumidgm:88:1,DB1_Lumidgm/55_1_3.wsq,impostor,5,19,5,,False,38.794809,0
4315,derive,88,DB1_Lumidgm:88:1,DB1_Lumidgm/55_1_3.wsq,impostor,5,19,5,,False,37.83793,0
4316,derive,77,DB1_Lumidgm:77:10,DB1_Lumidgm/38_1_4.wsq,impostor,10,19,10,,False,34.89389,0
4316,stored,77,DB1_Lumidgm:77:10,DB1_Lumidgm/38_1_4.wsq,impostor,10,19,10,,False,35.960191,0
4317,stored,46,DB1_Lumidgm:46:8,DB1_Lumidgm/22_1_9.wsq,impostor,6,19,6,,False,37.41956,0
4317,derive,46,DB1_Lumidgm:46:8,DB1_Lumidgm/22_1_9.wsq,impostor,6,19,6,,False,35.847713,0
4318,derive,90,DB1_Lumidgm:90:9,DB1_Lumidgm/24_1_5.wsq,impostor,11,19,11,,False,34.036671,0
4318,stored,90,DB1_Lumidgm:90:9,DB1_Lumidgm/24_1_5.wsq,impostor,11,19,11,,False,32.771181,0
4319,stored,61,DB1_Lumidgm:61:9,DB1_Lumidgm/46_1_3.wsq,impostor,6,19,6,,False,37.274089,0
4319,derive,61,DB1_Lumidgm:61:9,DB1_Lumidgm/46_1_3.wsq,impostor,6,19,6,,False,38.68948,0
4320,derive,36,DB1_Lumidgm:36:5,DB1_Lumidgm/66_1_3.wsq,impostor,13,19,13,,False,37.444141,0
4320,stored,36,DB1_Lumidgm:36:5,DB1_Lumidgm/66_1_3.wsq,impostor,13,19,13,,False,37.086232,0
4321,stored,63,DB1_Lumidgm:63:10,DB1_Lumidgm/50_1_2.wsq,impostor,9,19,9,,False,37.676842,0
4321,derive,63,DB1_Lumidgm:63:10,DB1_Lumidgm/50_1_2.wsq,impostor,9,19,9,,False,39.565367,0
4322,derive,68,DB1_Lumidgm:68:10,DB1_Lumidgm/53_1_4.wsq,impostor,7,19,7,,False,41.513802,0
4322,stored,68,DB1_Lumidgm:68:10,DB1_Lumidgm/53_1_4.wsq,impostor,7,19,7,,False,39.584069,0
4323,stored,96,DB1_Lumidgm:96:7,DB1_Lumidgm/92_1_2.wsq,impostor,5,19,5,,False,39.690057,0
4323,derive,96,DB1_Lumidgm:96:7,DB1_Lumidgm/92_1_2.wsq,impostor,5,19,5,,False,40.454846,0
4324,derive,25,DB1_Lumidgm:25:4,DB1_Lumidgm/94_1_8.wsq,impostor,4,19,4,,False,42.09519,0
4324,stored,25,DB1_Lumidgm:25:4,DB1_Lumidgm/94_1_8.wsq,impostor,4,19,4,,False,42.480745,0
4325,stored,50,DB1_Lumidgm:50:7,DB1_Lumidgm/50_4_7.wsq,genuine,136,19,136,,True,63.548715,1210
4325,derive,50,DB1_Lumidgm:50:7,DB1_Lumidgm/50_4_7.wsq,genuine,136,19,136,,True,43.611602,1210
4326,derive,77,DB1_Lumidgm:77:4,DB1_Lumidgm/66_1_5.wsq,impostor,12,19,12,,False,35.057176,0
4326,stored,77,DB1_Lumidgm:77:4,DB1_Lumidgm/66_1_5.wsq,impostor,12,19,12,,False,34.691609,0
4327,stored,79,DB1_Lumidgm:79:2,DB1_Lumidgm/32_1_2.wsq,impostor,5,19,5,,False,35.378041,0
4327,derive,79,DB1_Lumidgm:79:2,DB1_Lumidgm/32_1_2.wsq,impostor,5,19,5,,False,39.065505,0
4328,derive,38,DB1_Lumidgm:38:10,DB1_Lumidgm/78_1_9.wsq,impostor,5,19,5,,False,33.664865,0
4328,stored,38,DB1_Lumidgm:38:10,DB1_Lumidgm/78_1_9.wsq,impostor,5,19,5,,False,35.002865,0
4329,stored,58,DB1_Lumidgm:58:8,DB1_Lumidgm/88_1_3.wsq,impostor,6,19,6,,False,40.949327,0
4329,derive,58,DB1_Lumidgm:58:8,DB1_Lumidgm/88_1_3.wsq,impostor,6,19,6,,False,40.566687,0
4330,derive,68,DB1_Lumidgm:68:4,DB1_Lumidgm/68_2_4.wsq,genuine,114,19,114,,True,41.926801,1210
4330,stored,68,DB1_Lumidgm:68:4,DB1_Lumidgm/68_2_4.wsq,genuine,114,19,114,,True,35.725633,1210
4331,stored,41,DB1_Lumidgm:41:8,DB1_Lumidgm/31_1_4.wsq,impostor,7,19,7,,False,37.68324,0
4331,derive,41,DB1_Lumidgm:41:8,DB1_Lumidgm/31_1_4.wsq,impostor,7,19,7,,False,37.373357,0
4332,derive,25,DB1_Lumidgm:25:2,DB1_Lumidgm/53_1_5.wsq,impostor,7,19,7,,False,34.389139,0
4332,stored,25,DB1_Lumidgm:25:2,DB1_Lumidgm/53_1_5.wsq,impostor,7,19,7,,False,34.271989,0
4333,stored,63,DB1_Lumidgm:63:10,DB1_Lumidgm/36_1_10.wsq,impostor,13,19,13,,False,39.803921,0
4333,derive,63,DB1_Lumidgm:63:10,DB1_Lumidgm/36_1_10.wsq,impostor,13,19,13,,False,38.868956,0
4334,derive,63,DB1_Lumidgm:63:6,DB1_Lumidgm/50_1_5.wsq,impostor,12,19,12,,False,37.332925,0
4334,stored,63,DB1_Lumidgm:63:6,DB1_Lumidgm/50_1_5.wsq,impostor,12,19,12,,False,36.776036,0
4335,stored,84,DB1_Lumidgm:84:9,DB1_Lumidgm/74_1_5.wsq,impostor,3,19,3,,False,35.641788,0
4335,derive,84,DB1_Lumidgm:84:9,DB1_Lumidgm/74_1_5.wsq,impostor,3,19,3,,False,34.93356,0
4336,derive,23,DB1_Lumidgm:23:3,DB1_Lumidgm/23_4_3.wsq,genuine,193,19,193,,True,48.518581,1210
4336,stored,23,DB1_Lumidgm:23:3,DB1_Lumidgm/23_4_3.wsq,genuine,193,19,193,,True,47.001766,1210
4337,stored,73,DB1_Lumidgm:73:7,DB1_Lumidgm/22_1_4.wsq,impostor,9,19,9,,False,36.970483,0
4337,derive,73,DB1_Lumidgm:73:7,DB1_Lumidgm/22_1_4.wsq,impostor,9,19,9,,False,37.029354,0
4338,derive,80,DB1_Lumidgm:80:2,DB1_Lumidgm/26_1_2.wsq,impostor,4,19,4,,False,34.621364,0
4338,stored,80,DB1_Lumidgm:80:2,DB1_Lumidgm/26_1_2.wsq,impostor,4,19,4,,False,35.171913,0
4339,stored,35,DB1_Lumidgm:35:2,DB1_Lumidgm/60_1_10.wsq,impostor,9,19,9,,False,35.922099,0
4339,derive,35,DB1_Lumidgm:35:2,DB1_Lumidgm/60_1_10.wsq,impostor,9,19,9,,False,36.650444,0
4340,derive,55,DB1_Lumidgm:55:5,DB1_Lumidgm/87_1_3.wsq,impostor,9,19,9,,False,37.919158,0
4340,stored,55,DB1_Lumidgm:55:5,DB1_Lumidgm/87_1_3.wsq,impostor,9,19,9,,False,38.280394,0
4341,stored,46,DB1_Lumidgm:46:10,DB1_Lumidgm/46_3_10.wsq,genuine,71,19,71,,True,39.194925,1211
4341,derive,46,DB1_Lumidgm:46:10,DB1_Lumidgm/46_3_10.wsq,genuine,71,19,71,,True,38.477082,1211
4342,derive,72,DB1_Lumidgm:72:7,DB1_Lumidgm/92_1_3.wsq,impostor,5,19,5,,False,40.707131,0
4342,stored,72,DB1_Lumidgm:72:7,DB1_Lumidgm/92_1_3.wsq,impostor,5,19,5,,False,41.824637,0
4343,stored,94,DB1_Lumidgm:94:6,DB1_Lumidgm/94_4_6.wsq,genuine,40,19,40,,True,36.71364,1210
4343,derive,94,DB1_Lumidgm:94:6,DB1_Lumidgm/94_4_6.wsq,genuine,40,19,40,,True,36.312981,1210
4344,derive,93,DB1_Lumidgm:93:5,DB1_Lumidgm/93_2_5.wsq,genuine,27,19,27,,True,53.767305,1210
4344,stored,93,DB1_Lumidgm:93:5,DB1_Lumidgm/93_2_5.wsq,genuine,27,19,27,,True,54.14521,1210
4345,stored,67,DB1_Lumidgm:67:1,DB1_Lumidgm/46_1_4.wsq,impostor,6,19,6,,False,39.153649,0
4345,derive,67,DB1_Lumidgm:67:1,DB1_Lumidgm/46_1_4.wsq,impostor,6,19,6,,False,39.537895,0
4346,derive,97,DB1_Lumidgm:97:7,DB1_Lumidgm/25_1_7.wsq,impostor,8,19,8,,False,40.621067,0
4346,stored,97,DB1_Lumidgm:97:7,DB1_Lumidgm/25_1_7.wsq,impostor,8,19,8,,False,38.376316,0
4347,stored,77,DB1_Lumidgm:77:2,DB1_Lumidgm/94_1_10.wsq,impostor,6,19,6,,False,38.750994,0
4347,derive,77,DB1_Lumidgm:77:2,DB1_Lumidgm/94_1_10.wsq,impostor,6,19,6,,False,39.246916,0
4348,derive,44,DB1_Lumidgm:44:2,DB1_Lumidgm/83_1_5.wsq,impostor,13,19,13,,False,34.406856,0
4348,stored,44,DB1_Lumidgm:44:2,DB1_Lumidgm/83_1_5.wsq,impostor,13,19,13,,False,34.112538,0
4349,stored,47,DB1_Lumidgm:47:10,DB1_Lumidgm/47_3_10.wsq,genuine,98,19,98,,True,49.52118,1211
4349,derive,47,DB1_Lumidgm:47:10,DB1_Lumidgm/47_3_10.wsq,genuine,98,19,98,,True,45.570799,1211
4350,derive,91,DB1_Lumidgm:91:8,DB1_Lumidgm/30_1_8.wsq,impostor,6,19,6,,False,47.367495,0
4350,stored,91,DB1_Lumidgm:91:8,DB1_Lumidgm/30_1_8.wsq,impostor,6,19,6,,False,44.183143,0
4351,stored,48,DB1_Lumidgm:48:8,DB1_Lumidgm/33_1_2.wsq,impostor,10,19,10,,False,41.311601,0
4351,derive,48,DB1_Lumidgm:48:8,DB1_Lumidgm/33_1_2.wsq,impostor,10,19,10,,False,39.387624,0
4352,derive,39,DB1_Lumidgm:39:6,DB1_Lumidgm/59_1_2.wsq,impostor,7,19,7,,False,40.896595,0
4352,stored,39,DB1_Lumidgm:39:6,DB1_Lumidgm/59_1_2.wsq,impostor,7,19,7,,False,42.151432,0
4353,stored,50,DB1_Lumidgm:50:9,DB1_Lumidgm/65_1_8.wsq,impostor,11,19,11,,False,47.800459,0
4353,derive,50,DB1_Lumidgm:50:9,DB1_Lumidgm/65_1_8.wsq,impostor,11,19,11,,False,51.040394,0
4354,derive,36,DB1_Lumidgm:36:8,DB1_Lumidgm/63_1_8.wsq,impostor,8,19,8,,False,39.67121,0
4354,stored,36,DB1_Lumidgm:36:8,DB1_Lumidgm/63_1_8.wsq,impostor,8,19,8,,False,38.674109,0
4355,stored,83,DB1_Lumidgm:83:9,DB1_Lumidgm/93_1_9.wsq,impostor,5,19,5,,False,43.796265,0
4355,derive,83,DB1_Lumidgm:83:9,DB1_Lumidgm/93_1_9.wsq,impostor,5,19,5,,False,44.80545,0
4356,derive,54,DB1_Lumidgm:54:2,DB1_Lumidgm/99_1_2.wsq,impostor,12,19,12,,False,42.0457,0
4356,stored,54,DB1_Lumidgm:54:2,DB1_Lumidgm/99_1_2.wsq,impostor,12,19,12,,False,40.277345,0
4357,stored,26,DB1_Lumidgm:26:8,DB1_Lumidgm/73_1_8.wsq,impostor,9,19,9,,False,41.572443,0
4357,derive,26,DB1_Lumidgm:26:8,DB1_Lumidgm/73_1_8.wsq,impostor,9,19,9,,False,41.141666,0
4358,derive,21,DB1_Lumidgm:21:3,DB1_Lumidgm/21_4_3.wsq,genuine,110,19,110,,True,48.314263,1210
4358,stored,21,DB1_Lumidgm:21:3,DB1_Lumidgm/21_4_3.wsq,genuine,110,19,110,,True,49.628577,1210
4359,stored,95,DB1_Lumidgm:95:8,DB1_Lumidgm/95_3_8.wsq,genuine,30,19,30,,True,42.993027,1210
4359,derive,95,DB1_Lumidgm:95:8,DB1_Lumidgm/95_3_8.wsq,genuine,30,19,30,,True,42.365379,1210
4360,derive,92,DB1_Lumidgm:92:2,DB1_Lumidgm/92_2_2.wsq,genuine,132,19,132,,True,62.463154,1210
4360,stored,92,DB1_Lumidgm:92:2,DB1_Lumidgm/92_2_2.wsq,genuine,132,19,132,,True,80.034156,1210
4361,stored,60,DB1_Lumidgm:60:3,DB1_Lumidgm/60_2_3.wsq,genuine,138,19,138,,True,48.503901,1210
4361,derive,60,DB1_Lumidgm:60:3,DB1_Lumidgm/60_2_3.wsq,genuine,138,19,138,,True,49.364837,1210
4362,derive,84,DB1_Lumidgm:84:5,DB1_Lumidgm/84_2_5.wsq,genuine,49,19,49,,True,51.807499,1210
4362,stored,84,DB1_Lumidgm:84:5,DB1_Lumidgm/84_2_5.wsq,genuine,49,19,49,,True,54.045933,1210
4363,stored,39,DB1_Lumidgm:39:4,DB1_Lumidgm/39_4_4.wsq,genuine,94,19,94,,True,40.521435,1210
4363,derive,39,DB1_Lumidgm:39:4,DB1_Lumidgm/39_4_4.wsq,genuine,94,19,94,,True,39.880786,1210
4364,derive,38,DB1_Lumidgm:38:6,DB1_Lumidgm/99_1_3.wsq,impostor,5,19,5,,False,38.442179,0
4364,stored,38,DB1_Lumidgm:38:6,DB1_Lumidgm/99_1_3.wsq,impostor,5,19,5,,False,38.19999,0
4365,stored,28,DB1_Lumidgm:28:6,DB1_Lumidgm/27_1_8.wsq,impostor,6,19,6,,False,37.689034,0
4365,derive,28,DB1_Lumidgm:28:6,DB1_Lumidgm/27_1_8.wsq,impostor,6,19,6,,False,37.575971,0
4366,derive,73,DB1_Lumidgm:73:2,DB1_Lumidgm/89_1_2.wsq,impostor,6,19,6,,False,47.267847,0
4366,stored,73,DB1_Lumidgm:73:2,DB1_Lumidgm/89_1_2.wsq,impostor,6,19,6,,False,44.086152,0
4367,stored,81,DB1_Lumidgm:81:7,DB1_Lumidgm/54_1_3.wsq,impostor,9,19,9,,False,38.938241,0
4367,derive,81,DB1_Lumidgm:81:7,DB1_Lumidgm/54_1_3.wsq,impostor,9,19,9,,False,38.339634,0
4368,derive,45,DB1_Lumidgm:45:8,DB1_Lumidgm/33_1_1.wsq,impostor,12,19,12,,False,43.050119,0
4368,stored,45,DB1_Lumidgm:45:8,DB1_Lumidgm/33_1_1.wsq,impostor,12,19,12,,False,39.202592,0
4369,stored,80,DB1_Lumidgm:80:10,DB1_Lumidgm/72_1_4.wsq,impostor,8,19,8,,False,35.960107,0
4369,derive,80,DB1_Lumidgm:80:10,DB1_Lumidgm/72_1_4.wsq,impostor,8,19,8,,False,44.201282,0
4370,derive,97,DB1_Lumidgm:97:7,DB1_Lumidgm/78_1_2.wsq,impostor,17,19,17,,False,54.274264,0
4370,stored,97,DB1_Lumidgm:97:7,DB1_Lumidgm/78_1_2.wsq,impostor,17,19,17,,False,44.964906,0
4371,stored,45,DB1_Lumidgm:45:6,DB1_Lumidgm/34_1_7.wsq,impostor,6,19,6,,False,40.267842,0
4371,derive,45,DB1_Lumidgm:45:6,DB1_Lumidgm/34_1_7.wsq,impostor,6,19,6,,False,41.044011,0
4372,derive,52,DB1_Lumidgm:52:8,DB1_Lumidgm/76_1_1.wsq,impostor,7,19,7,,False,41.241562,0
4372,stored,52,DB1_Lumidgm:52:8,DB1_Lumidgm/76_1_1.wsq,impostor,7,19,7,,False,42.451371,0
4373,stored,59,DB1_Lumidgm:59:2,DB1_Lumidgm/85_1_2.wsq,impostor,6,19,6,,False,41.38354,0
4373,derive,59,DB1_Lumidgm:59:2,DB1_Lumidgm/85_1_2.wsq,impostor,6,19,6,,False,45.461569,0
4374,derive,25,DB1_Lumidgm:25:5,DB1_Lumidgm/39_1_4.wsq,impostor,6,19,6,,False,41.930643,0
4374,stored,25,DB1_Lumidgm:25:5,DB1_Lumidgm/39_1_4.wsq,impostor,6,19,6,,False,37.006031,0
4375,stored,22,DB1_Lumidgm:22:5,DB1_Lumidgm/64_1_4.wsq,impostor,9,19,9,,False,37.389428,0
4375,derive,22,DB1_Lumidgm:22:5,DB1_Lumidgm/64_1_4.wsq,impostor,9,19,9,,False,37.205691,0
4376,derive,68,DB1_Lumidgm:68:7,DB1_Lumidgm/62_1_6.wsq,impostor,4,19,4,,False,47.889047,0
4376,stored,68,DB1_Lumidgm:68:7,DB1_Lumidgm/62_1_6.wsq,impostor,4,19,4,,False,45.61298,0
4377,stored,23,DB1_Lumidgm:23:4,DB1_Lumidgm/80_1_1.wsq,impostor,7,19,7,,False,36.533221,0
4377,derive,23,DB1_Lumidgm:23:4,DB1_Lumidgm/80_1_1.wsq,impostor,7,19,7,,False,37.58736,0
4378,derive,89,DB1_Lumidgm:89:1,DB1_Lumidgm/50_1_9.wsq,impostor,5,19,5,,False,39.354924,0
4378,stored,89,DB1_Lumidgm:89:1,DB1_Lumidgm/50_1_9.wsq,impostor,5,19,5,,False,39.732158,0
4379,stored,80,DB1_Lumidgm:80:1,DB1_Lumidgm/57_1_5.wsq,impostor,5,19,5,,False,37.782992,0
4379,derive,80,DB1_Lumidgm:80:1,DB1_Lumidgm/57_1_5.wsq,impostor,5,19,5,,False,35.676753,0
4380,derive,75,DB1_Lumidgm:75:8,DB1_Lumidgm/88_1_10.wsq,impostor,4,19,4,,False,40.903298,0
4380,stored,75,DB1_Lumidgm:75:8,DB1_Lumidgm/88_1_10.wsq,impostor,4,19,4,,False,42.324534,0
4381,stored,44,DB1_Lumidgm:44:5,DB1_Lumidgm/44_2_5.wsq,genuine,80,19,80,,True,103.295933,1210
4381,derive,44,DB1_Lumidgm:44:5,DB1_Lumidgm/44_2_5.wsq,genuine,80,19,80,,True,95.388306,1210
4382,derive,39,DB1_Lumidgm:39:4,DB1_Lumidgm/46_1_10.wsq,impostor,7,19,7,,False,40.541742,0
4382,stored,39,DB1_Lumidgm:39:4,DB1_Lumidgm/46_1_10.wsq,impostor,7,19,7,,False,40.094938,0
4383,stored,41,DB1_Lumidgm:41:8,DB1_Lumidgm/48_1_5.wsq,impostor,5,19,5,,False,38.08481,0
4383,derive,41,DB1_Lumidgm:41:8,DB1_Lumidgm/48_1_5.wsq,impostor,5,19,5,,False,39.581524,0
4384,derive,86,DB1_Lumidgm:86:7,DB1_Lumidgm/47_1_1.wsq,impostor,5,19,5,,False,39.691569,0
4384,stored,86,DB1_Lumidgm:86:7,DB1_Lumidgm/47_1_1.wsq,impostor,5,19,5,,False,38.358795,0
4385,stored,72,DB1_Lumidgm:72:4,DB1_Lumidgm/35_1_5.wsq,impostor,5,19,5,,False,38.806794,0
4385,derive,72,DB1_Lumidgm:72:4,DB1_Lumidgm/35_1_5.wsq,impostor,5,19,5,,False,36.939748,0
4386,derive,43,DB1_Lumidgm:43:5,DB1_Lumidgm/100_1_7.wsq,impostor,7,19,7,,False,37.775501,0
4386,stored,43,DB1_Lumidgm:43:5,DB1_Lumidgm/100_1_7.wsq,impostor,7,19,7,,False,36.423337,0
4387,stored,64,DB1_Lumidgm:64:1,DB1_Lumidgm/71_1_3.wsq,impostor,10,19,10,,False,39.52231,0
4387,derive,64,DB1_Lumidgm:64:1,DB1_Lumidgm/71_1_3.wsq,impostor,10,19,10,,False,44.020791,0
4388,derive,71,DB1_Lumidgm:71:8,DB1_Lumidgm/99_1_10.wsq,impostor,7,19,7,,False,33.793481,0
4388,stored,71,DB1_Lumidgm:71:8,DB1_Lumidgm/99_1_10.wsq,impostor,7,19,7,,False,34.25836,0
4389,stored,60,DB1_Lumidgm:60:4,DB1_Lumidgm/74_1_1.wsq,impostor,5,19,5,,False,36.560683,0
4389,derive,60,DB1_Lumidgm:60:4,DB1_Lumidgm/74_1_1.wsq,impostor,5,19,5,,False,36.071581,0
4390,derive,59,DB1_Lumidgm:59:1,DB1_Lumidgm/83_1_3.wsq,impostor,10,19,10,,False,37.499757,0
4390,stored,59,DB1_Lumidgm:59:1,DB1_Lumidgm/83_1_3.wsq,impostor,10,19,10,,False,37.475721,0
4391,stored,43,DB1_Lumidgm:43:2,DB1_Lumidgm/32_1_7.wsq,impostor,9,19,9,,False,39.052186,0
4391,derive,43,DB1_Lumidgm:43:2,DB1_Lumidgm/32_1_7.wsq,impostor,9,19,9,,False,38.740254,0
4392,derive,93,DB1_Lumidgm:93:6,DB1_Lumidgm/62_1_5.wsq,impostor,5,19,5,,False,46.326335,0
4392,stored,93,DB1_Lumidgm:93:6,DB1_Lumidgm/62_1_5.wsq,impostor,5,19,5,,False,47.260562,0
4393,stored,64,DB1_Lumidgm:64:10,DB1_Lumidgm/25_1_5.wsq,impostor,16,19,16,,False,36.252283,0
4393,derive,64,DB1_Lumidgm:64:10,DB1_Lumidgm/25_1_5.wsq,impostor,16,19,16,,False,34.554187,0
4394,derive,35,DB1_Lumidgm:35:1,DB1_Lumidgm/79_1_5.wsq,impostor,4,19,4,,False,34.441284,0
4394,stored,35,DB1_Lumidgm:35:1,DB1_Lumidgm/79_1_5.wsq,impostor,4,19,4,,False,34.18153,0
4395,stored,24,DB1_Lumidgm:24:6,DB1_Lumidgm/89_1_2.wsq,impostor,4,19,4,,False,42.259588,0
4395,derive,24,DB1_Lumidgm:24:6,DB1_Lumidgm/89_1_2.wsq,impostor,4,19,4,,False,41.51667,0
4396,derive,84,DB1_Lumidgm:84:8,DB1_Lumidgm/81_1_9.wsq,impostor,18,19,18,,False,36.96771,0
4396,stored,84,DB1_Lumidgm:84:8,DB1_Lumidgm/81_1_9.wsq,impostor,18,19,18,,False,37.422922,0
4397,stored,23,DB1_Lumidgm:23:3,DB1_Lumidgm/84_1_2.wsq,impostor,13,19,13,,False,36.909394,0
4397,derive,23,DB1_Lumidgm:23:3,DB1_Lumidgm/84_1_2.wsq,impostor,13,19,13,,False,36.724594,0
4398,derive,80,DB1_Lumidgm:80:9,DB1_Lumidgm/87_1_5.wsq,impostor,6,19,6,,False,36.525816,0
4398,stored,80,DB1_Lumidgm:80:9,DB1_Lumidgm/87_1_5.wsq,impostor,6,19,6,,False,37.759656,0
4399,stored,26,DB1_Lumidgm:26:7,DB1_Lumidgm/81_1_7.wsq,impostor,5,19,5,,False,36.38417,0
4399,derive,26,DB1_Lumidgm:26:7,DB1_Lumidgm/81_1_7.wsq,impostor,5,19,5,,False,37.867633,0
4400,derive,95,DB1_Lumidgm:95:7,DB1_Lumidgm/95_4_7.wsq,genuine,28,19,28,,True,36.396103,1210
4400,stored,95,DB1_Lumidgm:95:7,DB1_Lumidgm/95_4_7.wsq,genuine,28,19,28,,True,35.687974,1210
4401,stored,86,DB1_Lumidgm:86:3,DB1_Lumidgm/45_1_7.wsq,impostor,9,19,9,,False,37.662606,0
4401,derive,86,DB1_Lumidgm:86:3,DB1_Lumidgm/45_1_7.wsq,impostor,9,19,9,,False,38.759093,0
4402,derive,29,DB1_Lumidgm:29:8,DB1_Lumidgm/62_1_1.wsq,impostor,6,19,6,,False,45.233017,0
4402,stored,29,DB1_Lumidgm:29:8,DB1_Lumidgm/62_1_1.wsq,impostor,6,19,6,,False,45.335854,0
4403,stored,74,DB1_Lumidgm:74:4,DB1_Lumidgm/37_1_10.wsq,impostor,10,19,10,,False,32.501047,0
4403,derive,74,DB1_Lumidgm:74:4,DB1_Lumidgm/37_1_10.wsq,impostor,10,19,10,,False,32.657647,0
4404,derive,66,DB1_Lumidgm:66:8,DB1_Lumidgm/24_1_2.wsq,impostor,5,19,5,,False,36.603989,0
4404,stored,66,DB1_Lumidgm:66:8,DB1_Lumidgm/24_1_2.wsq,impostor,5,19,5,,False,34.520564,0
4405,stored,88,DB1_Lumidgm:88:10,DB1_Lumidgm/35_1_7.wsq,impostor,4,19,4,,False,39.317072,0
4405,derive,88,DB1_Lumidgm:88:10,DB1_Lumidgm/35_1_7.wsq,impostor,4,19,4,,False,36.870139,0
4406,derive,56,DB1_Lumidgm:56:7,DB1_Lumidgm/41_1_8.wsq,impostor,7,19,7,,False,38.064267,0
4406,stored,56,DB1_Lumidgm:56:7,DB1_Lumidgm/41_1_8.wsq,impostor,7,19,7,,False,37.957054,0
4407,stored,92,DB1_Lumidgm:92:3,DB1_Lumidgm/68_1_4.wsq,impostor,4,19,4,,False,33.453635,0
4407,derive,92,DB1_Lumidgm:92:3,DB1_Lumidgm/68_1_4.wsq,impostor,4,19,4,,False,32.29562,0
4408,derive,64,DB1_Lumidgm:64:8,DB1_Lumidgm/83_1_9.wsq,impostor,6,19,6,,False,33.550236,0
4408,stored,64,DB1_Lumidgm:64:8,DB1_Lumidgm/83_1_9.wsq,impostor,6,19,6,,False,34.704564,0
4409,stored,36,DB1_Lumidgm:36:3,DB1_Lumidgm/47_1_10.wsq,impostor,9,19,9,,False,34.632755,0
4409,derive,36,DB1_Lumidgm:36:3,DB1_Lumidgm/47_1_10.wsq,impostor,9,19,9,,False,34.198493,0
4410,derive,87,DB1_Lumidgm:87:8,DB1_Lumidgm/60_1_1.wsq,impostor,6,19,6,,False,37.769918,0
4410,stored,87,DB1_Lumidgm:87:8,DB1_Lumidgm/60_1_1.wsq,impostor,6,19,6,,False,37.00377,0
4411,stored,28,DB1_Lumidgm:28:6,DB1_Lumidgm/76_1_8.wsq,impostor,5,19,5,,False,37.933712,0
4411,derive,28,DB1_Lumidgm:28:6,DB1_Lumidgm/76_1_8.wsq,impostor,5,19,5,,False,35.410341,0
4412,derive,83,DB1_Lumidgm:83:4,DB1_Lumidgm/57_1_1.wsq,impostor,6,19,6,,False,37.332251,0
4412,stored,83,DB1_Lumidgm:83:4,DB1_Lumidgm/57_1_1.wsq,impostor,6,19,6,,False,37.422339,0
4413,stored,68,DB1_Lumidgm:68:10,DB1_Lumidgm/92_1_8.wsq,impostor,7,19,7,,False,38.834475,0
4413,derive,68,DB1_Lumidgm:68:10,DB1_Lumidgm/92_1_8.wsq,impostor,7,19,7,,False,40.693601,0
4414,derive,65,DB1_Lumidgm:65:9,DB1_Lumidgm/50_1_3.wsq,impostor,7,19,7,,False,41.198628,0
4414,stored,65,DB1_Lumidgm:65:9,DB1_Lumidgm/50_1_3.wsq,impostor,7,19,7,,False,42.056925,0
4415,stored,83,DB1_Lumidgm:83:7,DB1_Lumidgm/83_4_7.wsq,genuine,63,19,63,,True,44.522295,1210
4415,derive,83,DB1_Lumidgm:83:7,DB1_Lumidgm/83_4_7.wsq,genuine,63,19,63,,True,42.52676,1210
4416,derive,99,DB1_Lumidgm:99:6,DB1_Lumidgm/80_1_3.wsq,impostor,3,19,3,,False,35.930964,0
4416,stored,99,DB1_Lumidgm:99:6,DB1_Lumidgm/80_1_3.wsq,impostor,3,19,3,,False,35.668258,0
4417,stored,53,DB1_Lumidgm:53:3,DB1_Lumidgm/32_1_1.wsq,impostor,13,19,13,,False,36.881378,0
4417,derive,53,DB1_Lumidgm:53:3,DB1_Lumidgm/32_1_1.wsq,impostor,13,19,13,,False,36.697721,0
4418,derive,90,DB1_Lumidgm:90:5,DB1_Lumidgm/81_1_9.wsq,impostor,7,19,7,,False,38.298146,0
4418,stored,90,DB1_Lumidgm:90:5,DB1_Lumidgm/81_1_9.wsq,impostor,7,19,7,,False,38.216148,0
4419,stored,23,DB1_Lumidgm:23:3,DB1_Lumidgm/99_1_3.wsq,impostor,6,19,6,,False,36.724335,0
4419,derive,23,DB1_Lumidgm:23:3,DB1_Lumidgm/99_1_3.wsq,impostor,6,19,6,,False,36.897496,0
4420,derive,48,DB1_Lumidgm:48:8,DB1_Lumidgm/26_1_8.wsq,impostor,10,19,10,,False,37.93218,0
4420,stored,48,DB1_Lumidgm:48:8,DB1_Lumidgm/26_1_8.wsq,impostor,10,19,10,,False,36.80951,0
4421,stored,91,DB1_Lumidgm:91:10,DB1_Lumidgm/50_1_3.wsq,impostor,5,19,5,,False,38.244156,0
4421,derive,91,DB1_Lumidgm:91:10,DB1_Lumidgm/50_1_3.wsq,impostor,5,19,5,,False,39.0791,0
4422,derive,90,DB1_Lumidgm:90:2,DB1_Lumidgm/38_1_2.wsq,impostor,5,19,5,,False,38.096438,0
4422,stored,90,DB1_Lumidgm:90:2,DB1_Lumidgm/38_1_2.wsq,impostor,5,19,5,,False,36.580105,0
4423,stored,82,DB1_Lumidgm:82:8,DB1_Lumidgm/82_3_8.wsq,genuine,16,19,16,,False,42.728385,0
4423,derive,82,DB1_Lumidgm:82:8,DB1_Lumidgm/82_3_8.wsq,genuine,16,19,16,,False,41.326982,0
4424,derive,37,DB1_Lumidgm:37:8,DB1_Lumidgm/75_1_4.wsq,impostor,4,19,4,,False,34.619624,0
4424,stored,37,DB1_Lumidgm:37:8,DB1_Lumidgm/75_1_4.wsq,impostor,4,19,4,,False,33.318911,0
4425,stored,44,DB1_Lumidgm:44:9,DB1_Lumidgm/59_1_9.wsq,impostor,6,19,6,,False,38.551307,0
4425,derive,44,DB1_Lumidgm:44:9,DB1_Lumidgm/59_1_9.wsq,impostor,6,19,6,,False,39.285237,0
4426,derive,30,DB1_Lumidgm:30:10,DB1_Lumidgm/30_3_10.wsq,genuine,8,19,8,,False,34.99286,0
4426,stored,30,DB1_Lumidgm:30:10,DB1_Lumidgm/30_3_10.wsq,genuine,8,19,8,,False,34.708818,0
4427,stored,95,DB1_Lumidgm:95:5,DB1_Lumidgm/42_1_5.wsq,impostor,9,19,9,,False,35.276338,0
4427,derive,95,DB1_Lumidgm:95:5,DB1_Lumidgm/42_1_5.wsq,impostor,9,19,9,,False,35.16022,0
4428,derive,63,DB1_Lumidgm:63:8,DB1_Lumidgm/63_2_8.wsq,genuine,20,19,20,,True,39.702167,1210
4428,stored,63,DB1_Lumidgm:63:8,DB1_Lumidgm/63_2_8.wsq,genuine,20,19,20,,True,37.875661,1210
4429,stored,80,DB1_Lumidgm:80:6,DB1_Lumidgm/80_4_6.wsq,genuine,38,19,38,,True,47.171759,1210
4429,derive,80,DB1_Lumidgm:80:6,DB1_Lumidgm/80_4_6.wsq,genuine,38,19,38,,True,42.803127,1210
4430,derive,70,DB1_Lumidgm:70:2,DB1_Lumidgm/47_1_5.wsq,impostor,6,19,6,,False,36.080819,0
4430,stored,70,DB1_Lumidgm:70:2,DB1_Lumidgm/47_1_5.wsq,impostor,6,19,6,,False,33.981502,0
4431,stored,93,DB1_Lumidgm:93:3,DB1_Lumidgm/36_1_10.wsq,impostor,7,19,7,,False,37.736816,0
4431,derive,93,DB1_Lumidgm:93:3,DB1_Lumidgm/36_1_10.wsq,impostor,7,19,7,,False,39.172194,0
4432,derive,51,DB1_Lumidgm:51:6,DB1_Lumidgm/39_1_6.wsq,impostor,9,19,9,,False,38.486823,0
4432,stored,51,DB1_Lumidgm:51:6,DB1_Lumidgm/39_1_6.wsq,impostor,9,19,9,,False,39.537275,0
4433,stored,74,DB1_Lumidgm:74:2,DB1_Lumidgm/82_1_6.wsq,impostor,17,19,17,,False,41.08694,0
4433,derive,74,DB1_Lumidgm:74:2,DB1_Lumidgm/82_1_6.wsq,impostor,17,19,17,,False,38.416782,0
4434,derive,26,DB1_Lumidgm:26:6,DB1_Lumidgm/78_1_7.wsq,impostor,7,19,7,,False,36.225797,0
4434,stored,26,DB1_Lumidgm:26:6,DB1_Lumidgm/78_1_7.wsq,impostor,7,19,7,,False,35.581914,0
4435,stored,74,DB1_Lumidgm:74:8,DB1_Lumidgm/91_1_10.wsq,impostor,5,19,5,,False,41.949103,0
4435,derive,74,DB1_Lumidgm:74:8,DB1_Lumidgm/91_1_10.wsq,impostor,5,19,5,,False,43.334641,0
4436,derive,36,DB1_Lumidgm:36:1,DB1_Lumidgm/72_1_8.wsq,impostor,5,19,5,,False,34.732494,0
4436,stored,36,DB1_Lumidgm:36:1,DB1_Lumidgm/72_1_8.wsq,impostor,5,19,5,,False,34.832375,0
4437,stored,65,DB1_Lumidgm:65:3,DB1_Lumidgm/85_1_6.wsq,impostor,6,19,6,,False,39.315708,0
4437,derive,65,DB1_Lumidgm:65:3,DB1_Lumidgm/85_1_6.wsq,impostor,6,19,6,,False,39.012486,0
4438,derive,78,DB1_Lumidgm:78:6,DB1_Lumidgm/38_1_7.wsq,impostor,3,19,3,,False,35.494299,0
4438,stored,78,DB1_Lumidgm:78:6,DB1_Lumidgm/38_1_7.wsq,impostor,3,19,3,,False,36.915716,0
4439,stored,51,DB1_Lumidgm:51:9,DB1_Lumidgm/53_1_3.wsq,impostor,9,19,9,,False,38.04611,0
4439,derive,51,DB1_Lumidgm:51:9,DB1_Lumidgm/53_1_3.wsq,impostor,9,19,9,,False,36.872484,0
4440,derive,62,DB1_Lumidgm:62:9,DB1_Lumidgm/24_1_6.wsq,impostor,5,19,5,,False,36.08805,0
4440,stored,62,DB1_Lumidgm:62:9,DB1_Lumidgm/24_1_6.wsq,impostor,5,19,5,,False,36.337127,0
4441,stored,61,DB1_Lumidgm:61:10,DB1_Lumidgm/29_1_3.wsq,impostor,3,19,3,,False,37.109811,0
4441,derive,61,DB1_Lumidgm:61:10,DB1_Lumidgm/29_1_3.wsq,impostor,3,19,3,,False,38.039251,0
4442,derive,47,DB1_Lumidgm:47:1,DB1_Lumidgm/89_1_5.wsq,impostor,5,19,5,,False,43.001396,0
4442,stored,47,DB1_Lumidgm:47:1,DB1_Lumidgm/89_1_5.wsq,impostor,5,19,5,,False,43.611027,0
4443,stored,96,DB1_Lumidgm:96:2,DB1_Lumidgm/96_4_2.wsq,genuine,116,19,116,,True,41.299718,1210
4443,derive,96,DB1_Lumidgm:96:2,DB1_Lumidgm/96_4_2.wsq,genuine,116,19,116,,True,40.271015,1210
4444,derive,50,DB1_Lumidgm:50:10,DB1_Lumidgm/44_1_3.wsq,impostor,9,19,9,,False,37.939986,0
4444,stored,50,DB1_Lumidgm:50:10,DB1_Lumidgm/44_1_3.wsq,impostor,9,19,9,,False,36.898799,0
4445,stored,58,DB1_Lumidgm:58:8,DB1_Lumidgm/58_4_8.wsq,genuine,16,19,16,,False,39.258166,0
4445,derive,58,DB1_Lumidgm:58:8,DB1_Lumidgm/58_4_8.wsq,genuine,16,19,16,,False,37.700083,0
4446,derive,72,DB1_Lumidgm:72:1,DB1_Lumidgm/72_4_1.wsq,genuine,5,19,5,,False,36.562135,0
4446,stored,72,DB1_Lumidgm:72:1,DB1_Lumidgm/72_4_1.wsq,genuine,5,19,5,,False,35.920771,0
4447,stored,98,DB1_Lumidgm:98:3,DB1_Lumidgm/98_2_3.wsq,genuine,119,19,119,,True,51.889452,1210
4447,derive,98,DB1_Lumidgm:98:3,DB1_Lumidgm/98_2_3.wsq,genuine,119,19,119,,True,52.299194,1210
4448,derive,99,DB1_Lumidgm:99:1,DB1_Lumidgm/34_1_2.wsq,impostor,5,19,5,,False,36.916578,0
4448,stored,99,DB1_Lumidgm:99:1,DB1_Lumidgm/34_1_2.wsq,impostor,5,19,5,,False,36.96462,0
4449,stored,100,DB1_Lumidgm:100:2,DB1_Lumidgm/85_1_4.wsq,impostor,12,19,12,,False,36.287105,0
4449,derive,100,DB1_Lumidgm:100:2,DB1_Lumidgm/85_1_4.wsq,impostor,12,19,12,,False,35.839532,0
4450,derive,22,DB1_Lumidgm:22:6,DB1_Lumidgm/34_1_10.wsq,impostor,14,19,14,,False,37.868098,0
4450,stored,22,DB1_Lumidgm:22:6,DB1_Lumidgm/34_1_10.wsq,impostor,14,19,14,,False,36.371807,0
4451,stored,77,DB1_Lumidgm:77:3,DB1_Lumidgm/34_1_6.wsq,impostor,6,19,6,,False,39.203025,0
4451,derive,77,DB1_Lumidgm:77:3,DB1_Lumidgm/34_1_6.wsq,impostor,6,19,6,,False,37.081216,0
4452,derive,77,DB1_Lumidgm:77:6,DB1_Lumidgm/24_1_5.wsq,impostor,9,19,9,,False,34.050294,0
4452,stored,77,DB1_Lumidgm:77:6,DB1_Lumidgm/24_1_5.wsq,impostor,9,19,9,,False,37.648198,0
4453,stored,31,DB1_Lumidgm:31:10,DB1_Lumidgm/54_1_6.wsq,impostor,9,19,9,,False,41.557047,0
4453,derive,31,DB1_Lumidgm:31:10,DB1_Lumidgm/54_1_6.wsq,impostor,9,19,9,,False,38.700994,0
4454,derive,22,DB1_Lumidgm:22:3,DB1_Lumidgm/81_1_7.wsq,impostor,8,19,8,,False,37.677304,0
4454,stored,22,DB1_Lumidgm:22:3,DB1_Lumidgm/81_1_7.wsq,impostor,8,19,8,,False,55.349496,0
4455,stored,61,DB1_Lumidgm:61:9,DB1_Lumidgm/61_3_9.wsq,genuine,13,19,13,,False,40.896875,0
4455,derive,61,DB1_Lumidgm:61:9,DB1_Lumidgm/61_3_9.wsq,genuine,13,19,13,,False,39.668683,0
4456,derive,53,DB1_Lumidgm:53:1,DB1_Lumidgm/100_1_2.wsq,impostor,4,19,4,,False,36.050144,0
4456,stored,53,DB1_Lumidgm:53:1,DB1_Lumidgm/100_1_2.wsq,impostor,4,19,4,,False,36.968155,0
4457,stored,28,DB1_Lumidgm:28:7,DB1_Lumidgm/81_1_6.wsq,impostor,3,19,3,,False,38.353628,0
4457,derive,28,DB1_Lumidgm:28:7,DB1_Lumidgm/81_1_6.wsq,impostor,3,19,3,,False,37.518577,0
4458,derive,24,DB1_Lumidgm:24:10,DB1_Lumidgm/77_1_5.wsq,impostor,5,19,5,,False,35.1276,0
4458,stored,24,DB1_Lumidgm:24:10,DB1_Lumidgm/77_1_5.wsq,impostor,5,19,5,,False,36.4957,0
4459,stored,93,DB1_Lumidgm:93:7,DB1_Lumidgm/93_2_7.wsq,genuine,128,19,128,,True,56.337276,1210
4459,derive,93,DB1_Lumidgm:93:7,DB1_Lumidgm/93_2_7.wsq,genuine,128,19,128,,True,54.386986,1210
4460,derive,58,DB1_Lumidgm:58:9,DB1_Lumidgm/61_1_6.wsq,impostor,7,19,7,,False,37.800955,0
4460,stored,58,DB1_Lumidgm:58:9,DB1_Lumidgm/61_1_6.wsq,impostor,7,19,7,,False,37.639882,0
4461,stored,31,DB1_Lumidgm:31:3,DB1_Lumidgm/70_1_2.wsq,impostor,9,19,9,,False,38.44866,0
4461,derive,31,DB1_Lumidgm:31:3,DB1_Lumidgm/70_1_2.wsq,impostor,9,19,9,,False,38.787926,0
4462,derive,93,DB1_Lumidgm:93:4,DB1_Lumidgm/54_1_2.wsq,impostor,9,19,9,,False,38.269182,0
4462,stored,93,DB1_Lumidgm:93:4,DB1_Lumidgm/54_1_2.wsq,impostor,9,19,9,,False,39.025867,0
4463,stored,57,DB1_Lumidgm:57:7,DB1_Lumidgm/36_1_3.wsq,impostor,6,19,6,,False,38.880129,0
4463,derive,57,DB1_Lumidgm:57:7,DB1_Lumidgm/36_1_3.wsq,impostor,6,19,6,,False,37.644604,0
4464,derive,75,DB1_Lumidgm:75:2,DB1_Lumidgm/91_1_9.wsq,impostor,4,19,4,,False,40.555353,0
4464,stored,75,DB1_Lumidgm:75:2,DB1_Lumidgm/91_1_9.wsq,impostor,4,19,4,,False,39.935841,0
4465,stored,31,DB1_Lumidgm:31:10,DB1_Lumidgm/31_3_10.wsq,genuine,27,19,27,,True,35.948666,1211
4465,derive,31,DB1_Lumidgm:31:10,DB1_Lumidgm/31_3_10.wsq,genuine,27,19,27,,True,35.322188,1211
4466,derive,37,DB1_Lumidgm:37:4,DB1_Lumidgm/62_1_1.wsq,impostor,8,19,8,,False,45.906374,0
4466,stored,37,DB1_Lumidgm:37:4,DB1_Lumidgm/62_1_1.wsq,impostor,8,19,8,,False,47.184912,0
4467,stored,39,DB1_Lumidgm:39:6,DB1_Lumidgm/85_1_5.wsq,impostor,8,19,8,,False,36.084751,0
4467,derive,39,DB1_Lumidgm:39:6,DB1_Lumidgm/85_1_5.wsq,impostor,8,19,8,,False,33.862889,0
4468,derive,39,DB1_Lumidgm:39:5,DB1_Lumidgm/39_2_5.wsq,genuine,96,19,96,,True,39.300891,1210
4468,stored,39,DB1_Lumidgm:39:5,DB1_Lumidgm/39_2_5.wsq,genuine,96,19,96,,True,38.466056,1210
4469,stored,62,DB1_Lumidgm:62:2,DB1_Lumidgm/52_1_2.wsq,impostor,9,19,9,,False,36.088244,0
4469,derive,62,DB1_Lumidgm:62:2,DB1_Lumidgm/52_1_2.wsq,impostor,9,19,9,,False,37.026031,0
4470,derive,49,DB1_Lumidgm:49:4,DB1_Lumidgm/49_3_4.wsq,genuine,74,19,74,,True,37.761034,1210
4470,stored,49,DB1_Lumidgm:49:4,DB1_Lumidgm/49_3_4.wsq,genuine,74,19,74,,True,37.58453,1210
4471,stored,53,DB1_Lumidgm:53:3,DB1_Lumidgm/24_1_10.wsq,impostor,9,19,9,,False,36.960554,0
4471,derive,53,DB1_Lumidgm:53:3,DB1_Lumidgm/24_1_10.wsq,impostor,9,19,9,,False,36.639704,0
4472,derive,27,DB1_Lumidgm:27:2,DB1_Lumidgm/85_1_1.wsq,impostor,10,19,10,,False,46.06328,0
4472,stored,27,DB1_Lumidgm:27:2,DB1_Lumidgm/85_1_1.wsq,impostor,10,19,10,,False,47.864568,0
4473,stored,39,DB1_Lumidgm:39:5,DB1_Lumidgm/39_4_5.wsq,genuine,102,19,102,,True,42.195445,1210
4473,derive,39,DB1_Lumidgm:39:5,DB1_Lumidgm/39_4_5.wsq,genuine,102,19,102,,True,41.427609,1210
4474,derive,26,DB1_Lumidgm:26:8,DB1_Lumidgm/60_1_8.wsq,impostor,7,19,7,,False,37.414652,0
4474,stored,26,DB1_Lumidgm:26:8,DB1_Lumidgm/60_1_8.wsq,impostor,7,19,7,,False,36.723814,0
4475,stored,61,DB1_Lumidgm:61:6,DB1_Lumidgm/86_1_1.wsq,impostor,6,19,6,,False,37.741957,0
4475,derive,61,DB1_Lumidgm:61:6,DB1_Lumidgm/86_1_1.wsq,impostor,6,19,6,,False,38.607181,0
4476,derive,67,DB1_Lumidgm:67:3,DB1_Lumidgm/58_1_1.wsq,impostor,6,19,6,,False,43.888308,0
4476,stored,67,DB1_Lumidgm:67:3,DB1_Lumidgm/58_1_1.wsq,impostor,6,19,6,,False,45.663706,0
4477,stored,33,DB1_Lumidgm:33:10,DB1_Lumidgm/33_2_10.wsq,genuine,36,19,36,,True,38.414867,1211
4477,derive,33,DB1_Lumidgm:33:10,DB1_Lumidgm/33_2_10.wsq,genuine,36,19,36,,True,36.059534,1211
4478,derive,41,DB1_Lumidgm:41:8,DB1_Lumidgm/68_1_9.wsq,impostor,11,19,11,,False,40.169061,0
4478,stored,41,DB1_Lumidgm:41:8,DB1_Lumidgm/68_1_9.wsq,impostor,11,19,11,,False,39.484137,0
4479,stored,43,DB1_Lumidgm:43:1,DB1_Lumidgm/88_1_3.wsq,impostor,10,19,10,,False,41.19241,0
4479,derive,43,DB1_Lumidgm:43:1,DB1_Lumidgm/88_1_3.wsq,impostor,10,19,10,,False,41.136869,0
4480,derive,87,DB1_Lumidgm:87:4,DB1_Lumidgm/46_1_2.wsq,impostor,8,19,8,,False,38.27731,0
4480,stored,87,DB1_Lumidgm:87:4,DB1_Lumidgm/46_1_2.wsq,impostor,8,19,8,,False,37.714496,0
4481,stored,53,DB1_Lumidgm:53:8,DB1_Lumidgm/79_1_10.wsq,impostor,6,19,6,,False,37.571475,0
4481,derive,53,DB1_Lumidgm:53:8,DB1_Lumidgm/79_1_10.wsq,impostor,6,19,6,,False,36.781255,0
4482,derive,79,DB1_Lumidgm:79:2,DB1_Lumidgm/26_1_1.wsq,impostor,7,19,7,,False,36.853998,0
4482,stored,79,DB1_Lumidgm:79:2,DB1_Lumidgm/26_1_1.wsq,impostor,7,19,7,,False,37.567541,0
4483,stored,27,DB1_Lumidgm:27:8,DB1_Lumidgm/27_4_8.wsq,genuine,45,19,45,,True,41.614322,1210
4483,derive,27,DB1_Lumidgm:27:8,DB1_Lumidgm/27_4_8.wsq,genuine,45,19,45,,True,41.259929,1210
4484,derive,69,DB1_Lumidgm:69:1,DB1_Lumidgm/85_1_3.wsq,impostor,10,19,10,,False,36.591956,0
4484,stored,69,DB1_Lumidgm:69:1,DB1_Lumidgm/85_1_3.wsq,impostor,10,19,10,,False,37.633024,0
4485,stored,91,DB1_Lumidgm:91:5,DB1_Lumidgm/85_1_2.wsq,impostor,6,19,6,,False,37.502776,0
4485,derive,91,DB1_Lumidgm:91:5,DB1_Lumidgm/85_1_2.wsq,impostor,6,19,6,,False,39.352185,0
4486,derive,63,DB1_Lumidgm:63:1,DB1_Lumidgm/22_1_5.wsq,impostor,7,19,7,,False,34.610784,0
4486,stored,63,DB1_Lumidgm:63:1,DB1_Lumidgm/22_1_5.wsq,impostor,7,19,7,,False,35.671114,0
4487,stored,52,DB1_Lumidgm:52:10,DB1_Lumidgm/72_1_4.wsq,impostor,10,19,10,,False,35.85834,0
4487,derive,52,DB1_Lumidgm:52:10,DB1_Lumidgm/72_1_4.wsq,impostor,10,19,10,,False,35.120735,0
4488,derive,92,DB1_Lumidgm:92:3,DB1_Lumidgm/28_1_9.wsq,impostor,10,19,10,,False,39.068811,0
4488,stored,92,DB1_Lumidgm:92:3,DB1_Lumidgm/28_1_9.wsq,impostor,10,19,10,,False,41.141434,0
4489,stored,100,DB1_Lumidgm:100:4,DB1_Lumidgm/82_1_9.wsq,impostor,9,19,9,,False,41.757621,0
4489,derive,100,DB1_Lumidgm:100:4,DB1_Lumidgm/82_1_9.wsq,impostor,9,19,9,,False,41.746874,0
4490,derive,99,DB1_Lumidgm:99:7,DB1_Lumidgm/96_1_4.wsq,impostor,8,19,8,,False,36.362126,0
4490,stored,99,DB1_Lumidgm:99:7,DB1_Lumidgm/96_1_4.wsq,impostor,8,19,8,,False,36.603402,0
4491,stored,75,DB1_Lumidgm:75:8,DB1_Lumidgm/65_1_2.wsq,impostor,8,19,8,,False,43.950986,0
4491,derive,75,DB1_Lumidgm:75:8,DB1_Lumidgm/65_1_2.wsq,impostor,8,19,8,,False,44.475759,0
4492,derive,47,DB1_Lumidgm:47:10,DB1_Lumidgm/62_1_9.wsq,impostor,8,19,8,,False,48.649435,0
4492,stored,47,DB1_Lumidgm:47:10,DB1_Lumidgm/62_1_9.wsq,impostor,8,19,8,,False,48.612886,0
4493,stored,70,DB1_Lumidgm:70:5,DB1_Lumidgm/85_1_5.wsq,impostor,15,19,15,,False,39.474861,0
4493,derive,70,DB1_Lumidgm:70:5,DB1_Lumidgm/85_1_5.wsq,impostor,15,19,15,,False,39.750908,0
4494,derive,80,DB1_Lumidgm:80:7,DB1_Lumidgm/21_1_5.wsq,impostor,10,19,10,,False,41.050625,0
4494,stored,80,DB1_Lumidgm:80:7,DB1_Lumidgm/21_1_5.wsq,impostor,10,19,10,,False,40.179281,0
4495,stored,39,DB1_Lumidgm:39:4,DB1_Lumidgm/98_1_9.wsq,impostor,4,19,4,,False,38.511354,0
4495,derive,39,DB1_Lumidgm:39:4,DB1_Lumidgm/98_1_9.wsq,impostor,4,19,4,,False,36.657051,0
4496,derive,68,DB1_Lumidgm:68:1,DB1_Lumidgm/92_1_9.wsq,impostor,9,19,9,,False,41.335955,0
4496,stored,68,DB1_Lumidgm:68:1,DB1_Lumidgm/92_1_9.wsq,impostor,9,19,9,,False,40.960893,0
4497,stored,100,DB1_Lumidgm:100:4,DB1_Lumidgm/37_1_7.wsq,impostor,7,19,7,,False,36.200773,0
4497,derive,100,DB1_Lumidgm:100:4,DB1_Lumidgm/37_1_7.wsq,impostor,7,19,7,,False,36.703212,0
4498,derive,24,DB1_Lumidgm:24:5,DB1_Lumidgm/64_1_7.wsq,impostor,10,19,10,,False,37.944632,0
4498,stored,24,DB1_Lumidgm:24:5,DB1_Lumidgm/64_1_7.wsq,impostor,10,19,10,,False,36.730363,0
4499,stored,50,DB1_Lumidgm:50:1,DB1_Lumidgm/50_3_1.wsq,genuine,113,19,113,,True,42.410687,1210
4499,derive,50,DB1_Lumidgm:50:1,DB1_Lumidgm/50_3_1.wsq,genuine,113,19,113,,True,44.524943,1210
4500,derive,87,DB1_Lumidgm:87:2,DB1_Lumidgm/89_1_2.wsq,impostor,5,19,5,,False,41.625594,0
4500,stored,87,DB1_Lumidgm:87:2,DB1_Lumidgm/89_1_2.wsq,impostor,5,19,5,,False,42.798833,0
4501,stored,95,DB1_Lumidgm:95:2,DB1_Lumidgm/95_2_2.wsq,genuine,34,19,34,,True,45.558716,1210
4501,derive,95,DB1_Lumidgm:95:2,DB1_Lumidgm/95_2_2.wsq,genuine,34,19,34,,True,43.351908,1210
4502,derive,81,DB1_Lumidgm:81:6,DB1_Lumidgm/43_1_5.wsq,impostor,6,19,6,,False,39.418399,0
4502,stored,81,DB1_Lumidgm:81:6,DB1_Lumidgm/43_1_5.wsq,impostor,6,19,6,,False,39.295806,0
4503,stored,72,DB1_Lumidgm:72:4,DB1_Lumidgm/38_1_5.wsq,impostor,17,19,17,,False,36.334922,0
4503,derive,72,DB1_Lumidgm:72:4,DB1_Lumidgm/38_1_5.wsq,impostor,17,19,17,,False,35.837638,0
4504,derive,79,DB1_Lumidgm:79:7,DB1_Lumidgm/40_1_7.wsq,impostor,6,19,6,,False,37.692328,0
4504,stored,79,DB1_Lumidgm:79:7,DB1_Lumidgm/40_1_7.wsq,impostor,6,19,6,,False,39.897677,0
4505,stored,29,DB1_Lumidgm:29:3,DB1_Lumidgm/97_1_1.wsq,impostor,9,19,9,,False,37.459679,0
4505,derive,29,DB1_Lumidgm:29:3,DB1_Lumidgm/97_1_1.wsq,impostor,9,19,9,,False,37.650742,0
4506,derive,45,DB1_Lumidgm:45:5,DB1_Lumidgm/45_2_5.wsq,genuine,93,19,93,,True,39.011576,1210
4506,stored,45,DB1_Lumidgm:45:5,DB1_Lumidgm/45_2_5.wsq,genuine,93,19,93,,True,38.259254,1210
4507,stored,34,DB1_Lumidgm:34:4,DB1_Lumidgm/83_1_1.wsq,impostor,7,19,7,,False,36.866056,0
4507,derive,34,DB1_Lumidgm:34:4,DB1_Lumidgm/83_1_1.wsq,impostor,7,19,7,,False,36.80981,0
4508,derive,100,DB1_Lumidgm:100:6,DB1_Lumidgm/46_1_4.wsq,impostor,8,19,8,,False,38.139284,0
4508,stored,100,DB1_Lumidgm:100:6,DB1_Lumidgm/46_1_4.wsq,impostor,8,19,8,,False,38.352451,0
4509,stored,59,DB1_Lumidgm:59:9,DB1_Lumidgm/27_1_10.wsq,impostor,4,19,4,,False,38.651573,0
4509,derive,59,DB1_Lumidgm:59:9,DB1_Lumidgm/27_1_10.wsq,impostor,4,19,4,,False,35.550274,0
4510,derive,69,DB1_Lumidgm:69:5,DB1_Lumidgm/67_1_9.wsq,impostor,5,19,5,,False,36.285322,0
4510,stored,69,DB1_Lumidgm:69:5,DB1_Lumidgm/67_1_9.wsq,impostor,5,19,5,,False,37.986194,0
4511,stored,50,DB1_Lumidgm:50:8,DB1_Lumidgm/71_1_9.wsq,impostor,4,19,4,,False,38.118494,0
4511,derive,50,DB1_Lumidgm:50:8,DB1_Lumidgm/71_1_9.wsq,impostor,4,19,4,,False,37.115732,0
4512,derive,62,DB1_Lumidgm:62:4,DB1_Lumidgm/30_1_7.wsq,impostor,11,19,11,,False,42.735025,0
4512,stored,62,DB1_Lumidgm:62:4,DB1_Lumidgm/30_1_7.wsq,impostor,11,19,11,,False,39.707588,0
4513,stored,42,DB1_Lumidgm:42:5,DB1_Lumidgm/94_1_4.wsq,impostor,6,19,6,,False,43.416767,0
4513,derive,42,DB1_Lumidgm:42:5,DB1_Lumidgm/94_1_4.wsq,impostor,6,19,6,,False,44.525492,0
4514,derive,53,DB1_Lumidgm:53:6,DB1_Lumidgm/53_4_6.wsq,genuine,177,19,177,,True,48.542794,1210
4514,stored,53,DB1_Lumidgm:53:6,DB1_Lumidgm/53_4_6.wsq,genuine,177,19,177,,True,47.86563,1210
4515,stored,73,DB1_Lumidgm:73:6,DB1_Lumidgm/73_4_6.wsq,genuine,6,19,6,,False,40.194248,0
4515,derive,73,DB1_Lumidgm:73:6,DB1_Lumidgm/73_4_6.wsq,genuine,6,19,6,,False,41.508591,0
4516,derive,29,DB1_Lumidgm:29:4,DB1_Lumidgm/51_1_6.wsq,impostor,4,19,4,,False,40.364185,0
4516,stored,29,DB1_Lumidgm:29:4,DB1_Lumidgm/51_1_6.wsq,impostor,4,19,4,,False,38.986056,0
4517,stored,49,DB1_Lumidgm:49:8,DB1_Lumidgm/70_1_4.wsq,impostor,6,19,6,,False,38.290666,0
4517,derive,49,DB1_Lumidgm:49:8,DB1_Lumidgm/70_1_4.wsq,impostor,6,19,6,,False,38.036228,0
4518,derive,92,DB1_Lumidgm:92:7,DB1_Lumidgm/30_1_4.wsq,impostor,10,19,10,,False,36.518835,0
4518,stored,92,DB1_Lumidgm:92:7,DB1_Lumidgm/30_1_4.wsq,impostor,10,19,10,,False,37.417454,0
4519,stored,47,DB1_Lumidgm:47:4,DB1_Lumidgm/38_1_1.wsq,impostor,11,19,11,,False,36.815984,0
4519,derive,47,DB1_Lumidgm:47:4,DB1_Lumidgm/38_1_1.wsq,impostor,11,19,11,,False,36.427623,0
4520,derive,59,DB1_Lumidgm:59:3,DB1_Lumidgm/74_1_6.wsq,impostor,4,19,4,,False,36.608411,0
4520,stored,59,DB1_Lumidgm:59:3,DB1_Lumidgm/74_1_6.wsq,impostor,4,19,4,,False,36.183397,0
4521,stored,47,DB1_Lumidgm:47:7,DB1_Lumidgm/34_1_3.wsq,impostor,7,19,7,,False,38.612759,0
4521,derive,47,DB1_Lumidgm:47:7,DB1_Lumidgm/34_1_3.wsq,impostor,7,19,7,,False,47.082366,0
4522,derive,54,DB1_Lumidgm:54:2,DB1_Lumidgm/27_1_3.wsq,impostor,10,19,10,,False,38.364353,0
4522,stored,54,DB1_Lumidgm:54:2,DB1_Lumidgm/27_1_3.wsq,impostor,10,19,10,,False,38.01827,0
4523,stored,46,DB1_Lumidgm:46:10,DB1_Lumidgm/90_1_10.wsq,impostor,12,19,12,,False,36.825238,0
4523,derive,46,DB1_Lumidgm:46:10,DB1_Lumidgm/90_1_10.wsq,impostor,12,19,12,,False,40.749087,0
4524,derive,71,DB1_Lumidgm:71:6,DB1_Lumidgm/51_1_5.wsq,impostor,6,19,6,,False,35.208983,0
4524,stored,71,DB1_Lumidgm:71:6,DB1_Lumidgm/51_1_5.wsq,impostor,6,19,6,,False,35.04299,0
4525,stored,46,DB1_Lumidgm:46:4,DB1_Lumidgm/46_4_4.wsq,genuine,36,19,36,,True,42.045233,1210
4525,derive,46,DB1_Lumidgm:46:4,DB1_Lumidgm/46_4_4.wsq,genuine,36,19,36,,True,40.226498,1210
4526,derive,53,DB1_Lumidgm:53:3,DB1_Lumidgm/43_1_1.wsq,impostor,5,19,5,,False,38.836664,0
4526,stored,53,DB1_Lumidgm:53:3,DB1_Lumidgm/43_1_1.wsq,impostor,5,19,5,,False,38.098926,0
4527,stored,56,DB1_Lumidgm:56:8,DB1_Lumidgm/33_1_5.wsq,impostor,6,19,6,,False,35.06725,0
4527,derive,56,DB1_Lumidgm:56:8,DB1_Lumidgm/33_1_5.wsq,impostor,6,19,6,,False,35.297683,0
4528,derive,46,DB1_Lumidgm:46:5,DB1_Lumidgm/70_1_1.wsq,impostor,7,19,7,,False,37.816952,0
4528,stored,46,DB1_Lumidgm:46:5,DB1_Lumidgm/70_1_1.wsq,impostor,7,19,7,,False,37.647611,0
4529,stored,51,DB1_Lumidgm:51:6,DB1_Lumidgm/90_1_1.wsq,impostor,3,19,3,,False,37.489697,0
4529,derive,51,DB1_Lumidgm:51:6,DB1_Lumidgm/90_1_1.wsq,impostor,3,19,3,,False,37.236311,0
4530,derive,63,DB1_Lumidgm:63:5,DB1_Lumidgm/57_1_6.wsq,impostor,5,19,5,,False,38.168381,0
4530,stored,63,DB1_Lumidgm:63:5,DB1_Lumidgm/57_1_6.wsq,impostor,5,19,5,,False,41.884614,0
4531,stored,33,DB1_Lumidgm:33:6,DB1_Lumidgm/33_2_6.wsq,genuine,48,19,48,,True,43.464027,1210
4531,derive,33,DB1_Lumidgm:33:6,DB1_Lumidgm/33_2_6.wsq,genuine,48,19,48,,True,40.746606,1210
4532,derive,74,DB1_Lumidgm:74:3,DB1_Lumidgm/74_4_3.wsq,genuine,134,19,134,,True,44.14576,1210
4532,stored,74,DB1_Lumidgm:74:3,DB1_Lumidgm/74_4_3.wsq,genuine,134,19,134,,True,43.820474,1210
4533,stored,40,DB1_Lumidgm:40:4,DB1_Lumidgm/80_1_7.wsq,impostor,10,19,10,,False,35.797151,0
4533,derive,40,DB1_Lumidgm:40:4,DB1_Lumidgm/80_1_7.wsq,impostor,10,19,10,,False,35.629591,0
4534,derive,26,DB1_Lumidgm:26:8,DB1_Lumidgm/82_1_6.wsq,impostor,12,19,12,,False,44.413708,0
4534,stored,26,DB1_Lumidgm:26:8,DB1_Lumidgm/82_1_6.wsq,impostor,12,19,12,,False,40.987381,0
4535,stored,93,DB1_Lumidgm:93:10,DB1_Lumidgm/93_3_10.wsq,genuine,78,19,78,,True,74.867527,1211
4535,derive,93,DB1_Lumidgm:93:10,DB1_Lumidgm/93_3_10.wsq,genuine,78,19,78,,True,72.856867,1211
4536,derive,52,DB1_Lumidgm:52:7,DB1_Lumidgm/35_1_1.wsq,impostor,5,19,5,,False,37.202012,0
4536,stored,52,DB1_Lumidgm:52:7,DB1_Lumidgm/35_1_1.wsq,impostor,5,19,5,,False,38.300563,0
4537,stored,28,DB1_Lumidgm:28:6,DB1_Lumidgm/60_1_8.wsq,impostor,8,19,8,,False,36.684527,0
4537,derive,28,DB1_Lumidgm:28:6,DB1_Lumidgm/60_1_8.wsq,impostor,8,19,8,,False,35.48347,0
4538,derive,57,DB1_Lumidgm:57:4,DB1_Lumidgm/57_2_4.wsq,genuine,123,19,123,,True,66.286626,1210
4538,stored,57,DB1_Lumidgm:57:4,DB1_Lumidgm/57_2_4.wsq,genuine,123,19,123,,True,62.964071,1210
4539,stored,46,DB1_Lumidgm:46:10,DB1_Lumidgm/51_1_4.wsq,impostor,5,19,5,,False,34.878053,0
4539,derive,46,DB1_Lumidgm:46:10,DB1_Lumidgm/51_1_4.wsq,impostor,5,19,5,,False,35.105776,0
4540,derive,76,DB1_Lumidgm:76:9,DB1_Lumidgm/63_1_6.wsq,impostor,8,19,8,,False,37.556732,0
4540,stored,76,DB1_Lumidgm:76:9,DB1_Lumidgm/63_1_6.wsq,impostor,8,19,8,,False,37.887587,0
4541,stored,52,DB1_Lumidgm:52:7,DB1_Lumidgm/66_1_9.wsq,impostor,14,19,14,,False,35.716146,0
4541,derive,52,DB1_Lumidgm:52:7,DB1_Lumidgm/66_1_9.wsq,impostor,14,19,14,,False,35.431855,0
4542,derive,51,DB1_Lumidgm:51:3,DB1_Lumidgm/92_1_10.wsq,impostor,8,19,8,,False,43.240316,0
4542,stored,51,DB1_Lumidgm:51:3,DB1_Lumidgm/92_1_10.wsq,impostor,8,19,8,,False,40.370534,0
4543,stored,51,DB1_Lumidgm:51:4,DB1_Lumidgm/53_1_7.wsq,impostor,5,19,5,,False,36.467748,0
4543,derive,51,DB1_Lumidgm:51:4,DB1_Lumidgm/53_1_7.wsq,impostor,5,19,5,,False,36.050596,0
4544,derive,29,DB1_Lumidgm:29:10,DB1_Lumidgm/48_1_4.wsq,impostor,4,19,4,,False,37.130073,0
4544,stored,29,DB1_Lumidgm:29:10,DB1_Lumidgm/48_1_4.wsq,impostor,4,19,4,,False,37.938886,0
4545,stored,57,DB1_Lumidgm:57:5,DB1_Lumidgm/42_1_3.wsq,impostor,8,19,8,,False,36.712439,0
4545,derive,57,DB1_Lumidgm:57:5,DB1_Lumidgm/42_1_3.wsq,impostor,8,19,8,,False,37.119188,0
4546,derive,32,DB1_Lumidgm:32:6,DB1_Lumidgm/46_1_4.wsq,impostor,3,19,3,,False,36.905698,0
4546,stored,32,DB1_Lumidgm:32:6,DB1_Lumidgm/46_1_4.wsq,impostor,3,19,3,,False,37.797154,0
4547,stored,61,DB1_Lumidgm:61:5,DB1_Lumidgm/31_1_3.wsq,impostor,8,19,8,,False,36.457795,0
4547,derive,61,DB1_Lumidgm:61:5,DB1_Lumidgm/31_1_3.wsq,impostor,8,19,8,,False,36.200479,0
4548,derive,34,DB1_Lumidgm:34:4,DB1_Lumidgm/58_1_5.wsq,impostor,5,19,5,,False,40.784233,0
4548,stored,34,DB1_Lumidgm:34:4,DB1_Lumidgm/58_1_5.wsq,impostor,5,19,5,,False,42.745539,0
4549,stored,59,DB1_Lumidgm:59:4,DB1_Lumidgm/93_1_9.wsq,impostor,9,19,9,,False,42.251451,0
4549,derive,59,DB1_Lumidgm:59:4,DB1_Lumidgm/93_1_9.wsq,impostor,9,19,9,,False,42.721016,0
4550,derive,55,DB1_Lumidgm:55:8,DB1_Lumidgm/54_1_9.wsq,impostor,11,19,11,,False,39.669655,0
4550,stored,55,DB1_Lumidgm:55:8,DB1_Lumidgm/54_1_9.wsq,impostor,11,19,11,,False,39.678026,0
4551,stored,24,DB1_Lumidgm:24:9,DB1_Lumidgm/66_1_3.wsq,impostor,8,19,8,,False,39.920511,0
4551,derive,24,DB1_Lumidgm:24:9,DB1_Lumidgm/66_1_3.wsq,impostor,8,19,8,,False,37.305543,0
4552,derive,63,DB1_Lumidgm:63:5,DB1_Lumidgm/69_1_10.wsq,impostor,13,19,13,,False,33.920594,0
4552,stored,63,DB1_Lumidgm:63:5,DB1_Lumidgm/69_1_10.wsq,impostor,13,19,13,,False,34.947669,0
4553,stored,32,DB1_Lumidgm:32:5,DB1_Lumidgm/36_1_8.wsq,impostor,8,19,8,,False,38.368777,0
4553,derive,32,DB1_Lumidgm:32:5,DB1_Lumidgm/36_1_8.wsq,impostor,8,19,8,,False,36.055631,0
4554,derive,62,DB1_Lumidgm:62:3,DB1_Lumidgm/63_1_2.wsq,impostor,6,19,6,,False,33.416875,0
4554,stored,62,DB1_Lumidgm:62:3,DB1_Lumidgm/63_1_2.wsq,impostor,6,19,6,,False,33.532878,0
4555,stored,60,DB1_Lumidgm:60:5,DB1_Lumidgm/61_1_4.wsq,impostor,7,19,7,,False,39.478137,0
4555,derive,60,DB1_Lumidgm:60:5,DB1_Lumidgm/61_1_4.wsq,impostor,7,19,7,,False,41.7168,0
4556,derive,77,DB1_Lumidgm:77:9,DB1_Lumidgm/99_1_4.wsq,impostor,8,19,8,,False,37.493221,0
4556,stored,77,DB1_Lumidgm:77:9,DB1_Lumidgm/99_1_4.wsq,impostor,8,19,8,,False,36.622926,0
4557,stored,100,DB1_Lumidgm:100:2,DB1_Lumidgm/62_1_4.wsq,impostor,17,19,17,,False,49.274634,0
4557,derive,100,DB1_Lumidgm:100:2,DB1_Lumidgm/62_1_4.wsq,impostor,17,19,17,,False,49.705607,0
4558,derive,41,DB1_Lumidgm:41:5,DB1_Lumidgm/93_1_5.wsq,impostor,5,19,5,,False,38.982378,0
4558,stored,41,DB1_Lumidgm:41:5,DB1_Lumidgm/93_1_5.wsq,impostor,5,19,5,,False,39.849304,0
4559,stored,74,DB1_Lumidgm:74:8,DB1_Lumidgm/74_4_8.wsq,genuine,103,19,103,,True,88.684222,1210
4559,derive,74,DB1_Lumidgm:74:8,DB1_Lumidgm/74_4_8.wsq,genuine,103,19,103,,True,87.014321,1210
4560,derive,51,DB1_Lumidgm:51:4,DB1_Lumidgm/38_1_2.wsq,impostor,9,19,9,,False,37.041562,0
4560,stored,51,DB1_Lumidgm:51:4,DB1_Lumidgm/38_1_2.wsq,impostor,9,19,9,,False,36.950966,0
4561,stored,52,DB1_Lumidgm:52:7,DB1_Lumidgm/64_1_1.wsq,impostor,6,19,6,,False,39.812474,0
4561,derive,52,DB1_Lumidgm:52:7,DB1_Lumidgm/64_1_1.wsq,impostor,6,19,6,,False,37.764623,0
4562,derive,81,DB1_Lumidgm:81:2,DB1_Lumidgm/81_2_2.wsq,genuine,116,19,116,,True,48.858202,1210
4562,stored,81,DB1_Lumidgm:81:2,DB1_Lumidgm/81_2_2.wsq,genuine,116,19,116,,True,47.701981,1210
4563,stored,68,DB1_Lumidgm:68:3,DB1_Lumidgm/63_1_4.wsq,impostor,9,19,9,,False,33.855836,0
4563,derive,68,DB1_Lumidgm:68:3,DB1_Lumidgm/63_1_4.wsq,impostor,9,19,9,,False,33.211422,0
4564,derive,77,DB1_Lumidgm:77:10,DB1_Lumidgm/97_1_3.wsq,impostor,10,19,10,,False,37.839521,0
4564,stored,77,DB1_Lumidgm:77:10,DB1_Lumidgm/97_1_3.wsq,impostor,10,19,10,,False,37.222709,0
4565,stored,63,DB1_Lumidgm:63:8,DB1_Lumidgm/29_1_9.wsq,impostor,9,19,9,,False,36.918216,0
4565,derive,63,DB1_Lumidgm:63:8,DB1_Lumidgm/29_1_9.wsq,impostor,9,19,9,,False,36.829965,0
4566,derive,71,DB1_Lumidgm:71:1,DB1_Lumidgm/51_1_1.wsq,impostor,8,19,8,,False,37.661578,0
4566,stored,71,DB1_Lumidgm:71:1,DB1_Lumidgm/51_1_1.wsq,impostor,8,19,8,,False,46.285064,0
4567,stored,59,DB1_Lumidgm:59:1,DB1_Lumidgm/48_1_2.wsq,impostor,11,19,11,,False,38.497771,0
4567,derive,59,DB1_Lumidgm:59:1,DB1_Lumidgm/48_1_2.wsq,impostor,11,19,11,,False,38.77164,0
4568,derive,42,DB1_Lumidgm:42:9,DB1_Lumidgm/31_1_9.wsq,impostor,7,19,7,,False,37.8325,0
4568,stored,42,DB1_Lumidgm:42:9,DB1_Lumidgm/31_1_9.wsq,impostor,7,19,7,,False,37.556143,0
4569,stored,53,DB1_Lumidgm:53:3,DB1_Lumidgm/45_1_8.wsq,impostor,4,19,4,,False,38.153992,0
4569,derive,53,DB1_Lumidgm:53:3,DB1_Lumidgm/45_1_8.wsq,impostor,4,19,4,,False,38.628224,0
4570,derive,27,DB1_Lumidgm:27:7,DB1_Lumidgm/84_1_4.wsq,impostor,6,19,6,,False,35.673856,0
4570,stored,27,DB1_Lumidgm:27:7,DB1_Lumidgm/84_1_4.wsq,impostor,6,19,6,,False,35.658586,0
4571,stored,80,DB1_Lumidgm:80:5,DB1_Lumidgm/25_1_1.wsq,impostor,4,19,4,,False,37.697421,0
4571,derive,80,DB1_Lumidgm:80:5,DB1_Lumidgm/25_1_1.wsq,impostor,4,19,4,,False,37.006617,0
4572,derive,88,DB1_Lumidgm:88:9,DB1_Lumidgm/78_1_2.wsq,impostor,3,19,3,,False,36.527754,0
4572,stored,88,DB1_Lumidgm:88:9,DB1_Lumidgm/78_1_2.wsq,impostor,3,19,3,,False,36.138088,0
4573,stored,26,DB1_Lumidgm:26:2,DB1_Lumidgm/26_1_7.wsq,impostor,7,19,7,,False,36.192248,0
4573,derive,26,DB1_Lumidgm:26:2,DB1_Lumidgm/26_1_7.wsq,impostor,7,19,7,,False,37.676371,0
4574,derive,79,DB1_Lumidgm:79:1,DB1_Lumidgm/66_1_2.wsq,impostor,12,19,12,,False,37.621562,0
4574,stored,79,DB1_Lumidgm:79:1,DB1_Lumidgm/66_1_2.wsq,impostor,12,19,12,,False,37.230725,0
4575,stored,34,DB1_Lumidgm:34:8,DB1_Lumidgm/60_1_5.wsq,impostor,6,19,6,,False,36.196295,0
4575,derive,34,DB1_Lumidgm:34:8,DB1_Lumidgm/60_1_5.wsq,impostor,6,19,6,,False,35.908477,0
4576,derive,47,DB1_Lumidgm:47:10,DB1_Lumidgm/34_1_4.wsq,impostor,8,19,8,,False,36.416985,0
4576,stored,47,DB1_Lumidgm:47:10,DB1_Lumidgm/34_1_4.wsq,impostor,8,19,8,,False,36.785797,0
4577,stored,84,DB1_Lumidgm:84:4,DB1_Lumidgm/84_3_4.wsq,genuine,7,19,7,,False,41.325801,0
4577,derive,84,DB1_Lumidgm:84:4,DB1_Lumidgm/84_3_4.wsq,genuine,7,19,7,,False,45.058748,0
4578,derive,63,DB1_Lumidgm:63:6,DB1_Lumidgm/78_1_10.wsq,impostor,8,19,8,,False,38.587966,0
4578,stored,63,DB1_Lumidgm:63:6,DB1_Lumidgm/78_1_10.wsq,impostor,8,19,8,,False,35.064325,0
4579,stored,94,DB1_Lumidgm:94:7,DB1_Lumidgm/21_1_6.wsq,impostor,8,19,8,,False,36.628563,0
4579,derive,94,DB1_Lumidgm:94:7,DB1_Lumidgm/21_1_6.wsq,impostor,8,19,8,,False,37.952251,0
4580,derive,55,DB1_Lumidgm:55:3,DB1_Lumidgm/24_1_5.wsq,impostor,8,19,8,,False,33.022681,0
4580,stored,55,DB1_Lumidgm:55:3,DB1_Lumidgm/24_1_5.wsq,impostor,8,19,8,,False,33.40356,0
4581,stored,94,DB1_Lumidgm:94:8,DB1_Lumidgm/92_1_3.wsq,impostor,12,19,12,,False,41.558981,0
4581,derive,94,DB1_Lumidgm:94:8,DB1_Lumidgm/92_1_3.wsq,impostor,12,19,12,,False,42.966414,0
4582,derive,25,DB1_Lumidgm:25:3,DB1_Lumidgm/89_1_1.wsq,impostor,6,19,6,,False,47.149092,0
4582,stored,25,DB1_Lumidgm:25:3,DB1_Lumidgm/89_1_1.wsq,impostor,6,19,6,,False,47.079838,0
4583,stored,91,DB1_Lumidgm:91:6,DB1_Lumidgm/26_1_6.wsq,impostor,4,19,4,,False,41.248653,0
4583,derive,91,DB1_Lumidgm:91:6,DB1_Lumidgm/26_1_6.wsq,impostor,4,19,4,,False,41.431687,0
4584,derive,60,DB1_Lumidgm:60:2,DB1_Lumidgm/60_3_2.wsq,genuine,105,19,105,,True,45.946903,1210
4584,stored,60,DB1_Lumidgm:60:2,DB1_Lumidgm/60_3_2.wsq,genuine,105,19,105,,True,44.451106,1210
4585,stored,83,DB1_Lumidgm:83:5,DB1_Lumidgm/69_1_8.wsq,impostor,7,19,7,,False,36.435125,0
4585,derive,83,DB1_Lumidgm:83:5,DB1_Lumidgm/69_1_8.wsq,impostor,7,19,7,,False,36.499233,0
4586,derive,56,DB1_Lumidgm:56:5,DB1_Lumidgm/93_1_1.wsq,impostor,3,19,3,,False,43.539152,0
4586,stored,56,DB1_Lumidgm:56:5,DB1_Lumidgm/93_1_1.wsq,impostor,3,19,3,,False,42.604435,0
4587,stored,50,DB1_Lumidgm:50:1,DB1_Lumidgm/45_1_8.wsq,impostor,4,19,4,,False,38.418312,0
4587,derive,50,DB1_Lumidgm:50:1,DB1_Lumidgm/45_1_8.wsq,impostor,4,19,4,,False,40.902504,0
4588,derive,37,DB1_Lumidgm:37:7,DB1_Lumidgm/81_1_9.wsq,impostor,8,19,8,,False,36.921864,0
4588,stored,37,DB1_Lumidgm:37:7,DB1_Lumidgm/81_1_9.wsq,impostor,8,19,8,,False,36.992588,0
4589,stored,35,DB1_Lumidgm:35:9,DB1_Lumidgm/35_3_9.wsq,genuine,179,19,179,,True,42.972,1210
4589,derive,35,DB1_Lumidgm:35:9,DB1_Lumidgm/35_3_9.wsq,genuine,179,19,179,,True,41.510488,1210
4590,derive,91,DB1_Lumidgm:91:10,DB1_Lumidgm/91_2_10.wsq,genuine,19,19,19,,True,42.155622,1211
4590,stored,91,DB1_Lumidgm:91:10,DB1_Lumidgm/91_2_10.wsq,genuine,19,19,19,,True,39.872915,1211
4591,stored,93,DB1_Lumidgm:93:1,DB1_Lumidgm/82_1_2.wsq,impostor,4,19,4,,False,36.451165,0
4591,derive,93,DB1_Lumidgm:93:1,DB1_Lumidgm/82_1_2.wsq,impostor,4,19,4,,False,37.629497,0
4592,derive,92,DB1_Lumidgm:92:3,DB1_Lumidgm/35_1_2.wsq,impostor,4,19,4,,False,35.926825,0
4592,stored,92,DB1_Lumidgm:92:3,DB1_Lumidgm/35_1_2.wsq,impostor,4,19,4,,False,35.111915,0
4593,stored,31,DB1_Lumidgm:31:1,DB1_Lumidgm/83_1_9.wsq,impostor,8,19,8,,False,34.173698,0
4593,derive,31,DB1_Lumidgm:31:1,DB1_Lumidgm/83_1_9.wsq,impostor,8,19,8,,False,35.751283,0
4594,derive,44,DB1_Lumidgm:44:5,DB1_Lumidgm/23_1_1.wsq,impostor,4,19,4,,False,39.037018,0
4594,stored,44,DB1_Lumidgm:44:5,DB1_Lumidgm/23_1_1.wsq,impostor,4,19,4,,False,37.97225,0
4595,stored,69,DB1_Lumidgm:69:8,DB1_Lumidgm/62_1_10.wsq,impostor,5,19,5,,False,38.085523,0
4595,derive,69,DB1_Lumidgm:69:8,DB1_Lumidgm/62_1_10.wsq,impostor,5,19,5,,False,37.244308,0
4596,derive,47,DB1_Lumidgm:47:8,DB1_Lumidgm/50_1_7.wsq,impostor,9,19,9,,False,38.424636,0
4596,stored,47,DB1_Lumidgm:47:8,DB1_Lumidgm/50_1_7.wsq,impostor,9,19,9,,False,38.314037,0
4597,stored,61,DB1_Lumidgm:61:9,DB1_Lumidgm/41_1_8.wsq,impostor,6,19,6,,False,39.79146,0
4597,derive,61,DB1_Lumidgm:61:9,DB1_Lumidgm/41_1_8.wsq,impostor,6,19,6,,False,40.546328,0
4598,derive,88,DB1_Lumidgm:88:9,DB1_Lumidgm/88_2_9.wsq,genuine,85,19,85,,True,48.599776,1210
4598,stored,88,DB1_Lumidgm:88:9,DB1_Lumidgm/88_2_9.wsq,genuine,85,19,85,,True,44.876776,1210
4599,stored,58,DB1_Lumidgm:58:10,DB1_Lumidgm/65_1_10.wsq,impostor,17,19,17,,False,47.906335,0
4599,derive,58,DB1_Lumidgm:58:10,DB1_Lumidgm/65_1_10.wsq,impostor,17,19,17,,False,46.716795,0
4600,derive,76,DB1_Lumidgm:76:6,DB1_Lumidgm/76_4_6.wsq,genuine,200,19,200,,True,47.778752,1210
4600,stored,76,DB1_Lumidgm:76:6,DB1_Lumidgm/76_4_6.wsq,genuine,200,19,200,,True,47.399938,1210
4601,stored,84,DB1_Lumidgm:84:8,DB1_Lumidgm/91_1_5.wsq,impostor,4,19,4,,False,44.558515,0
4601,derive,84,DB1_Lumidgm:84:8,DB1_Lumidgm/91_1_5.wsq,impostor,4,19,4,,False,38.846831,0
4602,derive,70,DB1_Lumidgm:70:2,DB1_Lumidgm/69_1_2.wsq,impostor,7,19,7,,False,34.310616,0
4602,stored,70,DB1_Lumidgm:70:2,DB1_Lumidgm/69_1_2.wsq,impostor,7,19,7,,False,33.21015,0
4603,stored,96,DB1_Lumidgm:96:2,DB1_Lumidgm/84_1_7.wsq,impostor,5,19,5,,False,38.128024,0
4603,derive,96,DB1_Lumidgm:96:2,DB1_Lumidgm/84_1_7.wsq,impostor,5,19,5,,False,39.696387,0
4604,derive,51,DB1_Lumidgm:51:6,DB1_Lumidgm/70_1_6.wsq,impostor,8,19,8,,False,44.009617,0
4604,stored,51,DB1_Lumidgm:51:6,DB1_Lumidgm/70_1_6.wsq,impostor,8,19,8,,False,38.639029,0
4605,stored,75,DB1_Lumidgm:75:6,DB1_Lumidgm/50_1_6.wsq,impostor,6,19,6,,False,37.446594,0
4605,derive,75,DB1_Lumidgm:75:6,DB1_Lumidgm/50_1_6.wsq,impostor,6,19,6,,False,39.248273,0
4606,derive,98,DB1_Lumidgm:98:2,DB1_Lumidgm/78_1_5.wsq,impostor,10,19,10,,False,34.950344,0
4606,stored,98,DB1_Lumidgm:98:2,DB1_Lumidgm/78_1_5.wsq,impostor,10,19,10,,False,34.16789,0
4607,stored,71,DB1_Lumidgm:71:6,DB1_Lumidgm/71_4_6.wsq,genuine,49,19,49,,True,40.413061,1210
4607,derive,71,DB1_Lumidgm:71:6,DB1_Lumidgm/71_4_6.wsq,genuine,49,19,49,,True,38.472776,1210
4608,derive,63,DB1_Lumidgm:63:1,DB1_Lumidgm/54_1_8.wsq,impostor,7,19,7,,False,37.339229,0
4608,stored,63,DB1_Lumidgm:63:1,DB1_Lumidgm/54_1_8.wsq,impostor,7,19,7,,False,38.489608,0
4609,stored,25,DB1_Lumidgm:25:2,DB1_Lumidgm/46_1_4.wsq,impostor,5,19,5,,False,40.502491,0
4609,derive,25,DB1_Lumidgm:25:2,DB1_Lumidgm/46_1_4.wsq,impostor,5,19,5,,False,37.516087,0
4610,derive,32,DB1_Lumidgm:32:10,DB1_Lumidgm/64_1_5.wsq,impostor,8,19,8,,False,37.57875,0
4610,stored,32,DB1_Lumidgm:32:10,DB1_Lumidgm/64_1_5.wsq,impostor,8,19,8,,False,37.231281,0
4611,stored,79,DB1_Lumidgm:79:1,DB1_Lumidgm/79_1_10.wsq,impostor,5,19,5,,False,37.08772,0
4611,derive,79,DB1_Lumidgm:79:1,DB1_Lumidgm/79_1_10.wsq,impostor,5,19,5,,False,37.809241,0
4612,derive,86,DB1_Lumidgm:86:3,DB1_Lumidgm/47_1_4.wsq,impostor,5,19,5,,False,34.727048,0
4612,stored,86,DB1_Lumidgm:86:3,DB1_Lumidgm/47_1_4.wsq,impostor,5,19,5,,False,35.402872,0
4613,stored,51,DB1_Lumidgm:51:9,DB1_Lumidgm/87_1_10.wsq,impostor,12,19,12,,False,39.978058,0
4613,derive,51,DB1_Lumidgm:51:9,DB1_Lumidgm/87_1_10.wsq,impostor,12,19,12,,False,38.595483,0
4614,derive,92,DB1_Lumidgm:92:5,DB1_Lumidgm/36_1_8.wsq,impostor,3,19,3,,False,36.932433,0
4614,stored,92,DB1_Lumidgm:92:5,DB1_Lumidgm/36_1_8.wsq,impostor,3,19,3,,False,35.520326,0
4615,stored,32,DB1_Lumidgm:32:8,DB1_Lumidgm/22_1_4.wsq,impostor,6,19,6,,False,37.573036,0
4615,derive,32,DB1_Lumidgm:32:8,DB1_Lumidgm/22_1_4.wsq,impostor,6,19,6,,False,36.990382,0
4616,derive,22,DB1_Lumidgm:22:9,DB1_Lumidgm/53_1_5.wsq,impostor,7,19,7,,False,35.886548,0
4616,stored,22,DB1_Lumidgm:22:9,DB1_Lumidgm/53_1_5.wsq,impostor,7,19,7,,False,35.665752,0
4617,stored,92,DB1_Lumidgm:92:7,DB1_Lumidgm/64_1_6.wsq,impostor,13,19,13,,False,39.799468,0
4617,derive,92,DB1_Lumidgm:92:7,DB1_Lumidgm/64_1_6.wsq,impostor,13,19,13,,False,38.266323,0
4618,derive,96,DB1_Lumidgm:96:3,DB1_Lumidgm/57_1_8.wsq,impostor,3,19,3,,False,38.170794,0
4618,stored,96,DB1_Lumidgm:96:3,DB1_Lumidgm/57_1_8.wsq,impostor,3,19,3,,False,40.173596,0
4619,stored,78,DB1_Lumidgm:78:1,DB1_Lumidgm/50_1_10.wsq,impostor,9,19,9,,False,36.025273,0
4619,derive,78,DB1_Lumidgm:78:1,DB1_Lumidgm/50_1_10.wsq,impostor,9,19,9,,False,35.951875,0
4620,derive,92,DB1_Lumidgm:92:8,DB1_Lumidgm/92_2_8.wsq,genuine,74,19,74,,True,47.301088,1210
4620,stored,92,DB1_Lumidgm:92:8,DB1_Lumidgm/92_2_8.wsq,genuine,74,19,74,,True,45.490832,1210
4621,stored,54,DB1_Lumidgm:54:5,DB1_Lumidgm/24_1_7.wsq,impostor,10,19,10,,False,34.962705,0
4621,derive,54,DB1_Lumidgm:54:5,DB1_Lumidgm/24_1_7.wsq,impostor,10,19,10,,False,34.811599,0
4622,derive,99,DB1_Lumidgm:99:5,DB1_Lumidgm/99_2_5.wsq,genuine,470,19,470,,True,44.223649,1210
4622,stored,99,DB1_Lumidgm:99:5,DB1_Lumidgm/99_2_5.wsq,genuine,470,19,470,,True,44.109336,1210
4623,stored,71,DB1_Lumidgm:71:3,DB1_Lumidgm/91_1_7.wsq,impostor,3,19,3,,False,40.909525,0
4623,derive,71,DB1_Lumidgm:71:3,DB1_Lumidgm/91_1_7.wsq,impostor,3,19,3,,False,39.743141,0
4624,derive,69,DB1_Lumidgm:69:7,DB1_Lumidgm/70_1_7.wsq,impostor,7,19,7,,False,35.87645,0
4624,stored,69,DB1_Lumidgm:69:7,DB1_Lumidgm/70_1_7.wsq,impostor,7,19,7,,False,35.718983,0
4625,stored,87,DB1_Lumidgm:87:4,DB1_Lumidgm/88_1_5.wsq,impostor,3,19,3,,False,41.055271,0
4625,derive,87,DB1_Lumidgm:87:4,DB1_Lumidgm/88_1_5.wsq,impostor,3,19,3,,False,40.90651,0
4626,derive,33,DB1_Lumidgm:33:3,DB1_Lumidgm/33_3_3.wsq,genuine,49,19,49,,True,43.155722,1210
4626,stored,33,DB1_Lumidgm:33:3,DB1_Lumidgm/33_3_3.wsq,genuine,49,19,49,,True,43.330368,1210
4627,stored,98,DB1_Lumidgm:98:3,DB1_Lumidgm/81_1_4.wsq,impostor,7,19,7,,False,38.352586,0
4627,derive,98,DB1_Lumidgm:98:3,DB1_Lumidgm/81_1_4.wsq,impostor,7,19,7,,False,37.778569,0
4628,derive,56,DB1_Lumidgm:56:6,DB1_Lumidgm/48_1_1.wsq,impostor,10,19,10,,False,37.531158,0
4628,stored,56,DB1_Lumidgm:56:6,DB1_Lumidgm/48_1_1.wsq,impostor,10,19,10,,False,37.780774,0
4629,stored,90,DB1_Lumidgm:90:6,DB1_Lumidgm/90_2_6.wsq,genuine,150,19,150,,True,89.398928,1210
4629,derive,90,DB1_Lumidgm:90:6,DB1_Lumidgm/90_2_6.wsq,genuine,150,19,150,,True,83.752564,1210
4630,derive,38,DB1_Lumidgm:38:4,DB1_Lumidgm/51_1_8.wsq,impostor,9,19,9,,False,35.511757,0
4630,stored,38,DB1_Lumidgm:38:4,DB1_Lumidgm/51_1_8.wsq,impostor,9,19,9,,False,35.931857,0
4631,stored,55,DB1_Lumidgm:55:6,DB1_Lumidgm/74_1_2.wsq,impostor,8,19,8,,False,36.913062,0
4631,derive,55,DB1_Lumidgm:55:6,DB1_Lumidgm/74_1_2.wsq,impostor,8,19,8,,False,35.234157,0
4632,derive,59,DB1_Lumidgm:59:10,DB1_Lumidgm/36_1_7.wsq,impostor,9,19,9,,False,35.182076,0
4632,stored,59,DB1_Lumidgm:59:10,DB1_Lumidgm/36_1_7.wsq,impostor,9,19,9,,False,34.806491,0
4633,stored,54,DB1_Lumidgm:54:8,DB1_Lumidgm/61_1_3.wsq,impostor,6,19,6,,False,37.423321,0
4633,derive,54,DB1_Lumidgm:54:8,DB1_Lumidgm/61_1_3.wsq,impostor,6,19,6,,False,37.367581,0
4634,derive,27,DB1_Lumidgm:27:3,DB1_Lumidgm/27_4_3.wsq,genuine,51,19,51,,True,40.666724,1210
4634,stored,27,DB1_Lumidgm:27:3,DB1_Lumidgm/27_4_3.wsq,genuine,51,19,51,,True,40.446106,1210
4635,stored,61,DB1_Lumidgm:61:4,DB1_Lumidgm/75_1_7.wsq,impostor,4,19,4,,False,36.629187,0
4635,derive,61,DB1_Lumidgm:61:4,DB1_Lumidgm/75_1_7.wsq,impostor,4,19,4,,False,37.358709,0
4636,derive,21,DB1_Lumidgm:21:10,DB1_Lumidgm/26_1_1.wsq,impostor,5,19,5,,False,37.856644,0
4636,stored,21,DB1_Lumidgm:21:10,DB1_Lumidgm/26_1_1.wsq,impostor,5,19,5,,False,37.288117,0
4637,stored,88,DB1_Lumidgm:88:7,DB1_Lumidgm/100_1_5.wsq,impostor,4,19,4,,False,34.224142,0
4637,derive,88,DB1_Lumidgm:88:7,DB1_Lumidgm/100_1_5.wsq,impostor,4,19,4,,False,33.821237,0
4638,derive,59,DB1_Lumidgm:59:9,DB1_Lumidgm/73_1_9.wsq,impostor,5,19,5,,False,35.937812,0
4638,stored,59,DB1_Lumidgm:59:9,DB1_Lumidgm/73_1_9.wsq,impostor,5,19,5,,False,35.900703,0
4639,stored,39,DB1_Lumidgm:39:9,DB1_Lumidgm/99_1_10.wsq,impostor,9,19,9,,False,33.960854,0
4639,derive,39,DB1_Lumidgm:39:9,DB1_Lumidgm/99_1_10.wsq,impostor,9,19,9,,False,34.256344,0
4640,derive,91,DB1_Lumidgm:91:7,DB1_Lumidgm/65_1_1.wsq,impostor,9,19,9,,False,48.310017,0
4640,stored,91,DB1_Lumidgm:91:7,DB1_Lumidgm/65_1_1.wsq,impostor,9,19,9,,False,48.146562,0
4641,stored,82,DB1_Lumidgm:82:6,DB1_Lumidgm/40_1_8.wsq,impostor,10,19,10,,False,41.516891,0
4641,derive,82,DB1_Lumidgm:82:6,DB1_Lumidgm/40_1_8.wsq,impostor,10,19,10,,False,36.371772,0
4642,derive,31,DB1_Lumidgm:31:3,DB1_Lumidgm/26_1_4.wsq,impostor,8,19,8,,False,36.710021,0
4642,stored,31,DB1_Lumidgm:31:3,DB1_Lumidgm/26_1_4.wsq,impostor,8,19,8,,False,36.677396,0
4643,stored,99,DB1_Lumidgm:99:8,DB1_Lumidgm/29_1_5.wsq,impostor,8,19,8,,False,35.796663,0
4643,derive,99,DB1_Lumidgm:99:8,DB1_Lumidgm/29_1_5.wsq,impostor,8,19,8,,False,41.062589,0
4644,derive,36,DB1_Lumidgm:36:5,DB1_Lumidgm/97_1_2.wsq,impostor,6,19,6,,False,36.664223,0
4644,stored,36,DB1_Lumidgm:36:5,DB1_Lumidgm/97_1_2.wsq,impostor,6,19,6,,False,36.068096,0
4645,stored,21,DB1_Lumidgm:21:5,DB1_Lumidgm/78_1_6.wsq,impostor,3,19,3,,False,37.133917,0
4645,derive,21,DB1_Lumidgm:21:5,DB1_Lumidgm/78_1_6.wsq,impostor,3,19,3,,False,39.768875,0
4646,derive,50,DB1_Lumidgm:50:1,DB1_Lumidgm/84_1_8.wsq,impostor,8,19,8,,False,39.413827,0
4646,stored,50,DB1_Lumidgm:50:1,DB1_Lumidgm/84_1_8.wsq,impostor,8,19,8,,False,40.239161,0
4647,stored,92,DB1_Lumidgm:92:8,DB1_Lumidgm/53_1_2.wsq,impostor,3,19,3,,False,36.657005,0
4647,derive,92,DB1_Lumidgm:92:8,DB1_Lumidgm/53_1_2.wsq,impostor,3,19,3,,False,34.902475,0
4648,derive,89,DB1_Lumidgm:89:3,DB1_Lumidgm/80_1_3.wsq,impostor,8,19,8,,False,37.984338,0
4648,stored,89,DB1_Lumidgm:89:3,DB1_Lumidgm/80_1_3.wsq,impostor,8,19,8,,False,35.746281,0
4649,stored,32,DB1_Lumidgm:32:3,DB1_Lumidgm/77_1_10.wsq,impostor,7,19,7,,False,36.532163,0
4649,derive,32,DB1_Lumidgm:32:3,DB1_Lumidgm/77_1_10.wsq,impostor,7,19,7,,False,36.851436,0
4650,derive,96,DB1_Lumidgm:96:5,DB1_Lumidgm/52_1_8.wsq,impostor,5,19,5,,False,41.273811,0
4650,stored,96,DB1_Lumidgm:96:5,DB1_Lumidgm/52_1_8.wsq,impostor,5,19,5,,False,38.558018,0
4651,stored,72,DB1_Lumidgm:72:1,DB1_Lumidgm/83_1_2.wsq,impostor,4,19,4,,False,34.572546,0
4651,derive,72,DB1_Lumidgm:72:1,DB1_Lumidgm/83_1_2.wsq,impostor,4,19,4,,False,35.368717,0
4652,derive,47,DB1_Lumidgm:47:7,DB1_Lumidgm/61_1_8.wsq,impostor,8,19,8,,False,39.250082,0
4652,stored,47,DB1_Lumidgm:47:7,DB1_Lumidgm/61_1_8.wsq,impostor,8,19,8,,False,39.218374,0
4653,stored,58,DB1_Lumidgm:58:5,DB1_Lumidgm/91_1_3.wsq,impostor,8,19,8,,False,47.57279,0
4653,derive,58,DB1_Lumidgm:58:5,DB1_Lumidgm/91_1_3.wsq,impostor,8,19,8,,False,46.241954,0
4654,derive,82,DB1_Lumidgm:82:7,DB1_Lumidgm/35_1_6.wsq,impostor,6,19,6,,False,41.86532,0
4654,stored,82,DB1_Lumidgm:82:7,DB1_Lumidgm/35_1_6.wsq,impostor,6,19,6,,False,40.648143,0
4655,stored,37,DB1_Lumidgm:37:2,DB1_Lumidgm/21_1_5.wsq,impostor,5,19,5,,False,42.132939,0
4655,derive,37,DB1_Lumidgm:37:2,DB1_Lumidgm/21_1_5.wsq,impostor,5,19,5,,False,41.975542,0
4656,derive,91,DB1_Lumidgm:91:9,DB1_Lumidgm/35_1_9.wsq,impostor,12,19,12,,False,38.924107,0
4656,stored,91,DB1_Lumidgm:91:9,DB1_Lumidgm/35_1_9.wsq,impostor,12,19,12,,False,38.026642,0
4657,stored,23,DB1_Lumidgm:23:9,DB1_Lumidgm/78_1_2.wsq,impostor,10,19,10,,False,36.089174,0
4657,derive,23,DB1_Lumidgm:23:9,DB1_Lumidgm/78_1_2.wsq,impostor,10,19,10,,False,37.55476,0
4658,derive,29,DB1_Lumidgm:29:1,DB1_Lumidgm/38_1_8.wsq,impostor,6,19,6,,False,36.653174,0
4658,stored,29,DB1_Lumidgm:29:1,DB1_Lumidgm/38_1_8.wsq,impostor,6,19,6,,False,35.236688,0
4659,stored,65,DB1_Lumidgm:65:8,DB1_Lumidgm/48_1_5.wsq,impostor,4,19,4,,False,37.483024,0
4659,derive,65,DB1_Lumidgm:65:8,DB1_Lumidgm/48_1_5.wsq,impostor,4,19,4,,False,37.548076,0
4660,derive,44,DB1_Lumidgm:44:1,DB1_Lumidgm/94_1_7.wsq,impostor,9,19,9,,False,40.06723,0
4660,stored,44,DB1_Lumidgm:44:1,DB1_Lumidgm/94_1_7.wsq,impostor,9,19,9,,False,41.440662,0
4661,stored,73,DB1_Lumidgm:73:2,DB1_Lumidgm/60_1_5.wsq,impostor,19,19,19,,True,37.131305,1210
4661,derive,73,DB1_Lumidgm:73:2,DB1_Lumidgm/60_1_5.wsq,impostor,19,19,19,,True,36.686257,1210
4662,derive,35,DB1_Lumidgm:35:5,DB1_Lumidgm/65_1_2.wsq,impostor,3,19,3,,False,42.832427,0
4662,stored,35,DB1_Lumidgm:35:5,DB1_Lumidgm/65_1_2.wsq,impostor,3,19,3,,False,42.445552,0
4663,stored,47,DB1_Lumidgm:47:3,DB1_Lumidgm/62_1_10.wsq,impostor,10,19,10,,False,37.939243,0
4663,derive,47,DB1_Lumidgm:47:3,DB1_Lumidgm/62_1_10.wsq,impostor,10,19,10,,False,36.668259,0
4664,derive,94,DB1_Lumidgm:94:7,DB1_Lumidgm/58_1_6.wsq,impostor,10,19,10,,False,44.810227,0
4664,stored,94,DB1_Lumidgm:94:7,DB1_Lumidgm/58_1_6.wsq,impostor,10,19,10,,False,43.844737,0
4665,stored,75,DB1_Lumidgm:75:8,DB1_Lumidgm/75_4_8.wsq,genuine,43,19,43,,True,42.219998,1210
4665,derive,75,DB1_Lumidgm:75:8,DB1_Lumidgm/75_4_8.wsq,genuine,43,19,43,,True,41.105349,1210
4666,derive,87,DB1_Lumidgm:87:4,DB1_Lumidgm/87_2_4.wsq,genuine,230,19,230,,True,43.729553,1210
4666,stored,87,DB1_Lumidgm:87:4,DB1_Lumidgm/87_2_4.wsq,genuine,230,19,230,,True,39.380226,1210
4667,stored,91,DB1_Lumidgm:91:10,DB1_Lumidgm/32_1_4.wsq,impostor,8,19,8,,False,34.912415,0
4667,derive,91,DB1_Lumidgm:91:10,DB1_Lumidgm/32_1_4.wsq,impostor,8,19,8,,False,35.666331,0
4668,derive,58,DB1_Lumidgm:58:2,DB1_Lumidgm/44_1_1.wsq,impostor,5,19,5,,False,37.737404,0
4668,stored,58,DB1_Lumidgm:58:2,DB1_Lumidgm/44_1_1.wsq,impostor,5,19,5,,False,37.534255,0
4669,stored,65,DB1_Lumidgm:65:9,DB1_Lumidgm/28_1_3.wsq,impostor,12,19,12,,False,40.197648,0
4669,derive,65,DB1_Lumidgm:65:9,DB1_Lumidgm/28_1_3.wsq,impostor,12,19,12,,False,39.682157,0
4670,derive,73,DB1_Lumidgm:73:1,DB1_Lumidgm/94_1_8.wsq,impostor,5,19,5,,False,42.185087,0
4670,stored,73,DB1_Lumidgm:73:1,DB1_Lumidgm/94_1_8.wsq,impostor,5,19,5,,False,42.499599,0
4671,stored,45,DB1_Lumidgm:45:9,DB1_Lumidgm/42_1_3.wsq,impostor,6,19,6,,False,36.929054,0
4671,derive,45,DB1_Lumidgm:45:9,DB1_Lumidgm/42_1_3.wsq,impostor,6,19,6,,False,39.65118,0
4672,derive,67,DB1_Lumidgm:67:3,DB1_Lumidgm/67_3_3.wsq,genuine,56,19,56,,True,44.951512,1210
4672,stored,67,DB1_Lumidgm:67:3,DB1_Lumidgm/67_3_3.wsq,genuine,56,19,56,,True,44.712124,1210
4673,stored,66,DB1_Lumidgm:66:10,DB1_Lumidgm/26_1_8.wsq,impostor,5,19,5,,False,37.14226,0
4673,derive,66,DB1_Lumidgm:66:10,DB1_Lumidgm/26_1_8.wsq,impostor,5,19,5,,False,35.72939,0
4674,derive,50,DB1_Lumidgm:50:1,DB1_Lumidgm/97_1_4.wsq,impostor,5,19,5,,False,37.216553,0
4674,stored,50,DB1_Lumidgm:50:1,DB1_Lumidgm/97_1_4.wsq,impostor,5,19,5,,False,36.849693,0
4675,stored,57,DB1_Lumidgm:57:3,DB1_Lumidgm/71_1_9.wsq,impostor,5,19,5,,False,34.484714,0
4675,derive,57,DB1_Lumidgm:57:3,DB1_Lumidgm/71_1_9.wsq,impostor,5,19,5,,False,33.582539,0
4676,derive,98,DB1_Lumidgm:98:6,DB1_Lumidgm/49_1_2.wsq,impostor,8,19,8,,False,34.640748,0
4676,stored,98,DB1_Lumidgm:98:6,DB1_Lumidgm/49_1_2.wsq,impostor,8,19,8,,False,34.417286,0
4677,stored,83,DB1_Lumidgm:83:3,DB1_Lumidgm/85_1_6.wsq,impostor,9,19,9,,False,38.280797,0
4677,derive,83,DB1_Lumidgm:83:3,DB1_Lumidgm/85_1_6.wsq,impostor,9,19,9,,False,37.734468,0
4678,derive,81,DB1_Lumidgm:81:10,DB1_Lumidgm/94_1_9.wsq,impostor,5,19,5,,False,38.167946,0
4678,stored,81,DB1_Lumidgm:81:10,DB1_Lumidgm/94_1_9.wsq,impostor,5,19,5,,False,38.335403,0
4679,stored,53,DB1_Lumidgm:53:2,DB1_Lumidgm/88_1_2.wsq,impostor,4,19,4,,False,43.989891,0
4679,derive,53,DB1_Lumidgm:53:2,DB1_Lumidgm/88_1_2.wsq,impostor,4,19,4,,False,43.942241,0
4680,derive,77,DB1_Lumidgm:77:10,DB1_Lumidgm/25_1_1.wsq,impostor,6,19,6,,False,41.077446,0
4680,stored,77,DB1_Lumidgm:77:10,DB1_Lumidgm/25_1_1.wsq,impostor,6,19,6,,False,41.727953,0
4681,stored,75,DB1_Lumidgm:75:1,DB1_Lumidgm/36_1_6.wsq,impostor,5,19,5,,False,37.01828,0
4681,derive,75,DB1_Lumidgm:75:1,DB1_Lumidgm/36_1_6.wsq,impostor,5,19,5,,False,37.672341,0
4682,derive,95,DB1_Lumidgm:95:9,DB1_Lumidgm/84_1_5.wsq,impostor,8,19,8,,False,35.43492,0
4682,stored,95,DB1_Lumidgm:95:9,DB1_Lumidgm/84_1_5.wsq,impostor,8,19,8,,False,35.197987,0
4683,stored,59,DB1_Lumidgm:59:4,DB1_Lumidgm/88_1_2.wsq,impostor,11,19,11,,False,44.38807,0
4683,derive,59,DB1_Lumidgm:59:4,DB1_Lumidgm/88_1_2.wsq,impostor,11,19,11,,False,44.267111,0
4684,derive,62,DB1_Lumidgm:62:7,DB1_Lumidgm/94_1_6.wsq,impostor,5,19,5,,False,38.441928,0
4684,stored,62,DB1_Lumidgm:62:7,DB1_Lumidgm/94_1_6.wsq,impostor,5,19,5,,False,38.912203,0
4685,stored,81,DB1_Lumidgm:81:10,DB1_Lumidgm/79_1_6.wsq,impostor,6,19,6,,False,40.373602,0
4685,derive,81,DB1_Lumidgm:81:10,DB1_Lumidgm/79_1_6.wsq,impostor,6,19,6,,False,39.367729,0
4686,derive,97,DB1_Lumidgm:97:5,DB1_Lumidgm/89_1_8.wsq,impostor,5,19,5,,False,45.163816,0
4686,stored,97,DB1_Lumidgm:97:5,DB1_Lumidgm/89_1_8.wsq,impostor,5,19,5,,False,44.493207,0
4687,stored,30,DB1_Lumidgm:30:8,DB1_Lumidgm/66_1_7.wsq,impostor,5,19,5,,False,37.516188,0
4687,derive,30,DB1_Lumidgm:30:8,DB1_Lumidgm/66_1_7.wsq,impostor,5,19,5,,False,36.890445,0
4688,derive,52,DB1_Lumidgm:52:9,DB1_Lumidgm/82_1_7.wsq,impostor,7,19,7,,False,39.737907,0
4688,stored,52,DB1_Lumidgm:52:9,DB1_Lumidgm/82_1_7.wsq,impostor,7,19,7,,False,36.503127,0
4689,stored,49,DB1_Lumidgm:49:5,DB1_Lumidgm/21_1_9.wsq,impostor,4,19,4,,False,37.448931,0
4689,derive,49,DB1_Lumidgm:49:5,DB1_Lumidgm/21_1_9.wsq,impostor,4,19,4,,False,38.020794,0
4690,derive,94,DB1_Lumidgm:94:4,DB1_Lumidgm/68_1_5.wsq,impostor,6,19,6,,False,32.92073,0
4690,stored,94,DB1_Lumidgm:94:4,DB1_Lumidgm/68_1_5.wsq,impostor,6,19,6,,False,32.317584,0
4691,stored,95,DB1_Lumidgm:95:6,DB1_Lumidgm/75_1_7.wsq,impostor,7,19,7,,False,35.613693,0
4691,derive,95,DB1_Lumidgm:95:6,DB1_Lumidgm/75_1_7.wsq,impostor,7,19,7,,False,36.928209,0
4692,derive,38,DB1_Lumidgm:38:4,DB1_Lumidgm/85_1_6.wsq,impostor,8,19,8,,False,38.189618,0
4692,stored,38,DB1_Lumidgm:38:4,DB1_Lumidgm/85_1_6.wsq,impostor,8,19,8,,False,39.028394,0
4693,stored,86,DB1_Lumidgm:86:8,DB1_Lumidgm/86_2_8.wsq,genuine,37,19,37,,True,62.271363,1210
4693,derive,86,DB1_Lumidgm:86:8,DB1_Lumidgm/86_2_8.wsq,genuine,37,19,37,,True,56.820407,1210
4694,derive,58,DB1_Lumidgm:58:2,DB1_Lumidgm/35_1_8.wsq,impostor,5,19,5,,False,37.310433,0
4694,stored,58,DB1_Lumidgm:58:2,DB1_Lumidgm/35_1_8.wsq,impostor,5,19,5,,False,37.368947,0
4695,stored,28,DB1_Lumidgm:28:3,DB1_Lumidgm/90_1_1.wsq,impostor,5,19,5,,False,37.724389,0
4695,derive,28,DB1_Lumidgm:28:3,DB1_Lumidgm/90_1_1.wsq,impostor,5,19,5,,False,37.110333,0
4696,derive,94,DB1_Lumidgm:94:3,DB1_Lumidgm/61_1_1.wsq,impostor,5,19,5,,False,38.00278,0
4696,stored,94,DB1_Lumidgm:94:3,DB1_Lumidgm/61_1_1.wsq,impostor,5,19,5,,False,37.497799,0
4697,stored,84,DB1_Lumidgm:84:4,DB1_Lumidgm/82_1_9.wsq,impostor,7,19,7,,False,38.335295,0
4697,derive,84,DB1_Lumidgm:84:4,DB1_Lumidgm/82_1_9.wsq,impostor,7,19,7,,False,37.832523,0
4698,derive,42,DB1_Lumidgm:42:6,DB1_Lumidgm/72_1_9.wsq,impostor,9,19,9,,False,37.038991,0
4698,stored,42,DB1_Lumidgm:42:6,DB1_Lumidgm/72_1_9.wsq,impostor,9,19,9,,False,36.755739,0
4699,stored,98,DB1_Lumidgm:98:7,DB1_Lumidgm/91_1_8.wsq,impostor,5,19,5,,False,40.207621,0
4699,derive,98,DB1_Lumidgm:98:7,DB1_Lumidgm/91_1_8.wsq,impostor,5,19,5,,False,41.127576,0
4700,derive,47,DB1_Lumidgm:47:5,DB1_Lumidgm/41_1_9.wsq,impostor,3,19,3,,False,36.247071,0
4700,stored,47,DB1_Lumidgm:47:5,DB1_Lumidgm/41_1_9.wsq,impostor,3,19,3,,False,36.71183,0
4701,stored,85,DB1_Lumidgm:85:6,DB1_Lumidgm/85_2_6.wsq,genuine,143,19,143,,True,51.625097,1210
4701,derive,85,DB1_Lumidgm:85:6,DB1_Lumidgm/85_2_6.wsq,genuine,143,19,143,,True,49.478154,1210
4702,derive,82,DB1_Lumidgm:82:2,DB1_Lumidgm/87_1_1.wsq,impostor,13,19,13,,False,37.834042,0
4702,stored,82,DB1_Lumidgm:82:2,DB1_Lumidgm/87_1_1.wsq,impostor,13,19,13,,False,37.578975,0
4703,stored,94,DB1_Lumidgm:94:7,DB1_Lumidgm/77_1_9.wsq,impostor,9,19,9,,False,36.85382,0
4703,derive,94,DB1_Lumidgm:94:7,DB1_Lumidgm/77_1_9.wsq,impostor,9,19,9,,False,36.810376,0
4704,derive,79,DB1_Lumidgm:79:3,DB1_Lumidgm/67_1_1.wsq,impostor,3,19,3,,False,34.785082,0
4704,stored,79,DB1_Lumidgm:79:3,DB1_Lumidgm/67_1_1.wsq,impostor,3,19,3,,False,38.707568,0
4705,stored,72,DB1_Lumidgm:72:4,DB1_Lumidgm/100_1_5.wsq,impostor,11,19,11,,False,36.906612,0
4705,derive,72,DB1_Lumidgm:72:4,DB1_Lumidgm/100_1_5.wsq,impostor,11,19,11,,False,35.237095,0
4706,derive,46,DB1_Lumidgm:46:4,DB1_Lumidgm/53_1_2.wsq,impostor,3,19,3,,False,33.916956,0
4706,stored,46,DB1_Lumidgm:46:4,DB1_Lumidgm/53_1_2.wsq,impostor,3,19,3,,False,34.159298,0
4707,stored,36,DB1_Lumidgm:36:1,DB1_Lumidgm/45_1_9.wsq,impostor,4,19,4,,False,37.096546,0
4707,derive,36,DB1_Lumidgm:36:1,DB1_Lumidgm/45_1_9.wsq,impostor,4,19,4,,False,37.335581,0
4708,derive,76,DB1_Lumidgm:76:8,DB1_Lumidgm/39_1_9.wsq,impostor,6,19,6,,False,36.713612,0
4708,stored,76,DB1_Lumidgm:76:8,DB1_Lumidgm/39_1_9.wsq,impostor,6,19,6,,False,36.033331,0
4709,stored,72,DB1_Lumidgm:72:8,DB1_Lumidgm/28_1_6.wsq,impostor,4,19,4,,False,39.731406,0
4709,derive,72,DB1_Lumidgm:72:8,DB1_Lumidgm/28_1_6.wsq,impostor,4,19,4,,False,38.94921,0
4710,derive,60,DB1_Lumidgm:60:2,DB1_Lumidgm/60_4_2.wsq,genuine,161,19,161,,True,47.766832,1210
4710,stored,60,DB1_Lumidgm:60:2,DB1_Lumidgm/60_4_2.wsq,genuine,161,19,161,,True,46.182027,1210
4711,stored,38,DB1_Lumidgm:38:4,DB1_Lumidgm/81_1_10.wsq,impostor,8,19,8,,False,37.440394,0
4711,derive,38,DB1_Lumidgm:38:4,DB1_Lumidgm/81_1_10.wsq,impostor,8,19,8,,False,35.946694,0
4712,derive,26,DB1_Lumidgm:26:10,DB1_Lumidgm/82_1_5.wsq,impostor,9,19,9,,False,36.294407,0
4712,stored,26,DB1_Lumidgm:26:10,DB1_Lumidgm/82_1_5.wsq,impostor,9,19,9,,False,34.567628,0
4713,stored,61,DB1_Lumidgm:61:4,DB1_Lumidgm/73_1_2.wsq,impostor,7,19,7,,False,33.551544,0
4713,derive,61,DB1_Lumidgm:61:4,DB1_Lumidgm/73_1_2.wsq,impostor,7,19,7,,False,33.976823,0
4714,derive,21,DB1_Lumidgm:21:9,DB1_Lumidgm/25_1_5.wsq,impostor,5,19,5,,False,43.761526,0
4714,stored,21,DB1_Lumidgm:21:9,DB1_Lumidgm/25_1_5.wsq,impostor,5,19,5,,False,33.815721,0
4715,stored,86,DB1_Lumidgm:86:8,DB1_Lumidgm/41_1_5.wsq,impostor,5,19,5,,False,35.39809,0
4715,derive,86,DB1_Lumidgm:86:8,DB1_Lumidgm/41_1_5.wsq,impostor,5,19,5,,False,35.838691,0
4716,derive,77,DB1_Lumidgm:77:9,DB1_Lumidgm/96_1_4.wsq,impostor,8,19,8,,False,35.022857,0
4716,stored,77,DB1_Lumidgm:77:9,DB1_Lumidgm/96_1_4.wsq,impostor,8,19,8,,False,35.387839,0
4717,stored,26,DB1_Lumidgm:26:1,DB1_Lumidgm/25_1_4.wsq,impostor,12,19,12,,False,37.17894,0
4717,derive,26,DB1_Lumidgm:26:1,DB1_Lumidgm/25_1_4.wsq,impostor,12,19,12,,False,36.276735,0
4718,derive,30,DB1_Lumidgm:30:10,DB1_Lumidgm/84_1_2.wsq,impostor,7,19,7,,False,37.816642,0
4718,stored,30,DB1_Lumidgm:30:10,DB1_Lumidgm/84_1_2.wsq,impostor,7,19,7,,False,36.427957,0
4719,stored,65,DB1_Lumidgm:65:3,DB1_Lumidgm/65_3_3.wsq,genuine,39,19,39,,True,42.141143,1210
4719,derive,65,DB1_Lumidgm:65:3,DB1_Lumidgm/65_3_3.wsq,genuine,39,19,39,,True,43.636752,1210
4720,derive,36,DB1_Lumidgm:36:6,DB1_Lumidgm/40_1_10.wsq,impostor,7,19,7,,False,34.767514,0
4720,stored,36,DB1_Lumidgm:36:6,DB1_Lumidgm/40_1_10.wsq,impostor,7,19,7,,False,34.701634,0
4721,stored,82,DB1_Lumidgm:82:10,DB1_Lumidgm/86_1_2.wsq,impostor,9,19,9,,False,34.870765,0
4721,derive,82,DB1_Lumidgm:82:10,DB1_Lumidgm/86_1_2.wsq,impostor,9,19,9,,False,35.014515,0
4722,derive,35,DB1_Lumidgm:35:7,DB1_Lumidgm/35_3_7.wsq,genuine,255,19,255,,True,42.652152,1210
4722,stored,35,DB1_Lumidgm:35:7,DB1_Lumidgm/35_3_7.wsq,genuine,255,19,255,,True,41.127684,1210
4723,stored,79,DB1_Lumidgm:79:9,DB1_Lumidgm/74_1_6.wsq,impostor,7,19,7,,False,35.810155,0
4723,derive,79,DB1_Lumidgm:79:9,DB1_Lumidgm/74_1_6.wsq,impostor,7,19,7,,False,38.279753,0
4724,derive,94,DB1_Lumidgm:94:9,DB1_Lumidgm/92_1_2.wsq,impostor,7,19,7,,False,40.277711,0
4724,stored,94,DB1_Lumidgm:94:9,DB1_Lumidgm/92_1_2.wsq,impostor,7,19,7,,False,40.9069,0
4725,stored,71,DB1_Lumidgm:71:4,DB1_Lumidgm/40_1_4.wsq,impostor,6,19,6,,False,36.595309,0
4725,derive,71,DB1_Lumidgm:71:4,DB1_Lumidgm/40_1_4.wsq,impostor,6,19,6,,False,36.541831,0
4726,derive,34,DB1_Lumidgm:34:1,DB1_Lumidgm/28_1_6.wsq,impostor,4,19,4,,False,38.299371,0
4726,stored,34,DB1_Lumidgm:34:1,DB1_Lumidgm/28_1_6.wsq,impostor,4,19,4,,False,38.168541,0
4727,stored,61,DB1_Lumidgm:61:5,DB1_Lumidgm/94_1_9.wsq,impostor,4,19,4,,False,38.327389,0
4727,derive,61,DB1_Lumidgm:61:5,DB1_Lumidgm/94_1_9.wsq,impostor,4,19,4,,False,40.395914,0
4728,derive,98,DB1_Lumidgm:98:10,DB1_Lumidgm/77_1_4.wsq,impostor,6,19,6,,False,36.15545,0
4728,stored,98,DB1_Lumidgm:98:10,DB1_Lumidgm/77_1_4.wsq,impostor,6,19,6,,False,36.688754,0
4729,stored,46,DB1_Lumidgm:46:10,DB1_Lumidgm/48_1_5.wsq,impostor,5,19,5,,False,39.563436,0
4729,derive,46,DB1_Lumidgm:46:10,DB1_Lumidgm/48_1_5.wsq,impostor,5,19,5,,False,39.387474,0
4730,derive,91,DB1_Lumidgm:91:9,DB1_Lumidgm/74_1_6.wsq,impostor,5,19,5,,False,40.406709,0
4730,stored,91,DB1_Lumidgm:91:9,DB1_Lumidgm/74_1_6.wsq,impostor,5,19,5,,False,39.598082,0
4731,stored,35,DB1_Lumidgm:35:6,DB1_Lumidgm/35_4_6.wsq,genuine,47,19,47,,True,42.757001,1210
4731,derive,35,DB1_Lumidgm:35:6,DB1_Lumidgm/35_4_6.wsq,genuine,47,19,47,,True,38.570381,1210
4732,derive,46,DB1_Lumidgm:46:8,DB1_Lumidgm/79_1_7.wsq,impostor,7,19,7,,False,38.366187,0
4732,stored,46,DB1_Lumidgm:46:8,DB1_Lumidgm/79_1_7.wsq,impostor,7,19,7,,False,38.733224,0
4733,stored,27,DB1_Lumidgm:27:5,DB1_Lumidgm/39_1_8.wsq,impostor,6,19,6,,False,34.838521,0
4733,derive,27,DB1_Lumidgm:27:5,DB1_Lumidgm/39_1_8.wsq,impostor,6,19,6,,False,35.508482,0
4734,derive,95,DB1_Lumidgm:95:7,DB1_Lumidgm/70_1_9.wsq,impostor,5,19,5,,False,36.613782,0
4734,stored,95,DB1_Lumidgm:95:7,DB1_Lumidgm/70_1_9.wsq,impostor,5,19,5,,False,36.883801,0
4735,stored,33,DB1_Lumidgm:33:9,DB1_Lumidgm/33_3_9.wsq,genuine,41,19,41,,True,42.64823,1210
4735,derive,33,DB1_Lumidgm:33:9,DB1_Lumidgm/33_3_9.wsq,genuine,41,19,41,,True,40.207596,1210
4736,derive,73,DB1_Lumidgm:73:6,DB1_Lumidgm/98_1_6.wsq,impostor,6,19,6,,False,38.316886,0
4736,stored,73,DB1_Lumidgm:73:6,DB1_Lumidgm/98_1_6.wsq,impostor,6,19,6,,False,37.481292,0
4737,stored,100,DB1_Lumidgm:100:6,DB1_Lumidgm/49_1_2.wsq,impostor,6,19,6,,False,35.153351,0
4737,derive,100,DB1_Lumidgm:100:6,DB1_Lumidgm/49_1_2.wsq,impostor,6,19,6,,False,35.402221,0
4738,derive,46,DB1_Lumidgm:46:3,DB1_Lumidgm/96_1_2.wsq,impostor,11,19,11,,False,35.775071,0
4738,stored,46,DB1_Lumidgm:46:3,DB1_Lumidgm/96_1_2.wsq,impostor,11,19,11,,False,35.482171,0
4739,stored,63,DB1_Lumidgm:63:3,DB1_Lumidgm/67_1_7.wsq,impostor,5,19,5,,False,35.559871,0
4739,derive,63,DB1_Lumidgm:63:3,DB1_Lumidgm/67_1_7.wsq,impostor,5,19,5,,False,35.1275,0
4740,derive,31,DB1_Lumidgm:31:6,DB1_Lumidgm/31_4_6.wsq,genuine,33,19,33,,True,41.220451,1210
4740,stored,31,DB1_Lumidgm:31:6,DB1_Lumidgm/31_4_6.wsq,genuine,33,19,33,,True,40.435962,1210
4741,stored,76,DB1_Lumidgm:76:3,DB1_Lumidgm/39_1_10.wsq,impostor,8,19,8,,False,34.164874,0
4741,derive,76,DB1_Lumidgm:76:3,DB1_Lumidgm/39_1_10.wsq,impostor,8,19,8,,False,32.905406,0
4742,derive,100,DB1_Lumidgm:100:4,DB1_Lumidgm/90_1_1.wsq,impostor,3,19,3,,False,36.874973,0
4742,stored,100,DB1_Lumidgm:100:4,DB1_Lumidgm/90_1_1.wsq,impostor,3,19,3,,False,38.235551,0
4743,stored,35,DB1_Lumidgm:35:8,DB1_Lumidgm/72_1_4.wsq,impostor,17,19,17,,False,36.055743,0
4743,derive,35,DB1_Lumidgm:35:8,DB1_Lumidgm/72_1_4.wsq,impostor,17,19,17,,False,36.034762,0
4744,derive,32,DB1_Lumidgm:32:1,DB1_Lumidgm/23_1_2.wsq,impostor,6,19,6,,False,35.810214,0
4744,stored,32,DB1_Lumidgm:32:1,DB1_Lumidgm/23_1_2.wsq,impostor,6,19,6,,False,35.936794,0
4745,stored,63,DB1_Lumidgm:63:7,DB1_Lumidgm/49_1_1.wsq,impostor,7,19,7,,False,36.911,0
4745,derive,63,DB1_Lumidgm:63:7,DB1_Lumidgm/49_1_1.wsq,impostor,7,19,7,,False,36.619483,0
4746,derive,49,DB1_Lumidgm:49:8,DB1_Lumidgm/69_1_9.wsq,impostor,5,19,5,,False,35.144105,0
4746,stored,49,DB1_Lumidgm:49:8,DB1_Lumidgm/69_1_9.wsq,impostor,5,19,5,,False,34.977206,0
4747,stored,73,DB1_Lumidgm:73:10,DB1_Lumidgm/38_1_5.wsq,impostor,12,19,12,,False,35.9449,0
4747,derive,73,DB1_Lumidgm:73:10,DB1_Lumidgm/38_1_5.wsq,impostor,12,19,12,,False,34.592559,0
4748,derive,74,DB1_Lumidgm:74:3,DB1_Lumidgm/40_1_4.wsq,impostor,6,19,6,,False,37.392049,0
4748,stored,74,DB1_Lumidgm:74:3,DB1_Lumidgm/40_1_4.wsq,impostor,6,19,6,,False,36.282685,0
4749,stored,97,DB1_Lumidgm:97:10,DB1_Lumidgm/82_1_5.wsq,impostor,5,19,5,,False,33.924834,0
4749,derive,97,DB1_Lumidgm:97:10,DB1_Lumidgm/82_1_5.wsq,impostor,5,19,5,,False,34.676856,0
4750,derive,63,DB1_Lumidgm:63:1,DB1_Lumidgm/44_1_2.wsq,impostor,8,19,8,,False,36.82284,0
4750,stored,63,DB1_Lumidgm:63:1,DB1_Lumidgm/44_1_2.wsq,impostor,8,19,8,,False,37.096072,0
4751,stored,40,DB1_Lumidgm:40:8,DB1_Lumidgm/54_1_1.wsq,impostor,4,19,4,,False,37.45938,0
4751,derive,40,DB1_Lumidgm:40:8,DB1_Lumidgm/54_1_1.wsq,impostor,4,19,4,,False,38.182642,0
4752,derive,93,DB1_Lumidgm:93:3,DB1_Lumidgm/93_3_3.wsq,genuine,95,19,95,,True,54.310258,1210
4752,stored,93,DB1_Lumidgm:93:3,DB1_Lumidgm/93_3_3.wsq,genuine,95,19,95,,True,52.755226,1210
4753,stored,79,DB1_Lumidgm:79:9,DB1_Lumidgm/87_1_7.wsq,impostor,6,19,6,,False,37.388505,0
4753,derive,79,DB1_Lumidgm:79:9,DB1_Lumidgm/87_1_7.wsq,impostor,6,19,6,,False,36.712962,0
4754,derive,67,DB1_Lumidgm:67:1,DB1_Lumidgm/92_1_1.wsq,impostor,4,19,4,,False,42.692465,0
4754,stored,67,DB1_Lumidgm:67:1,DB1_Lumidgm/92_1_1.wsq,impostor,4,19,4,,False,42.346459,0
4755,stored,80,DB1_Lumidgm:80:5,DB1_Lumidgm/99_1_10.wsq,impostor,5,19,5,,False,33.298262,0
4755,derive,80,DB1_Lumidgm:80:5,DB1_Lumidgm/99_1_10.wsq,impostor,5,19,5,,False,33.770084,0
4756,derive,40,DB1_Lumidgm:40:1,DB1_Lumidgm/40_4_1.wsq,genuine,55,19,55,,True,39.269381,1210
4756,stored,40,DB1_Lumidgm:40:1,DB1_Lumidgm/40_4_1.wsq,genuine,55,19,55,,True,38.180558,1210
4757,stored,59,DB1_Lumidgm:59:5,DB1_Lumidgm/44_1_3.wsq,impostor,8,19,8,,False,36.18514,0
4757,derive,59,DB1_Lumidgm:59:5,DB1_Lumidgm/44_1_3.wsq,impostor,8,19,8,,False,36.979905,0
4758,derive,43,DB1_Lumidgm:43:8,DB1_Lumidgm/94_1_10.wsq,impostor,5,19,5,,False,39.450072,0
4758,stored,43,DB1_Lumidgm:43:8,DB1_Lumidgm/94_1_10.wsq,impostor,5,19,5,,False,38.466919,0
4759,stored,86,DB1_Lumidgm:86:6,DB1_Lumidgm/77_1_3.wsq,impostor,6,19,6,,False,36.506966,0
4759,derive,86,DB1_Lumidgm:86:6,DB1_Lumidgm/77_1_3.wsq,impostor,6,19,6,,False,37.112683,0
4760,derive,44,DB1_Lumidgm:44:4,DB1_Lumidgm/92_1_9.wsq,impostor,4,19,4,,False,40.244886,0
4760,stored,44,DB1_Lumidgm:44:4,DB1_Lumidgm/92_1_9.wsq,impostor,4,19,4,,False,40.538948,0
4761,stored,45,DB1_Lumidgm:45:10,DB1_Lumidgm/21_1_7.wsq,impostor,10,19,10,,False,39.035898,0
4761,derive,45,DB1_Lumidgm:45:10,DB1_Lumidgm/21_1_7.wsq,impostor,10,19,10,,False,38.633428,0
4762,derive,63,DB1_Lumidgm:63:2,DB1_Lumidgm/46_1_4.wsq,impostor,9,19,9,,False,37.176762,0
4762,stored,63,DB1_Lumidgm:63:2,DB1_Lumidgm/46_1_4.wsq,impostor,9,19,9,,False,36.697464,0
4763,stored,48,DB1_Lumidgm:48:6,DB1_Lumidgm/81_1_7.wsq,impostor,5,19,5,,False,36.76202,0
4763,derive,48,DB1_Lumidgm:48:6,DB1_Lumidgm/81_1_7.wsq,impostor,5,19,5,,False,36.577753,0
4764,derive,42,DB1_Lumidgm:42:6,DB1_Lumidgm/90_1_7.wsq,impostor,5,19,5,,False,36.968019,0
4764,stored,42,DB1_Lumidgm:42:6,DB1_Lumidgm/90_1_7.wsq,impostor,5,19,5,,False,37.477147,0
4765,stored,84,DB1_Lumidgm:84:4,DB1_Lumidgm/73_1_9.wsq,impostor,5,19,5,,False,35.664566,0
4765,derive,84,DB1_Lumidgm:84:4,DB1_Lumidgm/73_1_9.wsq,impostor,5,19,5,,False,35.039731,0
4766,derive,68,DB1_Lumidgm:68:4,DB1_Lumidgm/25_1_1.wsq,impostor,4,19,4,,False,36.95752,0
4766,stored,68,DB1_Lumidgm:68:4,DB1_Lumidgm/25_1_1.wsq,impostor,4,19,4,,False,36.883903,0
4767,stored,69,DB1_Lumidgm:69:8,DB1_Lumidgm/61_1_4.wsq,impostor,7,19,7,,False,38.614942,0
4767,derive,69,DB1_Lumidgm:69:8,DB1_Lumidgm/61_1_4.wsq,impostor,7,19,7,,False,38.382418,0
4768,derive,30,DB1_Lumidgm:30:1,DB1_Lumidgm/34_1_4.wsq,impostor,7,19,7,,False,36.662341,0
4768,stored,30,DB1_Lumidgm:30:1,DB1_Lumidgm/34_1_4.wsq,impostor,7,19,7,,False,36.073993,0
4769,stored,57,DB1_Lumidgm:57:7,DB1_Lumidgm/36_1_7.wsq,impostor,6,19,6,,False,35.037538,0
4769,derive,57,DB1_Lumidgm:57:7,DB1_Lumidgm/36_1_7.wsq,impostor,6,19,6,,False,35.053511,0
4770,derive,28,DB1_Lumidgm:28:10,DB1_Lumidgm/70_1_8.wsq,impostor,6,19,6,,False,36.517682,0
4770,stored,28,DB1_Lumidgm:28:10,DB1_Lumidgm/70_1_8.wsq,impostor,6,19,6,,False,37.068707,0
4771,stored,80,DB1_Lumidgm:80:5,DB1_Lumidgm/59_1_3.wsq,impostor,6,19,6,,False,43.932674,0
4771,derive,80,DB1_Lumidgm:80:5,DB1_Lumidgm/59_1_3.wsq,impostor,6,19,6,,False,43.763261,0
4772,derive,26,DB1_Lumidgm:26:1,DB1_Lumidgm/70_1_6.wsq,impostor,12,19,12,,False,38.239376,0
4772,stored,26,DB1_Lumidgm:26:1,DB1_Lumidgm/70_1_6.wsq,impostor,12,19,12,,False,37.649872,0
4773,stored,55,DB1_Lumidgm:55:4,DB1_Lumidgm/87_1_3.wsq,impostor,13,19,13,,False,37.278686,0
4773,derive,55,DB1_Lumidgm:55:4,DB1_Lumidgm/87_1_3.wsq,impostor,13,19,13,,False,37.741616,0
4774,derive,22,DB1_Lumidgm:22:10,DB1_Lumidgm/23_1_9.wsq,impostor,16,19,16,,False,36.352706,0
4774,stored,22,DB1_Lumidgm:22:10,DB1_Lumidgm/23_1_9.wsq,impostor,16,19,16,,False,35.539608,0
4775,stored,71,DB1_Lumidgm:71:7,DB1_Lumidgm/94_1_8.wsq,impostor,6,19,6,,False,42.130208,0
4775,derive,71,DB1_Lumidgm:71:7,DB1_Lumidgm/94_1_8.wsq,impostor,6,19,6,,False,42.162555,0
4776,derive,93,DB1_Lumidgm:93:4,DB1_Lumidgm/93_3_4.wsq,genuine,100,19,100,,True,49.335926,1210
4776,stored,93,DB1_Lumidgm:93:4,DB1_Lumidgm/93_3_4.wsq,genuine,100,19,100,,True,50.061593,1210
4777,stored,85,DB1_Lumidgm:85:4,DB1_Lumidgm/85_3_4.wsq,genuine,128,19,128,,True,53.24827,1210
4777,derive,85,DB1_Lumidgm:85:4,DB1_Lumidgm/85_3_4.wsq,genuine,128,19,128,,True,53.656059,1210
4778,derive,21,DB1_Lumidgm:21:2,DB1_Lumidgm/78_1_5.wsq,impostor,10,19,10,,False,33.597351,0
4778,stored,21,DB1_Lumidgm:21:2,DB1_Lumidgm/78_1_5.wsq,impostor,10,19,10,,False,33.878479,0
4779,stored,28,DB1_Lumidgm:28:6,DB1_Lumidgm/24_1_3.wsq,impostor,4,19,4,,False,34.601861,0
4779,derive,28,DB1_Lumidgm:28:6,DB1_Lumidgm/24_1_3.wsq,impostor,4,19,4,,False,34.63671,0
4780,derive,45,DB1_Lumidgm:45:2,DB1_Lumidgm/46_1_4.wsq,impostor,4,19,4,,False,39.227679,0
4780,stored,45,DB1_Lumidgm:45:2,DB1_Lumidgm/46_1_4.wsq,impostor,4,19,4,,False,37.56222,0
4781,stored,77,DB1_Lumidgm:77:2,DB1_Lumidgm/54_1_8.wsq,impostor,7,19,7,,False,36.338117,0
4781,derive,77,DB1_Lumidgm:77:2,DB1_Lumidgm/54_1_8.wsq,impostor,7,19,7,,False,36.716468,0
4782,derive,35,DB1_Lumidgm:35:3,DB1_Lumidgm/49_1_5.wsq,impostor,6,19,6,,False,32.824548,0
4782,stored,35,DB1_Lumidgm:35:3,DB1_Lumidgm/49_1_5.wsq,impostor,6,19,6,,False,32.366113,0
4783,stored,64,DB1_Lumidgm:64:5,DB1_Lumidgm/64_3_5.wsq,genuine,57,19,57,,True,38.748284,1210
4783,derive,64,DB1_Lumidgm:64:5,DB1_Lumidgm/64_3_5.wsq,genuine,57,19,57,,True,36.281926,1210
4784,derive,62,DB1_Lumidgm:62:8,DB1_Lumidgm/50_1_1.wsq,impostor,5,19,5,,False,38.848202,0
4784,stored,62,DB1_Lumidgm:62:8,DB1_Lumidgm/50_1_1.wsq,impostor,5,19,5,,False,40.034924,0
4785,stored,59,DB1_Lumidgm:59:2,DB1_Lumidgm/66_1_4.wsq,impostor,6,19,6,,False,34.834313,0
4785,derive,59,DB1_Lumidgm:59:2,DB1_Lumidgm/66_1_4.wsq,impostor,6,19,6,,False,34.592898,0
4786,derive,95,DB1_Lumidgm:95:2,DB1_Lumidgm/52_1_10.wsq,impostor,4,19,4,,False,35.486767,0
4786,stored,95,DB1_Lumidgm:95:2,DB1_Lumidgm/52_1_10.wsq,impostor,4,19,4,,False,35.084291,0
4787,stored,31,DB1_Lumidgm:31:3,DB1_Lumidgm/31_3_3.wsq,genuine,44,19,44,,True,36.658439,1210
4787,derive,31,DB1_Lumidgm:31:3,DB1_Lumidgm/31_3_3.wsq,genuine,44,19,44,,True,35.55797,1210
4788,derive,96,DB1_Lumidgm:96:4,DB1_Lumidgm/30_1_3.wsq,impostor,6,19,6,,False,36.005573,0
4788,stored,96,DB1_Lumidgm:96:4,DB1_Lumidgm/30_1_3.wsq,impostor,6,19,6,,False,35.587975,0
4789,stored,27,DB1_Lumidgm:27:3,DB1_Lumidgm/69_1_5.wsq,impostor,4,19,4,,False,32.583187,0
4789,derive,27,DB1_Lumidgm:27:3,DB1_Lumidgm/69_1_5.wsq,impostor,4,19,4,,False,33.202169,0
4790,derive,45,DB1_Lumidgm:45:1,DB1_Lumidgm/29_1_5.wsq,impostor,10,19,10,,False,37.687951,0
4790,stored,45,DB1_Lumidgm:45:1,DB1_Lumidgm/29_1_5.wsq,impostor,10,19,10,,False,35.804458,0
4791,stored,84,DB1_Lumidgm:84:4,DB1_Lumidgm/52_1_8.wsq,impostor,5,19,5,,False,39.198398,0
4791,derive,84,DB1_Lumidgm:84:4,DB1_Lumidgm/52_1_8.wsq,impostor,5,19,5,,False,39.719851,0
4792,derive,51,DB1_Lumidgm:51:10,DB1_Lumidgm/88_1_5.wsq,impostor,12,19,12,,False,43.013072,0
4792,stored,51,DB1_Lumidgm:51:10,DB1_Lumidgm/88_1_5.wsq,impostor,12,19,12,,False,43.599699,0
4793,stored,69,DB1_Lumidgm:69:7,DB1_Lumidgm/27_1_9.wsq,impostor,6,19,6,,False,37.414186,0
4793,derive,69,DB1_Lumidgm:69:7,DB1_Lumidgm/27_1_9.wsq,impostor,6,19,6,,False,37.644514,0
4794,derive,47,DB1_Lumidgm:47:8,DB1_Lumidgm/47_3_8.wsq,genuine,94,19,94,,True,42.087056,1210
4794,stored,47,DB1_Lumidgm:47:8,DB1_Lumidgm/47_3_8.wsq,genuine,94,19,94,,True,41.427847,1210
4795,stored,52,DB1_Lumidgm:52:2,DB1_Lumidgm/26_1_7.wsq,impostor,11,19,11,,False,36.624317,0
4795,derive,52,DB1_Lumidgm:52:2,DB1_Lumidgm/26_1_7.wsq,impostor,11,19,11,,False,36.634174,0
4796,derive,81,DB1_Lumidgm:81:8,DB1_Lumidgm/91_1_5.wsq,impostor,5,19,5,,False,38.130975,0
4796,stored,81,DB1_Lumidgm:81:8,DB1_Lumidgm/91_1_5.wsq,impostor,5,19,5,,False,38.189751,0
4797,stored,72,DB1_Lumidgm:72:2,DB1_Lumidgm/28_1_10.wsq,impostor,8,19,8,,False,39.328244,0
4797,derive,72,DB1_Lumidgm:72:2,DB1_Lumidgm/28_1_10.wsq,impostor,8,19,8,,False,38.749386,0
4798,derive,66,DB1_Lumidgm:66:2,DB1_Lumidgm/83_1_7.wsq,impostor,5,19,5,,False,34.473146,0
4798,stored,66,DB1_Lumidgm:66:2,DB1_Lumidgm/83_1_7.wsq,impostor,5,19,5,,False,35.829581,0
4799,stored,57,DB1_Lumidgm:57:5,DB1_Lumidgm/57_2_5.wsq,genuine,46,19,46,,True,41.974736,1210
4799,derive,57,DB1_Lumidgm:57:5,DB1_Lumidgm/57_2_5.wsq,genuine,46,19,46,,True,40.430068,1210
4800,derive,55,DB1_Lumidgm:55:9,DB1_Lumidgm/51_1_5.wsq,impostor,7,19,7,,False,35.529259,0
4800,stored,55,DB1_Lumidgm:55:9,DB1_Lumidgm/51_1_5.wsq,impostor,7,19,7,,False,35.453891,0
4801,stored,80,DB1_Lumidgm:80:8,DB1_Lumidgm/49_1_2.wsq,impostor,6,19,6,,False,35.514746,0
4801,derive,80,DB1_Lumidgm:80:8,DB1_Lumidgm/49_1_2.wsq,impostor,6,19,6,,False,34.456704,0
4802,derive,96,DB1_Lumidgm:96:1,DB1_Lumidgm/97_1_4.wsq,impostor,4,19,4,,False,37.099897,0
4802,stored,96,DB1_Lumidgm:96:1,DB1_Lumidgm/97_1_4.wsq,impostor,4,19,4,,False,36.912303,0
4803,stored,22,DB1_Lumidgm:22:9,DB1_Lumidgm/87_1_10.wsq,impostor,7,19,7,,False,36.244985,0
4803,derive,22,DB1_Lumidgm:22:9,DB1_Lumidgm/87_1_10.wsq,impostor,7,19,7,,False,35.91242,0
4804,derive,99,DB1_Lumidgm:99:10,DB1_Lumidgm/68_1_1.wsq,impostor,5,19,5,,False,37.161224,0
4804,stored,99,DB1_Lumidgm:99:10,DB1_Lumidgm/68_1_1.wsq,impostor,5,19,5,,False,37.336399,0
4805,stored,21,DB1_Lumidgm:21:4,DB1_Lumidgm/28_1_4.wsq,impostor,9,19,9,,False,39.25677,0
4805,derive,21,DB1_Lumidgm:21:4,DB1_Lumidgm/28_1_4.wsq,impostor,9,19,9,,False,40.39166,0
4806,derive,24,DB1_Lumidgm:24:10,DB1_Lumidgm/23_1_6.wsq,impostor,10,19,10,,False,37.381619,0
4806,stored,24,DB1_Lumidgm:24:10,DB1_Lumidgm/23_1_6.wsq,impostor,10,19,10,,False,36.357033,0
4807,stored,47,DB1_Lumidgm:47:10,DB1_Lumidgm/57_1_1.wsq,impostor,6,19,6,,False,37.243113,0
4807,derive,47,DB1_Lumidgm:47:10,DB1_Lumidgm/57_1_1.wsq,impostor,6,19,6,,False,37.407179,0
4808,derive,24,DB1_Lumidgm:24:7,DB1_Lumidgm/24_4_7.wsq,genuine,115,19,115,,True,41.649491,1210
4808,stored,24,DB1_Lumidgm:24:7,DB1_Lumidgm/24_4_7.wsq,genuine,115,19,115,,True,41.216472,1210
4809,stored,48,DB1_Lumidgm:48:6,DB1_Lumidgm/64_1_4.wsq,impostor,4,19,4,,False,36.813047,0
4809,derive,48,DB1_Lumidgm:48:6,DB1_Lumidgm/64_1_4.wsq,impostor,4,19,4,,False,35.978739,0
4810,derive,44,DB1_Lumidgm:44:7,DB1_Lumidgm/44_2_7.wsq,genuine,190,19,190,,True,75.987655,1210
4810,stored,44,DB1_Lumidgm:44:7,DB1_Lumidgm/44_2_7.wsq,genuine,190,19,190,,True,76.324309,1210
4811,stored,89,DB1_Lumidgm:89:8,DB1_Lumidgm/53_1_1.wsq,impostor,3,19,3,,False,38.675945,0
4811,derive,89,DB1_Lumidgm:89:8,DB1_Lumidgm/53_1_1.wsq,impostor,3,19,3,,False,37.595247,0
4812,derive,59,DB1_Lumidgm:59:1,DB1_Lumidgm/32_1_1.wsq,impostor,9,19,9,,False,35.784229,0
4812,stored,59,DB1_Lumidgm:59:1,DB1_Lumidgm/32_1_1.wsq,impostor,9,19,9,,False,35.481645,0
4813,stored,41,DB1_Lumidgm:41:7,DB1_Lumidgm/90_1_9.wsq,impostor,9,19,9,,False,36.721288,0
4813,derive,41,DB1_Lumidgm:41:7,DB1_Lumidgm/90_1_9.wsq,impostor,9,19,9,,False,36.14769,0
4814,derive,27,DB1_Lumidgm:27:1,DB1_Lumidgm/50_1_3.wsq,impostor,7,19,7,,False,37.360677,0
4814,stored,27,DB1_Lumidgm:27:1,DB1_Lumidgm/50_1_3.wsq,impostor,7,19,7,,False,37.487662,0
4815,stored,52,DB1_Lumidgm:52:7,DB1_Lumidgm/49_1_8.wsq,impostor,5,19,5,,False,36.016484,0
4815,derive,52,DB1_Lumidgm:52:7,DB1_Lumidgm/49_1_8.wsq,impostor,5,19,5,,False,35.027376,0
4816,derive,50,DB1_Lumidgm:50:10,DB1_Lumidgm/70_1_8.wsq,impostor,16,19,16,,False,37.36626,0
4816,stored,50,DB1_Lumidgm:50:10,DB1_Lumidgm/70_1_8.wsq,impostor,16,19,16,,False,36.427249,0
4817,stored,99,DB1_Lumidgm:99:10,DB1_Lumidgm/99_3_10.wsq,genuine,42,19,42,,True,39.056038,1211
4817,derive,99,DB1_Lumidgm:99:10,DB1_Lumidgm/99_3_10.wsq,genuine,42,19,42,,True,36.840851,1211
4818,derive,99,DB1_Lumidgm:99:2,DB1_Lumidgm/39_1_1.wsq,impostor,8,19,8,,False,37.175038,0
4818,stored,99,DB1_Lumidgm:99:2,DB1_Lumidgm/39_1_1.wsq,impostor,8,19,8,,False,36.560388,0
4819,stored,88,DB1_Lumidgm:88:4,DB1_Lumidgm/70_1_10.wsq,impostor,7,19,7,,False,36.915254,0
4819,derive,88,DB1_Lumidgm:88:4,DB1_Lumidgm/70_1_10.wsq,impostor,7,19,7,,False,35.937843,0
4820,derive,42,DB1_Lumidgm:42:2,DB1_Lumidgm/68_1_2.wsq,impostor,5,19,5,,False,36.06291,0
4820,stored,42,DB1_Lumidgm:42:2,DB1_Lumidgm/68_1_2.wsq,impostor,5,19,5,,False,36.453715,0
4821,stored,74,DB1_Lumidgm:74:2,DB1_Lumidgm/65_1_4.wsq,impostor,4,19,4,,False,40.105165,0
4821,derive,74,DB1_Lumidgm:74:2,DB1_Lumidgm/65_1_4.wsq,impostor,4,19,4,,False,40.450953,0
4822,derive,26,DB1_Lumidgm:26:3,DB1_Lumidgm/33_1_9.wsq,impostor,10,19,10,,False,39.817962,0
4822,stored,26,DB1_Lumidgm:26:3,DB1_Lumidgm/33_1_9.wsq,impostor,10,19,10,,False,39.898189,0
4823,stored,80,DB1_Lumidgm:80:8,DB1_Lumidgm/93_1_6.wsq,impostor,3,19,3,,False,39.96951,0
4823,derive,80,DB1_Lumidgm:80:8,DB1_Lumidgm/93_1_6.wsq,impostor,3,19,3,,False,39.888991,0
4824,derive,91,DB1_Lumidgm:91:9,DB1_Lumidgm/37_1_8.wsq,impostor,5,19,5,,False,36.992071,0
4824,stored,91,DB1_Lumidgm:91:9,DB1_Lumidgm/37_1_8.wsq,impostor,5,19,5,,False,37.3056,0
4825,stored,69,DB1_Lumidgm:69:10,DB1_Lumidgm/62_1_2.wsq,impostor,8,19,8,,False,48.051259,0
4825,derive,69,DB1_Lumidgm:69:10,DB1_Lumidgm/62_1_2.wsq,impostor,8,19,8,,False,46.587623,0
4826,derive,52,DB1_Lumidgm:52:4,DB1_Lumidgm/89_1_5.wsq,impostor,7,19,7,,False,45.092149,0
4826,stored,52,DB1_Lumidgm:52:4,DB1_Lumidgm/89_1_5.wsq,impostor,7,19,7,,False,44.879151,0
4827,stored,95,DB1_Lumidgm:95:3,DB1_Lumidgm/81_1_9.wsq,impostor,5,19,5,,False,40.024285,0
4827,derive,95,DB1_Lumidgm:95:3,DB1_Lumidgm/81_1_9.wsq,impostor,5,19,5,,False,40.139896,0
4828,derive,91,DB1_Lumidgm:91:6,DB1_Lumidgm/91_1_5.wsq,impostor,10,19,10,,False,41.536054,0
4828,stored,91,DB1_Lumidgm:91:6,DB1_Lumidgm/91_1_5.wsq,impostor,10,19,10,,False,41.906019,0
4829,stored,25,DB1_Lumidgm:25:5,DB1_Lumidgm/56_1_9.wsq,impostor,6,19,6,,False,38.652178,0
4829,derive,25,DB1_Lumidgm:25:5,DB1_Lumidgm/56_1_9.wsq,impostor,6,19,6,,False,39.770902,0
4830,derive,81,DB1_Lumidgm:81:5,DB1_Lumidgm/72_1_7.wsq,impostor,5,19,5,,False,38.416864,0
4830,stored,81,DB1_Lumidgm:81:5,DB1_Lumidgm/72_1_7.wsq,impostor,5,19,5,,False,38.499254,0
4831,stored,87,DB1_Lumidgm:87:9,DB1_Lumidgm/57_1_6.wsq,impostor,9,19,9,,False,38.057862,0
4831,derive,87,DB1_Lumidgm:87:9,DB1_Lumidgm/57_1_6.wsq,impostor,9,19,9,,False,37.809991,0
4832,derive,87,DB1_Lumidgm:87:7,DB1_Lumidgm/50_1_3.wsq,impostor,5,19,5,,False,37.268755,0
4832,stored,87,DB1_Lumidgm:87:7,DB1_Lumidgm/50_1_3.wsq,impostor,5,19,5,,False,37.240154,0
4833,stored,74,DB1_Lumidgm:74:4,DB1_Lumidgm/94_1_10.wsq,impostor,7,19,7,,False,38.601903,0
4833,derive,74,DB1_Lumidgm:74:4,DB1_Lumidgm/94_1_10.wsq,impostor,7,19,7,,False,39.031978,0
4834,derive,86,DB1_Lumidgm:86:5,DB1_Lumidgm/86_3_5.wsq,genuine,55,19,55,,True,37.973235,1210
4834,stored,86,DB1_Lumidgm:86:5,DB1_Lumidgm/86_3_5.wsq,genuine,55,19,55,,True,37.614373,1210
4835,stored,96,DB1_Lumidgm:96:6,DB1_Lumidgm/97_1_7.wsq,impostor,9,19,9,,False,41.022095,0
4835,derive,96,DB1_Lumidgm:96:6,DB1_Lumidgm/97_1_7.wsq,impostor,9,19,9,,False,40.556174,0
4836,derive,59,DB1_Lumidgm:59:4,DB1_Lumidgm/83_1_1.wsq,impostor,5,19,5,,False,36.989825,0
4836,stored,59,DB1_Lumidgm:59:4,DB1_Lumidgm/83_1_1.wsq,impostor,5,19,5,,False,36.381968,0
4837,stored,70,DB1_Lumidgm:70:2,DB1_Lumidgm/75_1_9.wsq,impostor,3,19,3,,False,35.751239,0
4837,derive,70,DB1_Lumidgm:70:2,DB1_Lumidgm/75_1_9.wsq,impostor,3,19,3,,False,39.13887,0
4838,derive,46,DB1_Lumidgm:46:8,DB1_Lumidgm/37_1_8.wsq,impostor,8,19,8,,False,38.753024,0
4838,stored,46,DB1_Lumidgm:46:8,DB1_Lumidgm/37_1_8.wsq,impostor,8,19,8,,False,37.086573,0
4839,stored,63,DB1_Lumidgm:63:6,DB1_Lumidgm/41_1_3.wsq,impostor,6,19,6,,False,37.676127,0
4839,derive,63,DB1_Lumidgm:63:6,DB1_Lumidgm/41_1_3.wsq,impostor,6,19,6,,False,38.815189,0
4840,derive,97,DB1_Lumidgm:97:1,DB1_Lumidgm/23_1_4.wsq,impostor,7,19,7,,False,35.183968,0
4840,stored,97,DB1_Lumidgm:97:1,DB1_Lumidgm/23_1_4.wsq,impostor,7,19,7,,False,35.484703,0
4841,stored,25,DB1_Lumidgm:25:8,DB1_Lumidgm/72_1_6.wsq,impostor,9,19,9,,False,38.621471,0
4841,derive,25,DB1_Lumidgm:25:8,DB1_Lumidgm/72_1_6.wsq,impostor,9,19,9,,False,38.446461,0
4842,derive,44,DB1_Lumidgm:44:6,DB1_Lumidgm/28_1_2.wsq,impostor,6,19,6,,False,39.664731,0
4842,stored,44,DB1_Lumidgm:44:6,DB1_Lumidgm/28_1_2.wsq,impostor,6,19,6,,False,39.214065,0
4843,stored,43,DB1_Lumidgm:43:8,DB1_Lumidgm/43_2_8.wsq,genuine,82,19,82,,True,43.779128,1210
4843,derive,43,DB1_Lumidgm:43:8,DB1_Lumidgm/43_2_8.wsq,genuine,82,19,82,,True,42.012378,1210
4844,derive,28,DB1_Lumidgm:28:3,DB1_Lumidgm/28_3_3.wsq,genuine,84,19,84,,True,59.478129,1210
4844,stored,28,DB1_Lumidgm:28:3,DB1_Lumidgm/28_3_3.wsq,genuine,84,19,84,,True,57.354897,1210
4845,stored,50,DB1_Lumidgm:50:4,DB1_Lumidgm/96_1_5.wsq,impostor,3,19,3,,False,34.172274,0
4845,derive,50,DB1_Lumidgm:50:4,DB1_Lumidgm/96_1_5.wsq,impostor,3,19,3,,False,33.725988,0
4846,derive,54,DB1_Lumidgm:54:1,DB1_Lumidgm/83_1_5.wsq,impostor,7,19,7,,False,34.727528,0
4846,stored,54,DB1_Lumidgm:54:1,DB1_Lumidgm/83_1_5.wsq,impostor,7,19,7,,False,34.177065,0
4847,stored,23,DB1_Lumidgm:23:7,DB1_Lumidgm/58_1_5.wsq,impostor,8,19,8,,False,43.772437,0
4847,derive,23,DB1_Lumidgm:23:7,DB1_Lumidgm/58_1_5.wsq,impostor,8,19,8,,False,41.538113,0
4848,derive,50,DB1_Lumidgm:50:8,DB1_Lumidgm/23_1_6.wsq,impostor,7,19,7,,False,38.145415,0
4848,stored,50,DB1_Lumidgm:50:8,DB1_Lumidgm/23_1_6.wsq,impostor,7,19,7,,False,36.446148,0
4849,stored,43,DB1_Lumidgm:43:2,DB1_Lumidgm/37_1_5.wsq,impostor,7,19,7,,False,34.294864,0
4849,derive,43,DB1_Lumidgm:43:2,DB1_Lumidgm/37_1_5.wsq,impostor,7,19,7,,False,34.767562,0
4850,derive,74,DB1_Lumidgm:74:7,DB1_Lumidgm/57_1_5.wsq,impostor,6,19,6,,False,36.131871,0
4850,stored,74,DB1_Lumidgm:74:7,DB1_Lumidgm/57_1_5.wsq,impostor,6,19,6,,False,36.648879,0
4851,stored,58,DB1_Lumidgm:58:3,DB1_Lumidgm/27_1_9.wsq,impostor,9,19,9,,False,41.423493,0
4851,derive,58,DB1_Lumidgm:58:3,DB1_Lumidgm/27_1_9.wsq,impostor,9,19,9,,False,41.994492,0
4852,derive,49,DB1_Lumidgm:49:10,DB1_Lumidgm/26_1_1.wsq,impostor,7,19,7,,False,38.642201,0
4852,stored,49,DB1_Lumidgm:49:10,DB1_Lumidgm/26_1_1.wsq,impostor,7,19,7,,False,38.782031,0
4853,stored,39,DB1_Lumidgm:39:3,DB1_Lumidgm/44_1_4.wsq,impostor,3,19,3,,False,37.411704,0
4853,derive,39,DB1_Lumidgm:39:3,DB1_Lumidgm/44_1_4.wsq,impostor,3,19,3,,False,37.33852,0
4854,derive,72,DB1_Lumidgm:72:9,DB1_Lumidgm/86_1_6.wsq,impostor,8,19,8,,False,39.609186,0
4854,stored,72,DB1_Lumidgm:72:9,DB1_Lumidgm/86_1_6.wsq,impostor,8,19,8,,False,38.190689,0
4855,stored,23,DB1_Lumidgm:23:8,DB1_Lumidgm/60_1_2.wsq,impostor,4,19,4,,False,38.846809,0
4855,derive,23,DB1_Lumidgm:23:8,DB1_Lumidgm/60_1_2.wsq,impostor,4,19,4,,False,38.425631,0
4856,derive,55,DB1_Lumidgm:55:4,DB1_Lumidgm/62_1_10.wsq,impostor,6,19,6,,False,37.864666,0
4856,stored,55,DB1_Lumidgm:55:4,DB1_Lumidgm/62_1_10.wsq,impostor,6,19,6,,False,38.114948,0
4857,stored,59,DB1_Lumidgm:59:7,DB1_Lumidgm/23_1_3.wsq,impostor,6,19,6,,False,40.028262,0
4857,derive,59,DB1_Lumidgm:59:7,DB1_Lumidgm/23_1_3.wsq,impostor,6,19,6,,False,37.693997,0
4858,derive,38,DB1_Lumidgm:38:4,DB1_Lumidgm/85_1_2.wsq,impostor,9,19,9,,False,37.600964,0
4858,stored,38,DB1_Lumidgm:38:4,DB1_Lumidgm/85_1_2.wsq,impostor,9,19,9,,False,37.498858,0
4859,stored,42,DB1_Lumidgm:42:1,DB1_Lumidgm/23_1_3.wsq,impostor,8,19,8,,False,36.420762,0
4859,derive,42,DB1_Lumidgm:42:1,DB1_Lumidgm/23_1_3.wsq,impostor,8,19,8,,False,37.254721,0
4860,derive,45,DB1_Lumidgm:45:4,DB1_Lumidgm/93_1_2.wsq,impostor,6,19,6,,False,46.1998,0
4860,stored,45,DB1_Lumidgm:45:4,DB1_Lumidgm/93_1_2.wsq,impostor,6,19,6,,False,42.464975,0
4861,stored,94,DB1_Lumidgm:94:8,DB1_Lumidgm/72_1_2.wsq,impostor,5,19,5,,False,42.710659,0
4861,derive,94,DB1_Lumidgm:94:8,DB1_Lumidgm/72_1_2.wsq,impostor,5,19,5,,False,42.166344,0
4862,derive,91,DB1_Lumidgm:91:10,DB1_Lumidgm/48_1_3.wsq,impostor,4,19,4,,False,40.775178,0
4862,stored,91,DB1_Lumidgm:91:10,DB1_Lumidgm/48_1_3.wsq,impostor,4,19,4,,False,39.822932,0
4863,stored,48,DB1_Lumidgm:48:9,DB1_Lumidgm/97_1_7.wsq,impostor,17,19,17,,False,45.428215,0
4863,derive,48,DB1_Lumidgm:48:9,DB1_Lumidgm/97_1_7.wsq,impostor,17,19,17,,False,41.58496,0
4864,derive,86,DB1_Lumidgm:86:1,DB1_Lumidgm/86_3_1.wsq,genuine,176,19,176,,True,46.727383,1210
4864,stored,86,DB1_Lumidgm:86:1,DB1_Lumidgm/86_3_1.wsq,genuine,176,19,176,,True,45.369374,1210
4865,stored,71,DB1_Lumidgm:71:3,DB1_Lumidgm/36_1_2.wsq,impostor,11,19,11,,False,38.242618,0
4865,derive,71,DB1_Lumidgm:71:3,DB1_Lumidgm/36_1_2.wsq,impostor,11,19,11,,False,37.32234,0
4866,derive,71,DB1_Lumidgm:71:5,DB1_Lumidgm/51_1_9.wsq,impostor,7,19,7,,False,35.596661,0
4866,stored,71,DB1_Lumidgm:71:5,DB1_Lumidgm/51_1_9.wsq,impostor,7,19,7,,False,36.706421,0
4867,stored,73,DB1_Lumidgm:73:8,DB1_Lumidgm/82_1_9.wsq,impostor,5,19,5,,False,39.380597,0
4867,derive,73,DB1_Lumidgm:73:8,DB1_Lumidgm/82_1_9.wsq,impostor,5,19,5,,False,39.356192,0
4868,derive,100,DB1_Lumidgm:100:9,DB1_Lumidgm/64_1_1.wsq,impostor,11,19,11,,False,38.539474,0
4868,stored,100,DB1_Lumidgm:100:9,DB1_Lumidgm/64_1_1.wsq,impostor,11,19,11,,False,40.271257,0
4869,stored,24,DB1_Lumidgm:24:1,DB1_Lumidgm/55_1_3.wsq,impostor,8,19,8,,False,39.686078,0
4869,derive,24,DB1_Lumidgm:24:1,DB1_Lumidgm/55_1_3.wsq,impostor,8,19,8,,False,39.83421,0
4870,derive,39,DB1_Lumidgm:39:1,DB1_Lumidgm/59_1_4.wsq,impostor,4,19,4,,False,41.771365,0
4870,stored,39,DB1_Lumidgm:39:1,DB1_Lumidgm/59_1_4.wsq,impostor,4,19,4,,False,38.80803,0
4871,stored,29,DB1_Lumidgm:29:3,DB1_Lumidgm/32_1_3.wsq,impostor,6,19,6,,False,39.97801,0
4871,derive,29,DB1_Lumidgm:29:3,DB1_Lumidgm/32_1_3.wsq,impostor,6,19,6,,False,39.010725,0
4872,derive,74,DB1_Lumidgm:74:5,DB1_Lumidgm/74_4_5.wsq,genuine,10,19,10,,False,35.25671,0
4872,stored,74,DB1_Lumidgm:74:5,DB1_Lumidgm/74_4_5.wsq,genuine,10,19,10,,False,34.250744,0
4873,stored,78,DB1_Lumidgm:78:2,DB1_Lumidgm/63_1_9.wsq,impostor,4,19,4,,False,36.072915,0
4873,derive,78,DB1_Lumidgm:78:2,DB1_Lumidgm/63_1_9.wsq,impostor,4,19,4,,False,37.131419,0
4874,derive,64,DB1_Lumidgm:64:1,DB1_Lumidgm/44_1_6.wsq,impostor,8,19,8,,False,39.50658,0
4874,stored,64,DB1_Lumidgm:64:1,DB1_Lumidgm/44_1_6.wsq,impostor,8,19,8,,False,39.931029,0
4875,stored,29,DB1_Lumidgm:29:8,DB1_Lumidgm/99_1_10.wsq,impostor,5,19,5,,False,35.729529,0
4875,derive,29,DB1_Lumidgm:29:8,DB1_Lumidgm/99_1_10.wsq,impostor,5,19,5,,False,35.766466,0
4876,derive,25,DB1_Lumidgm:25:9,DB1_Lumidgm/78_1_5.wsq,impostor,6,19,6,,False,36.090877,0
4876,stored,25,DB1_Lumidgm:25:9,DB1_Lumidgm/78_1_5.wsq,impostor,6,19,6,,False,36.291473,0
4877,stored,84,DB1_Lumidgm:84:2,DB1_Lumidgm/73_1_9.wsq,impostor,7,19,7,,False,36.714469,0
4877,derive,84,DB1_Lumidgm:84:2,DB1_Lumidgm/73_1_9.wsq,impostor,7,19,7,,False,35.548104,0
4878,derive,94,DB1_Lumidgm:94:5,DB1_Lumidgm/32_1_10.wsq,impostor,5,19,5,,False,35.28366,0
4878,stored,94,DB1_Lumidgm:94:5,DB1_Lumidgm/32_1_10.wsq,impostor,5,19,5,,False,36.166674,0
4879,stored,86,DB1_Lumidgm:86:4,DB1_Lumidgm/21_1_7.wsq,impostor,6,19,6,,False,40.31587,0
4879,derive,86,DB1_Lumidgm:86:4,DB1_Lumidgm/21_1_7.wsq,impostor,6,19,6,,False,40.187763,0
4880,derive,38,DB1_Lumidgm:38:3,DB1_Lumidgm/89_1_6.wsq,impostor,6,19,6,,False,46.029978,0
4880,stored,38,DB1_Lumidgm:38:3,DB1_Lumidgm/89_1_6.wsq,impostor,6,19,6,,False,46.557075,0
4881,stored,49,DB1_Lumidgm:49:2,DB1_Lumidgm/98_1_4.wsq,impostor,10,19,10,,False,38.803873,0
4881,derive,49,DB1_Lumidgm:49:2,DB1_Lumidgm/98_1_4.wsq,impostor,10,19,10,,False,36.832407,0
4882,derive,31,DB1_Lumidgm:31:5,DB1_Lumidgm/31_1_7.wsq,impostor,14,19,14,,False,36.384103,0
4882,stored,31,DB1_Lumidgm:31:5,DB1_Lumidgm/31_1_7.wsq,impostor,14,19,14,,False,36.326621,0
4883,stored,27,DB1_Lumidgm:27:5,DB1_Lumidgm/84_1_6.wsq,impostor,9,19,9,,False,37.862924,0
4883,derive,27,DB1_Lumidgm:27:5,DB1_Lumidgm/84_1_6.wsq,impostor,9,19,9,,False,37.702569,0
4884,derive,50,DB1_Lumidgm:50:2,DB1_Lumidgm/50_1_10.wsq,impostor,26,19,26,,True,39.290048,1210
4884,stored,50,DB1_Lumidgm:50:2,DB1_Lumidgm/50_1_10.wsq,impostor,26,19,26,,True,38.330612,1210
4885,stored,21,DB1_Lumidgm:21:3,DB1_Lumidgm/69_1_6.wsq,impostor,11,19,11,,False,36.956008,0
4885,derive,21,DB1_Lumidgm:21:3,DB1_Lumidgm/69_1_6.wsq,impostor,11,19,11,,False,36.838082,0
4886,derive,70,DB1_Lumidgm:70:3,DB1_Lumidgm/67_1_4.wsq,impostor,7,19,7,,False,34.693512,0
4886,stored,70,DB1_Lumidgm:70:3,DB1_Lumidgm/67_1_4.wsq,impostor,7,19,7,,False,34.573109,0
4887,stored,50,DB1_Lumidgm:50:10,DB1_Lumidgm/50_2_10.wsq,genuine,50,19,50,,True,44.585428,1211
4887,derive,50,DB1_Lumidgm:50:10,DB1_Lumidgm/50_2_10.wsq,genuine,50,19,50,,True,43.603271,1211
4888,derive,26,DB1_Lumidgm:26:2,DB1_Lumidgm/62_1_8.wsq,impostor,3,19,3,,False,42.938893,0
4888,stored,26,DB1_Lumidgm:26:2,DB1_Lumidgm/62_1_8.wsq,impostor,3,19,3,,False,43.47788,0
4889,stored,32,DB1_Lumidgm:32:5,DB1_Lumidgm/60_1_2.wsq,impostor,5,19,5,,False,37.931235,0
4889,derive,32,DB1_Lumidgm:32:5,DB1_Lumidgm/60_1_2.wsq,impostor,5,19,5,,False,39.340914,0
4890,derive,40,DB1_Lumidgm:40:7,DB1_Lumidgm/31_1_1.wsq,impostor,9,19,9,,False,38.567944,0
4890,stored,40,DB1_Lumidgm:40:7,DB1_Lumidgm/31_1_1.wsq,impostor,9,19,9,,False,38.18682,0
4891,stored,28,DB1_Lumidgm:28:7,DB1_Lumidgm/67_1_5.wsq,impostor,9,19,9,,False,36.621181,0
4891,derive,28,DB1_Lumidgm:28:7,DB1_Lumidgm/67_1_5.wsq,impostor,9,19,9,,False,37.317923,0
4892,derive,67,DB1_Lumidgm:67:6,DB1_Lumidgm/95_1_3.wsq,impostor,3,19,3,,False,43.092031,0
4892,stored,67,DB1_Lumidgm:67:6,DB1_Lumidgm/95_1_3.wsq,impostor,3,19,3,,False,42.343422,0
4893,stored,36,DB1_Lumidgm:36:4,DB1_Lumidgm/71_1_5.wsq,impostor,11,19,11,,False,36.388911,0
4893,derive,36,DB1_Lumidgm:36:4,DB1_Lumidgm/71_1_5.wsq,impostor,11,19,11,,False,36.701413,0
4894,derive,27,DB1_Lumidgm:27:3,DB1_Lumidgm/29_1_9.wsq,impostor,11,19,11,,False,37.42781,0
4894,stored,27,DB1_Lumidgm:27:3,DB1_Lumidgm/29_1_9.wsq,impostor,11,19,11,,False,37.035255,0
4895,stored,85,DB1_Lumidgm:85:10,DB1_Lumidgm/64_1_3.wsq,impostor,13,19,13,,False,38.361182,0
4895,derive,85,DB1_Lumidgm:85:10,DB1_Lumidgm/64_1_3.wsq,impostor,13,19,13,,False,37.70121,0
4896,derive,67,DB1_Lumidgm:67:5,DB1_Lumidgm/92_1_3.wsq,impostor,6,19,6,,False,41.2025,0
4896,stored,67,DB1_Lumidgm:67:5,DB1_Lumidgm/92_1_3.wsq,impostor,6,19,6,,False,41.391522,0
4897,stored,21,DB1_Lumidgm:21:8,DB1_Lumidgm/45_1_8.wsq,impostor,6,19,6,,False,40.189784,0
4897,derive,21,DB1_Lumidgm:21:8,DB1_Lumidgm/45_1_8.wsq,impostor,6,19,6,,False,39.093324,0
4898,derive,75,DB1_Lumidgm:75:6,DB1_Lumidgm/35_1_7.wsq,impostor,5,19,5,,False,37.699946,0
4898,stored,75,DB1_Lumidgm:75:6,DB1_Lumidgm/35_1_7.wsq,impostor,5,19,5,,False,36.856803,0
4899,stored,74,DB1_Lumidgm:74:4,DB1_Lumidgm/95_1_1.wsq,impostor,3,19,3,,False,45.478115,0
4899,derive,74,DB1_Lumidgm:74:4,DB1_Lumidgm/95_1_1.wsq,impostor,3,19,3,,False,46.74118,0
4900,derive,66,DB1_Lumidgm:66:6,DB1_Lumidgm/51_1_10.wsq,impostor,5,19,5,,False,34.819644,0
4900,stored,66,DB1_Lumidgm:66:6,DB1_Lumidgm/51_1_10.wsq,impostor,5,19,5,,False,34.039596,0
4901,stored,39,DB1_Lumidgm:39:2,DB1_Lumidgm/63_1_6.wsq,impostor,10,19,10,,False,38.464603,0
4901,derive,39,DB1_Lumidgm:39:2,DB1_Lumidgm/63_1_6.wsq,impostor,10,19,10,,False,37.129638,0
4902,derive,76,DB1_Lumidgm:76:6,DB1_Lumidgm/32_1_6.wsq,impostor,7,19,7,,False,37.26939,0
4902,stored,76,DB1_Lumidgm:76:6,DB1_Lumidgm/32_1_6.wsq,impostor,7,19,7,,False,36.917375,0
4903,stored,83,DB1_Lumidgm:83:9,DB1_Lumidgm/60_1_7.wsq,impostor,9,19,9,,False,38.682775,0
4903,derive,83,DB1_Lumidgm:83:9,DB1_Lumidgm/60_1_7.wsq,impostor,9,19,9,,False,38.158633,0
4904,derive,51,DB1_Lumidgm:51:1,DB1_Lumidgm/90_1_4.wsq,impostor,11,19,11,,False,37.515288,0
4904,stored,51,DB1_Lumidgm:51:1,DB1_Lumidgm/90_1_4.wsq,impostor,11,19,11,,False,37.709904,0
4905,stored,39,DB1_Lumidgm:39:10,DB1_Lumidgm/69_1_1.wsq,impostor,4,19,4,,False,36.514893,0
4905,derive,39,DB1_Lumidgm:39:10,DB1_Lumidgm/69_1_1.wsq,impostor,4,19,4,,False,36.488971,0
4906,derive,66,DB1_Lumidgm:66:5,DB1_Lumidgm/65_1_3.wsq,impostor,8,19,8,,False,41.452161,0
4906,stored,66,DB1_Lumidgm:66:5,DB1_Lumidgm/65_1_3.wsq,impostor,8,19,8,,False,42.238365,0
4907,stored,90,DB1_Lumidgm:90:9,DB1_Lumidgm/90_2_9.wsq,genuine,103,19,103,,True,50.922104,1210
4907,derive,90,DB1_Lumidgm:90:9,DB1_Lumidgm/90_2_9.wsq,genuine,103,19,103,,True,46.453857,1210
4908,derive,95,DB1_Lumidgm:95:6,DB1_Lumidgm/39_1_3.wsq,impostor,4,19,4,,False,36.013949,0
4908,stored,95,DB1_Lumidgm:95:6,DB1_Lumidgm/39_1_3.wsq,impostor,4,19,4,,False,36.644418,0
4909,stored,94,DB1_Lumidgm:94:2,DB1_Lumidgm/54_1_9.wsq,impostor,8,19,8,,False,37.773899,0
4909,derive,94,DB1_Lumidgm:94:2,DB1_Lumidgm/54_1_9.wsq,impostor,8,19,8,,False,36.839755,0
4910,derive,53,DB1_Lumidgm:53:7,DB1_Lumidgm/53_2_7.wsq,genuine,147,19,147,,True,44.622164,1210
4910,stored,53,DB1_Lumidgm:53:7,DB1_Lumidgm/53_2_7.wsq,genuine,147,19,147,,True,42.205632,1210
4911,stored,73,DB1_Lumidgm:73:10,DB1_Lumidgm/65_1_1.wsq,impostor,8,19,8,,False,44.73495,0
4911,derive,73,DB1_Lumidgm:73:10,DB1_Lumidgm/65_1_1.wsq,impostor,8,19,8,,False,50.261052,0
4912,derive,51,DB1_Lumidgm:51:10,DB1_Lumidgm/41_1_10.wsq,impostor,12,19,12,,False,38.084241,0
4912,stored,51,DB1_Lumidgm:51:10,DB1_Lumidgm/41_1_10.wsq,impostor,12,19,12,,False,37.228258,0
4913,stored,28,DB1_Lumidgm:28:4,DB1_Lumidgm/100_1_7.wsq,impostor,10,19,10,,False,37.514521,0
4913,derive,28,DB1_Lumidgm:28:4,DB1_Lumidgm/100_1_7.wsq,impostor,10,19,10,,False,37.726991,0
4914,derive,73,DB1_Lumidgm:73:4,DB1_Lumidgm/29_1_3.wsq,impostor,4,19,4,,False,36.946163,0
4914,stored,73,DB1_Lumidgm:73:4,DB1_Lumidgm/29_1_3.wsq,impostor,4,19,4,,False,36.989384,0
4915,stored,34,DB1_Lumidgm:34:1,DB1_Lumidgm/44_1_7.wsq,impostor,5,19,5,,False,39.29911,0
4915,derive,34,DB1_Lumidgm:34:1,DB1_Lumidgm/44_1_7.wsq,impostor,5,19,5,,False,37.958243,0
4916,derive,40,DB1_Lumidgm:40:6,DB1_Lumidgm/40_2_6.wsq,genuine,30,19,30,,True,39.275922,1210
4916,stored,40,DB1_Lumidgm:40:6,DB1_Lumidgm/40_2_6.wsq,genuine,30,19,30,,True,41.037542,1210
4917,stored,96,DB1_Lumidgm:96:9,DB1_Lumidgm/91_1_4.wsq,impostor,4,19,4,,False,43.623018,0
4917,derive,96,DB1_Lumidgm:96:9,DB1_Lumidgm/91_1_4.wsq,impostor,4,19,4,,False,42.28208,0
4918,derive,54,DB1_Lumidgm:54:1,DB1_Lumidgm/85_1_7.wsq,impostor,6,19,6,,False,35.86781,0
4918,stored,54,DB1_Lumidgm:54:1,DB1_Lumidgm/85_1_7.wsq,impostor,6,19,6,,False,35.443511,0
4919,stored,33,DB1_Lumidgm:33:1,DB1_Lumidgm/93_1_4.wsq,impostor,5,19,5,,False,41.559972,0
4919,derive,33,DB1_Lumidgm:33:1,DB1_Lumidgm/93_1_4.wsq,impostor,5,19,5,,False,42.150244,0
4920,derive,47,DB1_Lumidgm:47:6,DB1_Lumidgm/88_1_2.wsq,impostor,7,19,7,,False,44.427599,0
4920,stored,47,DB1_Lumidgm:47:6,DB1_Lumidgm/88_1_2.wsq,impostor,7,19,7,,False,44.619157,0
4921,stored,51,DB1_Lumidgm:51:9,DB1_Lumidgm/68_1_4.wsq,impostor,3,19,3,,False,32.787833,0
4921,derive,51,DB1_Lumidgm:51:9,DB1_Lumidgm/68_1_4.wsq,impostor,3,19,3,,False,33.095337,0
4922,derive,24,DB1_Lumidgm:24:2,DB1_Lumidgm/63_1_9.wsq,impostor,4,19,4,,False,35.488263,0
4922,stored,24,DB1_Lumidgm:24:2,DB1_Lumidgm/63_1_9.wsq,impostor,4,19,4,,False,34.591901,0
4923,stored,78,DB1_Lumidgm:78:3,DB1_Lumidgm/51_1_6.wsq,impostor,4,19,4,,False,39.078752,0
4923,derive,78,DB1_Lumidgm:78:3,DB1_Lumidgm/51_1_6.wsq,impostor,4,19,4,,False,39.006459,0
4924,derive,48,DB1_Lumidgm:48:10,DB1_Lumidgm/25_1_9.wsq,impostor,7,19,7,,False,36.022353,0
4924,stored,48,DB1_Lumidgm:48:10,DB1_Lumidgm/25_1_9.wsq,impostor,7,19,7,,False,35.953918,0
4925,stored,41,DB1_Lumidgm:41:6,DB1_Lumidgm/23_1_6.wsq,impostor,17,19,17,,False,36.426627,0
4925,derive,41,DB1_Lumidgm:41:6,DB1_Lumidgm/23_1_6.wsq,impostor,17,19,17,,False,47.322146,0
4926,derive,76,DB1_Lumidgm:76:4,DB1_Lumidgm/37_1_10.wsq,impostor,8,19,8,,False,33.505342,0
4926,stored,76,DB1_Lumidgm:76:4,DB1_Lumidgm/37_1_10.wsq,impostor,8,19,8,,False,32.573654,0
4927,stored,32,DB1_Lumidgm:32:8,DB1_Lumidgm/32_4_8.wsq,genuine,128,19,128,,True,41.668302,1210
4927,derive,32,DB1_Lumidgm:32:8,DB1_Lumidgm/32_4_8.wsq,genuine,128,19,128,,True,41.430948,1210
4928,derive,82,DB1_Lumidgm:82:7,DB1_Lumidgm/95_1_2.wsq,impostor,7,19,7,,False,44.063248,0
4928,stored,82,DB1_Lumidgm:82:7,DB1_Lumidgm/95_1_2.wsq,impostor,7,19,7,,False,44.808387,0
4929,stored,63,DB1_Lumidgm:63:8,DB1_Lumidgm/48_1_7.wsq,impostor,8,19,8,,False,37.936851,0
4929,derive,63,DB1_Lumidgm:63:8,DB1_Lumidgm/48_1_7.wsq,impostor,8,19,8,,False,39.700287,0
4930,derive,94,DB1_Lumidgm:94:6,DB1_Lumidgm/42_1_9.wsq,impostor,4,19,4,,False,38.325974,0
4930,stored,94,DB1_Lumidgm:94:6,DB1_Lumidgm/42_1_9.wsq,impostor,4,19,4,,False,39.537537,0
4931,stored,35,DB1_Lumidgm:35:9,DB1_Lumidgm/71_1_3.wsq,impostor,7,19,7,,False,36.843883,0
4931,derive,35,DB1_Lumidgm:35:9,DB1_Lumidgm/71_1_3.wsq,impostor,7,19,7,,False,36.415613,0
4932,derive,32,DB1_Lumidgm:32:9,DB1_Lumidgm/28_1_7.wsq,impostor,6,19,6,,False,37.543707,0
4932,stored,32,DB1_Lumidgm:32:9,DB1_Lumidgm/28_1_7.wsq,impostor,6,19,6,,False,36.998457,0
4933,stored,99,DB1_Lumidgm:99:3,DB1_Lumidgm/64_1_2.wsq,impostor,5,19,5,,False,34.689777,0
4933,derive,99,DB1_Lumidgm:99:3,DB1_Lumidgm/64_1_2.wsq,impostor,5,19,5,,False,35.293845,0
4934,derive,86,DB1_Lumidgm:86:10,DB1_Lumidgm/61_1_10.wsq,impostor,10,19,10,,False,40.373152,0
4934,stored,86,DB1_Lumidgm:86:10,DB1_Lumidgm/61_1_10.wsq,impostor,10,19,10,,False,40.80258,0
4935,stored,92,DB1_Lumidgm:92:9,DB1_Lumidgm/92_2_9.wsq,genuine,96,19,96,,True,43.77995,1210
4935,derive,92,DB1_Lumidgm:92:9,DB1_Lumidgm/92_2_9.wsq,genuine,96,19,96,,True,42.500901,1210
4936,derive,95,DB1_Lumidgm:95:9,DB1_Lumidgm/95_3_9.wsq,genuine,30,19,30,,True,39.85219,1210
4936,stored,95,DB1_Lumidgm:95:9,DB1_Lumidgm/95_3_9.wsq,genuine,30,19,30,,True,39.128827,1210
4937,stored,95,DB1_Lumidgm:95:7,DB1_Lumidgm/85_1_4.wsq,impostor,6,19,6,,False,37.127093,0
4937,derive,95,DB1_Lumidgm:95:7,DB1_Lumidgm/85_1_4.wsq,impostor,6,19,6,,False,35.489117,0
4938,derive,84,DB1_Lumidgm:84:4,DB1_Lumidgm/62_1_3.wsq,impostor,8,19,8,,False,47.45969,0
4938,stored,84,DB1_Lumidgm:84:4,DB1_Lumidgm/62_1_3.wsq,impostor,8,19,8,,False,46.197349,0
4939,stored,66,DB1_Lumidgm:66:7,DB1_Lumidgm/60_1_7.wsq,impostor,13,19,13,,False,38.969235,0
4939,derive,66,DB1_Lumidgm:66:7,DB1_Lumidgm/60_1_7.wsq,impostor,13,19,13,,False,41.648522,0
4940,derive,97,DB1_Lumidgm:97:9,DB1_Lumidgm/75_1_9.wsq,impostor,3,19,3,,False,34.299586,0
4940,stored,97,DB1_Lumidgm:97:9,DB1_Lumidgm/75_1_9.wsq,impostor,3,19,3,,False,33.57708,0
4941,stored,99,DB1_Lumidgm:99:1,DB1_Lumidgm/42_1_6.wsq,impostor,4,19,4,,False,36.900392,0
4941,derive,99,DB1_Lumidgm:99:1,DB1_Lumidgm/42_1_6.wsq,impostor,4,19,4,,False,38.00805,0
4942,derive,32,DB1_Lumidgm:32:9,DB1_Lumidgm/32_2_9.wsq,genuine,81,19,81,,True,51.34487,1210
4942,stored,32,DB1_Lumidgm:32:9,DB1_Lumidgm/32_2_9.wsq,genuine,81,19,81,,True,49.81353,1210
4943,stored,24,DB1_Lumidgm:24:5,DB1_Lumidgm/29_1_8.wsq,impostor,7,19,7,,False,36.333043,0
4943,derive,24,DB1_Lumidgm:24:5,DB1_Lumidgm/29_1_8.wsq,impostor,7,19,7,,False,35.963475,0
4944,derive,49,DB1_Lumidgm:49:7,DB1_Lumidgm/50_1_1.wsq,impostor,8,19,8,,False,37.723373,0
4944,stored,49,DB1_Lumidgm:49:7,DB1_Lumidgm/50_1_1.wsq,impostor,8,19,8,,False,37.5469,0
4945,stored,89,DB1_Lumidgm:89:4,DB1_Lumidgm/48_1_3.wsq,impostor,5,19,5,,False,37.255257,0
4945,derive,89,DB1_Lumidgm:89:4,DB1_Lumidgm/48_1_3.wsq,impostor,5,19,5,,False,37.650738,0
4946,derive,95,DB1_Lumidgm:95:2,DB1_Lumidgm/32_1_8.wsq,impostor,4,19,4,,False,35.472722,0
4946,stored,95,DB1_Lumidgm:95:2,DB1_Lumidgm/32_1_8.wsq,impostor,4,19,4,,False,35.654916,0
4947,stored,74,DB1_Lumidgm:74:5,DB1_Lumidgm/91_1_9.wsq,impostor,3,19,3,,False,39.738529,0
4947,derive,74,DB1_Lumidgm:74:5,DB1_Lumidgm/91_1_9.wsq,impostor,3,19,3,,False,39.923172,0
4948,derive,78,DB1_Lumidgm:78:6,DB1_Lumidgm/30_1_1.wsq,impostor,3,19,3,,False,38.694237,0
4948,stored,78,DB1_Lumidgm:78:6,DB1_Lumidgm/30_1_1.wsq,impostor,3,19,3,,False,37.050859,0
4949,stored,25,DB1_Lumidgm:25:1,DB1_Lumidgm/82_1_1.wsq,impostor,13,19,13,,False,39.009835,0
4949,derive,25,DB1_Lumidgm:25:1,DB1_Lumidgm/82_1_1.wsq,impostor,13,19,13,,False,39.039281,0
4950,derive,74,DB1_Lumidgm:74:7,DB1_Lumidgm/45_1_3.wsq,impostor,4,19,4,,False,37.552684,0
4950,stored,74,DB1_Lumidgm:74:7,DB1_Lumidgm/45_1_3.wsq,impostor,4,19,4,,False,44.864344,0
4951,stored,71,DB1_Lumidgm:71:9,DB1_Lumidgm/48_1_2.wsq,impostor,6,19,6,,False,40.219583,0
4951,derive,71,DB1_Lumidgm:71:9,DB1_Lumidgm/48_1_2.wsq,impostor,6,19,6,,False,37.511013,0
4952,derive,100,DB1_Lumidgm:100:4,DB1_Lumidgm/70_1_6.wsq,impostor,6,19,6,,False,37.779807,0
4952,stored,100,DB1_Lumidgm:100:4,DB1_Lumidgm/70_1_6.wsq,impostor,6,19,6,,False,37.654021,0
4953,stored,21,DB1_Lumidgm:21:4,DB1_Lumidgm/21_2_4.wsq,genuine,77,19,77,,True,40.543862,1210
4953,derive,21,DB1_Lumidgm:21:4,DB1_Lumidgm/21_2_4.wsq,genuine,77,19,77,,True,40.189225,1210
4954,derive,21,DB1_Lumidgm:21:9,DB1_Lumidgm/86_1_3.wsq,impostor,5,19,5,,False,37.669986,0
4954,stored,21,DB1_Lumidgm:21:9,DB1_Lumidgm/86_1_3.wsq,impostor,5,19,5,,False,36.600131,0
4955,stored,22,DB1_Lumidgm:22:2,DB1_Lumidgm/68_1_7.wsq,impostor,10,19,10,,False,35.077805,0
4955,derive,22,DB1_Lumidgm:22:2,DB1_Lumidgm/68_1_7.wsq,impostor,10,19,10,,False,36.169498,0
4956,derive,67,DB1_Lumidgm:67:5,DB1_Lumidgm/79_1_1.wsq,impostor,9,19,9,,False,38.23804,0
4956,stored,67,DB1_Lumidgm:67:5,DB1_Lumidgm/79_1_1.wsq,impostor,9,19,9,,False,36.229038,0
4957,stored,79,DB1_Lumidgm:79:5,DB1_Lumidgm/46_1_7.wsq,impostor,5,19,5,,False,40.150757,0
4957,derive,79,DB1_Lumidgm:79:5,DB1_Lumidgm/46_1_7.wsq,impostor,5,19,5,,False,38.394426,0
4958,derive,45,DB1_Lumidgm:45:3,DB1_Lumidgm/47_1_5.wsq,impostor,6,19,6,,False,32.467656,0
4958,stored,45,DB1_Lumidgm:45:3,DB1_Lumidgm/47_1_5.wsq,impostor,6,19,6,,False,32.17255,0
4959,stored,88,DB1_Lumidgm:88:5,DB1_Lumidgm/53_1_9.wsq,impostor,9,19,9,,False,39.38515,0
4959,derive,88,DB1_Lumidgm:88:5,DB1_Lumidgm/53_1_9.wsq,impostor,9,19,9,,False,38.683084,0
4960,derive,26,DB1_Lumidgm:26:1,DB1_Lumidgm/68_1_8.wsq,impostor,6,19,6,,False,35.731612,0
4960,stored,26,DB1_Lumidgm:26:1,DB1_Lumidgm/68_1_8.wsq,impostor,6,19,6,,False,35.943246,0
4961,stored,70,DB1_Lumidgm:70:6,DB1_Lumidgm/70_2_6.wsq,genuine,213,19,213,,True,47.525036,1210
4961,derive,70,DB1_Lumidgm:70:6,DB1_Lumidgm/70_2_6.wsq,genuine,213,19,213,,True,45.631731,1210
4962,derive,79,DB1_Lumidgm:79:10,DB1_Lumidgm/53_1_5.wsq,impostor,5,19,5,,False,38.106435,0
4962,stored,79,DB1_Lumidgm:79:10,DB1_Lumidgm/53_1_5.wsq,impostor,5,19,5,,False,34.582669,0
4963,stored,52,DB1_Lumidgm:52:9,DB1_Lumidgm/73_1_6.wsq,impostor,7,19,7,,False,41.224294,0
4963,derive,52,DB1_Lumidgm:52:9,DB1_Lumidgm/73_1_6.wsq,impostor,7,19,7,,False,41.49013,0
4964,derive,95,DB1_Lumidgm:95:4,DB1_Lumidgm/23_1_7.wsq,impostor,4,19,4,,False,37.026515,0
4964,stored,95,DB1_Lumidgm:95:4,DB1_Lumidgm/23_1_7.wsq,impostor,4,19,4,,False,34.406429,0
4965,stored,26,DB1_Lumidgm:26:9,DB1_Lumidgm/39_1_3.wsq,impostor,5,19,5,,False,36.231892,0
4965,derive,26,DB1_Lumidgm:26:9,DB1_Lumidgm/39_1_3.wsq,impostor,5,19,5,,False,36.177401,0
4966,derive,95,DB1_Lumidgm:95:3,DB1_Lumidgm/61_1_9.wsq,impostor,6,19,6,,False,39.658182,0
4966,stored,95,DB1_Lumidgm:95:3,DB1_Lumidgm/61_1_9.wsq,impostor,6,19,6,,False,39.375382,0
4967,stored,38,DB1_Lumidgm:38:4,DB1_Lumidgm/27_1_3.wsq,impostor,9,19,9,,False,38.862312,0
4967,derive,38,DB1_Lumidgm:38:4,DB1_Lumidgm/27_1_3.wsq,impostor,9,19,9,,False,39.260847,0
4968,derive,82,DB1_Lumidgm:82:9,DB1_Lumidgm/67_1_3.wsq,impostor,9,19,9,,False,35.373124,0
4968,stored,82,DB1_Lumidgm:82:9,DB1_Lumidgm/67_1_3.wsq,impostor,9,19,9,,False,35.837657,0
4969,stored,49,DB1_Lumidgm:49:5,DB1_Lumidgm/32_1_3.wsq,impostor,5,19,5,,False,37.038075,0
4969,derive,49,DB1_Lumidgm:49:5,DB1_Lumidgm/32_1_3.wsq,impostor,5,19,5,,False,37.203227,0
4970,derive,64,DB1_Lumidgm:64:2,DB1_Lumidgm/78_1_8.wsq,impostor,16,19,16,,False,35.702476,0
4970,stored,64,DB1_Lumidgm:64:2,DB1_Lumidgm/78_1_8.wsq,impostor,16,19,16,,False,34.525988,0
4971,stored,65,DB1_Lumidgm:65:6,DB1_Lumidgm/61_1_5.wsq,impostor,7,19,7,,False,37.90727,0
4971,derive,65,DB1_Lumidgm:65:6,DB1_Lumidgm/61_1_5.wsq,impostor,7,19,7,,False,37.162488,0
4972,derive,53,DB1_Lumidgm:53:4,DB1_Lumidgm/53_1_1.wsq,impostor,5,19,5,,False,36.835674,0
4972,stored,53,DB1_Lumidgm:53:4,DB1_Lumidgm/53_1_1.wsq,impostor,5,19,5,,False,36.576463,0
4973,stored,92,DB1_Lumidgm:92:3,DB1_Lumidgm/46_1_6.wsq,impostor,10,19,10,,False,38.876114,0
4973,derive,92,DB1_Lumidgm:92:3,DB1_Lumidgm/46_1_6.wsq,impostor,10,19,10,,False,38.015554,0
4974,derive,44,DB1_Lumidgm:44:7,DB1_Lumidgm/48_1_3.wsq,impostor,8,19,8,,False,37.103843,0
4974,stored,44,DB1_Lumidgm:44:7,DB1_Lumidgm/48_1_3.wsq,impostor,8,19,8,,False,37.725404,0
4975,stored,44,DB1_Lumidgm:44:4,DB1_Lumidgm/44_3_4.wsq,genuine,48,19,48,,True,39.285036,1210
4975,derive,44,DB1_Lumidgm:44:4,DB1_Lumidgm/44_3_4.wsq,genuine,48,19,48,,True,40.747224,1210
4976,derive,71,DB1_Lumidgm:71:8,DB1_Lumidgm/51_1_10.wsq,impostor,16,19,16,,False,35.251498,0
4976,stored,71,DB1_Lumidgm:71:8,DB1_Lumidgm/51_1_10.wsq,impostor,16,19,16,,False,33.822831,0
4977,stored,54,DB1_Lumidgm:54:3,DB1_Lumidgm/94_1_9.wsq,impostor,5,19,5,,False,40.426169,0
4977,derive,54,DB1_Lumidgm:54:3,DB1_Lumidgm/94_1_9.wsq,impostor,5,19,5,,False,38.532836,0
4978,derive,99,DB1_Lumidgm:99:6,DB1_Lumidgm/41_1_4.wsq,impostor,3,19,3,,False,38.884426,0
4978,stored,99,DB1_Lumidgm:99:6,DB1_Lumidgm/41_1_4.wsq,impostor,3,19,3,,False,38.726662,0
4979,stored,31,DB1_Lumidgm:31:4,DB1_Lumidgm/83_1_3.wsq,impostor,7,19,7,,False,39.305483,0
4979,derive,31,DB1_Lumidgm:31:4,DB1_Lumidgm/83_1_3.wsq,impostor,7,19,7,,False,36.807524,0
4980,derive,43,DB1_Lumidgm:43:9,DB1_Lumidgm/42_1_7.wsq,impostor,7,19,7,,False,36.862326,0
4980,stored,43,DB1_Lumidgm:43:9,DB1_Lumidgm/42_1_7.wsq,impostor,7,19,7,,False,38.090888,0
4981,stored,57,DB1_Lumidgm:57:7,DB1_Lumidgm/27_1_2.wsq,impostor,9,19,9,,False,35.836937,0
4981,derive,57,DB1_Lumidgm:57:7,DB1_Lumidgm/27_1_2.wsq,impostor,9,19,9,,False,35.007461,0
4982,derive,88,DB1_Lumidgm:88:4,DB1_Lumidgm/28_1_6.wsq,impostor,8,19,8,,False,39.00104,0
4982,stored,88,DB1_Lumidgm:88:4,DB1_Lumidgm/28_1_6.wsq,impostor,8,19,8,,False,38.902817,0
4983,stored,73,DB1_Lumidgm:73:6,DB1_Lumidgm/38_1_6.wsq,impostor,11,19,11,,False,38.596478,0
4983,derive,73,DB1_Lumidgm:73:6,DB1_Lumidgm/38_1_6.wsq,impostor,11,19,11,,False,37.120216,0
4984,derive,79,DB1_Lumidgm:79:4,DB1_Lumidgm/26_1_5.wsq,impostor,6,19,6,,False,34.17471,0
4984,stored,79,DB1_Lumidgm:79:4,DB1_Lumidgm/26_1_5.wsq,impostor,6,19,6,,False,34.682623,0
4985,stored,51,DB1_Lumidgm:51:2,DB1_Lumidgm/75_1_10.wsq,impostor,6,19,6,,False,32.864587,0
4985,derive,51,DB1_Lumidgm:51:2,DB1_Lumidgm/75_1_10.wsq,impostor,6,19,6,,False,32.761228,0
4986,derive,50,DB1_Lumidgm:50:7,DB1_Lumidgm/24_1_3.wsq,impostor,8,19,8,,False,34.898441,0
4986,stored,50,DB1_Lumidgm:50:7,DB1_Lumidgm/24_1_3.wsq,impostor,8,19,8,,False,34.645214,0
4987,stored,80,DB1_Lumidgm:80:7,DB1_Lumidgm/80_2_7.wsq,genuine,87,19,87,,True,47.086414,1210
4987,derive,80,DB1_Lumidgm:80:7,DB1_Lumidgm/80_2_7.wsq,genuine,87,19,87,,True,47.673296,1210
4988,derive,41,DB1_Lumidgm:41:10,DB1_Lumidgm/41_3_10.wsq,genuine,145,19,145,,True,44.009441,1211
4988,stored,41,DB1_Lumidgm:41:10,DB1_Lumidgm/41_3_10.wsq,genuine,145,19,145,,True,43.311912,1211
4989,stored,28,DB1_Lumidgm:28:9,DB1_Lumidgm/32_1_2.wsq,impostor,7,19,7,,False,35.429017,0
4989,derive,28,DB1_Lumidgm:28:9,DB1_Lumidgm/32_1_2.wsq,impostor,7,19,7,,False,36.328874,0
4990,derive,89,DB1_Lumidgm:89:8,DB1_Lumidgm/86_1_5.wsq,impostor,11,19,11,,False,39.660138,0
4990,stored,89,DB1_Lumidgm:89:8,DB1_Lumidgm/86_1_5.wsq,impostor,11,19,11,,False,36.218601,0
4991,stored,100,DB1_Lumidgm:100:6,DB1_Lumidgm/57_1_9.wsq,impostor,8,19,8,,False,38.452217,0
4991,derive,100,DB1_Lumidgm:100:6,DB1_Lumidgm/57_1_9.wsq,impostor,8,19,8,,False,37.474475,0
4992,derive,94,DB1_Lumidgm:94:10,DB1_Lumidgm/63_1_1.wsq,impostor,7,19,7,,False,37.513856,0
4992,stored,94,DB1_Lumidgm:94:10,DB1_Lumidgm/63_1_1.wsq,impostor,7,19,7,,False,38.764452,0
4993,stored,51,DB1_Lumidgm:51:8,DB1_Lumidgm/26_1_10.wsq,impostor,17,19,17,,False,37.752286,0
4993,derive,51,DB1_Lumidgm:51:8,DB1_Lumidgm/26_1_10.wsq,impostor,17,19,17,,False,45.115354,0
4994,derive,73,DB1_Lumidgm:73:10,DB1_Lumidgm/86_1_8.wsq,impostor,9,19,9,,False,43.331812,0
4994,stored,73,DB1_Lumidgm:73:10,DB1_Lumidgm/86_1_8.wsq,impostor,9,19,9,,False,40.573944,0
4995,stored,99,DB1_Lumidgm:99:1,DB1_Lumidgm/68_1_2.wsq,impostor,4,19,4,,False,45.333437,0
4995,derive,99,DB1_Lumidgm:99:1,DB1_Lumidgm/68_1_2.wsq,impostor,4,19,4,,False,39.979136,0
4996,derive,66,DB1_Lumidgm:66:6,DB1_Lumidgm/60_1_5.wsq,impostor,9,19,9,,False,37.300381,0
4996,stored,66,DB1_Lumidgm:66:6,DB1_Lumidgm/60_1_5.wsq,impostor,9,19,9,,False,36.56307,0
4997,stored,32,DB1_Lumidgm:32:9,DB1_Lumidgm/29_1_7.wsq,impostor,9,19,9,,False,35.324046,0
4997,derive,32,DB1_Lumidgm:32:9,DB1_Lumidgm/29_1_7.wsq,impostor,9,19,9,,False,34.711593,0
4998,derive,97,DB1_Lumidgm:97:1,DB1_Lumidgm/97_4_1.wsq,genuine,95,19,95,,True,37.744317,1210
4998,stored,97,DB1_Lumidgm:97:1,DB1_Lumidgm/97_4_1.wsq,genuine,95,19,95,,True,48.264441,1210
4999,stored,90,DB1_Lumidgm:90:7,DB1_Lumidgm/97_1_5.wsq,impostor,7,19,7,,False,37.269863,0
4999,derive,90,DB1_Lumidgm:90:7,DB1_Lumidgm/97_1_5.wsq,impostor,7,19,7,,False,37.393581,0
